route_id,run_id,engine,pool,case_id,axis,tag,failure_bucket,candidate_generated,candidate_executable,exact,actionable_for_repair,boundary_reason,notes
direct_llm_original,direct_llm_original_track_a_120_canonical_v0,postgres,CONS,CONS_0005,portability_risk,null_semantics_gap,mismatch,true,true,false,true,direct_llm_repair1_actionable_frontier,"non-exact frontier diagnostic row; not SER, POCR, official metric, or leaderboard input"
direct_llm_original,direct_llm_original_track_a_120_canonical_v0,postgres,CONS,CONS_0005,rewrite_opportunity,subquery_decorrelation,mismatch,true,true,false,true,direct_llm_repair1_actionable_frontier,"non-exact frontier diagnostic row; not SER, POCR, official metric, or leaderboard input"
direct_llm_original,direct_llm_original_track_a_120_canonical_v0,postgres,CONS,CONS_0005,sql_feature,correlated_subquery,mismatch,true,true,false,true,direct_llm_repair1_actionable_frontier,"non-exact frontier diagnostic row; not SER, POCR, official metric, or leaderboard input"
direct_llm_original,direct_llm_original_track_a_120_canonical_v0,mysql,PERF,PERF_0062,sql_feature,aggregate,mismatch,true,true,false,true,direct_llm_repair1_actionable_frontier,"non-exact frontier diagnostic row; not SER, POCR, official metric, or leaderboard input"
direct_llm_original,direct_llm_original_track_a_120_canonical_v0,mysql,PERF,PERF_0062,sql_feature,disjunction,mismatch,true,true,false,true,direct_llm_repair1_actionable_frontier,"non-exact frontier diagnostic row; not SER, POCR, official metric, or leaderboard input"
direct_llm_original,direct_llm_original_track_a_120_canonical_v0,mysql,PERF,PERF_0062,sql_feature,join,mismatch,true,true,false,true,direct_llm_repair1_actionable_frontier,"non-exact frontier diagnostic row; not SER, POCR, official metric, or leaderboard input"
direct_llm_original,direct_llm_original_track_a_120_canonical_v0,mysql,PERF,PERF_0062,sql_feature,range_predicate,mismatch,true,true,false,true,direct_llm_repair1_actionable_frontier,"non-exact frontier diagnostic row; not SER, POCR, official metric, or leaderboard input"
direct_llm_original,direct_llm_original_track_a_120_canonical_v0,mysql,CONS,CONS_0005,portability_risk,null_semantics_gap,mismatch,true,true,false,true,direct_llm_repair1_actionable_frontier,"non-exact frontier diagnostic row; not SER, POCR, official metric, or leaderboard input"
direct_llm_original,direct_llm_original_track_a_120_canonical_v0,mysql,CONS,CONS_0005,rewrite_opportunity,subquery_decorrelation,mismatch,true,true,false,true,direct_llm_repair1_actionable_frontier,"non-exact frontier diagnostic row; not SER, POCR, official metric, or leaderboard input"
direct_llm_original,direct_llm_original_track_a_120_canonical_v0,mysql,CONS,CONS_0005,sql_feature,correlated_subquery,mismatch,true,true,false,true,direct_llm_repair1_actionable_frontier,"non-exact frontier diagnostic row; not SER, POCR, official metric, or leaderboard input"
direct_llm_original,direct_llm_original_track_a_120_canonical_v0,mysql,CONS,CONS_0037,rewrite_opportunity,aggregation_rewrite,mismatch,true,true,false,true,direct_llm_repair1_actionable_frontier,"non-exact frontier diagnostic row; not SER, POCR, official metric, or leaderboard input"
direct_llm_original,direct_llm_original_track_a_120_canonical_v0,mysql,CONS,CONS_0037,sql_feature,outer_join,mismatch,true,true,false,true,direct_llm_repair1_actionable_frontier,"non-exact frontier diagnostic row; not SER, POCR, official metric, or leaderboard input"
direct_llm_original,direct_llm_original_track_a_120_canonical_v0,mysql,PORT,PORT_0004,portability_risk,date_filter_semantics,mismatch,true,true,false,true,direct_llm_repair1_actionable_frontier,"non-exact frontier diagnostic row; not SER, POCR, official metric, or leaderboard input"
direct_llm_original,direct_llm_original_track_a_120_canonical_v0,mysql,PORT,PORT_0004,portability_risk,datetime_semantics_gap,mismatch,true,true,false,true,direct_llm_repair1_actionable_frontier,"non-exact frontier diagnostic row; not SER, POCR, official metric, or leaderboard input"
direct_llm_original,direct_llm_original_track_a_120_canonical_v0,mysql,PORT,PORT_0004,portability_risk,identifier_quoting,mismatch,true,true,false,true,direct_llm_repair1_actionable_frontier,"non-exact frontier diagnostic row; not SER, POCR, official metric, or leaderboard input"
direct_llm_original,direct_llm_original_track_a_120_canonical_v0,mysql,PORT,PORT_0004,portability_risk,literal_predicate_boundary,mismatch,true,true,false,true,direct_llm_repair1_actionable_frontier,"non-exact frontier diagnostic row; not SER, POCR, official metric, or leaderboard input"
direct_llm_original,direct_llm_original_track_a_120_canonical_v0,mysql,PORT,PORT_0004,portability_risk,result_set_semantics,mismatch,true,true,false,true,direct_llm_repair1_actionable_frontier,"non-exact frontier diagnostic row; not SER, POCR, official metric, or leaderboard input"
direct_llm_original,direct_llm_original_track_a_120_canonical_v0,mysql,PORT,PORT_0004,portability_risk,type_semantics_gap,mismatch,true,true,false,true,direct_llm_repair1_actionable_frontier,"non-exact frontier diagnostic row; not SER, POCR, official metric, or leaderboard input"
direct_llm_original,direct_llm_original_track_a_120_canonical_v0,mysql,PORT,PORT_0004,rewrite_opportunity,dialect_adaptation,mismatch,true,true,false,true,direct_llm_repair1_actionable_frontier,"non-exact frontier diagnostic row; not SER, POCR, official metric, or leaderboard input"
direct_llm_original,direct_llm_original_track_a_120_canonical_v0,mysql,PORT,PORT_0012,portability_risk,datetime_semantics_gap,mismatch,true,true,false,true,direct_llm_repair1_actionable_frontier,"non-exact frontier diagnostic row; not SER, POCR, official metric, or leaderboard input"
direct_llm_original,direct_llm_original_track_a_120_canonical_v0,mysql,PORT,PORT_0012,portability_risk,identifier_quoting,mismatch,true,true,false,true,direct_llm_repair1_actionable_frontier,"non-exact frontier diagnostic row; not SER, POCR, official metric, or leaderboard input"
direct_llm_original,direct_llm_original_track_a_120_canonical_v0,mysql,PORT,PORT_0012,portability_risk,type_semantics_gap,mismatch,true,true,false,true,direct_llm_repair1_actionable_frontier,"non-exact frontier diagnostic row; not SER, POCR, official metric, or leaderboard input"
direct_llm_original,direct_llm_original_track_a_120_canonical_v0,mysql,PORT,PORT_0012,rewrite_opportunity,dialect_adaptation,mismatch,true,true,false,true,direct_llm_repair1_actionable_frontier,"non-exact frontier diagnostic row; not SER, POCR, official metric, or leaderboard input"
direct_llm_original,direct_llm_original_track_a_120_canonical_v0,mysql,PORT,PORT_0012,rewrite_opportunity,expression_simplification,mismatch,true,true,false,true,direct_llm_repair1_actionable_frontier,"non-exact frontier diagnostic row; not SER, POCR, official metric, or leaderboard input"
direct_llm_original,direct_llm_original_track_a_120_canonical_v0,mysql,PORT,PORT_0012,rewrite_opportunity,function_normalization,mismatch,true,true,false,true,direct_llm_repair1_actionable_frontier,"non-exact frontier diagnostic row; not SER, POCR, official metric, or leaderboard input"
direct_llm_original,direct_llm_original_track_a_120_canonical_v0,mysql,PORT,PORT_0012,sql_feature,date_time_function,mismatch,true,true,false,true,direct_llm_repair1_actionable_frontier,"non-exact frontier diagnostic row; not SER, POCR, official metric, or leaderboard input"
direct_llm_original,direct_llm_original_track_a_120_canonical_v0,mysql,PORT,PORT_0012,sql_feature,expression_complexity,mismatch,true,true,false,true,direct_llm_repair1_actionable_frontier,"non-exact frontier diagnostic row; not SER, POCR, official metric, or leaderboard input"
direct_llm_original,direct_llm_original_track_a_120_canonical_v0,mysql,PORT,PORT_0013,portability_risk,boolean_semantics_gap,mismatch,true,true,false,true,direct_llm_repair1_actionable_frontier,"non-exact frontier diagnostic row; not SER, POCR, official metric, or leaderboard input"
direct_llm_original,direct_llm_original_track_a_120_canonical_v0,mysql,PORT,PORT_0013,portability_risk,complex_expression_density,mismatch,true,true,false,true,direct_llm_repair1_actionable_frontier,"non-exact frontier diagnostic row; not SER, POCR, official metric, or leaderboard input"
direct_llm_original,direct_llm_original_track_a_120_canonical_v0,mysql,PORT,PORT_0013,portability_risk,identifier_quoting,mismatch,true,true,false,true,direct_llm_repair1_actionable_frontier,"non-exact frontier diagnostic row; not SER, POCR, official metric, or leaderboard input"
direct_llm_original,direct_llm_original_track_a_120_canonical_v0,mysql,PORT,PORT_0013,portability_risk,type_semantics_gap,mismatch,true,true,false,true,direct_llm_repair1_actionable_frontier,"non-exact frontier diagnostic row; not SER, POCR, official metric, or leaderboard input"
direct_llm_original,direct_llm_original_track_a_120_canonical_v0,mysql,PORT,PORT_0013,rewrite_opportunity,dialect_adaptation,mismatch,true,true,false,true,direct_llm_repair1_actionable_frontier,"non-exact frontier diagnostic row; not SER, POCR, official metric, or leaderboard input"
direct_llm_original,direct_llm_original_track_a_120_canonical_v0,mysql,PORT,PORT_0013,rewrite_opportunity,expression_simplification,mismatch,true,true,false,true,direct_llm_repair1_actionable_frontier,"non-exact frontier diagnostic row; not SER, POCR, official metric, or leaderboard input"
direct_llm_original,direct_llm_original_track_a_120_canonical_v0,mysql,PORT,PORT_0013,sql_feature,expression_complexity,mismatch,true,true,false,true,direct_llm_repair1_actionable_frontier,"non-exact frontier diagnostic row; not SER, POCR, official metric, or leaderboard input"
direct_llm_original,direct_llm_original_track_a_120_canonical_v0,mysql,PORT,PORT_0022,portability_risk,date_filter_semantics,mismatch,true,true,false,true,direct_llm_repair1_actionable_frontier,"non-exact frontier diagnostic row; not SER, POCR, official metric, or leaderboard input"
direct_llm_original,direct_llm_original_track_a_120_canonical_v0,mysql,PORT,PORT_0022,portability_risk,date_time_semantics,mismatch,true,true,false,true,direct_llm_repair1_actionable_frontier,"non-exact frontier diagnostic row; not SER, POCR, official metric, or leaderboard input"
direct_llm_original,direct_llm_original_track_a_120_canonical_v0,mysql,PORT,PORT_0022,portability_risk,join_aggregate_input_boundary,mismatch,true,true,false,true,direct_llm_repair1_actionable_frontier,"non-exact frontier diagnostic row; not SER, POCR, official metric, or leaderboard input"
direct_llm_original,direct_llm_original_track_a_120_canonical_v0,mysql,PORT,PORT_0022,portability_risk,literal_predicate_boundary,mismatch,true,true,false,true,direct_llm_repair1_actionable_frontier,"non-exact frontier diagnostic row; not SER, POCR, official metric, or leaderboard input"
direct_llm_original,direct_llm_original_track_a_120_canonical_v0,mysql,PORT,PORT_0022,portability_risk,type_coercion,mismatch,true,true,false,true,direct_llm_repair1_actionable_frontier,"non-exact frontier diagnostic row; not SER, POCR, official metric, or leaderboard input"
direct_llm_original,direct_llm_original_track_a_120_canonical_v0,mysql,PORT,PORT_0022,rewrite_opportunity,dialect_adaptation,mismatch,true,true,false,true,direct_llm_repair1_actionable_frontier,"non-exact frontier diagnostic row; not SER, POCR, official metric, or leaderboard input"
direct_llm_original,direct_llm_original_track_a_120_canonical_v0,mysql,PORT,PORT_0024,portability_risk,aggregate_expression_semantics,mismatch,true,true,false,true,direct_llm_repair1_actionable_frontier,"non-exact frontier diagnostic row; not SER, POCR, official metric, or leaderboard input"
direct_llm_original,direct_llm_original_track_a_120_canonical_v0,mysql,PORT,PORT_0024,portability_risk,boolean_semantics,mismatch,true,true,false,true,direct_llm_repair1_actionable_frontier,"non-exact frontier diagnostic row; not SER, POCR, official metric, or leaderboard input"
direct_llm_original,direct_llm_original_track_a_120_canonical_v0,mysql,PORT,PORT_0024,portability_risk,literal_predicate_boundary,mismatch,true,true,false,true,direct_llm_repair1_actionable_frontier,"non-exact frontier diagnostic row; not SER, POCR, official metric, or leaderboard input"
direct_llm_original,direct_llm_original_track_a_120_canonical_v0,mysql,PORT,PORT_0024,portability_risk,type_coercion,mismatch,true,true,false,true,direct_llm_repair1_actionable_frontier,"non-exact frontier diagnostic row; not SER, POCR, official metric, or leaderboard input"
direct_llm_original,direct_llm_original_track_a_120_canonical_v0,mysql,PORT,PORT_0024,rewrite_opportunity,dialect_adaptation,mismatch,true,true,false,true,direct_llm_repair1_actionable_frontier,"non-exact frontier diagnostic row; not SER, POCR, official metric, or leaderboard input"
direct_llm_original,direct_llm_original_track_a_120_canonical_v0,spark,CONS,CONS_0005,portability_risk,null_semantics_gap,mismatch,true,true,false,true,direct_llm_repair1_actionable_frontier,"non-exact frontier diagnostic row; not SER, POCR, official metric, or leaderboard input"
direct_llm_original,direct_llm_original_track_a_120_canonical_v0,spark,CONS,CONS_0005,rewrite_opportunity,subquery_decorrelation,mismatch,true,true,false,true,direct_llm_repair1_actionable_frontier,"non-exact frontier diagnostic row; not SER, POCR, official metric, or leaderboard input"
direct_llm_original,direct_llm_original_track_a_120_canonical_v0,spark,CONS,CONS_0005,sql_feature,correlated_subquery,mismatch,true,true,false,true,direct_llm_repair1_actionable_frontier,"non-exact frontier diagnostic row; not SER, POCR, official metric, or leaderboard input"
direct_llm_original,direct_llm_original_track_a_120_canonical_v0,spark,CONS,CONS_0009,sql_feature,correlated_subquery,candidate_execution_failed,true,false,false,true,direct_llm_repair1_actionable_frontier,"non-exact frontier diagnostic row; not SER, POCR, official metric, or leaderboard input"
direct_llm_original,direct_llm_original_track_a_120_canonical_v0,spark,CONS,CONS_0009,sql_feature,set_operation,candidate_execution_failed,true,false,false,true,direct_llm_repair1_actionable_frontier,"non-exact frontier diagnostic row; not SER, POCR, official metric, or leaderboard input"
direct_llm_original,direct_llm_original_track_a_120_canonical_v0,spark,CONS,CONS_0011,sql_feature,correlated_subquery,candidate_execution_failed,true,false,false,true,direct_llm_repair1_actionable_frontier,"non-exact frontier diagnostic row; not SER, POCR, official metric, or leaderboard input"
direct_llm_original,direct_llm_original_track_a_120_canonical_v0,spark,CONS,CONS_0011,sql_feature,outer_join,candidate_execution_failed,true,false,false,true,direct_llm_repair1_actionable_frontier,"non-exact frontier diagnostic row; not SER, POCR, official metric, or leaderboard input"
direct_llm_original,direct_llm_original_track_a_120_canonical_v0,spark,PORT,PORT_0008,portability_risk,date_time_semantics,unsupported_engine,true,false,false,false,unsupported_engine_boundary,"non-exact frontier diagnostic row; not SER, POCR, official metric, or leaderboard input"
direct_llm_original,direct_llm_original_track_a_120_canonical_v0,spark,PORT,PORT_0008,portability_risk,identifier_case_or_quoting,unsupported_engine,true,false,false,false,unsupported_engine_boundary,"non-exact frontier diagnostic row; not SER, POCR, official metric, or leaderboard input"
direct_llm_original,direct_llm_original_track_a_120_canonical_v0,spark,PORT,PORT_0008,portability_risk,type_coercion,unsupported_engine,true,false,false,false,unsupported_engine_boundary,"non-exact frontier diagnostic row; not SER, POCR, official metric, or leaderboard input"
direct_llm_original,direct_llm_original_track_a_120_canonical_v0,spark,PORT,PORT_0008,rewrite_opportunity,dialect_adaptation,unsupported_engine,true,false,false,false,unsupported_engine_boundary,"non-exact frontier diagnostic row; not SER, POCR, official metric, or leaderboard input"
direct_llm_original,direct_llm_original_track_a_120_canonical_v0,spark,PORT,PORT_0008,rewrite_opportunity,function_normalization,unsupported_engine,true,false,false,false,unsupported_engine_boundary,"non-exact frontier diagnostic row; not SER, POCR, official metric, or leaderboard input"
direct_llm_original,direct_llm_original_track_a_120_canonical_v0,spark,PORT,PORT_0008,sql_feature,date_time_function,unsupported_engine,true,false,false,false,unsupported_engine_boundary,"non-exact frontier diagnostic row; not SER, POCR, official metric, or leaderboard input"
direct_llm_original,direct_llm_original_track_a_120_canonical_v0,spark,PORT,PORT_0008,sql_feature,expression_complexity,unsupported_engine,true,false,false,false,unsupported_engine_boundary,"non-exact frontier diagnostic row; not SER, POCR, official metric, or leaderboard input"
direct_llm_original,direct_llm_original_track_a_120_canonical_v0,spark,PORT,PORT_0012,portability_risk,datetime_semantics_gap,unsupported_engine,true,false,false,false,unsupported_engine_boundary,"non-exact frontier diagnostic row; not SER, POCR, official metric, or leaderboard input"
direct_llm_original,direct_llm_original_track_a_120_canonical_v0,spark,PORT,PORT_0012,portability_risk,identifier_quoting,unsupported_engine,true,false,false,false,unsupported_engine_boundary,"non-exact frontier diagnostic row; not SER, POCR, official metric, or leaderboard input"
direct_llm_original,direct_llm_original_track_a_120_canonical_v0,spark,PORT,PORT_0012,portability_risk,type_semantics_gap,unsupported_engine,true,false,false,false,unsupported_engine_boundary,"non-exact frontier diagnostic row; not SER, POCR, official metric, or leaderboard input"
direct_llm_original,direct_llm_original_track_a_120_canonical_v0,spark,PORT,PORT_0012,rewrite_opportunity,dialect_adaptation,unsupported_engine,true,false,false,false,unsupported_engine_boundary,"non-exact frontier diagnostic row; not SER, POCR, official metric, or leaderboard input"
direct_llm_original,direct_llm_original_track_a_120_canonical_v0,spark,PORT,PORT_0012,rewrite_opportunity,expression_simplification,unsupported_engine,true,false,false,false,unsupported_engine_boundary,"non-exact frontier diagnostic row; not SER, POCR, official metric, or leaderboard input"
direct_llm_original,direct_llm_original_track_a_120_canonical_v0,spark,PORT,PORT_0012,rewrite_opportunity,function_normalization,unsupported_engine,true,false,false,false,unsupported_engine_boundary,"non-exact frontier diagnostic row; not SER, POCR, official metric, or leaderboard input"
direct_llm_original,direct_llm_original_track_a_120_canonical_v0,spark,PORT,PORT_0012,sql_feature,date_time_function,unsupported_engine,true,false,false,false,unsupported_engine_boundary,"non-exact frontier diagnostic row; not SER, POCR, official metric, or leaderboard input"
direct_llm_original,direct_llm_original_track_a_120_canonical_v0,spark,PORT,PORT_0012,sql_feature,expression_complexity,unsupported_engine,true,false,false,false,unsupported_engine_boundary,"non-exact frontier diagnostic row; not SER, POCR, official metric, or leaderboard input"
direct_llm_original,direct_llm_original_track_a_120_canonical_v0,spark,PORT,PORT_0022,portability_risk,date_filter_semantics,unsupported_engine,true,false,false,false,unsupported_engine_boundary,"non-exact frontier diagnostic row; not SER, POCR, official metric, or leaderboard input"
direct_llm_original,direct_llm_original_track_a_120_canonical_v0,spark,PORT,PORT_0022,portability_risk,date_time_semantics,unsupported_engine,true,false,false,false,unsupported_engine_boundary,"non-exact frontier diagnostic row; not SER, POCR, official metric, or leaderboard input"
direct_llm_original,direct_llm_original_track_a_120_canonical_v0,spark,PORT,PORT_0022,portability_risk,join_aggregate_input_boundary,unsupported_engine,true,false,false,false,unsupported_engine_boundary,"non-exact frontier diagnostic row; not SER, POCR, official metric, or leaderboard input"
direct_llm_original,direct_llm_original_track_a_120_canonical_v0,spark,PORT,PORT_0022,portability_risk,literal_predicate_boundary,unsupported_engine,true,false,false,false,unsupported_engine_boundary,"non-exact frontier diagnostic row; not SER, POCR, official metric, or leaderboard input"
direct_llm_original,direct_llm_original_track_a_120_canonical_v0,spark,PORT,PORT_0022,portability_risk,type_coercion,unsupported_engine,true,false,false,false,unsupported_engine_boundary,"non-exact frontier diagnostic row; not SER, POCR, official metric, or leaderboard input"
direct_llm_original,direct_llm_original_track_a_120_canonical_v0,spark,PORT,PORT_0022,rewrite_opportunity,dialect_adaptation,unsupported_engine,true,false,false,false,unsupported_engine_boundary,"non-exact frontier diagnostic row; not SER, POCR, official metric, or leaderboard input"
direct_llm_original,direct_llm_original_track_a_120_canonical_v0,spark,PORT,PORT_0024,portability_risk,aggregate_expression_semantics,unsupported_engine,true,false,false,false,unsupported_engine_boundary,"non-exact frontier diagnostic row; not SER, POCR, official metric, or leaderboard input"
direct_llm_original,direct_llm_original_track_a_120_canonical_v0,spark,PORT,PORT_0024,portability_risk,boolean_semantics,unsupported_engine,true,false,false,false,unsupported_engine_boundary,"non-exact frontier diagnostic row; not SER, POCR, official metric, or leaderboard input"
direct_llm_original,direct_llm_original_track_a_120_canonical_v0,spark,PORT,PORT_0024,portability_risk,literal_predicate_boundary,unsupported_engine,true,false,false,false,unsupported_engine_boundary,"non-exact frontier diagnostic row; not SER, POCR, official metric, or leaderboard input"
direct_llm_original,direct_llm_original_track_a_120_canonical_v0,spark,PORT,PORT_0024,portability_risk,type_coercion,unsupported_engine,true,false,false,false,unsupported_engine_boundary,"non-exact frontier diagnostic row; not SER, POCR, official metric, or leaderboard input"
direct_llm_original,direct_llm_original_track_a_120_canonical_v0,spark,PORT,PORT_0024,rewrite_opportunity,dialect_adaptation,unsupported_engine,true,false,false,false,unsupported_engine_boundary,"non-exact frontier diagnostic row; not SER, POCR, official metric, or leaderboard input"
direct_llm_original,direct_llm_original_track_a_120_canonical_v0,spark,PORT,PORT_0025,portability_risk,date_time_semantics,unsupported_engine,true,false,false,false,unsupported_engine_boundary,"non-exact frontier diagnostic row; not SER, POCR, official metric, or leaderboard input"
direct_llm_original,direct_llm_original_track_a_120_canonical_v0,spark,PORT,PORT_0025,portability_risk,order_direction_semantics,unsupported_engine,true,false,false,false,unsupported_engine_boundary,"non-exact frontier diagnostic row; not SER, POCR, official metric, or leaderboard input"
direct_llm_original,direct_llm_original_track_a_120_canonical_v0,spark,PORT,PORT_0025,portability_risk,order_limit_semantics,unsupported_engine,true,false,false,false,unsupported_engine_boundary,"non-exact frontier diagnostic row; not SER, POCR, official metric, or leaderboard input"
direct_llm_original,direct_llm_original_track_a_120_canonical_v0,spark,PORT,PORT_0025,portability_risk,pagination_or_limit_offset,unsupported_engine,true,false,false,false,unsupported_engine_boundary,"non-exact frontier diagnostic row; not SER, POCR, official metric, or leaderboard input"
direct_llm_original,direct_llm_original_track_a_120_canonical_v0,spark,PORT,PORT_0025,portability_risk,top_1_row_selection,unsupported_engine,true,false,false,false,unsupported_engine_boundary,"non-exact frontier diagnostic row; not SER, POCR, official metric, or leaderboard input"
direct_llm_original,direct_llm_original_track_a_120_canonical_v0,spark,PORT,PORT_0025,rewrite_opportunity,dialect_adaptation,unsupported_engine,true,false,false,false,unsupported_engine_boundary,"non-exact frontier diagnostic row; not SER, POCR, official metric, or leaderboard input"
direct_llm_original,direct_llm_original_track_a_120_canonical_v0,spark,LONGTAIL,LONGTAIL_0012,sql_feature,aggregation,candidate_execution_failed,true,false,false,true,direct_llm_repair1_actionable_frontier,"non-exact frontier diagnostic row; not SER, POCR, official metric, or leaderboard input"
direct_llm_original,direct_llm_original_track_a_120_canonical_v0,spark,LONGTAIL,LONGTAIL_0012,sql_feature,complex_expression,candidate_execution_failed,true,false,false,true,direct_llm_repair1_actionable_frontier,"non-exact frontier diagnostic row; not SER, POCR, official metric, or leaderboard input"
direct_llm_original,direct_llm_original_track_a_120_canonical_v0,spark,LONGTAIL,LONGTAIL_0012,sql_feature,outer_join,candidate_execution_failed,true,false,false,true,direct_llm_repair1_actionable_frontier,"non-exact frontier diagnostic row; not SER, POCR, official metric, or leaderboard input"
direct_llm_original,direct_llm_original_track_a_120_canonical_v0,spark,LONGTAIL,LONGTAIL_0012,sql_feature,sort_limit,candidate_execution_failed,true,false,false,true,direct_llm_repair1_actionable_frontier,"non-exact frontier diagnostic row; not SER, POCR, official metric, or leaderboard input"
direct_llm_original,direct_llm_original_track_a_120_canonical_v0,spark,LONGTAIL,LONGTAIL_0012,sql_feature,subquery_in_from,candidate_execution_failed,true,false,false,true,direct_llm_repair1_actionable_frontier,"non-exact frontier diagnostic row; not SER, POCR, official metric, or leaderboard input"
direct_llm_original,direct_llm_original_track_a_120_canonical_v0,spark,LONGTAIL,LONGTAIL_0012,sql_feature,window_function,candidate_execution_failed,true,false,false,true,direct_llm_repair1_actionable_frontier,"non-exact frontier diagnostic row; not SER, POCR, official metric, or leaderboard input"
sqlglot_noop,sqlglot_noop_track_a_120_canonical_v0,postgres,PORT,PORT_0004,portability_risk,date_filter_semantics,adapter_failed,false,false,false,false,fail_closed_or_no_candidate_boundary,"non-exact frontier diagnostic row; not SER, POCR, official metric, or leaderboard input"
sqlglot_noop,sqlglot_noop_track_a_120_canonical_v0,postgres,PORT,PORT_0004,portability_risk,datetime_semantics_gap,adapter_failed,false,false,false,false,fail_closed_or_no_candidate_boundary,"non-exact frontier diagnostic row; not SER, POCR, official metric, or leaderboard input"
sqlglot_noop,sqlglot_noop_track_a_120_canonical_v0,postgres,PORT,PORT_0004,portability_risk,identifier_quoting,adapter_failed,false,false,false,false,fail_closed_or_no_candidate_boundary,"non-exact frontier diagnostic row; not SER, POCR, official metric, or leaderboard input"
sqlglot_noop,sqlglot_noop_track_a_120_canonical_v0,postgres,PORT,PORT_0004,portability_risk,literal_predicate_boundary,adapter_failed,false,false,false,false,fail_closed_or_no_candidate_boundary,"non-exact frontier diagnostic row; not SER, POCR, official metric, or leaderboard input"
sqlglot_noop,sqlglot_noop_track_a_120_canonical_v0,postgres,PORT,PORT_0004,portability_risk,result_set_semantics,adapter_failed,false,false,false,false,fail_closed_or_no_candidate_boundary,"non-exact frontier diagnostic row; not SER, POCR, official metric, or leaderboard input"
sqlglot_noop,sqlglot_noop_track_a_120_canonical_v0,postgres,PORT,PORT_0004,portability_risk,type_semantics_gap,adapter_failed,false,false,false,false,fail_closed_or_no_candidate_boundary,"non-exact frontier diagnostic row; not SER, POCR, official metric, or leaderboard input"
sqlglot_noop,sqlglot_noop_track_a_120_canonical_v0,postgres,PORT,PORT_0004,rewrite_opportunity,dialect_adaptation,adapter_failed,false,false,false,false,fail_closed_or_no_candidate_boundary,"non-exact frontier diagnostic row; not SER, POCR, official metric, or leaderboard input"
sqlglot_noop,sqlglot_noop_track_a_120_canonical_v0,postgres,PORT,PORT_0013,portability_risk,boolean_semantics_gap,adapter_failed,false,false,false,false,fail_closed_or_no_candidate_boundary,"non-exact frontier diagnostic row; not SER, POCR, official metric, or leaderboard input"
sqlglot_noop,sqlglot_noop_track_a_120_canonical_v0,postgres,PORT,PORT_0013,portability_risk,complex_expression_density,adapter_failed,false,false,false,false,fail_closed_or_no_candidate_boundary,"non-exact frontier diagnostic row; not SER, POCR, official metric, or leaderboard input"
sqlglot_noop,sqlglot_noop_track_a_120_canonical_v0,postgres,PORT,PORT_0013,portability_risk,identifier_quoting,adapter_failed,false,false,false,false,fail_closed_or_no_candidate_boundary,"non-exact frontier diagnostic row; not SER, POCR, official metric, or leaderboard input"
sqlglot_noop,sqlglot_noop_track_a_120_canonical_v0,postgres,PORT,PORT_0013,portability_risk,type_semantics_gap,adapter_failed,false,false,false,false,fail_closed_or_no_candidate_boundary,"non-exact frontier diagnostic row; not SER, POCR, official metric, or leaderboard input"
sqlglot_noop,sqlglot_noop_track_a_120_canonical_v0,postgres,PORT,PORT_0013,rewrite_opportunity,dialect_adaptation,adapter_failed,false,false,false,false,fail_closed_or_no_candidate_boundary,"non-exact frontier diagnostic row; not SER, POCR, official metric, or leaderboard input"
sqlglot_noop,sqlglot_noop_track_a_120_canonical_v0,postgres,PORT,PORT_0013,rewrite_opportunity,expression_simplification,adapter_failed,false,false,false,false,fail_closed_or_no_candidate_boundary,"non-exact frontier diagnostic row; not SER, POCR, official metric, or leaderboard input"
sqlglot_noop,sqlglot_noop_track_a_120_canonical_v0,postgres,PORT,PORT_0013,sql_feature,expression_complexity,adapter_failed,false,false,false,false,fail_closed_or_no_candidate_boundary,"non-exact frontier diagnostic row; not SER, POCR, official metric, or leaderboard input"
sqlglot_noop,sqlglot_noop_track_a_120_canonical_v0,postgres,PORT,PORT_0022,portability_risk,date_filter_semantics,adapter_failed,false,false,false,false,fail_closed_or_no_candidate_boundary,"non-exact frontier diagnostic row; not SER, POCR, official metric, or leaderboard input"
sqlglot_noop,sqlglot_noop_track_a_120_canonical_v0,postgres,PORT,PORT_0022,portability_risk,date_time_semantics,adapter_failed,false,false,false,false,fail_closed_or_no_candidate_boundary,"non-exact frontier diagnostic row; not SER, POCR, official metric, or leaderboard input"
sqlglot_noop,sqlglot_noop_track_a_120_canonical_v0,postgres,PORT,PORT_0022,portability_risk,join_aggregate_input_boundary,adapter_failed,false,false,false,false,fail_closed_or_no_candidate_boundary,"non-exact frontier diagnostic row; not SER, POCR, official metric, or leaderboard input"
sqlglot_noop,sqlglot_noop_track_a_120_canonical_v0,postgres,PORT,PORT_0022,portability_risk,literal_predicate_boundary,adapter_failed,false,false,false,false,fail_closed_or_no_candidate_boundary,"non-exact frontier diagnostic row; not SER, POCR, official metric, or leaderboard input"
sqlglot_noop,sqlglot_noop_track_a_120_canonical_v0,postgres,PORT,PORT_0022,portability_risk,type_coercion,adapter_failed,false,false,false,false,fail_closed_or_no_candidate_boundary,"non-exact frontier diagnostic row; not SER, POCR, official metric, or leaderboard input"
sqlglot_noop,sqlglot_noop_track_a_120_canonical_v0,postgres,PORT,PORT_0022,rewrite_opportunity,dialect_adaptation,adapter_failed,false,false,false,false,fail_closed_or_no_candidate_boundary,"non-exact frontier diagnostic row; not SER, POCR, official metric, or leaderboard input"
sqlglot_noop,sqlglot_noop_track_a_120_canonical_v0,postgres,PORT,PORT_0024,portability_risk,aggregate_expression_semantics,adapter_failed,false,false,false,false,fail_closed_or_no_candidate_boundary,"non-exact frontier diagnostic row; not SER, POCR, official metric, or leaderboard input"
sqlglot_noop,sqlglot_noop_track_a_120_canonical_v0,postgres,PORT,PORT_0024,portability_risk,boolean_semantics,adapter_failed,false,false,false,false,fail_closed_or_no_candidate_boundary,"non-exact frontier diagnostic row; not SER, POCR, official metric, or leaderboard input"
sqlglot_noop,sqlglot_noop_track_a_120_canonical_v0,postgres,PORT,PORT_0024,portability_risk,literal_predicate_boundary,adapter_failed,false,false,false,false,fail_closed_or_no_candidate_boundary,"non-exact frontier diagnostic row; not SER, POCR, official metric, or leaderboard input"
sqlglot_noop,sqlglot_noop_track_a_120_canonical_v0,postgres,PORT,PORT_0024,portability_risk,type_coercion,adapter_failed,false,false,false,false,fail_closed_or_no_candidate_boundary,"non-exact frontier diagnostic row; not SER, POCR, official metric, or leaderboard input"
sqlglot_noop,sqlglot_noop_track_a_120_canonical_v0,postgres,PORT,PORT_0024,rewrite_opportunity,dialect_adaptation,adapter_failed,false,false,false,false,fail_closed_or_no_candidate_boundary,"non-exact frontier diagnostic row; not SER, POCR, official metric, or leaderboard input"
sqlglot_noop,sqlglot_noop_track_a_120_canonical_v0,postgres,PORT,PORT_0025,portability_risk,date_time_semantics,adapter_failed,false,false,false,false,fail_closed_or_no_candidate_boundary,"non-exact frontier diagnostic row; not SER, POCR, official metric, or leaderboard input"
sqlglot_noop,sqlglot_noop_track_a_120_canonical_v0,postgres,PORT,PORT_0025,portability_risk,order_direction_semantics,adapter_failed,false,false,false,false,fail_closed_or_no_candidate_boundary,"non-exact frontier diagnostic row; not SER, POCR, official metric, or leaderboard input"
sqlglot_noop,sqlglot_noop_track_a_120_canonical_v0,postgres,PORT,PORT_0025,portability_risk,order_limit_semantics,adapter_failed,false,false,false,false,fail_closed_or_no_candidate_boundary,"non-exact frontier diagnostic row; not SER, POCR, official metric, or leaderboard input"
sqlglot_noop,sqlglot_noop_track_a_120_canonical_v0,postgres,PORT,PORT_0025,portability_risk,pagination_or_limit_offset,adapter_failed,false,false,false,false,fail_closed_or_no_candidate_boundary,"non-exact frontier diagnostic row; not SER, POCR, official metric, or leaderboard input"
sqlglot_noop,sqlglot_noop_track_a_120_canonical_v0,postgres,PORT,PORT_0025,portability_risk,top_1_row_selection,adapter_failed,false,false,false,false,fail_closed_or_no_candidate_boundary,"non-exact frontier diagnostic row; not SER, POCR, official metric, or leaderboard input"
sqlglot_noop,sqlglot_noop_track_a_120_canonical_v0,postgres,PORT,PORT_0025,rewrite_opportunity,dialect_adaptation,adapter_failed,false,false,false,false,fail_closed_or_no_candidate_boundary,"non-exact frontier diagnostic row; not SER, POCR, official metric, or leaderboard input"
sqlglot_noop,sqlglot_noop_track_a_120_canonical_v0,mysql,PERF,PERF_0062,sql_feature,aggregate,mismatch,true,true,false,false,diagnostic_non_repair1_baseline_frontier,"non-exact frontier diagnostic row; not SER, POCR, official metric, or leaderboard input"
sqlglot_noop,sqlglot_noop_track_a_120_canonical_v0,mysql,PERF,PERF_0062,sql_feature,disjunction,mismatch,true,true,false,false,diagnostic_non_repair1_baseline_frontier,"non-exact frontier diagnostic row; not SER, POCR, official metric, or leaderboard input"
sqlglot_noop,sqlglot_noop_track_a_120_canonical_v0,mysql,PERF,PERF_0062,sql_feature,join,mismatch,true,true,false,false,diagnostic_non_repair1_baseline_frontier,"non-exact frontier diagnostic row; not SER, POCR, official metric, or leaderboard input"
sqlglot_noop,sqlglot_noop_track_a_120_canonical_v0,mysql,PERF,PERF_0062,sql_feature,range_predicate,mismatch,true,true,false,false,diagnostic_non_repair1_baseline_frontier,"non-exact frontier diagnostic row; not SER, POCR, official metric, or leaderboard input"
sqlglot_noop,sqlglot_noop_track_a_120_canonical_v0,mysql,PORT,PORT_0003,portability_risk,identifier_quoting,mismatch,true,true,false,false,diagnostic_non_repair1_baseline_frontier,"non-exact frontier diagnostic row; not SER, POCR, official metric, or leaderboard input"
sqlglot_noop,sqlglot_noop_track_a_120_canonical_v0,mysql,PORT,PORT_0003,portability_risk,limit_fetch_gap,mismatch,true,true,false,false,diagnostic_non_repair1_baseline_frontier,"non-exact frontier diagnostic row; not SER, POCR, official metric, or leaderboard input"
sqlglot_noop,sqlglot_noop_track_a_120_canonical_v0,mysql,PORT,PORT_0003,portability_risk,null_semantics_gap,mismatch,true,true,false,false,diagnostic_non_repair1_baseline_frontier,"non-exact frontier diagnostic row; not SER, POCR, official metric, or leaderboard input"
sqlglot_noop,sqlglot_noop_track_a_120_canonical_v0,mysql,PORT,PORT_0003,rewrite_opportunity,dialect_adaptation,mismatch,true,true,false,false,diagnostic_non_repair1_baseline_frontier,"non-exact frontier diagnostic row; not SER, POCR, official metric, or leaderboard input"
sqlglot_noop,sqlglot_noop_track_a_120_canonical_v0,mysql,PORT,PORT_0003,rewrite_opportunity,order_limit_simplification,mismatch,true,true,false,false,diagnostic_non_repair1_baseline_frontier,"non-exact frontier diagnostic row; not SER, POCR, official metric, or leaderboard input"
sqlglot_noop,sqlglot_noop_track_a_120_canonical_v0,mysql,PORT,PORT_0004,portability_risk,date_filter_semantics,mismatch,true,true,false,false,diagnostic_non_repair1_baseline_frontier,"non-exact frontier diagnostic row; not SER, POCR, official metric, or leaderboard input"
sqlglot_noop,sqlglot_noop_track_a_120_canonical_v0,mysql,PORT,PORT_0004,portability_risk,datetime_semantics_gap,mismatch,true,true,false,false,diagnostic_non_repair1_baseline_frontier,"non-exact frontier diagnostic row; not SER, POCR, official metric, or leaderboard input"
sqlglot_noop,sqlglot_noop_track_a_120_canonical_v0,mysql,PORT,PORT_0004,portability_risk,identifier_quoting,mismatch,true,true,false,false,diagnostic_non_repair1_baseline_frontier,"non-exact frontier diagnostic row; not SER, POCR, official metric, or leaderboard input"
sqlglot_noop,sqlglot_noop_track_a_120_canonical_v0,mysql,PORT,PORT_0004,portability_risk,literal_predicate_boundary,mismatch,true,true,false,false,diagnostic_non_repair1_baseline_frontier,"non-exact frontier diagnostic row; not SER, POCR, official metric, or leaderboard input"
sqlglot_noop,sqlglot_noop_track_a_120_canonical_v0,mysql,PORT,PORT_0004,portability_risk,result_set_semantics,mismatch,true,true,false,false,diagnostic_non_repair1_baseline_frontier,"non-exact frontier diagnostic row; not SER, POCR, official metric, or leaderboard input"
sqlglot_noop,sqlglot_noop_track_a_120_canonical_v0,mysql,PORT,PORT_0004,portability_risk,type_semantics_gap,mismatch,true,true,false,false,diagnostic_non_repair1_baseline_frontier,"non-exact frontier diagnostic row; not SER, POCR, official metric, or leaderboard input"
sqlglot_noop,sqlglot_noop_track_a_120_canonical_v0,mysql,PORT,PORT_0004,rewrite_opportunity,dialect_adaptation,mismatch,true,true,false,false,diagnostic_non_repair1_baseline_frontier,"non-exact frontier diagnostic row; not SER, POCR, official metric, or leaderboard input"
sqlglot_noop,sqlglot_noop_track_a_120_canonical_v0,mysql,PORT,PORT_0005,portability_risk,identifier_quoting,mismatch,true,true,false,false,diagnostic_non_repair1_baseline_frontier,"non-exact frontier diagnostic row; not SER, POCR, official metric, or leaderboard input"
sqlglot_noop,sqlglot_noop_track_a_120_canonical_v0,mysql,PORT,PORT_0005,portability_risk,limit_fetch_gap,mismatch,true,true,false,false,diagnostic_non_repair1_baseline_frontier,"non-exact frontier diagnostic row; not SER, POCR, official metric, or leaderboard input"
sqlglot_noop,sqlglot_noop_track_a_120_canonical_v0,mysql,PORT,PORT_0005,portability_risk,null_semantics_gap,mismatch,true,true,false,false,diagnostic_non_repair1_baseline_frontier,"non-exact frontier diagnostic row; not SER, POCR, official metric, or leaderboard input"
sqlglot_noop,sqlglot_noop_track_a_120_canonical_v0,mysql,PORT,PORT_0005,portability_risk,order_direction_gap,mismatch,true,true,false,false,diagnostic_non_repair1_baseline_frontier,"non-exact frontier diagnostic row; not SER, POCR, official metric, or leaderboard input"
sqlglot_noop,sqlglot_noop_track_a_120_canonical_v0,mysql,PORT,PORT_0005,rewrite_opportunity,dialect_adaptation,mismatch,true,true,false,false,diagnostic_non_repair1_baseline_frontier,"non-exact frontier diagnostic row; not SER, POCR, official metric, or leaderboard input"
sqlglot_noop,sqlglot_noop_track_a_120_canonical_v0,mysql,PORT,PORT_0005,rewrite_opportunity,order_limit_simplification,mismatch,true,true,false,false,diagnostic_non_repair1_baseline_frontier,"non-exact frontier diagnostic row; not SER, POCR, official metric, or leaderboard input"
sqlglot_noop,sqlglot_noop_track_a_120_canonical_v0,mysql,PORT,PORT_0008,portability_risk,date_time_semantics,candidate_execution_failed,true,false,false,false,diagnostic_non_repair1_baseline_frontier,"non-exact frontier diagnostic row; not SER, POCR, official metric, or leaderboard input"
sqlglot_noop,sqlglot_noop_track_a_120_canonical_v0,mysql,PORT,PORT_0008,portability_risk,identifier_case_or_quoting,candidate_execution_failed,true,false,false,false,diagnostic_non_repair1_baseline_frontier,"non-exact frontier diagnostic row; not SER, POCR, official metric, or leaderboard input"
sqlglot_noop,sqlglot_noop_track_a_120_canonical_v0,mysql,PORT,PORT_0008,portability_risk,type_coercion,candidate_execution_failed,true,false,false,false,diagnostic_non_repair1_baseline_frontier,"non-exact frontier diagnostic row; not SER, POCR, official metric, or leaderboard input"
sqlglot_noop,sqlglot_noop_track_a_120_canonical_v0,mysql,PORT,PORT_0008,rewrite_opportunity,dialect_adaptation,candidate_execution_failed,true,false,false,false,diagnostic_non_repair1_baseline_frontier,"non-exact frontier diagnostic row; not SER, POCR, official metric, or leaderboard input"
sqlglot_noop,sqlglot_noop_track_a_120_canonical_v0,mysql,PORT,PORT_0008,rewrite_opportunity,function_normalization,candidate_execution_failed,true,false,false,false,diagnostic_non_repair1_baseline_frontier,"non-exact frontier diagnostic row; not SER, POCR, official metric, or leaderboard input"
sqlglot_noop,sqlglot_noop_track_a_120_canonical_v0,mysql,PORT,PORT_0008,sql_feature,date_time_function,candidate_execution_failed,true,false,false,false,diagnostic_non_repair1_baseline_frontier,"non-exact frontier diagnostic row; not SER, POCR, official metric, or leaderboard input"
sqlglot_noop,sqlglot_noop_track_a_120_canonical_v0,mysql,PORT,PORT_0008,sql_feature,expression_complexity,candidate_execution_failed,true,false,false,false,diagnostic_non_repair1_baseline_frontier,"non-exact frontier diagnostic row; not SER, POCR, official metric, or leaderboard input"
sqlglot_noop,sqlglot_noop_track_a_120_canonical_v0,mysql,PORT,PORT_0012,portability_risk,datetime_semantics_gap,mismatch,true,true,false,false,diagnostic_non_repair1_baseline_frontier,"non-exact frontier diagnostic row; not SER, POCR, official metric, or leaderboard input"
sqlglot_noop,sqlglot_noop_track_a_120_canonical_v0,mysql,PORT,PORT_0012,portability_risk,identifier_quoting,mismatch,true,true,false,false,diagnostic_non_repair1_baseline_frontier,"non-exact frontier diagnostic row; not SER, POCR, official metric, or leaderboard input"
sqlglot_noop,sqlglot_noop_track_a_120_canonical_v0,mysql,PORT,PORT_0012,portability_risk,type_semantics_gap,mismatch,true,true,false,false,diagnostic_non_repair1_baseline_frontier,"non-exact frontier diagnostic row; not SER, POCR, official metric, or leaderboard input"
sqlglot_noop,sqlglot_noop_track_a_120_canonical_v0,mysql,PORT,PORT_0012,rewrite_opportunity,dialect_adaptation,mismatch,true,true,false,false,diagnostic_non_repair1_baseline_frontier,"non-exact frontier diagnostic row; not SER, POCR, official metric, or leaderboard input"
sqlglot_noop,sqlglot_noop_track_a_120_canonical_v0,mysql,PORT,PORT_0012,rewrite_opportunity,expression_simplification,mismatch,true,true,false,false,diagnostic_non_repair1_baseline_frontier,"non-exact frontier diagnostic row; not SER, POCR, official metric, or leaderboard input"
sqlglot_noop,sqlglot_noop_track_a_120_canonical_v0,mysql,PORT,PORT_0012,rewrite_opportunity,function_normalization,mismatch,true,true,false,false,diagnostic_non_repair1_baseline_frontier,"non-exact frontier diagnostic row; not SER, POCR, official metric, or leaderboard input"
sqlglot_noop,sqlglot_noop_track_a_120_canonical_v0,mysql,PORT,PORT_0012,sql_feature,date_time_function,mismatch,true,true,false,false,diagnostic_non_repair1_baseline_frontier,"non-exact frontier diagnostic row; not SER, POCR, official metric, or leaderboard input"
sqlglot_noop,sqlglot_noop_track_a_120_canonical_v0,mysql,PORT,PORT_0012,sql_feature,expression_complexity,mismatch,true,true,false,false,diagnostic_non_repair1_baseline_frontier,"non-exact frontier diagnostic row; not SER, POCR, official metric, or leaderboard input"
sqlglot_noop,sqlglot_noop_track_a_120_canonical_v0,mysql,PORT,PORT_0013,portability_risk,boolean_semantics_gap,mismatch,true,true,false,false,diagnostic_non_repair1_baseline_frontier,"non-exact frontier diagnostic row; not SER, POCR, official metric, or leaderboard input"
sqlglot_noop,sqlglot_noop_track_a_120_canonical_v0,mysql,PORT,PORT_0013,portability_risk,complex_expression_density,mismatch,true,true,false,false,diagnostic_non_repair1_baseline_frontier,"non-exact frontier diagnostic row; not SER, POCR, official metric, or leaderboard input"
sqlglot_noop,sqlglot_noop_track_a_120_canonical_v0,mysql,PORT,PORT_0013,portability_risk,identifier_quoting,mismatch,true,true,false,false,diagnostic_non_repair1_baseline_frontier,"non-exact frontier diagnostic row; not SER, POCR, official metric, or leaderboard input"
sqlglot_noop,sqlglot_noop_track_a_120_canonical_v0,mysql,PORT,PORT_0013,portability_risk,type_semantics_gap,mismatch,true,true,false,false,diagnostic_non_repair1_baseline_frontier,"non-exact frontier diagnostic row; not SER, POCR, official metric, or leaderboard input"
sqlglot_noop,sqlglot_noop_track_a_120_canonical_v0,mysql,PORT,PORT_0013,rewrite_opportunity,dialect_adaptation,mismatch,true,true,false,false,diagnostic_non_repair1_baseline_frontier,"non-exact frontier diagnostic row; not SER, POCR, official metric, or leaderboard input"
sqlglot_noop,sqlglot_noop_track_a_120_canonical_v0,mysql,PORT,PORT_0013,rewrite_opportunity,expression_simplification,mismatch,true,true,false,false,diagnostic_non_repair1_baseline_frontier,"non-exact frontier diagnostic row; not SER, POCR, official metric, or leaderboard input"
sqlglot_noop,sqlglot_noop_track_a_120_canonical_v0,mysql,PORT,PORT_0013,sql_feature,expression_complexity,mismatch,true,true,false,false,diagnostic_non_repair1_baseline_frontier,"non-exact frontier diagnostic row; not SER, POCR, official metric, or leaderboard input"
sqlglot_noop,sqlglot_noop_track_a_120_canonical_v0,mysql,PORT,PORT_0022,portability_risk,date_filter_semantics,mismatch,true,true,false,false,diagnostic_non_repair1_baseline_frontier,"non-exact frontier diagnostic row; not SER, POCR, official metric, or leaderboard input"
sqlglot_noop,sqlglot_noop_track_a_120_canonical_v0,mysql,PORT,PORT_0022,portability_risk,date_time_semantics,mismatch,true,true,false,false,diagnostic_non_repair1_baseline_frontier,"non-exact frontier diagnostic row; not SER, POCR, official metric, or leaderboard input"
sqlglot_noop,sqlglot_noop_track_a_120_canonical_v0,mysql,PORT,PORT_0022,portability_risk,join_aggregate_input_boundary,mismatch,true,true,false,false,diagnostic_non_repair1_baseline_frontier,"non-exact frontier diagnostic row; not SER, POCR, official metric, or leaderboard input"
sqlglot_noop,sqlglot_noop_track_a_120_canonical_v0,mysql,PORT,PORT_0022,portability_risk,literal_predicate_boundary,mismatch,true,true,false,false,diagnostic_non_repair1_baseline_frontier,"non-exact frontier diagnostic row; not SER, POCR, official metric, or leaderboard input"
sqlglot_noop,sqlglot_noop_track_a_120_canonical_v0,mysql,PORT,PORT_0022,portability_risk,type_coercion,mismatch,true,true,false,false,diagnostic_non_repair1_baseline_frontier,"non-exact frontier diagnostic row; not SER, POCR, official metric, or leaderboard input"
sqlglot_noop,sqlglot_noop_track_a_120_canonical_v0,mysql,PORT,PORT_0022,rewrite_opportunity,dialect_adaptation,mismatch,true,true,false,false,diagnostic_non_repair1_baseline_frontier,"non-exact frontier diagnostic row; not SER, POCR, official metric, or leaderboard input"
sqlglot_noop,sqlglot_noop_track_a_120_canonical_v0,mysql,PORT,PORT_0024,portability_risk,aggregate_expression_semantics,mismatch,true,true,false,false,diagnostic_non_repair1_baseline_frontier,"non-exact frontier diagnostic row; not SER, POCR, official metric, or leaderboard input"
sqlglot_noop,sqlglot_noop_track_a_120_canonical_v0,mysql,PORT,PORT_0024,portability_risk,boolean_semantics,mismatch,true,true,false,false,diagnostic_non_repair1_baseline_frontier,"non-exact frontier diagnostic row; not SER, POCR, official metric, or leaderboard input"
sqlglot_noop,sqlglot_noop_track_a_120_canonical_v0,mysql,PORT,PORT_0024,portability_risk,literal_predicate_boundary,mismatch,true,true,false,false,diagnostic_non_repair1_baseline_frontier,"non-exact frontier diagnostic row; not SER, POCR, official metric, or leaderboard input"
sqlglot_noop,sqlglot_noop_track_a_120_canonical_v0,mysql,PORT,PORT_0024,portability_risk,type_coercion,mismatch,true,true,false,false,diagnostic_non_repair1_baseline_frontier,"non-exact frontier diagnostic row; not SER, POCR, official metric, or leaderboard input"
sqlglot_noop,sqlglot_noop_track_a_120_canonical_v0,mysql,PORT,PORT_0024,rewrite_opportunity,dialect_adaptation,mismatch,true,true,false,false,diagnostic_non_repair1_baseline_frontier,"non-exact frontier diagnostic row; not SER, POCR, official metric, or leaderboard input"
sqlglot_noop,sqlglot_noop_track_a_120_canonical_v0,spark,PORT,PORT_0003,portability_risk,identifier_quoting,candidate_execution_failed,true,false,false,false,diagnostic_non_repair1_baseline_frontier,"non-exact frontier diagnostic row; not SER, POCR, official metric, or leaderboard input"
sqlglot_noop,sqlglot_noop_track_a_120_canonical_v0,spark,PORT,PORT_0003,portability_risk,limit_fetch_gap,candidate_execution_failed,true,false,false,false,diagnostic_non_repair1_baseline_frontier,"non-exact frontier diagnostic row; not SER, POCR, official metric, or leaderboard input"
sqlglot_noop,sqlglot_noop_track_a_120_canonical_v0,spark,PORT,PORT_0003,portability_risk,null_semantics_gap,candidate_execution_failed,true,false,false,false,diagnostic_non_repair1_baseline_frontier,"non-exact frontier diagnostic row; not SER, POCR, official metric, or leaderboard input"
sqlglot_noop,sqlglot_noop_track_a_120_canonical_v0,spark,PORT,PORT_0003,rewrite_opportunity,dialect_adaptation,candidate_execution_failed,true,false,false,false,diagnostic_non_repair1_baseline_frontier,"non-exact frontier diagnostic row; not SER, POCR, official metric, or leaderboard input"
sqlglot_noop,sqlglot_noop_track_a_120_canonical_v0,spark,PORT,PORT_0003,rewrite_opportunity,order_limit_simplification,candidate_execution_failed,true,false,false,false,diagnostic_non_repair1_baseline_frontier,"non-exact frontier diagnostic row; not SER, POCR, official metric, or leaderboard input"
sqlglot_noop,sqlglot_noop_track_a_120_canonical_v0,spark,PORT,PORT_0004,portability_risk,date_filter_semantics,mismatch,true,true,false,false,diagnostic_non_repair1_baseline_frontier,"non-exact frontier diagnostic row; not SER, POCR, official metric, or leaderboard input"
sqlglot_noop,sqlglot_noop_track_a_120_canonical_v0,spark,PORT,PORT_0004,portability_risk,datetime_semantics_gap,mismatch,true,true,false,false,diagnostic_non_repair1_baseline_frontier,"non-exact frontier diagnostic row; not SER, POCR, official metric, or leaderboard input"
sqlglot_noop,sqlglot_noop_track_a_120_canonical_v0,spark,PORT,PORT_0004,portability_risk,identifier_quoting,mismatch,true,true,false,false,diagnostic_non_repair1_baseline_frontier,"non-exact frontier diagnostic row; not SER, POCR, official metric, or leaderboard input"
sqlglot_noop,sqlglot_noop_track_a_120_canonical_v0,spark,PORT,PORT_0004,portability_risk,literal_predicate_boundary,mismatch,true,true,false,false,diagnostic_non_repair1_baseline_frontier,"non-exact frontier diagnostic row; not SER, POCR, official metric, or leaderboard input"
sqlglot_noop,sqlglot_noop_track_a_120_canonical_v0,spark,PORT,PORT_0004,portability_risk,result_set_semantics,mismatch,true,true,false,false,diagnostic_non_repair1_baseline_frontier,"non-exact frontier diagnostic row; not SER, POCR, official metric, or leaderboard input"
sqlglot_noop,sqlglot_noop_track_a_120_canonical_v0,spark,PORT,PORT_0004,portability_risk,type_semantics_gap,mismatch,true,true,false,false,diagnostic_non_repair1_baseline_frontier,"non-exact frontier diagnostic row; not SER, POCR, official metric, or leaderboard input"
sqlglot_noop,sqlglot_noop_track_a_120_canonical_v0,spark,PORT,PORT_0004,rewrite_opportunity,dialect_adaptation,mismatch,true,true,false,false,diagnostic_non_repair1_baseline_frontier,"non-exact frontier diagnostic row; not SER, POCR, official metric, or leaderboard input"
sqlglot_noop,sqlglot_noop_track_a_120_canonical_v0,spark,PORT,PORT_0005,portability_risk,identifier_quoting,mismatch,true,true,false,false,diagnostic_non_repair1_baseline_frontier,"non-exact frontier diagnostic row; not SER, POCR, official metric, or leaderboard input"
sqlglot_noop,sqlglot_noop_track_a_120_canonical_v0,spark,PORT,PORT_0005,portability_risk,limit_fetch_gap,mismatch,true,true,false,false,diagnostic_non_repair1_baseline_frontier,"non-exact frontier diagnostic row; not SER, POCR, official metric, or leaderboard input"
sqlglot_noop,sqlglot_noop_track_a_120_canonical_v0,spark,PORT,PORT_0005,portability_risk,null_semantics_gap,mismatch,true,true,false,false,diagnostic_non_repair1_baseline_frontier,"non-exact frontier diagnostic row; not SER, POCR, official metric, or leaderboard input"
sqlglot_noop,sqlglot_noop_track_a_120_canonical_v0,spark,PORT,PORT_0005,portability_risk,order_direction_gap,mismatch,true,true,false,false,diagnostic_non_repair1_baseline_frontier,"non-exact frontier diagnostic row; not SER, POCR, official metric, or leaderboard input"
sqlglot_noop,sqlglot_noop_track_a_120_canonical_v0,spark,PORT,PORT_0005,rewrite_opportunity,dialect_adaptation,mismatch,true,true,false,false,diagnostic_non_repair1_baseline_frontier,"non-exact frontier diagnostic row; not SER, POCR, official metric, or leaderboard input"
sqlglot_noop,sqlglot_noop_track_a_120_canonical_v0,spark,PORT,PORT_0005,rewrite_opportunity,order_limit_simplification,mismatch,true,true,false,false,diagnostic_non_repair1_baseline_frontier,"non-exact frontier diagnostic row; not SER, POCR, official metric, or leaderboard input"
sqlglot_noop,sqlglot_noop_track_a_120_canonical_v0,spark,PORT,PORT_0008,portability_risk,date_time_semantics,unsupported_engine,true,false,false,false,unsupported_engine_boundary,"non-exact frontier diagnostic row; not SER, POCR, official metric, or leaderboard input"
sqlglot_noop,sqlglot_noop_track_a_120_canonical_v0,spark,PORT,PORT_0008,portability_risk,identifier_case_or_quoting,unsupported_engine,true,false,false,false,unsupported_engine_boundary,"non-exact frontier diagnostic row; not SER, POCR, official metric, or leaderboard input"
sqlglot_noop,sqlglot_noop_track_a_120_canonical_v0,spark,PORT,PORT_0008,portability_risk,type_coercion,unsupported_engine,true,false,false,false,unsupported_engine_boundary,"non-exact frontier diagnostic row; not SER, POCR, official metric, or leaderboard input"
sqlglot_noop,sqlglot_noop_track_a_120_canonical_v0,spark,PORT,PORT_0008,rewrite_opportunity,dialect_adaptation,unsupported_engine,true,false,false,false,unsupported_engine_boundary,"non-exact frontier diagnostic row; not SER, POCR, official metric, or leaderboard input"
sqlglot_noop,sqlglot_noop_track_a_120_canonical_v0,spark,PORT,PORT_0008,rewrite_opportunity,function_normalization,unsupported_engine,true,false,false,false,unsupported_engine_boundary,"non-exact frontier diagnostic row; not SER, POCR, official metric, or leaderboard input"
sqlglot_noop,sqlglot_noop_track_a_120_canonical_v0,spark,PORT,PORT_0008,sql_feature,date_time_function,unsupported_engine,true,false,false,false,unsupported_engine_boundary,"non-exact frontier diagnostic row; not SER, POCR, official metric, or leaderboard input"
sqlglot_noop,sqlglot_noop_track_a_120_canonical_v0,spark,PORT,PORT_0008,sql_feature,expression_complexity,unsupported_engine,true,false,false,false,unsupported_engine_boundary,"non-exact frontier diagnostic row; not SER, POCR, official metric, or leaderboard input"
sqlglot_noop,sqlglot_noop_track_a_120_canonical_v0,spark,PORT,PORT_0012,portability_risk,datetime_semantics_gap,unsupported_engine,true,false,false,false,unsupported_engine_boundary,"non-exact frontier diagnostic row; not SER, POCR, official metric, or leaderboard input"
sqlglot_noop,sqlglot_noop_track_a_120_canonical_v0,spark,PORT,PORT_0012,portability_risk,identifier_quoting,unsupported_engine,true,false,false,false,unsupported_engine_boundary,"non-exact frontier diagnostic row; not SER, POCR, official metric, or leaderboard input"
sqlglot_noop,sqlglot_noop_track_a_120_canonical_v0,spark,PORT,PORT_0012,portability_risk,type_semantics_gap,unsupported_engine,true,false,false,false,unsupported_engine_boundary,"non-exact frontier diagnostic row; not SER, POCR, official metric, or leaderboard input"
sqlglot_noop,sqlglot_noop_track_a_120_canonical_v0,spark,PORT,PORT_0012,rewrite_opportunity,dialect_adaptation,unsupported_engine,true,false,false,false,unsupported_engine_boundary,"non-exact frontier diagnostic row; not SER, POCR, official metric, or leaderboard input"
sqlglot_noop,sqlglot_noop_track_a_120_canonical_v0,spark,PORT,PORT_0012,rewrite_opportunity,expression_simplification,unsupported_engine,true,false,false,false,unsupported_engine_boundary,"non-exact frontier diagnostic row; not SER, POCR, official metric, or leaderboard input"
sqlglot_noop,sqlglot_noop_track_a_120_canonical_v0,spark,PORT,PORT_0012,rewrite_opportunity,function_normalization,unsupported_engine,true,false,false,false,unsupported_engine_boundary,"non-exact frontier diagnostic row; not SER, POCR, official metric, or leaderboard input"
sqlglot_noop,sqlglot_noop_track_a_120_canonical_v0,spark,PORT,PORT_0012,sql_feature,date_time_function,unsupported_engine,true,false,false,false,unsupported_engine_boundary,"non-exact frontier diagnostic row; not SER, POCR, official metric, or leaderboard input"
sqlglot_noop,sqlglot_noop_track_a_120_canonical_v0,spark,PORT,PORT_0012,sql_feature,expression_complexity,unsupported_engine,true,false,false,false,unsupported_engine_boundary,"non-exact frontier diagnostic row; not SER, POCR, official metric, or leaderboard input"
sqlglot_noop,sqlglot_noop_track_a_120_canonical_v0,spark,PORT,PORT_0013,portability_risk,boolean_semantics_gap,candidate_execution_failed,true,false,false,false,diagnostic_non_repair1_baseline_frontier,"non-exact frontier diagnostic row; not SER, POCR, official metric, or leaderboard input"
sqlglot_noop,sqlglot_noop_track_a_120_canonical_v0,spark,PORT,PORT_0013,portability_risk,complex_expression_density,candidate_execution_failed,true,false,false,false,diagnostic_non_repair1_baseline_frontier,"non-exact frontier diagnostic row; not SER, POCR, official metric, or leaderboard input"
sqlglot_noop,sqlglot_noop_track_a_120_canonical_v0,spark,PORT,PORT_0013,portability_risk,identifier_quoting,candidate_execution_failed,true,false,false,false,diagnostic_non_repair1_baseline_frontier,"non-exact frontier diagnostic row; not SER, POCR, official metric, or leaderboard input"
sqlglot_noop,sqlglot_noop_track_a_120_canonical_v0,spark,PORT,PORT_0013,portability_risk,type_semantics_gap,candidate_execution_failed,true,false,false,false,diagnostic_non_repair1_baseline_frontier,"non-exact frontier diagnostic row; not SER, POCR, official metric, or leaderboard input"
sqlglot_noop,sqlglot_noop_track_a_120_canonical_v0,spark,PORT,PORT_0013,rewrite_opportunity,dialect_adaptation,candidate_execution_failed,true,false,false,false,diagnostic_non_repair1_baseline_frontier,"non-exact frontier diagnostic row; not SER, POCR, official metric, or leaderboard input"
sqlglot_noop,sqlglot_noop_track_a_120_canonical_v0,spark,PORT,PORT_0013,rewrite_opportunity,expression_simplification,candidate_execution_failed,true,false,false,false,diagnostic_non_repair1_baseline_frontier,"non-exact frontier diagnostic row; not SER, POCR, official metric, or leaderboard input"
sqlglot_noop,sqlglot_noop_track_a_120_canonical_v0,spark,PORT,PORT_0013,sql_feature,expression_complexity,candidate_execution_failed,true,false,false,false,diagnostic_non_repair1_baseline_frontier,"non-exact frontier diagnostic row; not SER, POCR, official metric, or leaderboard input"
sqlglot_noop,sqlglot_noop_track_a_120_canonical_v0,spark,PORT,PORT_0022,portability_risk,date_filter_semantics,unsupported_engine,true,false,false,false,unsupported_engine_boundary,"non-exact frontier diagnostic row; not SER, POCR, official metric, or leaderboard input"
sqlglot_noop,sqlglot_noop_track_a_120_canonical_v0,spark,PORT,PORT_0022,portability_risk,date_time_semantics,unsupported_engine,true,false,false,false,unsupported_engine_boundary,"non-exact frontier diagnostic row; not SER, POCR, official metric, or leaderboard input"
sqlglot_noop,sqlglot_noop_track_a_120_canonical_v0,spark,PORT,PORT_0022,portability_risk,join_aggregate_input_boundary,unsupported_engine,true,false,false,false,unsupported_engine_boundary,"non-exact frontier diagnostic row; not SER, POCR, official metric, or leaderboard input"
sqlglot_noop,sqlglot_noop_track_a_120_canonical_v0,spark,PORT,PORT_0022,portability_risk,literal_predicate_boundary,unsupported_engine,true,false,false,false,unsupported_engine_boundary,"non-exact frontier diagnostic row; not SER, POCR, official metric, or leaderboard input"
sqlglot_noop,sqlglot_noop_track_a_120_canonical_v0,spark,PORT,PORT_0022,portability_risk,type_coercion,unsupported_engine,true,false,false,false,unsupported_engine_boundary,"non-exact frontier diagnostic row; not SER, POCR, official metric, or leaderboard input"
sqlglot_noop,sqlglot_noop_track_a_120_canonical_v0,spark,PORT,PORT_0022,rewrite_opportunity,dialect_adaptation,unsupported_engine,true,false,false,false,unsupported_engine_boundary,"non-exact frontier diagnostic row; not SER, POCR, official metric, or leaderboard input"
sqlglot_noop,sqlglot_noop_track_a_120_canonical_v0,spark,PORT,PORT_0024,portability_risk,aggregate_expression_semantics,unsupported_engine,true,false,false,false,unsupported_engine_boundary,"non-exact frontier diagnostic row; not SER, POCR, official metric, or leaderboard input"
sqlglot_noop,sqlglot_noop_track_a_120_canonical_v0,spark,PORT,PORT_0024,portability_risk,boolean_semantics,unsupported_engine,true,false,false,false,unsupported_engine_boundary,"non-exact frontier diagnostic row; not SER, POCR, official metric, or leaderboard input"
sqlglot_noop,sqlglot_noop_track_a_120_canonical_v0,spark,PORT,PORT_0024,portability_risk,literal_predicate_boundary,unsupported_engine,true,false,false,false,unsupported_engine_boundary,"non-exact frontier diagnostic row; not SER, POCR, official metric, or leaderboard input"
sqlglot_noop,sqlglot_noop_track_a_120_canonical_v0,spark,PORT,PORT_0024,portability_risk,type_coercion,unsupported_engine,true,false,false,false,unsupported_engine_boundary,"non-exact frontier diagnostic row; not SER, POCR, official metric, or leaderboard input"
sqlglot_noop,sqlglot_noop_track_a_120_canonical_v0,spark,PORT,PORT_0024,rewrite_opportunity,dialect_adaptation,unsupported_engine,true,false,false,false,unsupported_engine_boundary,"non-exact frontier diagnostic row; not SER, POCR, official metric, or leaderboard input"
sqlglot_noop,sqlglot_noop_track_a_120_canonical_v0,spark,PORT,PORT_0025,portability_risk,date_time_semantics,unsupported_engine,true,false,false,false,unsupported_engine_boundary,"non-exact frontier diagnostic row; not SER, POCR, official metric, or leaderboard input"
sqlglot_noop,sqlglot_noop_track_a_120_canonical_v0,spark,PORT,PORT_0025,portability_risk,order_direction_semantics,unsupported_engine,true,false,false,false,unsupported_engine_boundary,"non-exact frontier diagnostic row; not SER, POCR, official metric, or leaderboard input"
sqlglot_noop,sqlglot_noop_track_a_120_canonical_v0,spark,PORT,PORT_0025,portability_risk,order_limit_semantics,unsupported_engine,true,false,false,false,unsupported_engine_boundary,"non-exact frontier diagnostic row; not SER, POCR, official metric, or leaderboard input"
sqlglot_noop,sqlglot_noop_track_a_120_canonical_v0,spark,PORT,PORT_0025,portability_risk,pagination_or_limit_offset,unsupported_engine,true,false,false,false,unsupported_engine_boundary,"non-exact frontier diagnostic row; not SER, POCR, official metric, or leaderboard input"
sqlglot_noop,sqlglot_noop_track_a_120_canonical_v0,spark,PORT,PORT_0025,portability_risk,top_1_row_selection,unsupported_engine,true,false,false,false,unsupported_engine_boundary,"non-exact frontier diagnostic row; not SER, POCR, official metric, or leaderboard input"
sqlglot_noop,sqlglot_noop_track_a_120_canonical_v0,spark,PORT,PORT_0025,rewrite_opportunity,dialect_adaptation,unsupported_engine,true,false,false,false,unsupported_engine_boundary,"non-exact frontier diagnostic row; not SER, POCR, official metric, or leaderboard input"
sqlglot_optimize_schema_aware,sqlglot_optimize_schema_aware_track_a_120_canonical_v0,postgres,PERF,PERF_0062,sql_feature,aggregate,mismatch,true,true,false,false,diagnostic_non_repair1_baseline_frontier,"non-exact frontier diagnostic row; not SER, POCR, official metric, or leaderboard input"
sqlglot_optimize_schema_aware,sqlglot_optimize_schema_aware_track_a_120_canonical_v0,postgres,PERF,PERF_0062,sql_feature,disjunction,mismatch,true,true,false,false,diagnostic_non_repair1_baseline_frontier,"non-exact frontier diagnostic row; not SER, POCR, official metric, or leaderboard input"
sqlglot_optimize_schema_aware,sqlglot_optimize_schema_aware_track_a_120_canonical_v0,postgres,PERF,PERF_0062,sql_feature,join,mismatch,true,true,false,false,diagnostic_non_repair1_baseline_frontier,"non-exact frontier diagnostic row; not SER, POCR, official metric, or leaderboard input"
sqlglot_optimize_schema_aware,sqlglot_optimize_schema_aware_track_a_120_canonical_v0,postgres,PERF,PERF_0062,sql_feature,range_predicate,mismatch,true,true,false,false,diagnostic_non_repair1_baseline_frontier,"non-exact frontier diagnostic row; not SER, POCR, official metric, or leaderboard input"
sqlglot_optimize_schema_aware,sqlglot_optimize_schema_aware_track_a_120_canonical_v0,postgres,CONS,CONS_0007,sql_feature,correlated_subquery,candidate_execution_failed,true,false,false,false,diagnostic_non_repair1_baseline_frontier,"non-exact frontier diagnostic row; not SER, POCR, official metric, or leaderboard input"
sqlglot_optimize_schema_aware,sqlglot_optimize_schema_aware_track_a_120_canonical_v0,postgres,CONS,CONS_0007,sql_feature,subquery_in_from,candidate_execution_failed,true,false,false,false,diagnostic_non_repair1_baseline_frontier,"non-exact frontier diagnostic row; not SER, POCR, official metric, or leaderboard input"
sqlglot_optimize_schema_aware,sqlglot_optimize_schema_aware_track_a_120_canonical_v0,postgres,CONS,CONS_0009,sql_feature,correlated_subquery,adapter_failed,false,false,false,false,fail_closed_or_no_candidate_boundary,"non-exact frontier diagnostic row; not SER, POCR, official metric, or leaderboard input"
sqlglot_optimize_schema_aware,sqlglot_optimize_schema_aware_track_a_120_canonical_v0,postgres,CONS,CONS_0009,sql_feature,set_operation,adapter_failed,false,false,false,false,fail_closed_or_no_candidate_boundary,"non-exact frontier diagnostic row; not SER, POCR, official metric, or leaderboard input"
sqlglot_optimize_schema_aware,sqlglot_optimize_schema_aware_track_a_120_canonical_v0,postgres,CONS,CONS_0024,rewrite_opportunity,subquery_decorrelation,candidate_execution_failed,true,false,false,false,diagnostic_non_repair1_baseline_frontier,"non-exact frontier diagnostic row; not SER, POCR, official metric, or leaderboard input"
sqlglot_optimize_schema_aware,sqlglot_optimize_schema_aware_track_a_120_canonical_v0,postgres,CONS,CONS_0024,sql_feature,correlated_subquery,candidate_execution_failed,true,false,false,false,diagnostic_non_repair1_baseline_frontier,"non-exact frontier diagnostic row; not SER, POCR, official metric, or leaderboard input"
sqlglot_optimize_schema_aware,sqlglot_optimize_schema_aware_track_a_120_canonical_v0,postgres,CONS,CONS_0024,sql_feature,outer_join,candidate_execution_failed,true,false,false,false,diagnostic_non_repair1_baseline_frontier,"non-exact frontier diagnostic row; not SER, POCR, official metric, or leaderboard input"
sqlglot_optimize_schema_aware,sqlglot_optimize_schema_aware_track_a_120_canonical_v0,postgres,CONS,CONS_0037,rewrite_opportunity,aggregation_rewrite,mismatch,true,true,false,false,diagnostic_non_repair1_baseline_frontier,"non-exact frontier diagnostic row; not SER, POCR, official metric, or leaderboard input"
sqlglot_optimize_schema_aware,sqlglot_optimize_schema_aware_track_a_120_canonical_v0,postgres,CONS,CONS_0037,sql_feature,outer_join,mismatch,true,true,false,false,diagnostic_non_repair1_baseline_frontier,"non-exact frontier diagnostic row; not SER, POCR, official metric, or leaderboard input"
sqlglot_optimize_schema_aware,sqlglot_optimize_schema_aware_track_a_120_canonical_v0,postgres,PORT,PORT_0004,portability_risk,date_filter_semantics,adapter_failed,false,false,false,false,fail_closed_or_no_candidate_boundary,"non-exact frontier diagnostic row; not SER, POCR, official metric, or leaderboard input"
sqlglot_optimize_schema_aware,sqlglot_optimize_schema_aware_track_a_120_canonical_v0,postgres,PORT,PORT_0004,portability_risk,datetime_semantics_gap,adapter_failed,false,false,false,false,fail_closed_or_no_candidate_boundary,"non-exact frontier diagnostic row; not SER, POCR, official metric, or leaderboard input"
sqlglot_optimize_schema_aware,sqlglot_optimize_schema_aware_track_a_120_canonical_v0,postgres,PORT,PORT_0004,portability_risk,identifier_quoting,adapter_failed,false,false,false,false,fail_closed_or_no_candidate_boundary,"non-exact frontier diagnostic row; not SER, POCR, official metric, or leaderboard input"
sqlglot_optimize_schema_aware,sqlglot_optimize_schema_aware_track_a_120_canonical_v0,postgres,PORT,PORT_0004,portability_risk,literal_predicate_boundary,adapter_failed,false,false,false,false,fail_closed_or_no_candidate_boundary,"non-exact frontier diagnostic row; not SER, POCR, official metric, or leaderboard input"
sqlglot_optimize_schema_aware,sqlglot_optimize_schema_aware_track_a_120_canonical_v0,postgres,PORT,PORT_0004,portability_risk,result_set_semantics,adapter_failed,false,false,false,false,fail_closed_or_no_candidate_boundary,"non-exact frontier diagnostic row; not SER, POCR, official metric, or leaderboard input"
sqlglot_optimize_schema_aware,sqlglot_optimize_schema_aware_track_a_120_canonical_v0,postgres,PORT,PORT_0004,portability_risk,type_semantics_gap,adapter_failed,false,false,false,false,fail_closed_or_no_candidate_boundary,"non-exact frontier diagnostic row; not SER, POCR, official metric, or leaderboard input"
sqlglot_optimize_schema_aware,sqlglot_optimize_schema_aware_track_a_120_canonical_v0,postgres,PORT,PORT_0004,rewrite_opportunity,dialect_adaptation,adapter_failed,false,false,false,false,fail_closed_or_no_candidate_boundary,"non-exact frontier diagnostic row; not SER, POCR, official metric, or leaderboard input"
sqlglot_optimize_schema_aware,sqlglot_optimize_schema_aware_track_a_120_canonical_v0,postgres,PORT,PORT_0012,portability_risk,datetime_semantics_gap,mismatch,true,true,false,false,diagnostic_non_repair1_baseline_frontier,"non-exact frontier diagnostic row; not SER, POCR, official metric, or leaderboard input"
sqlglot_optimize_schema_aware,sqlglot_optimize_schema_aware_track_a_120_canonical_v0,postgres,PORT,PORT_0012,portability_risk,identifier_quoting,mismatch,true,true,false,false,diagnostic_non_repair1_baseline_frontier,"non-exact frontier diagnostic row; not SER, POCR, official metric, or leaderboard input"
sqlglot_optimize_schema_aware,sqlglot_optimize_schema_aware_track_a_120_canonical_v0,postgres,PORT,PORT_0012,portability_risk,type_semantics_gap,mismatch,true,true,false,false,diagnostic_non_repair1_baseline_frontier,"non-exact frontier diagnostic row; not SER, POCR, official metric, or leaderboard input"
sqlglot_optimize_schema_aware,sqlglot_optimize_schema_aware_track_a_120_canonical_v0,postgres,PORT,PORT_0012,rewrite_opportunity,dialect_adaptation,mismatch,true,true,false,false,diagnostic_non_repair1_baseline_frontier,"non-exact frontier diagnostic row; not SER, POCR, official metric, or leaderboard input"
sqlglot_optimize_schema_aware,sqlglot_optimize_schema_aware_track_a_120_canonical_v0,postgres,PORT,PORT_0012,rewrite_opportunity,expression_simplification,mismatch,true,true,false,false,diagnostic_non_repair1_baseline_frontier,"non-exact frontier diagnostic row; not SER, POCR, official metric, or leaderboard input"
sqlglot_optimize_schema_aware,sqlglot_optimize_schema_aware_track_a_120_canonical_v0,postgres,PORT,PORT_0012,rewrite_opportunity,function_normalization,mismatch,true,true,false,false,diagnostic_non_repair1_baseline_frontier,"non-exact frontier diagnostic row; not SER, POCR, official metric, or leaderboard input"
sqlglot_optimize_schema_aware,sqlglot_optimize_schema_aware_track_a_120_canonical_v0,postgres,PORT,PORT_0012,sql_feature,date_time_function,mismatch,true,true,false,false,diagnostic_non_repair1_baseline_frontier,"non-exact frontier diagnostic row; not SER, POCR, official metric, or leaderboard input"
sqlglot_optimize_schema_aware,sqlglot_optimize_schema_aware_track_a_120_canonical_v0,postgres,PORT,PORT_0012,sql_feature,expression_complexity,mismatch,true,true,false,false,diagnostic_non_repair1_baseline_frontier,"non-exact frontier diagnostic row; not SER, POCR, official metric, or leaderboard input"
sqlglot_optimize_schema_aware,sqlglot_optimize_schema_aware_track_a_120_canonical_v0,postgres,PORT,PORT_0013,portability_risk,boolean_semantics_gap,adapter_failed,false,false,false,false,fail_closed_or_no_candidate_boundary,"non-exact frontier diagnostic row; not SER, POCR, official metric, or leaderboard input"
sqlglot_optimize_schema_aware,sqlglot_optimize_schema_aware_track_a_120_canonical_v0,postgres,PORT,PORT_0013,portability_risk,complex_expression_density,adapter_failed,false,false,false,false,fail_closed_or_no_candidate_boundary,"non-exact frontier diagnostic row; not SER, POCR, official metric, or leaderboard input"
sqlglot_optimize_schema_aware,sqlglot_optimize_schema_aware_track_a_120_canonical_v0,postgres,PORT,PORT_0013,portability_risk,identifier_quoting,adapter_failed,false,false,false,false,fail_closed_or_no_candidate_boundary,"non-exact frontier diagnostic row; not SER, POCR, official metric, or leaderboard input"
sqlglot_optimize_schema_aware,sqlglot_optimize_schema_aware_track_a_120_canonical_v0,postgres,PORT,PORT_0013,portability_risk,type_semantics_gap,adapter_failed,false,false,false,false,fail_closed_or_no_candidate_boundary,"non-exact frontier diagnostic row; not SER, POCR, official metric, or leaderboard input"
sqlglot_optimize_schema_aware,sqlglot_optimize_schema_aware_track_a_120_canonical_v0,postgres,PORT,PORT_0013,rewrite_opportunity,dialect_adaptation,adapter_failed,false,false,false,false,fail_closed_or_no_candidate_boundary,"non-exact frontier diagnostic row; not SER, POCR, official metric, or leaderboard input"
sqlglot_optimize_schema_aware,sqlglot_optimize_schema_aware_track_a_120_canonical_v0,postgres,PORT,PORT_0013,rewrite_opportunity,expression_simplification,adapter_failed,false,false,false,false,fail_closed_or_no_candidate_boundary,"non-exact frontier diagnostic row; not SER, POCR, official metric, or leaderboard input"
sqlglot_optimize_schema_aware,sqlglot_optimize_schema_aware_track_a_120_canonical_v0,postgres,PORT,PORT_0013,sql_feature,expression_complexity,adapter_failed,false,false,false,false,fail_closed_or_no_candidate_boundary,"non-exact frontier diagnostic row; not SER, POCR, official metric, or leaderboard input"
sqlglot_optimize_schema_aware,sqlglot_optimize_schema_aware_track_a_120_canonical_v0,postgres,PORT,PORT_0022,portability_risk,date_filter_semantics,adapter_failed,false,false,false,false,fail_closed_or_no_candidate_boundary,"non-exact frontier diagnostic row; not SER, POCR, official metric, or leaderboard input"
sqlglot_optimize_schema_aware,sqlglot_optimize_schema_aware_track_a_120_canonical_v0,postgres,PORT,PORT_0022,portability_risk,date_time_semantics,adapter_failed,false,false,false,false,fail_closed_or_no_candidate_boundary,"non-exact frontier diagnostic row; not SER, POCR, official metric, or leaderboard input"
sqlglot_optimize_schema_aware,sqlglot_optimize_schema_aware_track_a_120_canonical_v0,postgres,PORT,PORT_0022,portability_risk,join_aggregate_input_boundary,adapter_failed,false,false,false,false,fail_closed_or_no_candidate_boundary,"non-exact frontier diagnostic row; not SER, POCR, official metric, or leaderboard input"
sqlglot_optimize_schema_aware,sqlglot_optimize_schema_aware_track_a_120_canonical_v0,postgres,PORT,PORT_0022,portability_risk,literal_predicate_boundary,adapter_failed,false,false,false,false,fail_closed_or_no_candidate_boundary,"non-exact frontier diagnostic row; not SER, POCR, official metric, or leaderboard input"
sqlglot_optimize_schema_aware,sqlglot_optimize_schema_aware_track_a_120_canonical_v0,postgres,PORT,PORT_0022,portability_risk,type_coercion,adapter_failed,false,false,false,false,fail_closed_or_no_candidate_boundary,"non-exact frontier diagnostic row; not SER, POCR, official metric, or leaderboard input"
sqlglot_optimize_schema_aware,sqlglot_optimize_schema_aware_track_a_120_canonical_v0,postgres,PORT,PORT_0022,rewrite_opportunity,dialect_adaptation,adapter_failed,false,false,false,false,fail_closed_or_no_candidate_boundary,"non-exact frontier diagnostic row; not SER, POCR, official metric, or leaderboard input"
sqlglot_optimize_schema_aware,sqlglot_optimize_schema_aware_track_a_120_canonical_v0,postgres,PORT,PORT_0024,portability_risk,aggregate_expression_semantics,adapter_failed,false,false,false,false,fail_closed_or_no_candidate_boundary,"non-exact frontier diagnostic row; not SER, POCR, official metric, or leaderboard input"
sqlglot_optimize_schema_aware,sqlglot_optimize_schema_aware_track_a_120_canonical_v0,postgres,PORT,PORT_0024,portability_risk,boolean_semantics,adapter_failed,false,false,false,false,fail_closed_or_no_candidate_boundary,"non-exact frontier diagnostic row; not SER, POCR, official metric, or leaderboard input"
sqlglot_optimize_schema_aware,sqlglot_optimize_schema_aware_track_a_120_canonical_v0,postgres,PORT,PORT_0024,portability_risk,literal_predicate_boundary,adapter_failed,false,false,false,false,fail_closed_or_no_candidate_boundary,"non-exact frontier diagnostic row; not SER, POCR, official metric, or leaderboard input"
sqlglot_optimize_schema_aware,sqlglot_optimize_schema_aware_track_a_120_canonical_v0,postgres,PORT,PORT_0024,portability_risk,type_coercion,adapter_failed,false,false,false,false,fail_closed_or_no_candidate_boundary,"non-exact frontier diagnostic row; not SER, POCR, official metric, or leaderboard input"
sqlglot_optimize_schema_aware,sqlglot_optimize_schema_aware_track_a_120_canonical_v0,postgres,PORT,PORT_0024,rewrite_opportunity,dialect_adaptation,adapter_failed,false,false,false,false,fail_closed_or_no_candidate_boundary,"non-exact frontier diagnostic row; not SER, POCR, official metric, or leaderboard input"
sqlglot_optimize_schema_aware,sqlglot_optimize_schema_aware_track_a_120_canonical_v0,postgres,PORT,PORT_0025,portability_risk,date_time_semantics,adapter_failed,false,false,false,false,fail_closed_or_no_candidate_boundary,"non-exact frontier diagnostic row; not SER, POCR, official metric, or leaderboard input"
sqlglot_optimize_schema_aware,sqlglot_optimize_schema_aware_track_a_120_canonical_v0,postgres,PORT,PORT_0025,portability_risk,order_direction_semantics,adapter_failed,false,false,false,false,fail_closed_or_no_candidate_boundary,"non-exact frontier diagnostic row; not SER, POCR, official metric, or leaderboard input"
sqlglot_optimize_schema_aware,sqlglot_optimize_schema_aware_track_a_120_canonical_v0,postgres,PORT,PORT_0025,portability_risk,order_limit_semantics,adapter_failed,false,false,false,false,fail_closed_or_no_candidate_boundary,"non-exact frontier diagnostic row; not SER, POCR, official metric, or leaderboard input"
sqlglot_optimize_schema_aware,sqlglot_optimize_schema_aware_track_a_120_canonical_v0,postgres,PORT,PORT_0025,portability_risk,pagination_or_limit_offset,adapter_failed,false,false,false,false,fail_closed_or_no_candidate_boundary,"non-exact frontier diagnostic row; not SER, POCR, official metric, or leaderboard input"
sqlglot_optimize_schema_aware,sqlglot_optimize_schema_aware_track_a_120_canonical_v0,postgres,PORT,PORT_0025,portability_risk,top_1_row_selection,adapter_failed,false,false,false,false,fail_closed_or_no_candidate_boundary,"non-exact frontier diagnostic row; not SER, POCR, official metric, or leaderboard input"
sqlglot_optimize_schema_aware,sqlglot_optimize_schema_aware_track_a_120_canonical_v0,postgres,PORT,PORT_0025,rewrite_opportunity,dialect_adaptation,adapter_failed,false,false,false,false,fail_closed_or_no_candidate_boundary,"non-exact frontier diagnostic row; not SER, POCR, official metric, or leaderboard input"
sqlglot_optimize_schema_aware,sqlglot_optimize_schema_aware_track_a_120_canonical_v0,mysql,PERF,PERF_0008,rewrite_opportunity,materialization_strategy,adapter_failed,false,false,false,false,fail_closed_or_no_candidate_boundary,"non-exact frontier diagnostic row; not SER, POCR, official metric, or leaderboard input"
sqlglot_optimize_schema_aware,sqlglot_optimize_schema_aware_track_a_120_canonical_v0,mysql,PERF,PERF_0008,rewrite_opportunity,predicate_pushdown,adapter_failed,false,false,false,false,fail_closed_or_no_candidate_boundary,"non-exact frontier diagnostic row; not SER, POCR, official metric, or leaderboard input"
sqlglot_optimize_schema_aware,sqlglot_optimize_schema_aware_track_a_120_canonical_v0,mysql,PERF,PERF_0008,sql_feature,date_time_function,adapter_failed,false,false,false,false,fail_closed_or_no_candidate_boundary,"non-exact frontier diagnostic row; not SER, POCR, official metric, or leaderboard input"
sqlglot_optimize_schema_aware,sqlglot_optimize_schema_aware_track_a_120_canonical_v0,mysql,PERF,PERF_0008,sql_feature,subquery_in_from,adapter_failed,false,false,false,false,fail_closed_or_no_candidate_boundary,"non-exact frontier diagnostic row; not SER, POCR, official metric, or leaderboard input"
sqlglot_optimize_schema_aware,sqlglot_optimize_schema_aware_track_a_120_canonical_v0,mysql,PERF,PERF_0013,rewrite_opportunity,join_reorder,adapter_failed,false,false,false,false,fail_closed_or_no_candidate_boundary,"non-exact frontier diagnostic row; not SER, POCR, official metric, or leaderboard input"
sqlglot_optimize_schema_aware,sqlglot_optimize_schema_aware_track_a_120_canonical_v0,mysql,PERF,PERF_0013,rewrite_opportunity,predicate_pushdown,adapter_failed,false,false,false,false,fail_closed_or_no_candidate_boundary,"non-exact frontier diagnostic row; not SER, POCR, official metric, or leaderboard input"
sqlglot_optimize_schema_aware,sqlglot_optimize_schema_aware_track_a_120_canonical_v0,mysql,PERF,PERF_0013,sql_feature,date_time_function,adapter_failed,false,false,false,false,fail_closed_or_no_candidate_boundary,"non-exact frontier diagnostic row; not SER, POCR, official metric, or leaderboard input"
sqlglot_optimize_schema_aware,sqlglot_optimize_schema_aware_track_a_120_canonical_v0,mysql,PERF,PERF_0017,rewrite_opportunity,join_reorder,adapter_failed,false,false,false,false,fail_closed_or_no_candidate_boundary,"non-exact frontier diagnostic row; not SER, POCR, official metric, or leaderboard input"
sqlglot_optimize_schema_aware,sqlglot_optimize_schema_aware_track_a_120_canonical_v0,mysql,PERF,PERF_0017,rewrite_opportunity,predicate_pushdown,adapter_failed,false,false,false,false,fail_closed_or_no_candidate_boundary,"non-exact frontier diagnostic row; not SER, POCR, official metric, or leaderboard input"
sqlglot_optimize_schema_aware,sqlglot_optimize_schema_aware_track_a_120_canonical_v0,mysql,PERF,PERF_0017,sql_feature,date_time_function,adapter_failed,false,false,false,false,fail_closed_or_no_candidate_boundary,"non-exact frontier diagnostic row; not SER, POCR, official metric, or leaderboard input"
sqlglot_optimize_schema_aware,sqlglot_optimize_schema_aware_track_a_120_canonical_v0,mysql,PERF,PERF_0019,rewrite_opportunity,materialization_strategy,adapter_failed,false,false,false,false,fail_closed_or_no_candidate_boundary,"non-exact frontier diagnostic row; not SER, POCR, official metric, or leaderboard input"
sqlglot_optimize_schema_aware,sqlglot_optimize_schema_aware_track_a_120_canonical_v0,mysql,PERF,PERF_0019,rewrite_opportunity,predicate_pushdown,adapter_failed,false,false,false,false,fail_closed_or_no_candidate_boundary,"non-exact frontier diagnostic row; not SER, POCR, official metric, or leaderboard input"
sqlglot_optimize_schema_aware,sqlglot_optimize_schema_aware_track_a_120_canonical_v0,mysql,PERF,PERF_0019,sql_feature,outer_join,adapter_failed,false,false,false,false,fail_closed_or_no_candidate_boundary,"non-exact frontier diagnostic row; not SER, POCR, official metric, or leaderboard input"
sqlglot_optimize_schema_aware,sqlglot_optimize_schema_aware_track_a_120_canonical_v0,mysql,PERF,PERF_0019,sql_feature,subquery_in_from,adapter_failed,false,false,false,false,fail_closed_or_no_candidate_boundary,"non-exact frontier diagnostic row; not SER, POCR, official metric, or leaderboard input"
sqlglot_optimize_schema_aware,sqlglot_optimize_schema_aware_track_a_120_canonical_v0,mysql,PERF,PERF_0062,sql_feature,aggregate,mismatch,true,true,false,false,diagnostic_non_repair1_baseline_frontier,"non-exact frontier diagnostic row; not SER, POCR, official metric, or leaderboard input"
sqlglot_optimize_schema_aware,sqlglot_optimize_schema_aware_track_a_120_canonical_v0,mysql,PERF,PERF_0062,sql_feature,disjunction,mismatch,true,true,false,false,diagnostic_non_repair1_baseline_frontier,"non-exact frontier diagnostic row; not SER, POCR, official metric, or leaderboard input"
sqlglot_optimize_schema_aware,sqlglot_optimize_schema_aware_track_a_120_canonical_v0,mysql,PERF,PERF_0062,sql_feature,join,mismatch,true,true,false,false,diagnostic_non_repair1_baseline_frontier,"non-exact frontier diagnostic row; not SER, POCR, official metric, or leaderboard input"
sqlglot_optimize_schema_aware,sqlglot_optimize_schema_aware_track_a_120_canonical_v0,mysql,PERF,PERF_0062,sql_feature,range_predicate,mismatch,true,true,false,false,diagnostic_non_repair1_baseline_frontier,"non-exact frontier diagnostic row; not SER, POCR, official metric, or leaderboard input"
sqlglot_optimize_schema_aware,sqlglot_optimize_schema_aware_track_a_120_canonical_v0,mysql,CONS,CONS_0005,portability_risk,null_semantics_gap,no_candidate_sql,false,false,false,false,fail_closed_or_no_candidate_boundary,"non-exact frontier diagnostic row; not SER, POCR, official metric, or leaderboard input"
sqlglot_optimize_schema_aware,sqlglot_optimize_schema_aware_track_a_120_canonical_v0,mysql,CONS,CONS_0005,rewrite_opportunity,subquery_decorrelation,no_candidate_sql,false,false,false,false,fail_closed_or_no_candidate_boundary,"non-exact frontier diagnostic row; not SER, POCR, official metric, or leaderboard input"
sqlglot_optimize_schema_aware,sqlglot_optimize_schema_aware_track_a_120_canonical_v0,mysql,CONS,CONS_0005,sql_feature,correlated_subquery,no_candidate_sql,false,false,false,false,fail_closed_or_no_candidate_boundary,"non-exact frontier diagnostic row; not SER, POCR, official metric, or leaderboard input"
sqlglot_optimize_schema_aware,sqlglot_optimize_schema_aware_track_a_120_canonical_v0,mysql,CONS,CONS_0007,sql_feature,correlated_subquery,candidate_execution_failed,true,false,false,false,diagnostic_non_repair1_baseline_frontier,"non-exact frontier diagnostic row; not SER, POCR, official metric, or leaderboard input"
sqlglot_optimize_schema_aware,sqlglot_optimize_schema_aware_track_a_120_canonical_v0,mysql,CONS,CONS_0007,sql_feature,subquery_in_from,candidate_execution_failed,true,false,false,false,diagnostic_non_repair1_baseline_frontier,"non-exact frontier diagnostic row; not SER, POCR, official metric, or leaderboard input"
sqlglot_optimize_schema_aware,sqlglot_optimize_schema_aware_track_a_120_canonical_v0,mysql,CONS,CONS_0009,sql_feature,correlated_subquery,adapter_failed,false,false,false,false,fail_closed_or_no_candidate_boundary,"non-exact frontier diagnostic row; not SER, POCR, official metric, or leaderboard input"
sqlglot_optimize_schema_aware,sqlglot_optimize_schema_aware_track_a_120_canonical_v0,mysql,CONS,CONS_0009,sql_feature,set_operation,adapter_failed,false,false,false,false,fail_closed_or_no_candidate_boundary,"non-exact frontier diagnostic row; not SER, POCR, official metric, or leaderboard input"
sqlglot_optimize_schema_aware,sqlglot_optimize_schema_aware_track_a_120_canonical_v0,mysql,CONS,CONS_0010,sql_feature,correlated_subquery,adapter_failed,false,false,false,false,fail_closed_or_no_candidate_boundary,"non-exact frontier diagnostic row; not SER, POCR, official metric, or leaderboard input"
sqlglot_optimize_schema_aware,sqlglot_optimize_schema_aware_track_a_120_canonical_v0,mysql,CONS,CONS_0011,sql_feature,correlated_subquery,adapter_failed,false,false,false,false,fail_closed_or_no_candidate_boundary,"non-exact frontier diagnostic row; not SER, POCR, official metric, or leaderboard input"
sqlglot_optimize_schema_aware,sqlglot_optimize_schema_aware_track_a_120_canonical_v0,mysql,CONS,CONS_0011,sql_feature,outer_join,adapter_failed,false,false,false,false,fail_closed_or_no_candidate_boundary,"non-exact frontier diagnostic row; not SER, POCR, official metric, or leaderboard input"
sqlglot_optimize_schema_aware,sqlglot_optimize_schema_aware_track_a_120_canonical_v0,mysql,CONS,CONS_0024,rewrite_opportunity,subquery_decorrelation,candidate_execution_failed,true,false,false,false,diagnostic_non_repair1_baseline_frontier,"non-exact frontier diagnostic row; not SER, POCR, official metric, or leaderboard input"
sqlglot_optimize_schema_aware,sqlglot_optimize_schema_aware_track_a_120_canonical_v0,mysql,CONS,CONS_0024,sql_feature,correlated_subquery,candidate_execution_failed,true,false,false,false,diagnostic_non_repair1_baseline_frontier,"non-exact frontier diagnostic row; not SER, POCR, official metric, or leaderboard input"
sqlglot_optimize_schema_aware,sqlglot_optimize_schema_aware_track_a_120_canonical_v0,mysql,CONS,CONS_0024,sql_feature,outer_join,candidate_execution_failed,true,false,false,false,diagnostic_non_repair1_baseline_frontier,"non-exact frontier diagnostic row; not SER, POCR, official metric, or leaderboard input"
sqlglot_optimize_schema_aware,sqlglot_optimize_schema_aware_track_a_120_canonical_v0,mysql,CONS,CONS_0037,rewrite_opportunity,aggregation_rewrite,mismatch,true,true,false,false,diagnostic_non_repair1_baseline_frontier,"non-exact frontier diagnostic row; not SER, POCR, official metric, or leaderboard input"
sqlglot_optimize_schema_aware,sqlglot_optimize_schema_aware_track_a_120_canonical_v0,mysql,CONS,CONS_0037,sql_feature,outer_join,mismatch,true,true,false,false,diagnostic_non_repair1_baseline_frontier,"non-exact frontier diagnostic row; not SER, POCR, official metric, or leaderboard input"
sqlglot_optimize_schema_aware,sqlglot_optimize_schema_aware_track_a_120_canonical_v0,mysql,PORT,PORT_0003,portability_risk,identifier_quoting,mismatch,true,true,false,false,diagnostic_non_repair1_baseline_frontier,"non-exact frontier diagnostic row; not SER, POCR, official metric, or leaderboard input"
sqlglot_optimize_schema_aware,sqlglot_optimize_schema_aware_track_a_120_canonical_v0,mysql,PORT,PORT_0003,portability_risk,limit_fetch_gap,mismatch,true,true,false,false,diagnostic_non_repair1_baseline_frontier,"non-exact frontier diagnostic row; not SER, POCR, official metric, or leaderboard input"
sqlglot_optimize_schema_aware,sqlglot_optimize_schema_aware_track_a_120_canonical_v0,mysql,PORT,PORT_0003,portability_risk,null_semantics_gap,mismatch,true,true,false,false,diagnostic_non_repair1_baseline_frontier,"non-exact frontier diagnostic row; not SER, POCR, official metric, or leaderboard input"
sqlglot_optimize_schema_aware,sqlglot_optimize_schema_aware_track_a_120_canonical_v0,mysql,PORT,PORT_0003,rewrite_opportunity,dialect_adaptation,mismatch,true,true,false,false,diagnostic_non_repair1_baseline_frontier,"non-exact frontier diagnostic row; not SER, POCR, official metric, or leaderboard input"
sqlglot_optimize_schema_aware,sqlglot_optimize_schema_aware_track_a_120_canonical_v0,mysql,PORT,PORT_0003,rewrite_opportunity,order_limit_simplification,mismatch,true,true,false,false,diagnostic_non_repair1_baseline_frontier,"non-exact frontier diagnostic row; not SER, POCR, official metric, or leaderboard input"
sqlglot_optimize_schema_aware,sqlglot_optimize_schema_aware_track_a_120_canonical_v0,mysql,PORT,PORT_0004,portability_risk,date_filter_semantics,mismatch,true,true,false,false,diagnostic_non_repair1_baseline_frontier,"non-exact frontier diagnostic row; not SER, POCR, official metric, or leaderboard input"
sqlglot_optimize_schema_aware,sqlglot_optimize_schema_aware_track_a_120_canonical_v0,mysql,PORT,PORT_0004,portability_risk,datetime_semantics_gap,mismatch,true,true,false,false,diagnostic_non_repair1_baseline_frontier,"non-exact frontier diagnostic row; not SER, POCR, official metric, or leaderboard input"
sqlglot_optimize_schema_aware,sqlglot_optimize_schema_aware_track_a_120_canonical_v0,mysql,PORT,PORT_0004,portability_risk,identifier_quoting,mismatch,true,true,false,false,diagnostic_non_repair1_baseline_frontier,"non-exact frontier diagnostic row; not SER, POCR, official metric, or leaderboard input"
sqlglot_optimize_schema_aware,sqlglot_optimize_schema_aware_track_a_120_canonical_v0,mysql,PORT,PORT_0004,portability_risk,literal_predicate_boundary,mismatch,true,true,false,false,diagnostic_non_repair1_baseline_frontier,"non-exact frontier diagnostic row; not SER, POCR, official metric, or leaderboard input"
sqlglot_optimize_schema_aware,sqlglot_optimize_schema_aware_track_a_120_canonical_v0,mysql,PORT,PORT_0004,portability_risk,result_set_semantics,mismatch,true,true,false,false,diagnostic_non_repair1_baseline_frontier,"non-exact frontier diagnostic row; not SER, POCR, official metric, or leaderboard input"
sqlglot_optimize_schema_aware,sqlglot_optimize_schema_aware_track_a_120_canonical_v0,mysql,PORT,PORT_0004,portability_risk,type_semantics_gap,mismatch,true,true,false,false,diagnostic_non_repair1_baseline_frontier,"non-exact frontier diagnostic row; not SER, POCR, official metric, or leaderboard input"
sqlglot_optimize_schema_aware,sqlglot_optimize_schema_aware_track_a_120_canonical_v0,mysql,PORT,PORT_0004,rewrite_opportunity,dialect_adaptation,mismatch,true,true,false,false,diagnostic_non_repair1_baseline_frontier,"non-exact frontier diagnostic row; not SER, POCR, official metric, or leaderboard input"
sqlglot_optimize_schema_aware,sqlglot_optimize_schema_aware_track_a_120_canonical_v0,mysql,PORT,PORT_0005,portability_risk,identifier_quoting,mismatch,true,true,false,false,diagnostic_non_repair1_baseline_frontier,"non-exact frontier diagnostic row; not SER, POCR, official metric, or leaderboard input"
sqlglot_optimize_schema_aware,sqlglot_optimize_schema_aware_track_a_120_canonical_v0,mysql,PORT,PORT_0005,portability_risk,limit_fetch_gap,mismatch,true,true,false,false,diagnostic_non_repair1_baseline_frontier,"non-exact frontier diagnostic row; not SER, POCR, official metric, or leaderboard input"
sqlglot_optimize_schema_aware,sqlglot_optimize_schema_aware_track_a_120_canonical_v0,mysql,PORT,PORT_0005,portability_risk,null_semantics_gap,mismatch,true,true,false,false,diagnostic_non_repair1_baseline_frontier,"non-exact frontier diagnostic row; not SER, POCR, official metric, or leaderboard input"
sqlglot_optimize_schema_aware,sqlglot_optimize_schema_aware_track_a_120_canonical_v0,mysql,PORT,PORT_0005,portability_risk,order_direction_gap,mismatch,true,true,false,false,diagnostic_non_repair1_baseline_frontier,"non-exact frontier diagnostic row; not SER, POCR, official metric, or leaderboard input"
sqlglot_optimize_schema_aware,sqlglot_optimize_schema_aware_track_a_120_canonical_v0,mysql,PORT,PORT_0005,rewrite_opportunity,dialect_adaptation,mismatch,true,true,false,false,diagnostic_non_repair1_baseline_frontier,"non-exact frontier diagnostic row; not SER, POCR, official metric, or leaderboard input"
sqlglot_optimize_schema_aware,sqlglot_optimize_schema_aware_track_a_120_canonical_v0,mysql,PORT,PORT_0005,rewrite_opportunity,order_limit_simplification,mismatch,true,true,false,false,diagnostic_non_repair1_baseline_frontier,"non-exact frontier diagnostic row; not SER, POCR, official metric, or leaderboard input"
sqlglot_optimize_schema_aware,sqlglot_optimize_schema_aware_track_a_120_canonical_v0,mysql,PORT,PORT_0008,portability_risk,date_time_semantics,candidate_execution_failed,true,false,false,false,diagnostic_non_repair1_baseline_frontier,"non-exact frontier diagnostic row; not SER, POCR, official metric, or leaderboard input"
sqlglot_optimize_schema_aware,sqlglot_optimize_schema_aware_track_a_120_canonical_v0,mysql,PORT,PORT_0008,portability_risk,identifier_case_or_quoting,candidate_execution_failed,true,false,false,false,diagnostic_non_repair1_baseline_frontier,"non-exact frontier diagnostic row; not SER, POCR, official metric, or leaderboard input"
sqlglot_optimize_schema_aware,sqlglot_optimize_schema_aware_track_a_120_canonical_v0,mysql,PORT,PORT_0008,portability_risk,type_coercion,candidate_execution_failed,true,false,false,false,diagnostic_non_repair1_baseline_frontier,"non-exact frontier diagnostic row; not SER, POCR, official metric, or leaderboard input"
sqlglot_optimize_schema_aware,sqlglot_optimize_schema_aware_track_a_120_canonical_v0,mysql,PORT,PORT_0008,rewrite_opportunity,dialect_adaptation,candidate_execution_failed,true,false,false,false,diagnostic_non_repair1_baseline_frontier,"non-exact frontier diagnostic row; not SER, POCR, official metric, or leaderboard input"
sqlglot_optimize_schema_aware,sqlglot_optimize_schema_aware_track_a_120_canonical_v0,mysql,PORT,PORT_0008,rewrite_opportunity,function_normalization,candidate_execution_failed,true,false,false,false,diagnostic_non_repair1_baseline_frontier,"non-exact frontier diagnostic row; not SER, POCR, official metric, or leaderboard input"
sqlglot_optimize_schema_aware,sqlglot_optimize_schema_aware_track_a_120_canonical_v0,mysql,PORT,PORT_0008,sql_feature,date_time_function,candidate_execution_failed,true,false,false,false,diagnostic_non_repair1_baseline_frontier,"non-exact frontier diagnostic row; not SER, POCR, official metric, or leaderboard input"
sqlglot_optimize_schema_aware,sqlglot_optimize_schema_aware_track_a_120_canonical_v0,mysql,PORT,PORT_0008,sql_feature,expression_complexity,candidate_execution_failed,true,false,false,false,diagnostic_non_repair1_baseline_frontier,"non-exact frontier diagnostic row; not SER, POCR, official metric, or leaderboard input"
sqlglot_optimize_schema_aware,sqlglot_optimize_schema_aware_track_a_120_canonical_v0,mysql,PORT,PORT_0012,portability_risk,datetime_semantics_gap,mismatch,true,true,false,false,diagnostic_non_repair1_baseline_frontier,"non-exact frontier diagnostic row; not SER, POCR, official metric, or leaderboard input"
sqlglot_optimize_schema_aware,sqlglot_optimize_schema_aware_track_a_120_canonical_v0,mysql,PORT,PORT_0012,portability_risk,identifier_quoting,mismatch,true,true,false,false,diagnostic_non_repair1_baseline_frontier,"non-exact frontier diagnostic row; not SER, POCR, official metric, or leaderboard input"
sqlglot_optimize_schema_aware,sqlglot_optimize_schema_aware_track_a_120_canonical_v0,mysql,PORT,PORT_0012,portability_risk,type_semantics_gap,mismatch,true,true,false,false,diagnostic_non_repair1_baseline_frontier,"non-exact frontier diagnostic row; not SER, POCR, official metric, or leaderboard input"
sqlglot_optimize_schema_aware,sqlglot_optimize_schema_aware_track_a_120_canonical_v0,mysql,PORT,PORT_0012,rewrite_opportunity,dialect_adaptation,mismatch,true,true,false,false,diagnostic_non_repair1_baseline_frontier,"non-exact frontier diagnostic row; not SER, POCR, official metric, or leaderboard input"
sqlglot_optimize_schema_aware,sqlglot_optimize_schema_aware_track_a_120_canonical_v0,mysql,PORT,PORT_0012,rewrite_opportunity,expression_simplification,mismatch,true,true,false,false,diagnostic_non_repair1_baseline_frontier,"non-exact frontier diagnostic row; not SER, POCR, official metric, or leaderboard input"
sqlglot_optimize_schema_aware,sqlglot_optimize_schema_aware_track_a_120_canonical_v0,mysql,PORT,PORT_0012,rewrite_opportunity,function_normalization,mismatch,true,true,false,false,diagnostic_non_repair1_baseline_frontier,"non-exact frontier diagnostic row; not SER, POCR, official metric, or leaderboard input"
sqlglot_optimize_schema_aware,sqlglot_optimize_schema_aware_track_a_120_canonical_v0,mysql,PORT,PORT_0012,sql_feature,date_time_function,mismatch,true,true,false,false,diagnostic_non_repair1_baseline_frontier,"non-exact frontier diagnostic row; not SER, POCR, official metric, or leaderboard input"
sqlglot_optimize_schema_aware,sqlglot_optimize_schema_aware_track_a_120_canonical_v0,mysql,PORT,PORT_0012,sql_feature,expression_complexity,mismatch,true,true,false,false,diagnostic_non_repair1_baseline_frontier,"non-exact frontier diagnostic row; not SER, POCR, official metric, or leaderboard input"
sqlglot_optimize_schema_aware,sqlglot_optimize_schema_aware_track_a_120_canonical_v0,mysql,PORT,PORT_0013,portability_risk,boolean_semantics_gap,mismatch,true,true,false,false,diagnostic_non_repair1_baseline_frontier,"non-exact frontier diagnostic row; not SER, POCR, official metric, or leaderboard input"
sqlglot_optimize_schema_aware,sqlglot_optimize_schema_aware_track_a_120_canonical_v0,mysql,PORT,PORT_0013,portability_risk,complex_expression_density,mismatch,true,true,false,false,diagnostic_non_repair1_baseline_frontier,"non-exact frontier diagnostic row; not SER, POCR, official metric, or leaderboard input"
sqlglot_optimize_schema_aware,sqlglot_optimize_schema_aware_track_a_120_canonical_v0,mysql,PORT,PORT_0013,portability_risk,identifier_quoting,mismatch,true,true,false,false,diagnostic_non_repair1_baseline_frontier,"non-exact frontier diagnostic row; not SER, POCR, official metric, or leaderboard input"
sqlglot_optimize_schema_aware,sqlglot_optimize_schema_aware_track_a_120_canonical_v0,mysql,PORT,PORT_0013,portability_risk,type_semantics_gap,mismatch,true,true,false,false,diagnostic_non_repair1_baseline_frontier,"non-exact frontier diagnostic row; not SER, POCR, official metric, or leaderboard input"
sqlglot_optimize_schema_aware,sqlglot_optimize_schema_aware_track_a_120_canonical_v0,mysql,PORT,PORT_0013,rewrite_opportunity,dialect_adaptation,mismatch,true,true,false,false,diagnostic_non_repair1_baseline_frontier,"non-exact frontier diagnostic row; not SER, POCR, official metric, or leaderboard input"
sqlglot_optimize_schema_aware,sqlglot_optimize_schema_aware_track_a_120_canonical_v0,mysql,PORT,PORT_0013,rewrite_opportunity,expression_simplification,mismatch,true,true,false,false,diagnostic_non_repair1_baseline_frontier,"non-exact frontier diagnostic row; not SER, POCR, official metric, or leaderboard input"
sqlglot_optimize_schema_aware,sqlglot_optimize_schema_aware_track_a_120_canonical_v0,mysql,PORT,PORT_0013,sql_feature,expression_complexity,mismatch,true,true,false,false,diagnostic_non_repair1_baseline_frontier,"non-exact frontier diagnostic row; not SER, POCR, official metric, or leaderboard input"
sqlglot_optimize_schema_aware,sqlglot_optimize_schema_aware_track_a_120_canonical_v0,mysql,PORT,PORT_0022,portability_risk,date_filter_semantics,mismatch,true,true,false,false,diagnostic_non_repair1_baseline_frontier,"non-exact frontier diagnostic row; not SER, POCR, official metric, or leaderboard input"
sqlglot_optimize_schema_aware,sqlglot_optimize_schema_aware_track_a_120_canonical_v0,mysql,PORT,PORT_0022,portability_risk,date_time_semantics,mismatch,true,true,false,false,diagnostic_non_repair1_baseline_frontier,"non-exact frontier diagnostic row; not SER, POCR, official metric, or leaderboard input"
sqlglot_optimize_schema_aware,sqlglot_optimize_schema_aware_track_a_120_canonical_v0,mysql,PORT,PORT_0022,portability_risk,join_aggregate_input_boundary,mismatch,true,true,false,false,diagnostic_non_repair1_baseline_frontier,"non-exact frontier diagnostic row; not SER, POCR, official metric, or leaderboard input"
sqlglot_optimize_schema_aware,sqlglot_optimize_schema_aware_track_a_120_canonical_v0,mysql,PORT,PORT_0022,portability_risk,literal_predicate_boundary,mismatch,true,true,false,false,diagnostic_non_repair1_baseline_frontier,"non-exact frontier diagnostic row; not SER, POCR, official metric, or leaderboard input"
sqlglot_optimize_schema_aware,sqlglot_optimize_schema_aware_track_a_120_canonical_v0,mysql,PORT,PORT_0022,portability_risk,type_coercion,mismatch,true,true,false,false,diagnostic_non_repair1_baseline_frontier,"non-exact frontier diagnostic row; not SER, POCR, official metric, or leaderboard input"
sqlglot_optimize_schema_aware,sqlglot_optimize_schema_aware_track_a_120_canonical_v0,mysql,PORT,PORT_0022,rewrite_opportunity,dialect_adaptation,mismatch,true,true,false,false,diagnostic_non_repair1_baseline_frontier,"non-exact frontier diagnostic row; not SER, POCR, official metric, or leaderboard input"
sqlglot_optimize_schema_aware,sqlglot_optimize_schema_aware_track_a_120_canonical_v0,mysql,PORT,PORT_0024,portability_risk,aggregate_expression_semantics,mismatch,true,true,false,false,diagnostic_non_repair1_baseline_frontier,"non-exact frontier diagnostic row; not SER, POCR, official metric, or leaderboard input"
sqlglot_optimize_schema_aware,sqlglot_optimize_schema_aware_track_a_120_canonical_v0,mysql,PORT,PORT_0024,portability_risk,boolean_semantics,mismatch,true,true,false,false,diagnostic_non_repair1_baseline_frontier,"non-exact frontier diagnostic row; not SER, POCR, official metric, or leaderboard input"
sqlglot_optimize_schema_aware,sqlglot_optimize_schema_aware_track_a_120_canonical_v0,mysql,PORT,PORT_0024,portability_risk,literal_predicate_boundary,mismatch,true,true,false,false,diagnostic_non_repair1_baseline_frontier,"non-exact frontier diagnostic row; not SER, POCR, official metric, or leaderboard input"
sqlglot_optimize_schema_aware,sqlglot_optimize_schema_aware_track_a_120_canonical_v0,mysql,PORT,PORT_0024,portability_risk,type_coercion,mismatch,true,true,false,false,diagnostic_non_repair1_baseline_frontier,"non-exact frontier diagnostic row; not SER, POCR, official metric, or leaderboard input"
sqlglot_optimize_schema_aware,sqlglot_optimize_schema_aware_track_a_120_canonical_v0,mysql,PORT,PORT_0024,rewrite_opportunity,dialect_adaptation,mismatch,true,true,false,false,diagnostic_non_repair1_baseline_frontier,"non-exact frontier diagnostic row; not SER, POCR, official metric, or leaderboard input"
sqlglot_optimize_schema_aware,sqlglot_optimize_schema_aware_track_a_120_canonical_v0,spark,PERF,PERF_0062,sql_feature,aggregate,mismatch,true,true,false,false,diagnostic_non_repair1_baseline_frontier,"non-exact frontier diagnostic row; not SER, POCR, official metric, or leaderboard input"
sqlglot_optimize_schema_aware,sqlglot_optimize_schema_aware_track_a_120_canonical_v0,spark,PERF,PERF_0062,sql_feature,disjunction,mismatch,true,true,false,false,diagnostic_non_repair1_baseline_frontier,"non-exact frontier diagnostic row; not SER, POCR, official metric, or leaderboard input"
sqlglot_optimize_schema_aware,sqlglot_optimize_schema_aware_track_a_120_canonical_v0,spark,PERF,PERF_0062,sql_feature,join,mismatch,true,true,false,false,diagnostic_non_repair1_baseline_frontier,"non-exact frontier diagnostic row; not SER, POCR, official metric, or leaderboard input"
sqlglot_optimize_schema_aware,sqlglot_optimize_schema_aware_track_a_120_canonical_v0,spark,PERF,PERF_0062,sql_feature,range_predicate,mismatch,true,true,false,false,diagnostic_non_repair1_baseline_frontier,"non-exact frontier diagnostic row; not SER, POCR, official metric, or leaderboard input"
sqlglot_optimize_schema_aware,sqlglot_optimize_schema_aware_track_a_120_canonical_v0,spark,CONS,CONS_0005,portability_risk,null_semantics_gap,mismatch,true,true,false,false,diagnostic_non_repair1_baseline_frontier,"non-exact frontier diagnostic row; not SER, POCR, official metric, or leaderboard input"
sqlglot_optimize_schema_aware,sqlglot_optimize_schema_aware_track_a_120_canonical_v0,spark,CONS,CONS_0005,rewrite_opportunity,subquery_decorrelation,mismatch,true,true,false,false,diagnostic_non_repair1_baseline_frontier,"non-exact frontier diagnostic row; not SER, POCR, official metric, or leaderboard input"
sqlglot_optimize_schema_aware,sqlglot_optimize_schema_aware_track_a_120_canonical_v0,spark,CONS,CONS_0005,sql_feature,correlated_subquery,mismatch,true,true,false,false,diagnostic_non_repair1_baseline_frontier,"non-exact frontier diagnostic row; not SER, POCR, official metric, or leaderboard input"
sqlglot_optimize_schema_aware,sqlglot_optimize_schema_aware_track_a_120_canonical_v0,spark,CONS,CONS_0007,sql_feature,correlated_subquery,candidate_execution_failed,true,false,false,false,diagnostic_non_repair1_baseline_frontier,"non-exact frontier diagnostic row; not SER, POCR, official metric, or leaderboard input"
sqlglot_optimize_schema_aware,sqlglot_optimize_schema_aware_track_a_120_canonical_v0,spark,CONS,CONS_0007,sql_feature,subquery_in_from,candidate_execution_failed,true,false,false,false,diagnostic_non_repair1_baseline_frontier,"non-exact frontier diagnostic row; not SER, POCR, official metric, or leaderboard input"
sqlglot_optimize_schema_aware,sqlglot_optimize_schema_aware_track_a_120_canonical_v0,spark,CONS,CONS_0009,sql_feature,correlated_subquery,adapter_failed,false,false,false,false,fail_closed_or_no_candidate_boundary,"non-exact frontier diagnostic row; not SER, POCR, official metric, or leaderboard input"
sqlglot_optimize_schema_aware,sqlglot_optimize_schema_aware_track_a_120_canonical_v0,spark,CONS,CONS_0009,sql_feature,set_operation,adapter_failed,false,false,false,false,fail_closed_or_no_candidate_boundary,"non-exact frontier diagnostic row; not SER, POCR, official metric, or leaderboard input"
sqlglot_optimize_schema_aware,sqlglot_optimize_schema_aware_track_a_120_canonical_v0,spark,CONS,CONS_0011,sql_feature,correlated_subquery,mismatch,true,true,false,false,diagnostic_non_repair1_baseline_frontier,"non-exact frontier diagnostic row; not SER, POCR, official metric, or leaderboard input"
sqlglot_optimize_schema_aware,sqlglot_optimize_schema_aware_track_a_120_canonical_v0,spark,CONS,CONS_0011,sql_feature,outer_join,mismatch,true,true,false,false,diagnostic_non_repair1_baseline_frontier,"non-exact frontier diagnostic row; not SER, POCR, official metric, or leaderboard input"
sqlglot_optimize_schema_aware,sqlglot_optimize_schema_aware_track_a_120_canonical_v0,spark,CONS,CONS_0024,rewrite_opportunity,subquery_decorrelation,candidate_execution_failed,true,false,false,false,diagnostic_non_repair1_baseline_frontier,"non-exact frontier diagnostic row; not SER, POCR, official metric, or leaderboard input"
sqlglot_optimize_schema_aware,sqlglot_optimize_schema_aware_track_a_120_canonical_v0,spark,CONS,CONS_0024,sql_feature,correlated_subquery,candidate_execution_failed,true,false,false,false,diagnostic_non_repair1_baseline_frontier,"non-exact frontier diagnostic row; not SER, POCR, official metric, or leaderboard input"
sqlglot_optimize_schema_aware,sqlglot_optimize_schema_aware_track_a_120_canonical_v0,spark,CONS,CONS_0024,sql_feature,outer_join,candidate_execution_failed,true,false,false,false,diagnostic_non_repair1_baseline_frontier,"non-exact frontier diagnostic row; not SER, POCR, official metric, or leaderboard input"
sqlglot_optimize_schema_aware,sqlglot_optimize_schema_aware_track_a_120_canonical_v0,spark,CONS,CONS_0036,rewrite_opportunity,aggregation_rewrite,mismatch,true,true,false,false,diagnostic_non_repair1_baseline_frontier,"non-exact frontier diagnostic row; not SER, POCR, official metric, or leaderboard input"
sqlglot_optimize_schema_aware,sqlglot_optimize_schema_aware_track_a_120_canonical_v0,spark,CONS,CONS_0036,rewrite_opportunity,predicate_pushdown,mismatch,true,true,false,false,diagnostic_non_repair1_baseline_frontier,"non-exact frontier diagnostic row; not SER, POCR, official metric, or leaderboard input"
sqlglot_optimize_schema_aware,sqlglot_optimize_schema_aware_track_a_120_canonical_v0,spark,CONS,CONS_0037,rewrite_opportunity,aggregation_rewrite,mismatch,true,true,false,false,diagnostic_non_repair1_baseline_frontier,"non-exact frontier diagnostic row; not SER, POCR, official metric, or leaderboard input"
sqlglot_optimize_schema_aware,sqlglot_optimize_schema_aware_track_a_120_canonical_v0,spark,CONS,CONS_0037,sql_feature,outer_join,mismatch,true,true,false,false,diagnostic_non_repair1_baseline_frontier,"non-exact frontier diagnostic row; not SER, POCR, official metric, or leaderboard input"
sqlglot_optimize_schema_aware,sqlglot_optimize_schema_aware_track_a_120_canonical_v0,spark,PORT,PORT_0003,portability_risk,identifier_quoting,candidate_execution_failed,true,false,false,false,diagnostic_non_repair1_baseline_frontier,"non-exact frontier diagnostic row; not SER, POCR, official metric, or leaderboard input"
sqlglot_optimize_schema_aware,sqlglot_optimize_schema_aware_track_a_120_canonical_v0,spark,PORT,PORT_0003,portability_risk,limit_fetch_gap,candidate_execution_failed,true,false,false,false,diagnostic_non_repair1_baseline_frontier,"non-exact frontier diagnostic row; not SER, POCR, official metric, or leaderboard input"
sqlglot_optimize_schema_aware,sqlglot_optimize_schema_aware_track_a_120_canonical_v0,spark,PORT,PORT_0003,portability_risk,null_semantics_gap,candidate_execution_failed,true,false,false,false,diagnostic_non_repair1_baseline_frontier,"non-exact frontier diagnostic row; not SER, POCR, official metric, or leaderboard input"
sqlglot_optimize_schema_aware,sqlglot_optimize_schema_aware_track_a_120_canonical_v0,spark,PORT,PORT_0003,rewrite_opportunity,dialect_adaptation,candidate_execution_failed,true,false,false,false,diagnostic_non_repair1_baseline_frontier,"non-exact frontier diagnostic row; not SER, POCR, official metric, or leaderboard input"
sqlglot_optimize_schema_aware,sqlglot_optimize_schema_aware_track_a_120_canonical_v0,spark,PORT,PORT_0003,rewrite_opportunity,order_limit_simplification,candidate_execution_failed,true,false,false,false,diagnostic_non_repair1_baseline_frontier,"non-exact frontier diagnostic row; not SER, POCR, official metric, or leaderboard input"
sqlglot_optimize_schema_aware,sqlglot_optimize_schema_aware_track_a_120_canonical_v0,spark,PORT,PORT_0004,portability_risk,date_filter_semantics,mismatch,true,true,false,false,diagnostic_non_repair1_baseline_frontier,"non-exact frontier diagnostic row; not SER, POCR, official metric, or leaderboard input"
sqlglot_optimize_schema_aware,sqlglot_optimize_schema_aware_track_a_120_canonical_v0,spark,PORT,PORT_0004,portability_risk,datetime_semantics_gap,mismatch,true,true,false,false,diagnostic_non_repair1_baseline_frontier,"non-exact frontier diagnostic row; not SER, POCR, official metric, or leaderboard input"
sqlglot_optimize_schema_aware,sqlglot_optimize_schema_aware_track_a_120_canonical_v0,spark,PORT,PORT_0004,portability_risk,identifier_quoting,mismatch,true,true,false,false,diagnostic_non_repair1_baseline_frontier,"non-exact frontier diagnostic row; not SER, POCR, official metric, or leaderboard input"
sqlglot_optimize_schema_aware,sqlglot_optimize_schema_aware_track_a_120_canonical_v0,spark,PORT,PORT_0004,portability_risk,literal_predicate_boundary,mismatch,true,true,false,false,diagnostic_non_repair1_baseline_frontier,"non-exact frontier diagnostic row; not SER, POCR, official metric, or leaderboard input"
sqlglot_optimize_schema_aware,sqlglot_optimize_schema_aware_track_a_120_canonical_v0,spark,PORT,PORT_0004,portability_risk,result_set_semantics,mismatch,true,true,false,false,diagnostic_non_repair1_baseline_frontier,"non-exact frontier diagnostic row; not SER, POCR, official metric, or leaderboard input"
sqlglot_optimize_schema_aware,sqlglot_optimize_schema_aware_track_a_120_canonical_v0,spark,PORT,PORT_0004,portability_risk,type_semantics_gap,mismatch,true,true,false,false,diagnostic_non_repair1_baseline_frontier,"non-exact frontier diagnostic row; not SER, POCR, official metric, or leaderboard input"
sqlglot_optimize_schema_aware,sqlglot_optimize_schema_aware_track_a_120_canonical_v0,spark,PORT,PORT_0004,rewrite_opportunity,dialect_adaptation,mismatch,true,true,false,false,diagnostic_non_repair1_baseline_frontier,"non-exact frontier diagnostic row; not SER, POCR, official metric, or leaderboard input"
sqlglot_optimize_schema_aware,sqlglot_optimize_schema_aware_track_a_120_canonical_v0,spark,PORT,PORT_0005,portability_risk,identifier_quoting,mismatch,true,true,false,false,diagnostic_non_repair1_baseline_frontier,"non-exact frontier diagnostic row; not SER, POCR, official metric, or leaderboard input"
sqlglot_optimize_schema_aware,sqlglot_optimize_schema_aware_track_a_120_canonical_v0,spark,PORT,PORT_0005,portability_risk,limit_fetch_gap,mismatch,true,true,false,false,diagnostic_non_repair1_baseline_frontier,"non-exact frontier diagnostic row; not SER, POCR, official metric, or leaderboard input"
sqlglot_optimize_schema_aware,sqlglot_optimize_schema_aware_track_a_120_canonical_v0,spark,PORT,PORT_0005,portability_risk,null_semantics_gap,mismatch,true,true,false,false,diagnostic_non_repair1_baseline_frontier,"non-exact frontier diagnostic row; not SER, POCR, official metric, or leaderboard input"
sqlglot_optimize_schema_aware,sqlglot_optimize_schema_aware_track_a_120_canonical_v0,spark,PORT,PORT_0005,portability_risk,order_direction_gap,mismatch,true,true,false,false,diagnostic_non_repair1_baseline_frontier,"non-exact frontier diagnostic row; not SER, POCR, official metric, or leaderboard input"
sqlglot_optimize_schema_aware,sqlglot_optimize_schema_aware_track_a_120_canonical_v0,spark,PORT,PORT_0005,rewrite_opportunity,dialect_adaptation,mismatch,true,true,false,false,diagnostic_non_repair1_baseline_frontier,"non-exact frontier diagnostic row; not SER, POCR, official metric, or leaderboard input"
sqlglot_optimize_schema_aware,sqlglot_optimize_schema_aware_track_a_120_canonical_v0,spark,PORT,PORT_0005,rewrite_opportunity,order_limit_simplification,mismatch,true,true,false,false,diagnostic_non_repair1_baseline_frontier,"non-exact frontier diagnostic row; not SER, POCR, official metric, or leaderboard input"
sqlglot_optimize_schema_aware,sqlglot_optimize_schema_aware_track_a_120_canonical_v0,spark,PORT,PORT_0008,portability_risk,date_time_semantics,unsupported_engine,true,false,false,false,unsupported_engine_boundary,"non-exact frontier diagnostic row; not SER, POCR, official metric, or leaderboard input"
sqlglot_optimize_schema_aware,sqlglot_optimize_schema_aware_track_a_120_canonical_v0,spark,PORT,PORT_0008,portability_risk,identifier_case_or_quoting,unsupported_engine,true,false,false,false,unsupported_engine_boundary,"non-exact frontier diagnostic row; not SER, POCR, official metric, or leaderboard input"
sqlglot_optimize_schema_aware,sqlglot_optimize_schema_aware_track_a_120_canonical_v0,spark,PORT,PORT_0008,portability_risk,type_coercion,unsupported_engine,true,false,false,false,unsupported_engine_boundary,"non-exact frontier diagnostic row; not SER, POCR, official metric, or leaderboard input"
sqlglot_optimize_schema_aware,sqlglot_optimize_schema_aware_track_a_120_canonical_v0,spark,PORT,PORT_0008,rewrite_opportunity,dialect_adaptation,unsupported_engine,true,false,false,false,unsupported_engine_boundary,"non-exact frontier diagnostic row; not SER, POCR, official metric, or leaderboard input"
sqlglot_optimize_schema_aware,sqlglot_optimize_schema_aware_track_a_120_canonical_v0,spark,PORT,PORT_0008,rewrite_opportunity,function_normalization,unsupported_engine,true,false,false,false,unsupported_engine_boundary,"non-exact frontier diagnostic row; not SER, POCR, official metric, or leaderboard input"
sqlglot_optimize_schema_aware,sqlglot_optimize_schema_aware_track_a_120_canonical_v0,spark,PORT,PORT_0008,sql_feature,date_time_function,unsupported_engine,true,false,false,false,unsupported_engine_boundary,"non-exact frontier diagnostic row; not SER, POCR, official metric, or leaderboard input"
sqlglot_optimize_schema_aware,sqlglot_optimize_schema_aware_track_a_120_canonical_v0,spark,PORT,PORT_0008,sql_feature,expression_complexity,unsupported_engine,true,false,false,false,unsupported_engine_boundary,"non-exact frontier diagnostic row; not SER, POCR, official metric, or leaderboard input"
sqlglot_optimize_schema_aware,sqlglot_optimize_schema_aware_track_a_120_canonical_v0,spark,PORT,PORT_0012,portability_risk,datetime_semantics_gap,unsupported_engine,true,false,false,false,unsupported_engine_boundary,"non-exact frontier diagnostic row; not SER, POCR, official metric, or leaderboard input"
sqlglot_optimize_schema_aware,sqlglot_optimize_schema_aware_track_a_120_canonical_v0,spark,PORT,PORT_0012,portability_risk,identifier_quoting,unsupported_engine,true,false,false,false,unsupported_engine_boundary,"non-exact frontier diagnostic row; not SER, POCR, official metric, or leaderboard input"
sqlglot_optimize_schema_aware,sqlglot_optimize_schema_aware_track_a_120_canonical_v0,spark,PORT,PORT_0012,portability_risk,type_semantics_gap,unsupported_engine,true,false,false,false,unsupported_engine_boundary,"non-exact frontier diagnostic row; not SER, POCR, official metric, or leaderboard input"
sqlglot_optimize_schema_aware,sqlglot_optimize_schema_aware_track_a_120_canonical_v0,spark,PORT,PORT_0012,rewrite_opportunity,dialect_adaptation,unsupported_engine,true,false,false,false,unsupported_engine_boundary,"non-exact frontier diagnostic row; not SER, POCR, official metric, or leaderboard input"
sqlglot_optimize_schema_aware,sqlglot_optimize_schema_aware_track_a_120_canonical_v0,spark,PORT,PORT_0012,rewrite_opportunity,expression_simplification,unsupported_engine,true,false,false,false,unsupported_engine_boundary,"non-exact frontier diagnostic row; not SER, POCR, official metric, or leaderboard input"
sqlglot_optimize_schema_aware,sqlglot_optimize_schema_aware_track_a_120_canonical_v0,spark,PORT,PORT_0012,rewrite_opportunity,function_normalization,unsupported_engine,true,false,false,false,unsupported_engine_boundary,"non-exact frontier diagnostic row; not SER, POCR, official metric, or leaderboard input"
sqlglot_optimize_schema_aware,sqlglot_optimize_schema_aware_track_a_120_canonical_v0,spark,PORT,PORT_0012,sql_feature,date_time_function,unsupported_engine,true,false,false,false,unsupported_engine_boundary,"non-exact frontier diagnostic row; not SER, POCR, official metric, or leaderboard input"
sqlglot_optimize_schema_aware,sqlglot_optimize_schema_aware_track_a_120_canonical_v0,spark,PORT,PORT_0012,sql_feature,expression_complexity,unsupported_engine,true,false,false,false,unsupported_engine_boundary,"non-exact frontier diagnostic row; not SER, POCR, official metric, or leaderboard input"
sqlglot_optimize_schema_aware,sqlglot_optimize_schema_aware_track_a_120_canonical_v0,spark,PORT,PORT_0013,portability_risk,boolean_semantics_gap,candidate_execution_failed,true,false,false,false,diagnostic_non_repair1_baseline_frontier,"non-exact frontier diagnostic row; not SER, POCR, official metric, or leaderboard input"
sqlglot_optimize_schema_aware,sqlglot_optimize_schema_aware_track_a_120_canonical_v0,spark,PORT,PORT_0013,portability_risk,complex_expression_density,candidate_execution_failed,true,false,false,false,diagnostic_non_repair1_baseline_frontier,"non-exact frontier diagnostic row; not SER, POCR, official metric, or leaderboard input"
sqlglot_optimize_schema_aware,sqlglot_optimize_schema_aware_track_a_120_canonical_v0,spark,PORT,PORT_0013,portability_risk,identifier_quoting,candidate_execution_failed,true,false,false,false,diagnostic_non_repair1_baseline_frontier,"non-exact frontier diagnostic row; not SER, POCR, official metric, or leaderboard input"
sqlglot_optimize_schema_aware,sqlglot_optimize_schema_aware_track_a_120_canonical_v0,spark,PORT,PORT_0013,portability_risk,type_semantics_gap,candidate_execution_failed,true,false,false,false,diagnostic_non_repair1_baseline_frontier,"non-exact frontier diagnostic row; not SER, POCR, official metric, or leaderboard input"
sqlglot_optimize_schema_aware,sqlglot_optimize_schema_aware_track_a_120_canonical_v0,spark,PORT,PORT_0013,rewrite_opportunity,dialect_adaptation,candidate_execution_failed,true,false,false,false,diagnostic_non_repair1_baseline_frontier,"non-exact frontier diagnostic row; not SER, POCR, official metric, or leaderboard input"
sqlglot_optimize_schema_aware,sqlglot_optimize_schema_aware_track_a_120_canonical_v0,spark,PORT,PORT_0013,rewrite_opportunity,expression_simplification,candidate_execution_failed,true,false,false,false,diagnostic_non_repair1_baseline_frontier,"non-exact frontier diagnostic row; not SER, POCR, official metric, or leaderboard input"
sqlglot_optimize_schema_aware,sqlglot_optimize_schema_aware_track_a_120_canonical_v0,spark,PORT,PORT_0013,sql_feature,expression_complexity,candidate_execution_failed,true,false,false,false,diagnostic_non_repair1_baseline_frontier,"non-exact frontier diagnostic row; not SER, POCR, official metric, or leaderboard input"
sqlglot_optimize_schema_aware,sqlglot_optimize_schema_aware_track_a_120_canonical_v0,spark,PORT,PORT_0022,portability_risk,date_filter_semantics,unsupported_engine,true,false,false,false,unsupported_engine_boundary,"non-exact frontier diagnostic row; not SER, POCR, official metric, or leaderboard input"
sqlglot_optimize_schema_aware,sqlglot_optimize_schema_aware_track_a_120_canonical_v0,spark,PORT,PORT_0022,portability_risk,date_time_semantics,unsupported_engine,true,false,false,false,unsupported_engine_boundary,"non-exact frontier diagnostic row; not SER, POCR, official metric, or leaderboard input"
sqlglot_optimize_schema_aware,sqlglot_optimize_schema_aware_track_a_120_canonical_v0,spark,PORT,PORT_0022,portability_risk,join_aggregate_input_boundary,unsupported_engine,true,false,false,false,unsupported_engine_boundary,"non-exact frontier diagnostic row; not SER, POCR, official metric, or leaderboard input"
sqlglot_optimize_schema_aware,sqlglot_optimize_schema_aware_track_a_120_canonical_v0,spark,PORT,PORT_0022,portability_risk,literal_predicate_boundary,unsupported_engine,true,false,false,false,unsupported_engine_boundary,"non-exact frontier diagnostic row; not SER, POCR, official metric, or leaderboard input"
sqlglot_optimize_schema_aware,sqlglot_optimize_schema_aware_track_a_120_canonical_v0,spark,PORT,PORT_0022,portability_risk,type_coercion,unsupported_engine,true,false,false,false,unsupported_engine_boundary,"non-exact frontier diagnostic row; not SER, POCR, official metric, or leaderboard input"
sqlglot_optimize_schema_aware,sqlglot_optimize_schema_aware_track_a_120_canonical_v0,spark,PORT,PORT_0022,rewrite_opportunity,dialect_adaptation,unsupported_engine,true,false,false,false,unsupported_engine_boundary,"non-exact frontier diagnostic row; not SER, POCR, official metric, or leaderboard input"
sqlglot_optimize_schema_aware,sqlglot_optimize_schema_aware_track_a_120_canonical_v0,spark,PORT,PORT_0024,portability_risk,aggregate_expression_semantics,unsupported_engine,true,false,false,false,unsupported_engine_boundary,"non-exact frontier diagnostic row; not SER, POCR, official metric, or leaderboard input"
sqlglot_optimize_schema_aware,sqlglot_optimize_schema_aware_track_a_120_canonical_v0,spark,PORT,PORT_0024,portability_risk,boolean_semantics,unsupported_engine,true,false,false,false,unsupported_engine_boundary,"non-exact frontier diagnostic row; not SER, POCR, official metric, or leaderboard input"
sqlglot_optimize_schema_aware,sqlglot_optimize_schema_aware_track_a_120_canonical_v0,spark,PORT,PORT_0024,portability_risk,literal_predicate_boundary,unsupported_engine,true,false,false,false,unsupported_engine_boundary,"non-exact frontier diagnostic row; not SER, POCR, official metric, or leaderboard input"
sqlglot_optimize_schema_aware,sqlglot_optimize_schema_aware_track_a_120_canonical_v0,spark,PORT,PORT_0024,portability_risk,type_coercion,unsupported_engine,true,false,false,false,unsupported_engine_boundary,"non-exact frontier diagnostic row; not SER, POCR, official metric, or leaderboard input"
sqlglot_optimize_schema_aware,sqlglot_optimize_schema_aware_track_a_120_canonical_v0,spark,PORT,PORT_0024,rewrite_opportunity,dialect_adaptation,unsupported_engine,true,false,false,false,unsupported_engine_boundary,"non-exact frontier diagnostic row; not SER, POCR, official metric, or leaderboard input"
sqlglot_optimize_schema_aware,sqlglot_optimize_schema_aware_track_a_120_canonical_v0,spark,PORT,PORT_0025,portability_risk,date_time_semantics,unsupported_engine,true,false,false,false,unsupported_engine_boundary,"non-exact frontier diagnostic row; not SER, POCR, official metric, or leaderboard input"
sqlglot_optimize_schema_aware,sqlglot_optimize_schema_aware_track_a_120_canonical_v0,spark,PORT,PORT_0025,portability_risk,order_direction_semantics,unsupported_engine,true,false,false,false,unsupported_engine_boundary,"non-exact frontier diagnostic row; not SER, POCR, official metric, or leaderboard input"
sqlglot_optimize_schema_aware,sqlglot_optimize_schema_aware_track_a_120_canonical_v0,spark,PORT,PORT_0025,portability_risk,order_limit_semantics,unsupported_engine,true,false,false,false,unsupported_engine_boundary,"non-exact frontier diagnostic row; not SER, POCR, official metric, or leaderboard input"
sqlglot_optimize_schema_aware,sqlglot_optimize_schema_aware_track_a_120_canonical_v0,spark,PORT,PORT_0025,portability_risk,pagination_or_limit_offset,unsupported_engine,true,false,false,false,unsupported_engine_boundary,"non-exact frontier diagnostic row; not SER, POCR, official metric, or leaderboard input"
sqlglot_optimize_schema_aware,sqlglot_optimize_schema_aware_track_a_120_canonical_v0,spark,PORT,PORT_0025,portability_risk,top_1_row_selection,unsupported_engine,true,false,false,false,unsupported_engine_boundary,"non-exact frontier diagnostic row; not SER, POCR, official metric, or leaderboard input"
sqlglot_optimize_schema_aware,sqlglot_optimize_schema_aware_track_a_120_canonical_v0,spark,PORT,PORT_0025,rewrite_opportunity,dialect_adaptation,unsupported_engine,true,false,false,false,unsupported_engine_boundary,"non-exact frontier diagnostic row; not SER, POCR, official metric, or leaderboard input"
sqlglot_optimize_schema_aware,sqlglot_optimize_schema_aware_track_a_120_canonical_v0,spark,LONGTAIL,LONGTAIL_0011,rewrite_opportunity,cte_strategy,mismatch,true,true,false,false,diagnostic_non_repair1_baseline_frontier,"non-exact frontier diagnostic row; not SER, POCR, official metric, or leaderboard input"
sqlglot_optimize_schema_aware,sqlglot_optimize_schema_aware_track_a_120_canonical_v0,spark,LONGTAIL,LONGTAIL_0011,rewrite_opportunity,expression_simplification,mismatch,true,true,false,false,diagnostic_non_repair1_baseline_frontier,"non-exact frontier diagnostic row; not SER, POCR, official metric, or leaderboard input"
sqlglot_optimize_schema_aware,sqlglot_optimize_schema_aware_track_a_120_canonical_v0,spark,LONGTAIL,LONGTAIL_0011,sql_feature,aggregate,mismatch,true,true,false,false,diagnostic_non_repair1_baseline_frontier,"non-exact frontier diagnostic row; not SER, POCR, official metric, or leaderboard input"
sqlglot_optimize_schema_aware,sqlglot_optimize_schema_aware_track_a_120_canonical_v0,spark,LONGTAIL,LONGTAIL_0011,sql_feature,cte,mismatch,true,true,false,false,diagnostic_non_repair1_baseline_frontier,"non-exact frontier diagnostic row; not SER, POCR, official metric, or leaderboard input"
sqlglot_optimize_schema_aware,sqlglot_optimize_schema_aware_track_a_120_canonical_v0,spark,LONGTAIL,LONGTAIL_0011,sql_feature,join,mismatch,true,true,false,false,diagnostic_non_repair1_baseline_frontier,"non-exact frontier diagnostic row; not SER, POCR, official metric, or leaderboard input"
sqlglot_optimize_schema_aware,sqlglot_optimize_schema_aware_track_a_120_canonical_v0,spark,LONGTAIL,LONGTAIL_0011,sql_feature,sort,mismatch,true,true,false,false,diagnostic_non_repair1_baseline_frontier,"non-exact frontier diagnostic row; not SER, POCR, official metric, or leaderboard input"
sqlglot_optimize_schema_aware,sqlglot_optimize_schema_aware_track_a_120_canonical_v0,spark,LONGTAIL,LONGTAIL_0011,sql_feature,window_function,mismatch,true,true,false,false,diagnostic_non_repair1_baseline_frontier,"non-exact frontier diagnostic row; not SER, POCR, official metric, or leaderboard input"
sqlglot_optimize_schema_aware,sqlglot_optimize_schema_aware_track_a_120_canonical_v0,spark,LONGTAIL,LONGTAIL_0012,sql_feature,aggregation,mismatch,true,true,false,false,diagnostic_non_repair1_baseline_frontier,"non-exact frontier diagnostic row; not SER, POCR, official metric, or leaderboard input"
sqlglot_optimize_schema_aware,sqlglot_optimize_schema_aware_track_a_120_canonical_v0,spark,LONGTAIL,LONGTAIL_0012,sql_feature,complex_expression,mismatch,true,true,false,false,diagnostic_non_repair1_baseline_frontier,"non-exact frontier diagnostic row; not SER, POCR, official metric, or leaderboard input"
sqlglot_optimize_schema_aware,sqlglot_optimize_schema_aware_track_a_120_canonical_v0,spark,LONGTAIL,LONGTAIL_0012,sql_feature,outer_join,mismatch,true,true,false,false,diagnostic_non_repair1_baseline_frontier,"non-exact frontier diagnostic row; not SER, POCR, official metric, or leaderboard input"
sqlglot_optimize_schema_aware,sqlglot_optimize_schema_aware_track_a_120_canonical_v0,spark,LONGTAIL,LONGTAIL_0012,sql_feature,sort_limit,mismatch,true,true,false,false,diagnostic_non_repair1_baseline_frontier,"non-exact frontier diagnostic row; not SER, POCR, official metric, or leaderboard input"
sqlglot_optimize_schema_aware,sqlglot_optimize_schema_aware_track_a_120_canonical_v0,spark,LONGTAIL,LONGTAIL_0012,sql_feature,subquery_in_from,mismatch,true,true,false,false,diagnostic_non_repair1_baseline_frontier,"non-exact frontier diagnostic row; not SER, POCR, official metric, or leaderboard input"
sqlglot_optimize_schema_aware,sqlglot_optimize_schema_aware_track_a_120_canonical_v0,spark,LONGTAIL,LONGTAIL_0012,sql_feature,window_function,mismatch,true,true,false,false,diagnostic_non_repair1_baseline_frontier,"non-exact frontier diagnostic row; not SER, POCR, official metric, or leaderboard input"
sqlglot_optimize_schema_aware,sqlglot_optimize_schema_aware_track_a_120_canonical_v0,spark,LONGTAIL,LONGTAIL_0013,sql_feature,aggregation,mismatch,true,true,false,false,diagnostic_non_repair1_baseline_frontier,"non-exact frontier diagnostic row; not SER, POCR, official metric, or leaderboard input"
sqlglot_optimize_schema_aware,sqlglot_optimize_schema_aware_track_a_120_canonical_v0,spark,LONGTAIL,LONGTAIL_0013,sql_feature,complex_expression,mismatch,true,true,false,false,diagnostic_non_repair1_baseline_frontier,"non-exact frontier diagnostic row; not SER, POCR, official metric, or leaderboard input"
sqlglot_optimize_schema_aware,sqlglot_optimize_schema_aware_track_a_120_canonical_v0,spark,LONGTAIL,LONGTAIL_0013,sql_feature,cte,mismatch,true,true,false,false,diagnostic_non_repair1_baseline_frontier,"non-exact frontier diagnostic row; not SER, POCR, official metric, or leaderboard input"
sqlglot_optimize_schema_aware,sqlglot_optimize_schema_aware_track_a_120_canonical_v0,spark,LONGTAIL,LONGTAIL_0013,sql_feature,outer_join,mismatch,true,true,false,false,diagnostic_non_repair1_baseline_frontier,"non-exact frontier diagnostic row; not SER, POCR, official metric, or leaderboard input"
sqlglot_optimize_schema_aware,sqlglot_optimize_schema_aware_track_a_120_canonical_v0,spark,LONGTAIL,LONGTAIL_0013,sql_feature,sort,mismatch,true,true,false,false,diagnostic_non_repair1_baseline_frontier,"non-exact frontier diagnostic row; not SER, POCR, official metric, or leaderboard input"
sqlglot_optimize_schema_aware,sqlglot_optimize_schema_aware_track_a_120_canonical_v0,spark,LONGTAIL,LONGTAIL_0013,sql_feature,window_function,mismatch,true,true,false,false,diagnostic_non_repair1_baseline_frontier,"non-exact frontier diagnostic row; not SER, POCR, official metric, or leaderboard input"
sqlglot_optimize_schema_aware,sqlglot_optimize_schema_aware_track_a_120_canonical_v0,spark,LONGTAIL,LONGTAIL_0022,sql_feature,aggregation,mismatch,true,true,false,false,diagnostic_non_repair1_baseline_frontier,"non-exact frontier diagnostic row; not SER, POCR, official metric, or leaderboard input"
sqlglot_optimize_schema_aware,sqlglot_optimize_schema_aware_track_a_120_canonical_v0,spark,LONGTAIL,LONGTAIL_0022,sql_feature,cte,mismatch,true,true,false,false,diagnostic_non_repair1_baseline_frontier,"non-exact frontier diagnostic row; not SER, POCR, official metric, or leaderboard input"
sqlglot_optimize_schema_aware,sqlglot_optimize_schema_aware_track_a_120_canonical_v0,spark,LONGTAIL,LONGTAIL_0022,sql_feature,join,mismatch,true,true,false,false,diagnostic_non_repair1_baseline_frontier,"non-exact frontier diagnostic row; not SER, POCR, official metric, or leaderboard input"
sqlglot_optimize_schema_aware,sqlglot_optimize_schema_aware_track_a_120_canonical_v0,spark,LONGTAIL,LONGTAIL_0022,sql_feature,outer_join,mismatch,true,true,false,false,diagnostic_non_repair1_baseline_frontier,"non-exact frontier diagnostic row; not SER, POCR, official metric, or leaderboard input"
sqlglot_optimize_schema_aware,sqlglot_optimize_schema_aware_track_a_120_canonical_v0,spark,LONGTAIL,LONGTAIL_0022,sql_feature,sort,mismatch,true,true,false,false,diagnostic_non_repair1_baseline_frontier,"non-exact frontier diagnostic row; not SER, POCR, official metric, or leaderboard input"
sqlglot_optimize_schema_aware,sqlglot_optimize_schema_aware_track_a_120_canonical_v0,spark,LONGTAIL,LONGTAIL_0023,sql_feature,aggregation,mismatch,true,true,false,false,diagnostic_non_repair1_baseline_frontier,"non-exact frontier diagnostic row; not SER, POCR, official metric, or leaderboard input"
sqlglot_optimize_schema_aware,sqlglot_optimize_schema_aware_track_a_120_canonical_v0,spark,LONGTAIL,LONGTAIL_0023,sql_feature,cte,mismatch,true,true,false,false,diagnostic_non_repair1_baseline_frontier,"non-exact frontier diagnostic row; not SER, POCR, official metric, or leaderboard input"
sqlglot_optimize_schema_aware,sqlglot_optimize_schema_aware_track_a_120_canonical_v0,spark,LONGTAIL,LONGTAIL_0023,sql_feature,directed_relation,mismatch,true,true,false,false,diagnostic_non_repair1_baseline_frontier,"non-exact frontier diagnostic row; not SER, POCR, official metric, or leaderboard input"
sqlglot_optimize_schema_aware,sqlglot_optimize_schema_aware_track_a_120_canonical_v0,spark,LONGTAIL,LONGTAIL_0023,sql_feature,outer_join,mismatch,true,true,false,false,diagnostic_non_repair1_baseline_frontier,"non-exact frontier diagnostic row; not SER, POCR, official metric, or leaderboard input"
sqlglot_optimize_schema_aware,sqlglot_optimize_schema_aware_track_a_120_canonical_v0,spark,LONGTAIL,LONGTAIL_0023,sql_feature,sort,mismatch,true,true,false,false,diagnostic_non_repair1_baseline_frontier,"non-exact frontier diagnostic row; not SER, POCR, official metric, or leaderboard input"
sqlglot_optimize_schema_aware,sqlglot_optimize_schema_aware_track_a_120_canonical_v0,spark,LONGTAIL,LONGTAIL_0024,sql_feature,aggregation,mismatch,true,true,false,false,diagnostic_non_repair1_baseline_frontier,"non-exact frontier diagnostic row; not SER, POCR, official metric, or leaderboard input"
sqlglot_optimize_schema_aware,sqlglot_optimize_schema_aware_track_a_120_canonical_v0,spark,LONGTAIL,LONGTAIL_0024,sql_feature,cte,mismatch,true,true,false,false,diagnostic_non_repair1_baseline_frontier,"non-exact frontier diagnostic row; not SER, POCR, official metric, or leaderboard input"
sqlglot_optimize_schema_aware,sqlglot_optimize_schema_aware_track_a_120_canonical_v0,spark,LONGTAIL,LONGTAIL_0024,sql_feature,join,mismatch,true,true,false,false,diagnostic_non_repair1_baseline_frontier,"non-exact frontier diagnostic row; not SER, POCR, official metric, or leaderboard input"
sqlglot_optimize_schema_aware,sqlglot_optimize_schema_aware_track_a_120_canonical_v0,spark,LONGTAIL,LONGTAIL_0024,sql_feature,sort,mismatch,true,true,false,false,diagnostic_non_repair1_baseline_frontier,"non-exact frontier diagnostic row; not SER, POCR, official metric, or leaderboard input"
sqlglot_optimize_schema_aware,sqlglot_optimize_schema_aware_track_a_120_canonical_v0,spark,LONGTAIL,LONGTAIL_0024,sql_feature,temporal_min_max,mismatch,true,true,false,false,diagnostic_non_repair1_baseline_frontier,"non-exact frontier diagnostic row; not SER, POCR, official metric, or leaderboard input"
calcite_hep_fail_closed,calcite_hep_track_a_120_canonical_v0,postgres,PERF,PERF_0035,portability_risk,type_semantics_gap,mismatch,true,true,false,false,diagnostic_non_repair1_baseline_frontier,"non-exact frontier diagnostic row; not SER, POCR, official metric, or leaderboard input"
calcite_hep_fail_closed,calcite_hep_track_a_120_canonical_v0,postgres,PERF,PERF_0035,rewrite_opportunity,aggregation_rewrite,mismatch,true,true,false,false,diagnostic_non_repair1_baseline_frontier,"non-exact frontier diagnostic row; not SER, POCR, official metric, or leaderboard input"
calcite_hep_fail_closed,calcite_hep_track_a_120_canonical_v0,postgres,PERF,PERF_0035,rewrite_opportunity,cte_strategy,mismatch,true,true,false,false,diagnostic_non_repair1_baseline_frontier,"non-exact frontier diagnostic row; not SER, POCR, official metric, or leaderboard input"
calcite_hep_fail_closed,calcite_hep_track_a_120_canonical_v0,postgres,PERF,PERF_0035,sql_feature,cte,mismatch,true,true,false,false,diagnostic_non_repair1_baseline_frontier,"non-exact frontier diagnostic row; not SER, POCR, official metric, or leaderboard input"
calcite_hep_fail_closed,calcite_hep_track_a_120_canonical_v0,postgres,PERF,PERF_0035,sql_feature,expression_complexity,mismatch,true,true,false,false,diagnostic_non_repair1_baseline_frontier,"non-exact frontier diagnostic row; not SER, POCR, official metric, or leaderboard input"
calcite_hep_fail_closed,calcite_hep_track_a_120_canonical_v0,postgres,PERF,PERF_0035,sql_feature,window_function,mismatch,true,true,false,false,diagnostic_non_repair1_baseline_frontier,"non-exact frontier diagnostic row; not SER, POCR, official metric, or leaderboard input"
calcite_hep_fail_closed,calcite_hep_track_a_120_canonical_v0,postgres,PERF,PERF_0062,sql_feature,aggregate,mismatch,true,true,false,false,diagnostic_non_repair1_baseline_frontier,"non-exact frontier diagnostic row; not SER, POCR, official metric, or leaderboard input"
calcite_hep_fail_closed,calcite_hep_track_a_120_canonical_v0,postgres,PERF,PERF_0062,sql_feature,disjunction,mismatch,true,true,false,false,diagnostic_non_repair1_baseline_frontier,"non-exact frontier diagnostic row; not SER, POCR, official metric, or leaderboard input"
calcite_hep_fail_closed,calcite_hep_track_a_120_canonical_v0,postgres,PERF,PERF_0062,sql_feature,join,mismatch,true,true,false,false,diagnostic_non_repair1_baseline_frontier,"non-exact frontier diagnostic row; not SER, POCR, official metric, or leaderboard input"
calcite_hep_fail_closed,calcite_hep_track_a_120_canonical_v0,postgres,PERF,PERF_0062,sql_feature,range_predicate,mismatch,true,true,false,false,diagnostic_non_repair1_baseline_frontier,"non-exact frontier diagnostic row; not SER, POCR, official metric, or leaderboard input"
calcite_hep_fail_closed,calcite_hep_track_a_120_canonical_v0,postgres,CONS,CONS_0036,rewrite_opportunity,aggregation_rewrite,mismatch,true,true,false,false,diagnostic_non_repair1_baseline_frontier,"non-exact frontier diagnostic row; not SER, POCR, official metric, or leaderboard input"
calcite_hep_fail_closed,calcite_hep_track_a_120_canonical_v0,postgres,CONS,CONS_0036,rewrite_opportunity,predicate_pushdown,mismatch,true,true,false,false,diagnostic_non_repair1_baseline_frontier,"non-exact frontier diagnostic row; not SER, POCR, official metric, or leaderboard input"
calcite_hep_fail_closed,calcite_hep_track_a_120_canonical_v0,postgres,PORT,PORT_0003,portability_risk,identifier_quoting,no_candidate_sql,false,false,false,false,fail_closed_or_no_candidate_boundary,"non-exact frontier diagnostic row; not SER, POCR, official metric, or leaderboard input"
calcite_hep_fail_closed,calcite_hep_track_a_120_canonical_v0,postgres,PORT,PORT_0003,portability_risk,limit_fetch_gap,no_candidate_sql,false,false,false,false,fail_closed_or_no_candidate_boundary,"non-exact frontier diagnostic row; not SER, POCR, official metric, or leaderboard input"
calcite_hep_fail_closed,calcite_hep_track_a_120_canonical_v0,postgres,PORT,PORT_0003,portability_risk,null_semantics_gap,no_candidate_sql,false,false,false,false,fail_closed_or_no_candidate_boundary,"non-exact frontier diagnostic row; not SER, POCR, official metric, or leaderboard input"
calcite_hep_fail_closed,calcite_hep_track_a_120_canonical_v0,postgres,PORT,PORT_0003,rewrite_opportunity,dialect_adaptation,no_candidate_sql,false,false,false,false,fail_closed_or_no_candidate_boundary,"non-exact frontier diagnostic row; not SER, POCR, official metric, or leaderboard input"
calcite_hep_fail_closed,calcite_hep_track_a_120_canonical_v0,postgres,PORT,PORT_0003,rewrite_opportunity,order_limit_simplification,no_candidate_sql,false,false,false,false,fail_closed_or_no_candidate_boundary,"non-exact frontier diagnostic row; not SER, POCR, official metric, or leaderboard input"
calcite_hep_fail_closed,calcite_hep_track_a_120_canonical_v0,postgres,PORT,PORT_0004,portability_risk,date_filter_semantics,no_candidate_sql,false,false,false,false,fail_closed_or_no_candidate_boundary,"non-exact frontier diagnostic row; not SER, POCR, official metric, or leaderboard input"
calcite_hep_fail_closed,calcite_hep_track_a_120_canonical_v0,postgres,PORT,PORT_0004,portability_risk,datetime_semantics_gap,no_candidate_sql,false,false,false,false,fail_closed_or_no_candidate_boundary,"non-exact frontier diagnostic row; not SER, POCR, official metric, or leaderboard input"
calcite_hep_fail_closed,calcite_hep_track_a_120_canonical_v0,postgres,PORT,PORT_0004,portability_risk,identifier_quoting,no_candidate_sql,false,false,false,false,fail_closed_or_no_candidate_boundary,"non-exact frontier diagnostic row; not SER, POCR, official metric, or leaderboard input"
calcite_hep_fail_closed,calcite_hep_track_a_120_canonical_v0,postgres,PORT,PORT_0004,portability_risk,literal_predicate_boundary,no_candidate_sql,false,false,false,false,fail_closed_or_no_candidate_boundary,"non-exact frontier diagnostic row; not SER, POCR, official metric, or leaderboard input"
calcite_hep_fail_closed,calcite_hep_track_a_120_canonical_v0,postgres,PORT,PORT_0004,portability_risk,result_set_semantics,no_candidate_sql,false,false,false,false,fail_closed_or_no_candidate_boundary,"non-exact frontier diagnostic row; not SER, POCR, official metric, or leaderboard input"
calcite_hep_fail_closed,calcite_hep_track_a_120_canonical_v0,postgres,PORT,PORT_0004,portability_risk,type_semantics_gap,no_candidate_sql,false,false,false,false,fail_closed_or_no_candidate_boundary,"non-exact frontier diagnostic row; not SER, POCR, official metric, or leaderboard input"
calcite_hep_fail_closed,calcite_hep_track_a_120_canonical_v0,postgres,PORT,PORT_0004,rewrite_opportunity,dialect_adaptation,no_candidate_sql,false,false,false,false,fail_closed_or_no_candidate_boundary,"non-exact frontier diagnostic row; not SER, POCR, official metric, or leaderboard input"
calcite_hep_fail_closed,calcite_hep_track_a_120_canonical_v0,postgres,PORT,PORT_0005,portability_risk,identifier_quoting,no_candidate_sql,false,false,false,false,fail_closed_or_no_candidate_boundary,"non-exact frontier diagnostic row; not SER, POCR, official metric, or leaderboard input"
calcite_hep_fail_closed,calcite_hep_track_a_120_canonical_v0,postgres,PORT,PORT_0005,portability_risk,limit_fetch_gap,no_candidate_sql,false,false,false,false,fail_closed_or_no_candidate_boundary,"non-exact frontier diagnostic row; not SER, POCR, official metric, or leaderboard input"
calcite_hep_fail_closed,calcite_hep_track_a_120_canonical_v0,postgres,PORT,PORT_0005,portability_risk,null_semantics_gap,no_candidate_sql,false,false,false,false,fail_closed_or_no_candidate_boundary,"non-exact frontier diagnostic row; not SER, POCR, official metric, or leaderboard input"
calcite_hep_fail_closed,calcite_hep_track_a_120_canonical_v0,postgres,PORT,PORT_0005,portability_risk,order_direction_gap,no_candidate_sql,false,false,false,false,fail_closed_or_no_candidate_boundary,"non-exact frontier diagnostic row; not SER, POCR, official metric, or leaderboard input"
calcite_hep_fail_closed,calcite_hep_track_a_120_canonical_v0,postgres,PORT,PORT_0005,rewrite_opportunity,dialect_adaptation,no_candidate_sql,false,false,false,false,fail_closed_or_no_candidate_boundary,"non-exact frontier diagnostic row; not SER, POCR, official metric, or leaderboard input"
calcite_hep_fail_closed,calcite_hep_track_a_120_canonical_v0,postgres,PORT,PORT_0005,rewrite_opportunity,order_limit_simplification,no_candidate_sql,false,false,false,false,fail_closed_or_no_candidate_boundary,"non-exact frontier diagnostic row; not SER, POCR, official metric, or leaderboard input"
calcite_hep_fail_closed,calcite_hep_track_a_120_canonical_v0,postgres,PORT,PORT_0008,portability_risk,date_time_semantics,no_candidate_sql,false,false,false,false,fail_closed_or_no_candidate_boundary,"non-exact frontier diagnostic row; not SER, POCR, official metric, or leaderboard input"
calcite_hep_fail_closed,calcite_hep_track_a_120_canonical_v0,postgres,PORT,PORT_0008,portability_risk,identifier_case_or_quoting,no_candidate_sql,false,false,false,false,fail_closed_or_no_candidate_boundary,"non-exact frontier diagnostic row; not SER, POCR, official metric, or leaderboard input"
calcite_hep_fail_closed,calcite_hep_track_a_120_canonical_v0,postgres,PORT,PORT_0008,portability_risk,type_coercion,no_candidate_sql,false,false,false,false,fail_closed_or_no_candidate_boundary,"non-exact frontier diagnostic row; not SER, POCR, official metric, or leaderboard input"
calcite_hep_fail_closed,calcite_hep_track_a_120_canonical_v0,postgres,PORT,PORT_0008,rewrite_opportunity,dialect_adaptation,no_candidate_sql,false,false,false,false,fail_closed_or_no_candidate_boundary,"non-exact frontier diagnostic row; not SER, POCR, official metric, or leaderboard input"
calcite_hep_fail_closed,calcite_hep_track_a_120_canonical_v0,postgres,PORT,PORT_0008,rewrite_opportunity,function_normalization,no_candidate_sql,false,false,false,false,fail_closed_or_no_candidate_boundary,"non-exact frontier diagnostic row; not SER, POCR, official metric, or leaderboard input"
calcite_hep_fail_closed,calcite_hep_track_a_120_canonical_v0,postgres,PORT,PORT_0008,sql_feature,date_time_function,no_candidate_sql,false,false,false,false,fail_closed_or_no_candidate_boundary,"non-exact frontier diagnostic row; not SER, POCR, official metric, or leaderboard input"
calcite_hep_fail_closed,calcite_hep_track_a_120_canonical_v0,postgres,PORT,PORT_0008,sql_feature,expression_complexity,no_candidate_sql,false,false,false,false,fail_closed_or_no_candidate_boundary,"non-exact frontier diagnostic row; not SER, POCR, official metric, or leaderboard input"
calcite_hep_fail_closed,calcite_hep_track_a_120_canonical_v0,postgres,PORT,PORT_0012,portability_risk,datetime_semantics_gap,no_candidate_sql,false,false,false,false,fail_closed_or_no_candidate_boundary,"non-exact frontier diagnostic row; not SER, POCR, official metric, or leaderboard input"
calcite_hep_fail_closed,calcite_hep_track_a_120_canonical_v0,postgres,PORT,PORT_0012,portability_risk,identifier_quoting,no_candidate_sql,false,false,false,false,fail_closed_or_no_candidate_boundary,"non-exact frontier diagnostic row; not SER, POCR, official metric, or leaderboard input"
calcite_hep_fail_closed,calcite_hep_track_a_120_canonical_v0,postgres,PORT,PORT_0012,portability_risk,type_semantics_gap,no_candidate_sql,false,false,false,false,fail_closed_or_no_candidate_boundary,"non-exact frontier diagnostic row; not SER, POCR, official metric, or leaderboard input"
calcite_hep_fail_closed,calcite_hep_track_a_120_canonical_v0,postgres,PORT,PORT_0012,rewrite_opportunity,dialect_adaptation,no_candidate_sql,false,false,false,false,fail_closed_or_no_candidate_boundary,"non-exact frontier diagnostic row; not SER, POCR, official metric, or leaderboard input"
calcite_hep_fail_closed,calcite_hep_track_a_120_canonical_v0,postgres,PORT,PORT_0012,rewrite_opportunity,expression_simplification,no_candidate_sql,false,false,false,false,fail_closed_or_no_candidate_boundary,"non-exact frontier diagnostic row; not SER, POCR, official metric, or leaderboard input"
calcite_hep_fail_closed,calcite_hep_track_a_120_canonical_v0,postgres,PORT,PORT_0012,rewrite_opportunity,function_normalization,no_candidate_sql,false,false,false,false,fail_closed_or_no_candidate_boundary,"non-exact frontier diagnostic row; not SER, POCR, official metric, or leaderboard input"
calcite_hep_fail_closed,calcite_hep_track_a_120_canonical_v0,postgres,PORT,PORT_0012,sql_feature,date_time_function,no_candidate_sql,false,false,false,false,fail_closed_or_no_candidate_boundary,"non-exact frontier diagnostic row; not SER, POCR, official metric, or leaderboard input"
calcite_hep_fail_closed,calcite_hep_track_a_120_canonical_v0,postgres,PORT,PORT_0012,sql_feature,expression_complexity,no_candidate_sql,false,false,false,false,fail_closed_or_no_candidate_boundary,"non-exact frontier diagnostic row; not SER, POCR, official metric, or leaderboard input"
calcite_hep_fail_closed,calcite_hep_track_a_120_canonical_v0,postgres,PORT,PORT_0013,portability_risk,boolean_semantics_gap,candidate_execution_failed,true,false,false,false,diagnostic_non_repair1_baseline_frontier,"non-exact frontier diagnostic row; not SER, POCR, official metric, or leaderboard input"
calcite_hep_fail_closed,calcite_hep_track_a_120_canonical_v0,postgres,PORT,PORT_0013,portability_risk,complex_expression_density,candidate_execution_failed,true,false,false,false,diagnostic_non_repair1_baseline_frontier,"non-exact frontier diagnostic row; not SER, POCR, official metric, or leaderboard input"
calcite_hep_fail_closed,calcite_hep_track_a_120_canonical_v0,postgres,PORT,PORT_0013,portability_risk,identifier_quoting,candidate_execution_failed,true,false,false,false,diagnostic_non_repair1_baseline_frontier,"non-exact frontier diagnostic row; not SER, POCR, official metric, or leaderboard input"
calcite_hep_fail_closed,calcite_hep_track_a_120_canonical_v0,postgres,PORT,PORT_0013,portability_risk,type_semantics_gap,candidate_execution_failed,true,false,false,false,diagnostic_non_repair1_baseline_frontier,"non-exact frontier diagnostic row; not SER, POCR, official metric, or leaderboard input"
calcite_hep_fail_closed,calcite_hep_track_a_120_canonical_v0,postgres,PORT,PORT_0013,rewrite_opportunity,dialect_adaptation,candidate_execution_failed,true,false,false,false,diagnostic_non_repair1_baseline_frontier,"non-exact frontier diagnostic row; not SER, POCR, official metric, or leaderboard input"
calcite_hep_fail_closed,calcite_hep_track_a_120_canonical_v0,postgres,PORT,PORT_0013,rewrite_opportunity,expression_simplification,candidate_execution_failed,true,false,false,false,diagnostic_non_repair1_baseline_frontier,"non-exact frontier diagnostic row; not SER, POCR, official metric, or leaderboard input"
calcite_hep_fail_closed,calcite_hep_track_a_120_canonical_v0,postgres,PORT,PORT_0013,sql_feature,expression_complexity,candidate_execution_failed,true,false,false,false,diagnostic_non_repair1_baseline_frontier,"non-exact frontier diagnostic row; not SER, POCR, official metric, or leaderboard input"
calcite_hep_fail_closed,calcite_hep_track_a_120_canonical_v0,postgres,PORT,PORT_0022,portability_risk,date_filter_semantics,no_candidate_sql,false,false,false,false,fail_closed_or_no_candidate_boundary,"non-exact frontier diagnostic row; not SER, POCR, official metric, or leaderboard input"
calcite_hep_fail_closed,calcite_hep_track_a_120_canonical_v0,postgres,PORT,PORT_0022,portability_risk,date_time_semantics,no_candidate_sql,false,false,false,false,fail_closed_or_no_candidate_boundary,"non-exact frontier diagnostic row; not SER, POCR, official metric, or leaderboard input"
calcite_hep_fail_closed,calcite_hep_track_a_120_canonical_v0,postgres,PORT,PORT_0022,portability_risk,join_aggregate_input_boundary,no_candidate_sql,false,false,false,false,fail_closed_or_no_candidate_boundary,"non-exact frontier diagnostic row; not SER, POCR, official metric, or leaderboard input"
calcite_hep_fail_closed,calcite_hep_track_a_120_canonical_v0,postgres,PORT,PORT_0022,portability_risk,literal_predicate_boundary,no_candidate_sql,false,false,false,false,fail_closed_or_no_candidate_boundary,"non-exact frontier diagnostic row; not SER, POCR, official metric, or leaderboard input"
calcite_hep_fail_closed,calcite_hep_track_a_120_canonical_v0,postgres,PORT,PORT_0022,portability_risk,type_coercion,no_candidate_sql,false,false,false,false,fail_closed_or_no_candidate_boundary,"non-exact frontier diagnostic row; not SER, POCR, official metric, or leaderboard input"
calcite_hep_fail_closed,calcite_hep_track_a_120_canonical_v0,postgres,PORT,PORT_0022,rewrite_opportunity,dialect_adaptation,no_candidate_sql,false,false,false,false,fail_closed_or_no_candidate_boundary,"non-exact frontier diagnostic row; not SER, POCR, official metric, or leaderboard input"
calcite_hep_fail_closed,calcite_hep_track_a_120_canonical_v0,postgres,PORT,PORT_0025,portability_risk,date_time_semantics,no_candidate_sql,false,false,false,false,fail_closed_or_no_candidate_boundary,"non-exact frontier diagnostic row; not SER, POCR, official metric, or leaderboard input"
calcite_hep_fail_closed,calcite_hep_track_a_120_canonical_v0,postgres,PORT,PORT_0025,portability_risk,order_direction_semantics,no_candidate_sql,false,false,false,false,fail_closed_or_no_candidate_boundary,"non-exact frontier diagnostic row; not SER, POCR, official metric, or leaderboard input"
calcite_hep_fail_closed,calcite_hep_track_a_120_canonical_v0,postgres,PORT,PORT_0025,portability_risk,order_limit_semantics,no_candidate_sql,false,false,false,false,fail_closed_or_no_candidate_boundary,"non-exact frontier diagnostic row; not SER, POCR, official metric, or leaderboard input"
calcite_hep_fail_closed,calcite_hep_track_a_120_canonical_v0,postgres,PORT,PORT_0025,portability_risk,pagination_or_limit_offset,no_candidate_sql,false,false,false,false,fail_closed_or_no_candidate_boundary,"non-exact frontier diagnostic row; not SER, POCR, official metric, or leaderboard input"
calcite_hep_fail_closed,calcite_hep_track_a_120_canonical_v0,postgres,PORT,PORT_0025,portability_risk,top_1_row_selection,no_candidate_sql,false,false,false,false,fail_closed_or_no_candidate_boundary,"non-exact frontier diagnostic row; not SER, POCR, official metric, or leaderboard input"
calcite_hep_fail_closed,calcite_hep_track_a_120_canonical_v0,postgres,PORT,PORT_0025,rewrite_opportunity,dialect_adaptation,no_candidate_sql,false,false,false,false,fail_closed_or_no_candidate_boundary,"non-exact frontier diagnostic row; not SER, POCR, official metric, or leaderboard input"
calcite_hep_fail_closed,calcite_hep_track_a_120_canonical_v0,postgres,LONGTAIL,LONGTAIL_0011,rewrite_opportunity,cte_strategy,mismatch,true,true,false,false,diagnostic_non_repair1_baseline_frontier,"non-exact frontier diagnostic row; not SER, POCR, official metric, or leaderboard input"
calcite_hep_fail_closed,calcite_hep_track_a_120_canonical_v0,postgres,LONGTAIL,LONGTAIL_0011,rewrite_opportunity,expression_simplification,mismatch,true,true,false,false,diagnostic_non_repair1_baseline_frontier,"non-exact frontier diagnostic row; not SER, POCR, official metric, or leaderboard input"
calcite_hep_fail_closed,calcite_hep_track_a_120_canonical_v0,postgres,LONGTAIL,LONGTAIL_0011,sql_feature,aggregate,mismatch,true,true,false,false,diagnostic_non_repair1_baseline_frontier,"non-exact frontier diagnostic row; not SER, POCR, official metric, or leaderboard input"
calcite_hep_fail_closed,calcite_hep_track_a_120_canonical_v0,postgres,LONGTAIL,LONGTAIL_0011,sql_feature,cte,mismatch,true,true,false,false,diagnostic_non_repair1_baseline_frontier,"non-exact frontier diagnostic row; not SER, POCR, official metric, or leaderboard input"
calcite_hep_fail_closed,calcite_hep_track_a_120_canonical_v0,postgres,LONGTAIL,LONGTAIL_0011,sql_feature,join,mismatch,true,true,false,false,diagnostic_non_repair1_baseline_frontier,"non-exact frontier diagnostic row; not SER, POCR, official metric, or leaderboard input"
calcite_hep_fail_closed,calcite_hep_track_a_120_canonical_v0,postgres,LONGTAIL,LONGTAIL_0011,sql_feature,sort,mismatch,true,true,false,false,diagnostic_non_repair1_baseline_frontier,"non-exact frontier diagnostic row; not SER, POCR, official metric, or leaderboard input"
calcite_hep_fail_closed,calcite_hep_track_a_120_canonical_v0,postgres,LONGTAIL,LONGTAIL_0011,sql_feature,window_function,mismatch,true,true,false,false,diagnostic_non_repair1_baseline_frontier,"non-exact frontier diagnostic row; not SER, POCR, official metric, or leaderboard input"
calcite_hep_fail_closed,calcite_hep_track_a_120_canonical_v0,postgres,LONGTAIL,LONGTAIL_0012,sql_feature,aggregation,mismatch,true,true,false,false,diagnostic_non_repair1_baseline_frontier,"non-exact frontier diagnostic row; not SER, POCR, official metric, or leaderboard input"
calcite_hep_fail_closed,calcite_hep_track_a_120_canonical_v0,postgres,LONGTAIL,LONGTAIL_0012,sql_feature,complex_expression,mismatch,true,true,false,false,diagnostic_non_repair1_baseline_frontier,"non-exact frontier diagnostic row; not SER, POCR, official metric, or leaderboard input"
calcite_hep_fail_closed,calcite_hep_track_a_120_canonical_v0,postgres,LONGTAIL,LONGTAIL_0012,sql_feature,outer_join,mismatch,true,true,false,false,diagnostic_non_repair1_baseline_frontier,"non-exact frontier diagnostic row; not SER, POCR, official metric, or leaderboard input"
calcite_hep_fail_closed,calcite_hep_track_a_120_canonical_v0,postgres,LONGTAIL,LONGTAIL_0012,sql_feature,sort_limit,mismatch,true,true,false,false,diagnostic_non_repair1_baseline_frontier,"non-exact frontier diagnostic row; not SER, POCR, official metric, or leaderboard input"
calcite_hep_fail_closed,calcite_hep_track_a_120_canonical_v0,postgres,LONGTAIL,LONGTAIL_0012,sql_feature,subquery_in_from,mismatch,true,true,false,false,diagnostic_non_repair1_baseline_frontier,"non-exact frontier diagnostic row; not SER, POCR, official metric, or leaderboard input"
calcite_hep_fail_closed,calcite_hep_track_a_120_canonical_v0,postgres,LONGTAIL,LONGTAIL_0012,sql_feature,window_function,mismatch,true,true,false,false,diagnostic_non_repair1_baseline_frontier,"non-exact frontier diagnostic row; not SER, POCR, official metric, or leaderboard input"
calcite_hep_fail_closed,calcite_hep_track_a_120_canonical_v0,postgres,LONGTAIL,LONGTAIL_0013,sql_feature,aggregation,mismatch,true,true,false,false,diagnostic_non_repair1_baseline_frontier,"non-exact frontier diagnostic row; not SER, POCR, official metric, or leaderboard input"
calcite_hep_fail_closed,calcite_hep_track_a_120_canonical_v0,postgres,LONGTAIL,LONGTAIL_0013,sql_feature,complex_expression,mismatch,true,true,false,false,diagnostic_non_repair1_baseline_frontier,"non-exact frontier diagnostic row; not SER, POCR, official metric, or leaderboard input"
calcite_hep_fail_closed,calcite_hep_track_a_120_canonical_v0,postgres,LONGTAIL,LONGTAIL_0013,sql_feature,cte,mismatch,true,true,false,false,diagnostic_non_repair1_baseline_frontier,"non-exact frontier diagnostic row; not SER, POCR, official metric, or leaderboard input"
calcite_hep_fail_closed,calcite_hep_track_a_120_canonical_v0,postgres,LONGTAIL,LONGTAIL_0013,sql_feature,outer_join,mismatch,true,true,false,false,diagnostic_non_repair1_baseline_frontier,"non-exact frontier diagnostic row; not SER, POCR, official metric, or leaderboard input"
calcite_hep_fail_closed,calcite_hep_track_a_120_canonical_v0,postgres,LONGTAIL,LONGTAIL_0013,sql_feature,sort,mismatch,true,true,false,false,diagnostic_non_repair1_baseline_frontier,"non-exact frontier diagnostic row; not SER, POCR, official metric, or leaderboard input"
calcite_hep_fail_closed,calcite_hep_track_a_120_canonical_v0,postgres,LONGTAIL,LONGTAIL_0013,sql_feature,window_function,mismatch,true,true,false,false,diagnostic_non_repair1_baseline_frontier,"non-exact frontier diagnostic row; not SER, POCR, official metric, or leaderboard input"
calcite_hep_fail_closed,calcite_hep_track_a_120_canonical_v0,postgres,LONGTAIL,LONGTAIL_0022,sql_feature,aggregation,mismatch,true,true,false,false,diagnostic_non_repair1_baseline_frontier,"non-exact frontier diagnostic row; not SER, POCR, official metric, or leaderboard input"
calcite_hep_fail_closed,calcite_hep_track_a_120_canonical_v0,postgres,LONGTAIL,LONGTAIL_0022,sql_feature,cte,mismatch,true,true,false,false,diagnostic_non_repair1_baseline_frontier,"non-exact frontier diagnostic row; not SER, POCR, official metric, or leaderboard input"
calcite_hep_fail_closed,calcite_hep_track_a_120_canonical_v0,postgres,LONGTAIL,LONGTAIL_0022,sql_feature,join,mismatch,true,true,false,false,diagnostic_non_repair1_baseline_frontier,"non-exact frontier diagnostic row; not SER, POCR, official metric, or leaderboard input"
calcite_hep_fail_closed,calcite_hep_track_a_120_canonical_v0,postgres,LONGTAIL,LONGTAIL_0022,sql_feature,outer_join,mismatch,true,true,false,false,diagnostic_non_repair1_baseline_frontier,"non-exact frontier diagnostic row; not SER, POCR, official metric, or leaderboard input"
calcite_hep_fail_closed,calcite_hep_track_a_120_canonical_v0,postgres,LONGTAIL,LONGTAIL_0022,sql_feature,sort,mismatch,true,true,false,false,diagnostic_non_repair1_baseline_frontier,"non-exact frontier diagnostic row; not SER, POCR, official metric, or leaderboard input"
calcite_hep_fail_closed,calcite_hep_track_a_120_canonical_v0,mysql,PERF,PERF_0035,portability_risk,type_semantics_gap,mismatch,true,true,false,false,diagnostic_non_repair1_baseline_frontier,"non-exact frontier diagnostic row; not SER, POCR, official metric, or leaderboard input"
calcite_hep_fail_closed,calcite_hep_track_a_120_canonical_v0,mysql,PERF,PERF_0035,rewrite_opportunity,aggregation_rewrite,mismatch,true,true,false,false,diagnostic_non_repair1_baseline_frontier,"non-exact frontier diagnostic row; not SER, POCR, official metric, or leaderboard input"
calcite_hep_fail_closed,calcite_hep_track_a_120_canonical_v0,mysql,PERF,PERF_0035,rewrite_opportunity,cte_strategy,mismatch,true,true,false,false,diagnostic_non_repair1_baseline_frontier,"non-exact frontier diagnostic row; not SER, POCR, official metric, or leaderboard input"
calcite_hep_fail_closed,calcite_hep_track_a_120_canonical_v0,mysql,PERF,PERF_0035,sql_feature,cte,mismatch,true,true,false,false,diagnostic_non_repair1_baseline_frontier,"non-exact frontier diagnostic row; not SER, POCR, official metric, or leaderboard input"
calcite_hep_fail_closed,calcite_hep_track_a_120_canonical_v0,mysql,PERF,PERF_0035,sql_feature,expression_complexity,mismatch,true,true,false,false,diagnostic_non_repair1_baseline_frontier,"non-exact frontier diagnostic row; not SER, POCR, official metric, or leaderboard input"
calcite_hep_fail_closed,calcite_hep_track_a_120_canonical_v0,mysql,PERF,PERF_0035,sql_feature,window_function,mismatch,true,true,false,false,diagnostic_non_repair1_baseline_frontier,"non-exact frontier diagnostic row; not SER, POCR, official metric, or leaderboard input"
calcite_hep_fail_closed,calcite_hep_track_a_120_canonical_v0,mysql,PERF,PERF_0062,sql_feature,aggregate,mismatch,true,true,false,false,diagnostic_non_repair1_baseline_frontier,"non-exact frontier diagnostic row; not SER, POCR, official metric, or leaderboard input"
calcite_hep_fail_closed,calcite_hep_track_a_120_canonical_v0,mysql,PERF,PERF_0062,sql_feature,disjunction,mismatch,true,true,false,false,diagnostic_non_repair1_baseline_frontier,"non-exact frontier diagnostic row; not SER, POCR, official metric, or leaderboard input"
calcite_hep_fail_closed,calcite_hep_track_a_120_canonical_v0,mysql,PERF,PERF_0062,sql_feature,join,mismatch,true,true,false,false,diagnostic_non_repair1_baseline_frontier,"non-exact frontier diagnostic row; not SER, POCR, official metric, or leaderboard input"
calcite_hep_fail_closed,calcite_hep_track_a_120_canonical_v0,mysql,PERF,PERF_0062,sql_feature,range_predicate,mismatch,true,true,false,false,diagnostic_non_repair1_baseline_frontier,"non-exact frontier diagnostic row; not SER, POCR, official metric, or leaderboard input"
calcite_hep_fail_closed,calcite_hep_track_a_120_canonical_v0,mysql,CONS,CONS_0037,rewrite_opportunity,aggregation_rewrite,mismatch,true,true,false,false,diagnostic_non_repair1_baseline_frontier,"non-exact frontier diagnostic row; not SER, POCR, official metric, or leaderboard input"
calcite_hep_fail_closed,calcite_hep_track_a_120_canonical_v0,mysql,CONS,CONS_0037,sql_feature,outer_join,mismatch,true,true,false,false,diagnostic_non_repair1_baseline_frontier,"non-exact frontier diagnostic row; not SER, POCR, official metric, or leaderboard input"
calcite_hep_fail_closed,calcite_hep_track_a_120_canonical_v0,mysql,PORT,PORT_0003,portability_risk,identifier_quoting,no_candidate_sql,false,false,false,false,fail_closed_or_no_candidate_boundary,"non-exact frontier diagnostic row; not SER, POCR, official metric, or leaderboard input"
calcite_hep_fail_closed,calcite_hep_track_a_120_canonical_v0,mysql,PORT,PORT_0003,portability_risk,limit_fetch_gap,no_candidate_sql,false,false,false,false,fail_closed_or_no_candidate_boundary,"non-exact frontier diagnostic row; not SER, POCR, official metric, or leaderboard input"
calcite_hep_fail_closed,calcite_hep_track_a_120_canonical_v0,mysql,PORT,PORT_0003,portability_risk,null_semantics_gap,no_candidate_sql,false,false,false,false,fail_closed_or_no_candidate_boundary,"non-exact frontier diagnostic row; not SER, POCR, official metric, or leaderboard input"
calcite_hep_fail_closed,calcite_hep_track_a_120_canonical_v0,mysql,PORT,PORT_0003,rewrite_opportunity,dialect_adaptation,no_candidate_sql,false,false,false,false,fail_closed_or_no_candidate_boundary,"non-exact frontier diagnostic row; not SER, POCR, official metric, or leaderboard input"
calcite_hep_fail_closed,calcite_hep_track_a_120_canonical_v0,mysql,PORT,PORT_0003,rewrite_opportunity,order_limit_simplification,no_candidate_sql,false,false,false,false,fail_closed_or_no_candidate_boundary,"non-exact frontier diagnostic row; not SER, POCR, official metric, or leaderboard input"
calcite_hep_fail_closed,calcite_hep_track_a_120_canonical_v0,mysql,PORT,PORT_0004,portability_risk,date_filter_semantics,no_candidate_sql,false,false,false,false,fail_closed_or_no_candidate_boundary,"non-exact frontier diagnostic row; not SER, POCR, official metric, or leaderboard input"
calcite_hep_fail_closed,calcite_hep_track_a_120_canonical_v0,mysql,PORT,PORT_0004,portability_risk,datetime_semantics_gap,no_candidate_sql,false,false,false,false,fail_closed_or_no_candidate_boundary,"non-exact frontier diagnostic row; not SER, POCR, official metric, or leaderboard input"
calcite_hep_fail_closed,calcite_hep_track_a_120_canonical_v0,mysql,PORT,PORT_0004,portability_risk,identifier_quoting,no_candidate_sql,false,false,false,false,fail_closed_or_no_candidate_boundary,"non-exact frontier diagnostic row; not SER, POCR, official metric, or leaderboard input"
calcite_hep_fail_closed,calcite_hep_track_a_120_canonical_v0,mysql,PORT,PORT_0004,portability_risk,literal_predicate_boundary,no_candidate_sql,false,false,false,false,fail_closed_or_no_candidate_boundary,"non-exact frontier diagnostic row; not SER, POCR, official metric, or leaderboard input"
calcite_hep_fail_closed,calcite_hep_track_a_120_canonical_v0,mysql,PORT,PORT_0004,portability_risk,result_set_semantics,no_candidate_sql,false,false,false,false,fail_closed_or_no_candidate_boundary,"non-exact frontier diagnostic row; not SER, POCR, official metric, or leaderboard input"
calcite_hep_fail_closed,calcite_hep_track_a_120_canonical_v0,mysql,PORT,PORT_0004,portability_risk,type_semantics_gap,no_candidate_sql,false,false,false,false,fail_closed_or_no_candidate_boundary,"non-exact frontier diagnostic row; not SER, POCR, official metric, or leaderboard input"
calcite_hep_fail_closed,calcite_hep_track_a_120_canonical_v0,mysql,PORT,PORT_0004,rewrite_opportunity,dialect_adaptation,no_candidate_sql,false,false,false,false,fail_closed_or_no_candidate_boundary,"non-exact frontier diagnostic row; not SER, POCR, official metric, or leaderboard input"
calcite_hep_fail_closed,calcite_hep_track_a_120_canonical_v0,mysql,PORT,PORT_0005,portability_risk,identifier_quoting,no_candidate_sql,false,false,false,false,fail_closed_or_no_candidate_boundary,"non-exact frontier diagnostic row; not SER, POCR, official metric, or leaderboard input"
calcite_hep_fail_closed,calcite_hep_track_a_120_canonical_v0,mysql,PORT,PORT_0005,portability_risk,limit_fetch_gap,no_candidate_sql,false,false,false,false,fail_closed_or_no_candidate_boundary,"non-exact frontier diagnostic row; not SER, POCR, official metric, or leaderboard input"
calcite_hep_fail_closed,calcite_hep_track_a_120_canonical_v0,mysql,PORT,PORT_0005,portability_risk,null_semantics_gap,no_candidate_sql,false,false,false,false,fail_closed_or_no_candidate_boundary,"non-exact frontier diagnostic row; not SER, POCR, official metric, or leaderboard input"
calcite_hep_fail_closed,calcite_hep_track_a_120_canonical_v0,mysql,PORT,PORT_0005,portability_risk,order_direction_gap,no_candidate_sql,false,false,false,false,fail_closed_or_no_candidate_boundary,"non-exact frontier diagnostic row; not SER, POCR, official metric, or leaderboard input"
calcite_hep_fail_closed,calcite_hep_track_a_120_canonical_v0,mysql,PORT,PORT_0005,rewrite_opportunity,dialect_adaptation,no_candidate_sql,false,false,false,false,fail_closed_or_no_candidate_boundary,"non-exact frontier diagnostic row; not SER, POCR, official metric, or leaderboard input"
calcite_hep_fail_closed,calcite_hep_track_a_120_canonical_v0,mysql,PORT,PORT_0005,rewrite_opportunity,order_limit_simplification,no_candidate_sql,false,false,false,false,fail_closed_or_no_candidate_boundary,"non-exact frontier diagnostic row; not SER, POCR, official metric, or leaderboard input"
calcite_hep_fail_closed,calcite_hep_track_a_120_canonical_v0,mysql,PORT,PORT_0008,portability_risk,date_time_semantics,no_candidate_sql,false,false,false,false,fail_closed_or_no_candidate_boundary,"non-exact frontier diagnostic row; not SER, POCR, official metric, or leaderboard input"
calcite_hep_fail_closed,calcite_hep_track_a_120_canonical_v0,mysql,PORT,PORT_0008,portability_risk,identifier_case_or_quoting,no_candidate_sql,false,false,false,false,fail_closed_or_no_candidate_boundary,"non-exact frontier diagnostic row; not SER, POCR, official metric, or leaderboard input"
calcite_hep_fail_closed,calcite_hep_track_a_120_canonical_v0,mysql,PORT,PORT_0008,portability_risk,type_coercion,no_candidate_sql,false,false,false,false,fail_closed_or_no_candidate_boundary,"non-exact frontier diagnostic row; not SER, POCR, official metric, or leaderboard input"
calcite_hep_fail_closed,calcite_hep_track_a_120_canonical_v0,mysql,PORT,PORT_0008,rewrite_opportunity,dialect_adaptation,no_candidate_sql,false,false,false,false,fail_closed_or_no_candidate_boundary,"non-exact frontier diagnostic row; not SER, POCR, official metric, or leaderboard input"
calcite_hep_fail_closed,calcite_hep_track_a_120_canonical_v0,mysql,PORT,PORT_0008,rewrite_opportunity,function_normalization,no_candidate_sql,false,false,false,false,fail_closed_or_no_candidate_boundary,"non-exact frontier diagnostic row; not SER, POCR, official metric, or leaderboard input"
calcite_hep_fail_closed,calcite_hep_track_a_120_canonical_v0,mysql,PORT,PORT_0008,sql_feature,date_time_function,no_candidate_sql,false,false,false,false,fail_closed_or_no_candidate_boundary,"non-exact frontier diagnostic row; not SER, POCR, official metric, or leaderboard input"
calcite_hep_fail_closed,calcite_hep_track_a_120_canonical_v0,mysql,PORT,PORT_0008,sql_feature,expression_complexity,no_candidate_sql,false,false,false,false,fail_closed_or_no_candidate_boundary,"non-exact frontier diagnostic row; not SER, POCR, official metric, or leaderboard input"
calcite_hep_fail_closed,calcite_hep_track_a_120_canonical_v0,mysql,PORT,PORT_0012,portability_risk,datetime_semantics_gap,no_candidate_sql,false,false,false,false,fail_closed_or_no_candidate_boundary,"non-exact frontier diagnostic row; not SER, POCR, official metric, or leaderboard input"
calcite_hep_fail_closed,calcite_hep_track_a_120_canonical_v0,mysql,PORT,PORT_0012,portability_risk,identifier_quoting,no_candidate_sql,false,false,false,false,fail_closed_or_no_candidate_boundary,"non-exact frontier diagnostic row; not SER, POCR, official metric, or leaderboard input"
calcite_hep_fail_closed,calcite_hep_track_a_120_canonical_v0,mysql,PORT,PORT_0012,portability_risk,type_semantics_gap,no_candidate_sql,false,false,false,false,fail_closed_or_no_candidate_boundary,"non-exact frontier diagnostic row; not SER, POCR, official metric, or leaderboard input"
calcite_hep_fail_closed,calcite_hep_track_a_120_canonical_v0,mysql,PORT,PORT_0012,rewrite_opportunity,dialect_adaptation,no_candidate_sql,false,false,false,false,fail_closed_or_no_candidate_boundary,"non-exact frontier diagnostic row; not SER, POCR, official metric, or leaderboard input"
calcite_hep_fail_closed,calcite_hep_track_a_120_canonical_v0,mysql,PORT,PORT_0012,rewrite_opportunity,expression_simplification,no_candidate_sql,false,false,false,false,fail_closed_or_no_candidate_boundary,"non-exact frontier diagnostic row; not SER, POCR, official metric, or leaderboard input"
calcite_hep_fail_closed,calcite_hep_track_a_120_canonical_v0,mysql,PORT,PORT_0012,rewrite_opportunity,function_normalization,no_candidate_sql,false,false,false,false,fail_closed_or_no_candidate_boundary,"non-exact frontier diagnostic row; not SER, POCR, official metric, or leaderboard input"
calcite_hep_fail_closed,calcite_hep_track_a_120_canonical_v0,mysql,PORT,PORT_0012,sql_feature,date_time_function,no_candidate_sql,false,false,false,false,fail_closed_or_no_candidate_boundary,"non-exact frontier diagnostic row; not SER, POCR, official metric, or leaderboard input"
calcite_hep_fail_closed,calcite_hep_track_a_120_canonical_v0,mysql,PORT,PORT_0012,sql_feature,expression_complexity,no_candidate_sql,false,false,false,false,fail_closed_or_no_candidate_boundary,"non-exact frontier diagnostic row; not SER, POCR, official metric, or leaderboard input"
calcite_hep_fail_closed,calcite_hep_track_a_120_canonical_v0,mysql,PORT,PORT_0013,portability_risk,boolean_semantics_gap,mismatch,true,true,false,false,diagnostic_non_repair1_baseline_frontier,"non-exact frontier diagnostic row; not SER, POCR, official metric, or leaderboard input"
calcite_hep_fail_closed,calcite_hep_track_a_120_canonical_v0,mysql,PORT,PORT_0013,portability_risk,complex_expression_density,mismatch,true,true,false,false,diagnostic_non_repair1_baseline_frontier,"non-exact frontier diagnostic row; not SER, POCR, official metric, or leaderboard input"
calcite_hep_fail_closed,calcite_hep_track_a_120_canonical_v0,mysql,PORT,PORT_0013,portability_risk,identifier_quoting,mismatch,true,true,false,false,diagnostic_non_repair1_baseline_frontier,"non-exact frontier diagnostic row; not SER, POCR, official metric, or leaderboard input"
calcite_hep_fail_closed,calcite_hep_track_a_120_canonical_v0,mysql,PORT,PORT_0013,portability_risk,type_semantics_gap,mismatch,true,true,false,false,diagnostic_non_repair1_baseline_frontier,"non-exact frontier diagnostic row; not SER, POCR, official metric, or leaderboard input"
calcite_hep_fail_closed,calcite_hep_track_a_120_canonical_v0,mysql,PORT,PORT_0013,rewrite_opportunity,dialect_adaptation,mismatch,true,true,false,false,diagnostic_non_repair1_baseline_frontier,"non-exact frontier diagnostic row; not SER, POCR, official metric, or leaderboard input"
calcite_hep_fail_closed,calcite_hep_track_a_120_canonical_v0,mysql,PORT,PORT_0013,rewrite_opportunity,expression_simplification,mismatch,true,true,false,false,diagnostic_non_repair1_baseline_frontier,"non-exact frontier diagnostic row; not SER, POCR, official metric, or leaderboard input"
calcite_hep_fail_closed,calcite_hep_track_a_120_canonical_v0,mysql,PORT,PORT_0013,sql_feature,expression_complexity,mismatch,true,true,false,false,diagnostic_non_repair1_baseline_frontier,"non-exact frontier diagnostic row; not SER, POCR, official metric, or leaderboard input"
calcite_hep_fail_closed,calcite_hep_track_a_120_canonical_v0,mysql,PORT,PORT_0022,portability_risk,date_filter_semantics,no_candidate_sql,false,false,false,false,fail_closed_or_no_candidate_boundary,"non-exact frontier diagnostic row; not SER, POCR, official metric, or leaderboard input"
calcite_hep_fail_closed,calcite_hep_track_a_120_canonical_v0,mysql,PORT,PORT_0022,portability_risk,date_time_semantics,no_candidate_sql,false,false,false,false,fail_closed_or_no_candidate_boundary,"non-exact frontier diagnostic row; not SER, POCR, official metric, or leaderboard input"
calcite_hep_fail_closed,calcite_hep_track_a_120_canonical_v0,mysql,PORT,PORT_0022,portability_risk,join_aggregate_input_boundary,no_candidate_sql,false,false,false,false,fail_closed_or_no_candidate_boundary,"non-exact frontier diagnostic row; not SER, POCR, official metric, or leaderboard input"
calcite_hep_fail_closed,calcite_hep_track_a_120_canonical_v0,mysql,PORT,PORT_0022,portability_risk,literal_predicate_boundary,no_candidate_sql,false,false,false,false,fail_closed_or_no_candidate_boundary,"non-exact frontier diagnostic row; not SER, POCR, official metric, or leaderboard input"
calcite_hep_fail_closed,calcite_hep_track_a_120_canonical_v0,mysql,PORT,PORT_0022,portability_risk,type_coercion,no_candidate_sql,false,false,false,false,fail_closed_or_no_candidate_boundary,"non-exact frontier diagnostic row; not SER, POCR, official metric, or leaderboard input"
calcite_hep_fail_closed,calcite_hep_track_a_120_canonical_v0,mysql,PORT,PORT_0022,rewrite_opportunity,dialect_adaptation,no_candidate_sql,false,false,false,false,fail_closed_or_no_candidate_boundary,"non-exact frontier diagnostic row; not SER, POCR, official metric, or leaderboard input"
calcite_hep_fail_closed,calcite_hep_track_a_120_canonical_v0,mysql,PORT,PORT_0024,portability_risk,aggregate_expression_semantics,mismatch,true,true,false,false,diagnostic_non_repair1_baseline_frontier,"non-exact frontier diagnostic row; not SER, POCR, official metric, or leaderboard input"
calcite_hep_fail_closed,calcite_hep_track_a_120_canonical_v0,mysql,PORT,PORT_0024,portability_risk,boolean_semantics,mismatch,true,true,false,false,diagnostic_non_repair1_baseline_frontier,"non-exact frontier diagnostic row; not SER, POCR, official metric, or leaderboard input"
calcite_hep_fail_closed,calcite_hep_track_a_120_canonical_v0,mysql,PORT,PORT_0024,portability_risk,literal_predicate_boundary,mismatch,true,true,false,false,diagnostic_non_repair1_baseline_frontier,"non-exact frontier diagnostic row; not SER, POCR, official metric, or leaderboard input"
calcite_hep_fail_closed,calcite_hep_track_a_120_canonical_v0,mysql,PORT,PORT_0024,portability_risk,type_coercion,mismatch,true,true,false,false,diagnostic_non_repair1_baseline_frontier,"non-exact frontier diagnostic row; not SER, POCR, official metric, or leaderboard input"
calcite_hep_fail_closed,calcite_hep_track_a_120_canonical_v0,mysql,PORT,PORT_0024,rewrite_opportunity,dialect_adaptation,mismatch,true,true,false,false,diagnostic_non_repair1_baseline_frontier,"non-exact frontier diagnostic row; not SER, POCR, official metric, or leaderboard input"
calcite_hep_fail_closed,calcite_hep_track_a_120_canonical_v0,mysql,PORT,PORT_0025,portability_risk,date_time_semantics,no_candidate_sql,false,false,false,false,fail_closed_or_no_candidate_boundary,"non-exact frontier diagnostic row; not SER, POCR, official metric, or leaderboard input"
calcite_hep_fail_closed,calcite_hep_track_a_120_canonical_v0,mysql,PORT,PORT_0025,portability_risk,order_direction_semantics,no_candidate_sql,false,false,false,false,fail_closed_or_no_candidate_boundary,"non-exact frontier diagnostic row; not SER, POCR, official metric, or leaderboard input"
calcite_hep_fail_closed,calcite_hep_track_a_120_canonical_v0,mysql,PORT,PORT_0025,portability_risk,order_limit_semantics,no_candidate_sql,false,false,false,false,fail_closed_or_no_candidate_boundary,"non-exact frontier diagnostic row; not SER, POCR, official metric, or leaderboard input"
calcite_hep_fail_closed,calcite_hep_track_a_120_canonical_v0,mysql,PORT,PORT_0025,portability_risk,pagination_or_limit_offset,no_candidate_sql,false,false,false,false,fail_closed_or_no_candidate_boundary,"non-exact frontier diagnostic row; not SER, POCR, official metric, or leaderboard input"
calcite_hep_fail_closed,calcite_hep_track_a_120_canonical_v0,mysql,PORT,PORT_0025,portability_risk,top_1_row_selection,no_candidate_sql,false,false,false,false,fail_closed_or_no_candidate_boundary,"non-exact frontier diagnostic row; not SER, POCR, official metric, or leaderboard input"
calcite_hep_fail_closed,calcite_hep_track_a_120_canonical_v0,mysql,PORT,PORT_0025,rewrite_opportunity,dialect_adaptation,no_candidate_sql,false,false,false,false,fail_closed_or_no_candidate_boundary,"non-exact frontier diagnostic row; not SER, POCR, official metric, or leaderboard input"
calcite_hep_fail_closed,calcite_hep_track_a_120_canonical_v0,mysql,LONGTAIL,LONGTAIL_0012,sql_feature,aggregation,mismatch,true,true,false,false,diagnostic_non_repair1_baseline_frontier,"non-exact frontier diagnostic row; not SER, POCR, official metric, or leaderboard input"
calcite_hep_fail_closed,calcite_hep_track_a_120_canonical_v0,mysql,LONGTAIL,LONGTAIL_0012,sql_feature,complex_expression,mismatch,true,true,false,false,diagnostic_non_repair1_baseline_frontier,"non-exact frontier diagnostic row; not SER, POCR, official metric, or leaderboard input"
calcite_hep_fail_closed,calcite_hep_track_a_120_canonical_v0,mysql,LONGTAIL,LONGTAIL_0012,sql_feature,outer_join,mismatch,true,true,false,false,diagnostic_non_repair1_baseline_frontier,"non-exact frontier diagnostic row; not SER, POCR, official metric, or leaderboard input"
calcite_hep_fail_closed,calcite_hep_track_a_120_canonical_v0,mysql,LONGTAIL,LONGTAIL_0012,sql_feature,sort_limit,mismatch,true,true,false,false,diagnostic_non_repair1_baseline_frontier,"non-exact frontier diagnostic row; not SER, POCR, official metric, or leaderboard input"
calcite_hep_fail_closed,calcite_hep_track_a_120_canonical_v0,mysql,LONGTAIL,LONGTAIL_0012,sql_feature,subquery_in_from,mismatch,true,true,false,false,diagnostic_non_repair1_baseline_frontier,"non-exact frontier diagnostic row; not SER, POCR, official metric, or leaderboard input"
calcite_hep_fail_closed,calcite_hep_track_a_120_canonical_v0,mysql,LONGTAIL,LONGTAIL_0012,sql_feature,window_function,mismatch,true,true,false,false,diagnostic_non_repair1_baseline_frontier,"non-exact frontier diagnostic row; not SER, POCR, official metric, or leaderboard input"
calcite_hep_fail_closed,calcite_hep_track_a_120_canonical_v0,mysql,LONGTAIL,LONGTAIL_0013,sql_feature,aggregation,mismatch,true,true,false,false,diagnostic_non_repair1_baseline_frontier,"non-exact frontier diagnostic row; not SER, POCR, official metric, or leaderboard input"
calcite_hep_fail_closed,calcite_hep_track_a_120_canonical_v0,mysql,LONGTAIL,LONGTAIL_0013,sql_feature,complex_expression,mismatch,true,true,false,false,diagnostic_non_repair1_baseline_frontier,"non-exact frontier diagnostic row; not SER, POCR, official metric, or leaderboard input"
calcite_hep_fail_closed,calcite_hep_track_a_120_canonical_v0,mysql,LONGTAIL,LONGTAIL_0013,sql_feature,cte,mismatch,true,true,false,false,diagnostic_non_repair1_baseline_frontier,"non-exact frontier diagnostic row; not SER, POCR, official metric, or leaderboard input"
calcite_hep_fail_closed,calcite_hep_track_a_120_canonical_v0,mysql,LONGTAIL,LONGTAIL_0013,sql_feature,outer_join,mismatch,true,true,false,false,diagnostic_non_repair1_baseline_frontier,"non-exact frontier diagnostic row; not SER, POCR, official metric, or leaderboard input"
calcite_hep_fail_closed,calcite_hep_track_a_120_canonical_v0,mysql,LONGTAIL,LONGTAIL_0013,sql_feature,sort,mismatch,true,true,false,false,diagnostic_non_repair1_baseline_frontier,"non-exact frontier diagnostic row; not SER, POCR, official metric, or leaderboard input"
calcite_hep_fail_closed,calcite_hep_track_a_120_canonical_v0,mysql,LONGTAIL,LONGTAIL_0013,sql_feature,window_function,mismatch,true,true,false,false,diagnostic_non_repair1_baseline_frontier,"non-exact frontier diagnostic row; not SER, POCR, official metric, or leaderboard input"
calcite_hep_fail_closed,calcite_hep_track_a_120_canonical_v0,spark,PERF,PERF_0062,sql_feature,aggregate,candidate_execution_failed,true,false,false,false,diagnostic_non_repair1_baseline_frontier,"non-exact frontier diagnostic row; not SER, POCR, official metric, or leaderboard input"
calcite_hep_fail_closed,calcite_hep_track_a_120_canonical_v0,spark,PERF,PERF_0062,sql_feature,disjunction,candidate_execution_failed,true,false,false,false,diagnostic_non_repair1_baseline_frontier,"non-exact frontier diagnostic row; not SER, POCR, official metric, or leaderboard input"
calcite_hep_fail_closed,calcite_hep_track_a_120_canonical_v0,spark,PERF,PERF_0062,sql_feature,join,candidate_execution_failed,true,false,false,false,diagnostic_non_repair1_baseline_frontier,"non-exact frontier diagnostic row; not SER, POCR, official metric, or leaderboard input"
calcite_hep_fail_closed,calcite_hep_track_a_120_canonical_v0,spark,PERF,PERF_0062,sql_feature,range_predicate,candidate_execution_failed,true,false,false,false,diagnostic_non_repair1_baseline_frontier,"non-exact frontier diagnostic row; not SER, POCR, official metric, or leaderboard input"
calcite_hep_fail_closed,calcite_hep_track_a_120_canonical_v0,spark,PORT,PORT_0003,portability_risk,identifier_quoting,no_candidate_sql,false,false,false,false,fail_closed_or_no_candidate_boundary,"non-exact frontier diagnostic row; not SER, POCR, official metric, or leaderboard input"
calcite_hep_fail_closed,calcite_hep_track_a_120_canonical_v0,spark,PORT,PORT_0003,portability_risk,limit_fetch_gap,no_candidate_sql,false,false,false,false,fail_closed_or_no_candidate_boundary,"non-exact frontier diagnostic row; not SER, POCR, official metric, or leaderboard input"
calcite_hep_fail_closed,calcite_hep_track_a_120_canonical_v0,spark,PORT,PORT_0003,portability_risk,null_semantics_gap,no_candidate_sql,false,false,false,false,fail_closed_or_no_candidate_boundary,"non-exact frontier diagnostic row; not SER, POCR, official metric, or leaderboard input"
calcite_hep_fail_closed,calcite_hep_track_a_120_canonical_v0,spark,PORT,PORT_0003,rewrite_opportunity,dialect_adaptation,no_candidate_sql,false,false,false,false,fail_closed_or_no_candidate_boundary,"non-exact frontier diagnostic row; not SER, POCR, official metric, or leaderboard input"
calcite_hep_fail_closed,calcite_hep_track_a_120_canonical_v0,spark,PORT,PORT_0003,rewrite_opportunity,order_limit_simplification,no_candidate_sql,false,false,false,false,fail_closed_or_no_candidate_boundary,"non-exact frontier diagnostic row; not SER, POCR, official metric, or leaderboard input"
calcite_hep_fail_closed,calcite_hep_track_a_120_canonical_v0,spark,PORT,PORT_0004,portability_risk,date_filter_semantics,no_candidate_sql,false,false,false,false,fail_closed_or_no_candidate_boundary,"non-exact frontier diagnostic row; not SER, POCR, official metric, or leaderboard input"
calcite_hep_fail_closed,calcite_hep_track_a_120_canonical_v0,spark,PORT,PORT_0004,portability_risk,datetime_semantics_gap,no_candidate_sql,false,false,false,false,fail_closed_or_no_candidate_boundary,"non-exact frontier diagnostic row; not SER, POCR, official metric, or leaderboard input"
calcite_hep_fail_closed,calcite_hep_track_a_120_canonical_v0,spark,PORT,PORT_0004,portability_risk,identifier_quoting,no_candidate_sql,false,false,false,false,fail_closed_or_no_candidate_boundary,"non-exact frontier diagnostic row; not SER, POCR, official metric, or leaderboard input"
calcite_hep_fail_closed,calcite_hep_track_a_120_canonical_v0,spark,PORT,PORT_0004,portability_risk,literal_predicate_boundary,no_candidate_sql,false,false,false,false,fail_closed_or_no_candidate_boundary,"non-exact frontier diagnostic row; not SER, POCR, official metric, or leaderboard input"
calcite_hep_fail_closed,calcite_hep_track_a_120_canonical_v0,spark,PORT,PORT_0004,portability_risk,result_set_semantics,no_candidate_sql,false,false,false,false,fail_closed_or_no_candidate_boundary,"non-exact frontier diagnostic row; not SER, POCR, official metric, or leaderboard input"
calcite_hep_fail_closed,calcite_hep_track_a_120_canonical_v0,spark,PORT,PORT_0004,portability_risk,type_semantics_gap,no_candidate_sql,false,false,false,false,fail_closed_or_no_candidate_boundary,"non-exact frontier diagnostic row; not SER, POCR, official metric, or leaderboard input"
calcite_hep_fail_closed,calcite_hep_track_a_120_canonical_v0,spark,PORT,PORT_0004,rewrite_opportunity,dialect_adaptation,no_candidate_sql,false,false,false,false,fail_closed_or_no_candidate_boundary,"non-exact frontier diagnostic row; not SER, POCR, official metric, or leaderboard input"
calcite_hep_fail_closed,calcite_hep_track_a_120_canonical_v0,spark,PORT,PORT_0005,portability_risk,identifier_quoting,no_candidate_sql,false,false,false,false,fail_closed_or_no_candidate_boundary,"non-exact frontier diagnostic row; not SER, POCR, official metric, or leaderboard input"
calcite_hep_fail_closed,calcite_hep_track_a_120_canonical_v0,spark,PORT,PORT_0005,portability_risk,limit_fetch_gap,no_candidate_sql,false,false,false,false,fail_closed_or_no_candidate_boundary,"non-exact frontier diagnostic row; not SER, POCR, official metric, or leaderboard input"
calcite_hep_fail_closed,calcite_hep_track_a_120_canonical_v0,spark,PORT,PORT_0005,portability_risk,null_semantics_gap,no_candidate_sql,false,false,false,false,fail_closed_or_no_candidate_boundary,"non-exact frontier diagnostic row; not SER, POCR, official metric, or leaderboard input"
calcite_hep_fail_closed,calcite_hep_track_a_120_canonical_v0,spark,PORT,PORT_0005,portability_risk,order_direction_gap,no_candidate_sql,false,false,false,false,fail_closed_or_no_candidate_boundary,"non-exact frontier diagnostic row; not SER, POCR, official metric, or leaderboard input"
calcite_hep_fail_closed,calcite_hep_track_a_120_canonical_v0,spark,PORT,PORT_0005,rewrite_opportunity,dialect_adaptation,no_candidate_sql,false,false,false,false,fail_closed_or_no_candidate_boundary,"non-exact frontier diagnostic row; not SER, POCR, official metric, or leaderboard input"
calcite_hep_fail_closed,calcite_hep_track_a_120_canonical_v0,spark,PORT,PORT_0005,rewrite_opportunity,order_limit_simplification,no_candidate_sql,false,false,false,false,fail_closed_or_no_candidate_boundary,"non-exact frontier diagnostic row; not SER, POCR, official metric, or leaderboard input"
calcite_hep_fail_closed,calcite_hep_track_a_120_canonical_v0,spark,PORT,PORT_0008,portability_risk,date_time_semantics,no_candidate_sql,false,false,false,false,fail_closed_or_no_candidate_boundary,"non-exact frontier diagnostic row; not SER, POCR, official metric, or leaderboard input"
calcite_hep_fail_closed,calcite_hep_track_a_120_canonical_v0,spark,PORT,PORT_0008,portability_risk,identifier_case_or_quoting,no_candidate_sql,false,false,false,false,fail_closed_or_no_candidate_boundary,"non-exact frontier diagnostic row; not SER, POCR, official metric, or leaderboard input"
calcite_hep_fail_closed,calcite_hep_track_a_120_canonical_v0,spark,PORT,PORT_0008,portability_risk,type_coercion,no_candidate_sql,false,false,false,false,fail_closed_or_no_candidate_boundary,"non-exact frontier diagnostic row; not SER, POCR, official metric, or leaderboard input"
calcite_hep_fail_closed,calcite_hep_track_a_120_canonical_v0,spark,PORT,PORT_0008,rewrite_opportunity,dialect_adaptation,no_candidate_sql,false,false,false,false,fail_closed_or_no_candidate_boundary,"non-exact frontier diagnostic row; not SER, POCR, official metric, or leaderboard input"
calcite_hep_fail_closed,calcite_hep_track_a_120_canonical_v0,spark,PORT,PORT_0008,rewrite_opportunity,function_normalization,no_candidate_sql,false,false,false,false,fail_closed_or_no_candidate_boundary,"non-exact frontier diagnostic row; not SER, POCR, official metric, or leaderboard input"
calcite_hep_fail_closed,calcite_hep_track_a_120_canonical_v0,spark,PORT,PORT_0008,sql_feature,date_time_function,no_candidate_sql,false,false,false,false,fail_closed_or_no_candidate_boundary,"non-exact frontier diagnostic row; not SER, POCR, official metric, or leaderboard input"
calcite_hep_fail_closed,calcite_hep_track_a_120_canonical_v0,spark,PORT,PORT_0008,sql_feature,expression_complexity,no_candidate_sql,false,false,false,false,fail_closed_or_no_candidate_boundary,"non-exact frontier diagnostic row; not SER, POCR, official metric, or leaderboard input"
calcite_hep_fail_closed,calcite_hep_track_a_120_canonical_v0,spark,PORT,PORT_0012,portability_risk,datetime_semantics_gap,no_candidate_sql,false,false,false,false,fail_closed_or_no_candidate_boundary,"non-exact frontier diagnostic row; not SER, POCR, official metric, or leaderboard input"
calcite_hep_fail_closed,calcite_hep_track_a_120_canonical_v0,spark,PORT,PORT_0012,portability_risk,identifier_quoting,no_candidate_sql,false,false,false,false,fail_closed_or_no_candidate_boundary,"non-exact frontier diagnostic row; not SER, POCR, official metric, or leaderboard input"
calcite_hep_fail_closed,calcite_hep_track_a_120_canonical_v0,spark,PORT,PORT_0012,portability_risk,type_semantics_gap,no_candidate_sql,false,false,false,false,fail_closed_or_no_candidate_boundary,"non-exact frontier diagnostic row; not SER, POCR, official metric, or leaderboard input"
calcite_hep_fail_closed,calcite_hep_track_a_120_canonical_v0,spark,PORT,PORT_0012,rewrite_opportunity,dialect_adaptation,no_candidate_sql,false,false,false,false,fail_closed_or_no_candidate_boundary,"non-exact frontier diagnostic row; not SER, POCR, official metric, or leaderboard input"
calcite_hep_fail_closed,calcite_hep_track_a_120_canonical_v0,spark,PORT,PORT_0012,rewrite_opportunity,expression_simplification,no_candidate_sql,false,false,false,false,fail_closed_or_no_candidate_boundary,"non-exact frontier diagnostic row; not SER, POCR, official metric, or leaderboard input"
calcite_hep_fail_closed,calcite_hep_track_a_120_canonical_v0,spark,PORT,PORT_0012,rewrite_opportunity,function_normalization,no_candidate_sql,false,false,false,false,fail_closed_or_no_candidate_boundary,"non-exact frontier diagnostic row; not SER, POCR, official metric, or leaderboard input"
calcite_hep_fail_closed,calcite_hep_track_a_120_canonical_v0,spark,PORT,PORT_0012,sql_feature,date_time_function,no_candidate_sql,false,false,false,false,fail_closed_or_no_candidate_boundary,"non-exact frontier diagnostic row; not SER, POCR, official metric, or leaderboard input"
calcite_hep_fail_closed,calcite_hep_track_a_120_canonical_v0,spark,PORT,PORT_0012,sql_feature,expression_complexity,no_candidate_sql,false,false,false,false,fail_closed_or_no_candidate_boundary,"non-exact frontier diagnostic row; not SER, POCR, official metric, or leaderboard input"
calcite_hep_fail_closed,calcite_hep_track_a_120_canonical_v0,spark,PORT,PORT_0013,portability_risk,boolean_semantics_gap,candidate_execution_failed,true,false,false,false,diagnostic_non_repair1_baseline_frontier,"non-exact frontier diagnostic row; not SER, POCR, official metric, or leaderboard input"
calcite_hep_fail_closed,calcite_hep_track_a_120_canonical_v0,spark,PORT,PORT_0013,portability_risk,complex_expression_density,candidate_execution_failed,true,false,false,false,diagnostic_non_repair1_baseline_frontier,"non-exact frontier diagnostic row; not SER, POCR, official metric, or leaderboard input"
calcite_hep_fail_closed,calcite_hep_track_a_120_canonical_v0,spark,PORT,PORT_0013,portability_risk,identifier_quoting,candidate_execution_failed,true,false,false,false,diagnostic_non_repair1_baseline_frontier,"non-exact frontier diagnostic row; not SER, POCR, official metric, or leaderboard input"
calcite_hep_fail_closed,calcite_hep_track_a_120_canonical_v0,spark,PORT,PORT_0013,portability_risk,type_semantics_gap,candidate_execution_failed,true,false,false,false,diagnostic_non_repair1_baseline_frontier,"non-exact frontier diagnostic row; not SER, POCR, official metric, or leaderboard input"
calcite_hep_fail_closed,calcite_hep_track_a_120_canonical_v0,spark,PORT,PORT_0013,rewrite_opportunity,dialect_adaptation,candidate_execution_failed,true,false,false,false,diagnostic_non_repair1_baseline_frontier,"non-exact frontier diagnostic row; not SER, POCR, official metric, or leaderboard input"
calcite_hep_fail_closed,calcite_hep_track_a_120_canonical_v0,spark,PORT,PORT_0013,rewrite_opportunity,expression_simplification,candidate_execution_failed,true,false,false,false,diagnostic_non_repair1_baseline_frontier,"non-exact frontier diagnostic row; not SER, POCR, official metric, or leaderboard input"
calcite_hep_fail_closed,calcite_hep_track_a_120_canonical_v0,spark,PORT,PORT_0013,sql_feature,expression_complexity,candidate_execution_failed,true,false,false,false,diagnostic_non_repair1_baseline_frontier,"non-exact frontier diagnostic row; not SER, POCR, official metric, or leaderboard input"
calcite_hep_fail_closed,calcite_hep_track_a_120_canonical_v0,spark,PORT,PORT_0022,portability_risk,date_filter_semantics,no_candidate_sql,false,false,false,false,fail_closed_or_no_candidate_boundary,"non-exact frontier diagnostic row; not SER, POCR, official metric, or leaderboard input"
calcite_hep_fail_closed,calcite_hep_track_a_120_canonical_v0,spark,PORT,PORT_0022,portability_risk,date_time_semantics,no_candidate_sql,false,false,false,false,fail_closed_or_no_candidate_boundary,"non-exact frontier diagnostic row; not SER, POCR, official metric, or leaderboard input"
calcite_hep_fail_closed,calcite_hep_track_a_120_canonical_v0,spark,PORT,PORT_0022,portability_risk,join_aggregate_input_boundary,no_candidate_sql,false,false,false,false,fail_closed_or_no_candidate_boundary,"non-exact frontier diagnostic row; not SER, POCR, official metric, or leaderboard input"
calcite_hep_fail_closed,calcite_hep_track_a_120_canonical_v0,spark,PORT,PORT_0022,portability_risk,literal_predicate_boundary,no_candidate_sql,false,false,false,false,fail_closed_or_no_candidate_boundary,"non-exact frontier diagnostic row; not SER, POCR, official metric, or leaderboard input"
calcite_hep_fail_closed,calcite_hep_track_a_120_canonical_v0,spark,PORT,PORT_0022,portability_risk,type_coercion,no_candidate_sql,false,false,false,false,fail_closed_or_no_candidate_boundary,"non-exact frontier diagnostic row; not SER, POCR, official metric, or leaderboard input"
calcite_hep_fail_closed,calcite_hep_track_a_120_canonical_v0,spark,PORT,PORT_0022,rewrite_opportunity,dialect_adaptation,no_candidate_sql,false,false,false,false,fail_closed_or_no_candidate_boundary,"non-exact frontier diagnostic row; not SER, POCR, official metric, or leaderboard input"
calcite_hep_fail_closed,calcite_hep_track_a_120_canonical_v0,spark,PORT,PORT_0024,portability_risk,aggregate_expression_semantics,unsupported_engine,true,false,false,false,unsupported_engine_boundary,"non-exact frontier diagnostic row; not SER, POCR, official metric, or leaderboard input"
calcite_hep_fail_closed,calcite_hep_track_a_120_canonical_v0,spark,PORT,PORT_0024,portability_risk,boolean_semantics,unsupported_engine,true,false,false,false,unsupported_engine_boundary,"non-exact frontier diagnostic row; not SER, POCR, official metric, or leaderboard input"
calcite_hep_fail_closed,calcite_hep_track_a_120_canonical_v0,spark,PORT,PORT_0024,portability_risk,literal_predicate_boundary,unsupported_engine,true,false,false,false,unsupported_engine_boundary,"non-exact frontier diagnostic row; not SER, POCR, official metric, or leaderboard input"
calcite_hep_fail_closed,calcite_hep_track_a_120_canonical_v0,spark,PORT,PORT_0024,portability_risk,type_coercion,unsupported_engine,true,false,false,false,unsupported_engine_boundary,"non-exact frontier diagnostic row; not SER, POCR, official metric, or leaderboard input"
calcite_hep_fail_closed,calcite_hep_track_a_120_canonical_v0,spark,PORT,PORT_0024,rewrite_opportunity,dialect_adaptation,unsupported_engine,true,false,false,false,unsupported_engine_boundary,"non-exact frontier diagnostic row; not SER, POCR, official metric, or leaderboard input"
calcite_hep_fail_closed,calcite_hep_track_a_120_canonical_v0,spark,PORT,PORT_0025,portability_risk,date_time_semantics,no_candidate_sql,false,false,false,false,fail_closed_or_no_candidate_boundary,"non-exact frontier diagnostic row; not SER, POCR, official metric, or leaderboard input"
calcite_hep_fail_closed,calcite_hep_track_a_120_canonical_v0,spark,PORT,PORT_0025,portability_risk,order_direction_semantics,no_candidate_sql,false,false,false,false,fail_closed_or_no_candidate_boundary,"non-exact frontier diagnostic row; not SER, POCR, official metric, or leaderboard input"
calcite_hep_fail_closed,calcite_hep_track_a_120_canonical_v0,spark,PORT,PORT_0025,portability_risk,order_limit_semantics,no_candidate_sql,false,false,false,false,fail_closed_or_no_candidate_boundary,"non-exact frontier diagnostic row; not SER, POCR, official metric, or leaderboard input"
calcite_hep_fail_closed,calcite_hep_track_a_120_canonical_v0,spark,PORT,PORT_0025,portability_risk,pagination_or_limit_offset,no_candidate_sql,false,false,false,false,fail_closed_or_no_candidate_boundary,"non-exact frontier diagnostic row; not SER, POCR, official metric, or leaderboard input"
calcite_hep_fail_closed,calcite_hep_track_a_120_canonical_v0,spark,PORT,PORT_0025,portability_risk,top_1_row_selection,no_candidate_sql,false,false,false,false,fail_closed_or_no_candidate_boundary,"non-exact frontier diagnostic row; not SER, POCR, official metric, or leaderboard input"
calcite_hep_fail_closed,calcite_hep_track_a_120_canonical_v0,spark,PORT,PORT_0025,rewrite_opportunity,dialect_adaptation,no_candidate_sql,false,false,false,false,fail_closed_or_no_candidate_boundary,"non-exact frontier diagnostic row; not SER, POCR, official metric, or leaderboard input"
