route_id,run_id,engine,pool,case_id,axis,tag,failure_bucket,row_status,source_executable,candidate_generated,candidate_executable,exact,timed,source_failure_path,source_tag_slice_path,notes
direct_llm_original,direct_llm_original_track_a_120_canonical_v0,postgres,PERF,PERF_0006,rewrite_opportunity,materialization_strategy,none,exact,true,true,true,true,true,,runs/user/direct_llm_original_track_a_120_canonical_v0__postgres/tag_slices.csv,diagnostic join from existing ledger row and retained taxonomy used by tag_slices; tag present in existing tag_slices.csv
direct_llm_original,direct_llm_original_track_a_120_canonical_v0,postgres,PERF,PERF_0006,rewrite_opportunity,predicate_pushdown,none,exact,true,true,true,true,true,,runs/user/direct_llm_original_track_a_120_canonical_v0__postgres/tag_slices.csv,diagnostic join from existing ledger row and retained taxonomy used by tag_slices; tag present in existing tag_slices.csv
direct_llm_original,direct_llm_original_track_a_120_canonical_v0,postgres,PERF,PERF_0006,sql_feature,date_time_function,none,exact,true,true,true,true,true,,runs/user/direct_llm_original_track_a_120_canonical_v0__postgres/tag_slices.csv,diagnostic join from existing ledger row and retained taxonomy used by tag_slices; tag present in existing tag_slices.csv
direct_llm_original,direct_llm_original_track_a_120_canonical_v0,postgres,PERF,PERF_0006,sql_feature,expression_complexity,none,exact,true,true,true,true,true,,runs/user/direct_llm_original_track_a_120_canonical_v0__postgres/tag_slices.csv,diagnostic join from existing ledger row and retained taxonomy used by tag_slices; tag present in existing tag_slices.csv
direct_llm_original,direct_llm_original_track_a_120_canonical_v0,postgres,PERF,PERF_0007,rewrite_opportunity,materialization_strategy,none,exact,true,true,true,true,true,,runs/user/direct_llm_original_track_a_120_canonical_v0__postgres/tag_slices.csv,diagnostic join from existing ledger row and retained taxonomy used by tag_slices; tag present in existing tag_slices.csv
direct_llm_original,direct_llm_original_track_a_120_canonical_v0,postgres,PERF,PERF_0007,rewrite_opportunity,predicate_pushdown,none,exact,true,true,true,true,true,,runs/user/direct_llm_original_track_a_120_canonical_v0__postgres/tag_slices.csv,diagnostic join from existing ledger row and retained taxonomy used by tag_slices; tag present in existing tag_slices.csv
direct_llm_original,direct_llm_original_track_a_120_canonical_v0,postgres,PERF,PERF_0007,sql_feature,date_time_function,none,exact,true,true,true,true,true,,runs/user/direct_llm_original_track_a_120_canonical_v0__postgres/tag_slices.csv,diagnostic join from existing ledger row and retained taxonomy used by tag_slices; tag present in existing tag_slices.csv
direct_llm_original,direct_llm_original_track_a_120_canonical_v0,postgres,PERF,PERF_0008,rewrite_opportunity,materialization_strategy,none,exact,true,true,true,true,true,,runs/user/direct_llm_original_track_a_120_canonical_v0__postgres/tag_slices.csv,diagnostic join from existing ledger row and retained taxonomy used by tag_slices; tag present in existing tag_slices.csv
direct_llm_original,direct_llm_original_track_a_120_canonical_v0,postgres,PERF,PERF_0008,rewrite_opportunity,predicate_pushdown,none,exact,true,true,true,true,true,,runs/user/direct_llm_original_track_a_120_canonical_v0__postgres/tag_slices.csv,diagnostic join from existing ledger row and retained taxonomy used by tag_slices; tag present in existing tag_slices.csv
direct_llm_original,direct_llm_original_track_a_120_canonical_v0,postgres,PERF,PERF_0008,sql_feature,date_time_function,none,exact,true,true,true,true,true,,runs/user/direct_llm_original_track_a_120_canonical_v0__postgres/tag_slices.csv,diagnostic join from existing ledger row and retained taxonomy used by tag_slices; tag present in existing tag_slices.csv
direct_llm_original,direct_llm_original_track_a_120_canonical_v0,postgres,PERF,PERF_0008,sql_feature,subquery_in_from,none,exact,true,true,true,true,true,,runs/user/direct_llm_original_track_a_120_canonical_v0__postgres/tag_slices.csv,diagnostic join from existing ledger row and retained taxonomy used by tag_slices; tag present in existing tag_slices.csv
direct_llm_original,direct_llm_original_track_a_120_canonical_v0,postgres,PERF,PERF_0013,rewrite_opportunity,join_reorder,none,exact,true,true,true,true,true,,runs/user/direct_llm_original_track_a_120_canonical_v0__postgres/tag_slices.csv,diagnostic join from existing ledger row and retained taxonomy used by tag_slices; tag present in existing tag_slices.csv
direct_llm_original,direct_llm_original_track_a_120_canonical_v0,postgres,PERF,PERF_0013,rewrite_opportunity,predicate_pushdown,none,exact,true,true,true,true,true,,runs/user/direct_llm_original_track_a_120_canonical_v0__postgres/tag_slices.csv,diagnostic join from existing ledger row and retained taxonomy used by tag_slices; tag present in existing tag_slices.csv
direct_llm_original,direct_llm_original_track_a_120_canonical_v0,postgres,PERF,PERF_0013,sql_feature,date_time_function,none,exact,true,true,true,true,true,,runs/user/direct_llm_original_track_a_120_canonical_v0__postgres/tag_slices.csv,diagnostic join from existing ledger row and retained taxonomy used by tag_slices; tag present in existing tag_slices.csv
direct_llm_original,direct_llm_original_track_a_120_canonical_v0,postgres,PERF,PERF_0017,rewrite_opportunity,join_reorder,none,exact,true,true,true,true,true,,runs/user/direct_llm_original_track_a_120_canonical_v0__postgres/tag_slices.csv,diagnostic join from existing ledger row and retained taxonomy used by tag_slices; tag present in existing tag_slices.csv
direct_llm_original,direct_llm_original_track_a_120_canonical_v0,postgres,PERF,PERF_0017,rewrite_opportunity,predicate_pushdown,none,exact,true,true,true,true,true,,runs/user/direct_llm_original_track_a_120_canonical_v0__postgres/tag_slices.csv,diagnostic join from existing ledger row and retained taxonomy used by tag_slices; tag present in existing tag_slices.csv
direct_llm_original,direct_llm_original_track_a_120_canonical_v0,postgres,PERF,PERF_0017,sql_feature,date_time_function,none,exact,true,true,true,true,true,,runs/user/direct_llm_original_track_a_120_canonical_v0__postgres/tag_slices.csv,diagnostic join from existing ledger row and retained taxonomy used by tag_slices; tag present in existing tag_slices.csv
direct_llm_original,direct_llm_original_track_a_120_canonical_v0,postgres,PERF,PERF_0019,rewrite_opportunity,materialization_strategy,none,exact,true,true,true,true,true,,runs/user/direct_llm_original_track_a_120_canonical_v0__postgres/tag_slices.csv,diagnostic join from existing ledger row and retained taxonomy used by tag_slices; tag present in existing tag_slices.csv
direct_llm_original,direct_llm_original_track_a_120_canonical_v0,postgres,PERF,PERF_0019,rewrite_opportunity,predicate_pushdown,none,exact,true,true,true,true,true,,runs/user/direct_llm_original_track_a_120_canonical_v0__postgres/tag_slices.csv,diagnostic join from existing ledger row and retained taxonomy used by tag_slices; tag present in existing tag_slices.csv
direct_llm_original,direct_llm_original_track_a_120_canonical_v0,postgres,PERF,PERF_0019,sql_feature,outer_join,none,exact,true,true,true,true,true,,runs/user/direct_llm_original_track_a_120_canonical_v0__postgres/tag_slices.csv,diagnostic join from existing ledger row and retained taxonomy used by tag_slices; tag present in existing tag_slices.csv
direct_llm_original,direct_llm_original_track_a_120_canonical_v0,postgres,PERF,PERF_0019,sql_feature,subquery_in_from,none,exact,true,true,true,true,true,,runs/user/direct_llm_original_track_a_120_canonical_v0__postgres/tag_slices.csv,diagnostic join from existing ledger row and retained taxonomy used by tag_slices; tag present in existing tag_slices.csv
direct_llm_original,direct_llm_original_track_a_120_canonical_v0,postgres,PERF,PERF_0024,rewrite_opportunity,predicate_pushdown,none,exact,true,true,true,true,true,,runs/user/direct_llm_original_track_a_120_canonical_v0__postgres/tag_slices.csv,diagnostic join from existing ledger row and retained taxonomy used by tag_slices; tag present in existing tag_slices.csv
direct_llm_original,direct_llm_original_track_a_120_canonical_v0,postgres,PERF,PERF_0024,rewrite_opportunity,subquery_decorrelation,none,exact,true,true,true,true,true,,runs/user/direct_llm_original_track_a_120_canonical_v0__postgres/tag_slices.csv,diagnostic join from existing ledger row and retained taxonomy used by tag_slices; tag present in existing tag_slices.csv
direct_llm_original,direct_llm_original_track_a_120_canonical_v0,postgres,PERF,PERF_0024,sql_feature,correlated_subquery,none,exact,true,true,true,true,true,,runs/user/direct_llm_original_track_a_120_canonical_v0__postgres/tag_slices.csv,diagnostic join from existing ledger row and retained taxonomy used by tag_slices; tag present in existing tag_slices.csv
direct_llm_original,direct_llm_original_track_a_120_canonical_v0,postgres,PERF,PERF_0024,sql_feature,date_time_function,none,exact,true,true,true,true,true,,runs/user/direct_llm_original_track_a_120_canonical_v0__postgres/tag_slices.csv,diagnostic join from existing ledger row and retained taxonomy used by tag_slices; tag present in existing tag_slices.csv
direct_llm_original,direct_llm_original_track_a_120_canonical_v0,postgres,PERF,PERF_0033,portability_risk,limit_fetch_gap,none,exact,true,true,true,true,true,,runs/user/direct_llm_original_track_a_120_canonical_v0__postgres/tag_slices.csv,diagnostic join from existing ledger row and retained taxonomy used by tag_slices; tag present in existing tag_slices.csv
direct_llm_original,direct_llm_original_track_a_120_canonical_v0,postgres,PERF,PERF_0033,rewrite_opportunity,join_reorder,none,exact,true,true,true,true,true,,runs/user/direct_llm_original_track_a_120_canonical_v0__postgres/tag_slices.csv,diagnostic join from existing ledger row and retained taxonomy used by tag_slices; tag present in existing tag_slices.csv
direct_llm_original,direct_llm_original_track_a_120_canonical_v0,postgres,PERF,PERF_0033,rewrite_opportunity,predicate_pushdown,none,exact,true,true,true,true,true,,runs/user/direct_llm_original_track_a_120_canonical_v0__postgres/tag_slices.csv,diagnostic join from existing ledger row and retained taxonomy used by tag_slices; tag present in existing tag_slices.csv
direct_llm_original,direct_llm_original_track_a_120_canonical_v0,postgres,PERF,PERF_0033,sql_feature,aggregate,none,exact,true,true,true,true,true,,runs/user/direct_llm_original_track_a_120_canonical_v0__postgres/tag_slices.csv,diagnostic join from existing ledger row and retained taxonomy used by tag_slices; tag present in existing tag_slices.csv
direct_llm_original,direct_llm_original_track_a_120_canonical_v0,postgres,PERF,PERF_0033,sql_feature,group_by,none,exact,true,true,true,true,true,,runs/user/direct_llm_original_track_a_120_canonical_v0__postgres/tag_slices.csv,diagnostic join from existing ledger row and retained taxonomy used by tag_slices; tag present in existing tag_slices.csv
direct_llm_original,direct_llm_original_track_a_120_canonical_v0,postgres,PERF,PERF_0033,sql_feature,join,none,exact,true,true,true,true,true,,runs/user/direct_llm_original_track_a_120_canonical_v0__postgres/tag_slices.csv,diagnostic join from existing ledger row and retained taxonomy used by tag_slices; tag present in existing tag_slices.csv
direct_llm_original,direct_llm_original_track_a_120_canonical_v0,postgres,PERF,PERF_0033,sql_feature,limit,none,exact,true,true,true,true,true,,runs/user/direct_llm_original_track_a_120_canonical_v0__postgres/tag_slices.csv,diagnostic join from existing ledger row and retained taxonomy used by tag_slices; tag present in existing tag_slices.csv
direct_llm_original,direct_llm_original_track_a_120_canonical_v0,postgres,PERF,PERF_0033,sql_feature,order_by,none,exact,true,true,true,true,true,,runs/user/direct_llm_original_track_a_120_canonical_v0__postgres/tag_slices.csv,diagnostic join from existing ledger row and retained taxonomy used by tag_slices; tag present in existing tag_slices.csv
direct_llm_original,direct_llm_original_track_a_120_canonical_v0,postgres,PERF,PERF_0034,rewrite_opportunity,materialization_strategy,none,exact,true,true,true,true,true,,runs/user/direct_llm_original_track_a_120_canonical_v0__postgres/tag_slices.csv,diagnostic join from existing ledger row and retained taxonomy used by tag_slices; tag present in existing tag_slices.csv
direct_llm_original,direct_llm_original_track_a_120_canonical_v0,postgres,PERF,PERF_0034,rewrite_opportunity,predicate_pushdown,none,exact,true,true,true,true,true,,runs/user/direct_llm_original_track_a_120_canonical_v0__postgres/tag_slices.csv,diagnostic join from existing ledger row and retained taxonomy used by tag_slices; tag present in existing tag_slices.csv
direct_llm_original,direct_llm_original_track_a_120_canonical_v0,postgres,PERF,PERF_0034,sql_feature,cte,none,exact,true,true,true,true,true,,runs/user/direct_llm_original_track_a_120_canonical_v0__postgres/tag_slices.csv,diagnostic join from existing ledger row and retained taxonomy used by tag_slices; tag present in existing tag_slices.csv
direct_llm_original,direct_llm_original_track_a_120_canonical_v0,postgres,PERF,PERF_0034,sql_feature,set_operation,none,exact,true,true,true,true,true,,runs/user/direct_llm_original_track_a_120_canonical_v0__postgres/tag_slices.csv,diagnostic join from existing ledger row and retained taxonomy used by tag_slices; tag present in existing tag_slices.csv
direct_llm_original,direct_llm_original_track_a_120_canonical_v0,postgres,PERF,PERF_0035,portability_risk,type_semantics_gap,none,exact,true,true,true,true,true,,runs/user/direct_llm_original_track_a_120_canonical_v0__postgres/tag_slices.csv,diagnostic join from existing ledger row and retained taxonomy used by tag_slices; tag present in existing tag_slices.csv
direct_llm_original,direct_llm_original_track_a_120_canonical_v0,postgres,PERF,PERF_0035,rewrite_opportunity,aggregation_rewrite,none,exact,true,true,true,true,true,,runs/user/direct_llm_original_track_a_120_canonical_v0__postgres/tag_slices.csv,diagnostic join from existing ledger row and retained taxonomy used by tag_slices; tag present in existing tag_slices.csv
direct_llm_original,direct_llm_original_track_a_120_canonical_v0,postgres,PERF,PERF_0035,rewrite_opportunity,cte_strategy,none,exact,true,true,true,true,true,,runs/user/direct_llm_original_track_a_120_canonical_v0__postgres/tag_slices.csv,diagnostic join from existing ledger row and retained taxonomy used by tag_slices; tag present in existing tag_slices.csv
direct_llm_original,direct_llm_original_track_a_120_canonical_v0,postgres,PERF,PERF_0035,sql_feature,cte,none,exact,true,true,true,true,true,,runs/user/direct_llm_original_track_a_120_canonical_v0__postgres/tag_slices.csv,diagnostic join from existing ledger row and retained taxonomy used by tag_slices; tag present in existing tag_slices.csv
direct_llm_original,direct_llm_original_track_a_120_canonical_v0,postgres,PERF,PERF_0035,sql_feature,expression_complexity,none,exact,true,true,true,true,true,,runs/user/direct_llm_original_track_a_120_canonical_v0__postgres/tag_slices.csv,diagnostic join from existing ledger row and retained taxonomy used by tag_slices; tag present in existing tag_slices.csv
direct_llm_original,direct_llm_original_track_a_120_canonical_v0,postgres,PERF,PERF_0035,sql_feature,window_function,none,exact,true,true,true,true,true,,runs/user/direct_llm_original_track_a_120_canonical_v0__postgres/tag_slices.csv,diagnostic join from existing ledger row and retained taxonomy used by tag_slices; tag present in existing tag_slices.csv
direct_llm_original,direct_llm_original_track_a_120_canonical_v0,postgres,PERF,PERF_0052,sql_feature,aggregate,none,exact,true,true,true,true,true,,runs/user/direct_llm_original_track_a_120_canonical_v0__postgres/tag_slices.csv,diagnostic join from existing ledger row and retained taxonomy used by tag_slices; tag present in existing tag_slices.csv
direct_llm_original,direct_llm_original_track_a_120_canonical_v0,postgres,PERF,PERF_0052,sql_feature,correlated_subquery,none,exact,true,true,true,true,true,,runs/user/direct_llm_original_track_a_120_canonical_v0__postgres/tag_slices.csv,diagnostic join from existing ledger row and retained taxonomy used by tag_slices; tag present in existing tag_slices.csv
direct_llm_original,direct_llm_original_track_a_120_canonical_v0,postgres,PERF,PERF_0052,sql_feature,cte,none,exact,true,true,true,true,true,,runs/user/direct_llm_original_track_a_120_canonical_v0__postgres/tag_slices.csv,diagnostic join from existing ledger row and retained taxonomy used by tag_slices; tag present in existing tag_slices.csv
direct_llm_original,direct_llm_original_track_a_120_canonical_v0,postgres,PERF,PERF_0052,sql_feature,group_by,none,exact,true,true,true,true,true,,runs/user/direct_llm_original_track_a_120_canonical_v0__postgres/tag_slices.csv,diagnostic join from existing ledger row and retained taxonomy used by tag_slices; tag present in existing tag_slices.csv
direct_llm_original,direct_llm_original_track_a_120_canonical_v0,postgres,PERF,PERF_0052,sql_feature,limit,none,exact,true,true,true,true,true,,runs/user/direct_llm_original_track_a_120_canonical_v0__postgres/tag_slices.csv,diagnostic join from existing ledger row and retained taxonomy used by tag_slices; tag present in existing tag_slices.csv
direct_llm_original,direct_llm_original_track_a_120_canonical_v0,postgres,PERF,PERF_0052,sql_feature,order_by,none,exact,true,true,true,true,true,,runs/user/direct_llm_original_track_a_120_canonical_v0__postgres/tag_slices.csv,diagnostic join from existing ledger row and retained taxonomy used by tag_slices; tag present in existing tag_slices.csv
direct_llm_original,direct_llm_original_track_a_120_canonical_v0,postgres,PERF,PERF_0054,sql_feature,aggregate,none,exact,true,true,true,true,true,,runs/user/direct_llm_original_track_a_120_canonical_v0__postgres/tag_slices.csv,diagnostic join from existing ledger row and retained taxonomy used by tag_slices; tag present in existing tag_slices.csv
direct_llm_original,direct_llm_original_track_a_120_canonical_v0,postgres,PERF,PERF_0054,sql_feature,group_by,none,exact,true,true,true,true,true,,runs/user/direct_llm_original_track_a_120_canonical_v0__postgres/tag_slices.csv,diagnostic join from existing ledger row and retained taxonomy used by tag_slices; tag present in existing tag_slices.csv
direct_llm_original,direct_llm_original_track_a_120_canonical_v0,postgres,PERF,PERF_0054,sql_feature,join,none,exact,true,true,true,true,true,,runs/user/direct_llm_original_track_a_120_canonical_v0__postgres/tag_slices.csv,diagnostic join from existing ledger row and retained taxonomy used by tag_slices; tag present in existing tag_slices.csv
direct_llm_original,direct_llm_original_track_a_120_canonical_v0,postgres,PERF,PERF_0054,sql_feature,limit,none,exact,true,true,true,true,true,,runs/user/direct_llm_original_track_a_120_canonical_v0__postgres/tag_slices.csv,diagnostic join from existing ledger row and retained taxonomy used by tag_slices; tag present in existing tag_slices.csv
direct_llm_original,direct_llm_original_track_a_120_canonical_v0,postgres,PERF,PERF_0054,sql_feature,order_by,none,exact,true,true,true,true,true,,runs/user/direct_llm_original_track_a_120_canonical_v0__postgres/tag_slices.csv,diagnostic join from existing ledger row and retained taxonomy used by tag_slices; tag present in existing tag_slices.csv
direct_llm_original,direct_llm_original_track_a_120_canonical_v0,postgres,PERF,PERF_0056,sql_feature,aggregate,none,exact,true,true,true,true,true,,runs/user/direct_llm_original_track_a_120_canonical_v0__postgres/tag_slices.csv,diagnostic join from existing ledger row and retained taxonomy used by tag_slices; tag present in existing tag_slices.csv
direct_llm_original,direct_llm_original_track_a_120_canonical_v0,postgres,PERF,PERF_0056,sql_feature,group_by,none,exact,true,true,true,true,true,,runs/user/direct_llm_original_track_a_120_canonical_v0__postgres/tag_slices.csv,diagnostic join from existing ledger row and retained taxonomy used by tag_slices; tag present in existing tag_slices.csv
direct_llm_original,direct_llm_original_track_a_120_canonical_v0,postgres,PERF,PERF_0056,sql_feature,having,none,exact,true,true,true,true,true,,runs/user/direct_llm_original_track_a_120_canonical_v0__postgres/tag_slices.csv,diagnostic join from existing ledger row and retained taxonomy used by tag_slices; tag present in existing tag_slices.csv
direct_llm_original,direct_llm_original_track_a_120_canonical_v0,postgres,PERF,PERF_0056,sql_feature,limit,none,exact,true,true,true,true,true,,runs/user/direct_llm_original_track_a_120_canonical_v0__postgres/tag_slices.csv,diagnostic join from existing ledger row and retained taxonomy used by tag_slices; tag present in existing tag_slices.csv
direct_llm_original,direct_llm_original_track_a_120_canonical_v0,postgres,PERF,PERF_0056,sql_feature,order_by,none,exact,true,true,true,true,true,,runs/user/direct_llm_original_track_a_120_canonical_v0__postgres/tag_slices.csv,diagnostic join from existing ledger row and retained taxonomy used by tag_slices; tag present in existing tag_slices.csv
direct_llm_original,direct_llm_original_track_a_120_canonical_v0,postgres,PERF,PERF_0056,sql_feature,scalar_subquery,none,exact,true,true,true,true,true,,runs/user/direct_llm_original_track_a_120_canonical_v0__postgres/tag_slices.csv,diagnostic join from existing ledger row and retained taxonomy used by tag_slices; tag present in existing tag_slices.csv
direct_llm_original,direct_llm_original_track_a_120_canonical_v0,postgres,PERF,PERF_0062,sql_feature,aggregate,none,exact,true,true,true,true,true,,runs/user/direct_llm_original_track_a_120_canonical_v0__postgres/tag_slices.csv,diagnostic join from existing ledger row and retained taxonomy used by tag_slices; tag present in existing tag_slices.csv
direct_llm_original,direct_llm_original_track_a_120_canonical_v0,postgres,PERF,PERF_0062,sql_feature,disjunction,none,exact,true,true,true,true,true,,runs/user/direct_llm_original_track_a_120_canonical_v0__postgres/tag_slices.csv,diagnostic join from existing ledger row and retained taxonomy used by tag_slices; tag present in existing tag_slices.csv
direct_llm_original,direct_llm_original_track_a_120_canonical_v0,postgres,PERF,PERF_0062,sql_feature,join,none,exact,true,true,true,true,true,,runs/user/direct_llm_original_track_a_120_canonical_v0__postgres/tag_slices.csv,diagnostic join from existing ledger row and retained taxonomy used by tag_slices; tag present in existing tag_slices.csv
direct_llm_original,direct_llm_original_track_a_120_canonical_v0,postgres,PERF,PERF_0062,sql_feature,range_predicate,none,exact,true,true,true,true,true,,runs/user/direct_llm_original_track_a_120_canonical_v0__postgres/tag_slices.csv,diagnostic join from existing ledger row and retained taxonomy used by tag_slices; tag present in existing tag_slices.csv
direct_llm_original,direct_llm_original_track_a_120_canonical_v0,postgres,PERF,PERF_0077,sql_feature,aggregate,none,exact,true,true,true,true,true,,runs/user/direct_llm_original_track_a_120_canonical_v0__postgres/tag_slices.csv,diagnostic join from existing ledger row and retained taxonomy used by tag_slices; tag present in existing tag_slices.csv
direct_llm_original,direct_llm_original_track_a_120_canonical_v0,postgres,PERF,PERF_0077,sql_feature,filter,none,exact,true,true,true,true,true,,runs/user/direct_llm_original_track_a_120_canonical_v0__postgres/tag_slices.csv,diagnostic join from existing ledger row and retained taxonomy used by tag_slices; tag present in existing tag_slices.csv
direct_llm_original,direct_llm_original_track_a_120_canonical_v0,postgres,PERF,PERF_0077,sql_feature,join,none,exact,true,true,true,true,true,,runs/user/direct_llm_original_track_a_120_canonical_v0__postgres/tag_slices.csv,diagnostic join from existing ledger row and retained taxonomy used by tag_slices; tag present in existing tag_slices.csv
direct_llm_original,direct_llm_original_track_a_120_canonical_v0,postgres,PERF,PERF_0077,sql_feature,text_like_predicate,none,exact,true,true,true,true,true,,runs/user/direct_llm_original_track_a_120_canonical_v0__postgres/tag_slices.csv,diagnostic join from existing ledger row and retained taxonomy used by tag_slices; tag present in existing tag_slices.csv
direct_llm_original,direct_llm_original_track_a_120_canonical_v0,postgres,PERF,PERF_0082,sql_feature,aggregate,none,exact,true,true,true,true,true,,runs/user/direct_llm_original_track_a_120_canonical_v0__postgres/tag_slices.csv,diagnostic join from existing ledger row and retained taxonomy used by tag_slices; tag present in existing tag_slices.csv
direct_llm_original,direct_llm_original_track_a_120_canonical_v0,postgres,PERF,PERF_0082,sql_feature,filter,none,exact,true,true,true,true,true,,runs/user/direct_llm_original_track_a_120_canonical_v0__postgres/tag_slices.csv,diagnostic join from existing ledger row and retained taxonomy used by tag_slices; tag present in existing tag_slices.csv
direct_llm_original,direct_llm_original_track_a_120_canonical_v0,postgres,PERF,PERF_0082,sql_feature,join,none,exact,true,true,true,true,true,,runs/user/direct_llm_original_track_a_120_canonical_v0__postgres/tag_slices.csv,diagnostic join from existing ledger row and retained taxonomy used by tag_slices; tag present in existing tag_slices.csv
direct_llm_original,direct_llm_original_track_a_120_canonical_v0,postgres,PERF,PERF_0082,sql_feature,materialize,none,exact,true,true,true,true,true,,runs/user/direct_llm_original_track_a_120_canonical_v0__postgres/tag_slices.csv,diagnostic join from existing ledger row and retained taxonomy used by tag_slices; tag present in existing tag_slices.csv
direct_llm_original,direct_llm_original_track_a_120_canonical_v0,postgres,PERF,PERF_0082,sql_feature,text_like_predicate,none,exact,true,true,true,true,true,,runs/user/direct_llm_original_track_a_120_canonical_v0__postgres/tag_slices.csv,diagnostic join from existing ledger row and retained taxonomy used by tag_slices; tag present in existing tag_slices.csv
direct_llm_original,direct_llm_original_track_a_120_canonical_v0,postgres,CONS,CONS_0005,portability_risk,null_semantics_gap,mismatch,mismatch,true,true,true,false,false,runs/user/direct_llm_original_track_a_120_canonical_v0__postgres/failures.csv,runs/user/direct_llm_original_track_a_120_canonical_v0__postgres/tag_slices.csv,diagnostic join from existing ledger row and retained taxonomy used by tag_slices; tag present in existing tag_slices.csv
direct_llm_original,direct_llm_original_track_a_120_canonical_v0,postgres,CONS,CONS_0005,rewrite_opportunity,subquery_decorrelation,mismatch,mismatch,true,true,true,false,false,runs/user/direct_llm_original_track_a_120_canonical_v0__postgres/failures.csv,runs/user/direct_llm_original_track_a_120_canonical_v0__postgres/tag_slices.csv,diagnostic join from existing ledger row and retained taxonomy used by tag_slices; tag present in existing tag_slices.csv
direct_llm_original,direct_llm_original_track_a_120_canonical_v0,postgres,CONS,CONS_0005,sql_feature,correlated_subquery,mismatch,mismatch,true,true,true,false,false,runs/user/direct_llm_original_track_a_120_canonical_v0__postgres/failures.csv,runs/user/direct_llm_original_track_a_120_canonical_v0__postgres/tag_slices.csv,diagnostic join from existing ledger row and retained taxonomy used by tag_slices; tag present in existing tag_slices.csv
direct_llm_original,direct_llm_original_track_a_120_canonical_v0,postgres,CONS,CONS_0007,sql_feature,correlated_subquery,none,exact,true,true,true,true,true,,runs/user/direct_llm_original_track_a_120_canonical_v0__postgres/tag_slices.csv,diagnostic join from existing ledger row and retained taxonomy used by tag_slices; tag present in existing tag_slices.csv
direct_llm_original,direct_llm_original_track_a_120_canonical_v0,postgres,CONS,CONS_0007,sql_feature,subquery_in_from,none,exact,true,true,true,true,true,,runs/user/direct_llm_original_track_a_120_canonical_v0__postgres/tag_slices.csv,diagnostic join from existing ledger row and retained taxonomy used by tag_slices; tag present in existing tag_slices.csv
direct_llm_original,direct_llm_original_track_a_120_canonical_v0,postgres,CONS,CONS_0009,sql_feature,correlated_subquery,none,exact,true,true,true,true,true,,runs/user/direct_llm_original_track_a_120_canonical_v0__postgres/tag_slices.csv,diagnostic join from existing ledger row and retained taxonomy used by tag_slices; tag present in existing tag_slices.csv
direct_llm_original,direct_llm_original_track_a_120_canonical_v0,postgres,CONS,CONS_0009,sql_feature,set_operation,none,exact,true,true,true,true,true,,runs/user/direct_llm_original_track_a_120_canonical_v0__postgres/tag_slices.csv,diagnostic join from existing ledger row and retained taxonomy used by tag_slices; tag present in existing tag_slices.csv
direct_llm_original,direct_llm_original_track_a_120_canonical_v0,postgres,CONS,CONS_0010,sql_feature,correlated_subquery,none,exact,true,true,true,true,true,,runs/user/direct_llm_original_track_a_120_canonical_v0__postgres/tag_slices.csv,diagnostic join from existing ledger row and retained taxonomy used by tag_slices; tag present in existing tag_slices.csv
direct_llm_original,direct_llm_original_track_a_120_canonical_v0,postgres,CONS,CONS_0011,sql_feature,correlated_subquery,none,exact,true,true,true,true,true,,runs/user/direct_llm_original_track_a_120_canonical_v0__postgres/tag_slices.csv,diagnostic join from existing ledger row and retained taxonomy used by tag_slices; tag present in existing tag_slices.csv
direct_llm_original,direct_llm_original_track_a_120_canonical_v0,postgres,CONS,CONS_0011,sql_feature,outer_join,none,exact,true,true,true,true,true,,runs/user/direct_llm_original_track_a_120_canonical_v0__postgres/tag_slices.csv,diagnostic join from existing ledger row and retained taxonomy used by tag_slices; tag present in existing tag_slices.csv
direct_llm_original,direct_llm_original_track_a_120_canonical_v0,postgres,CONS,CONS_0012,portability_risk,limit_fetch_gap,none,exact,true,true,true,true,true,,runs/user/direct_llm_original_track_a_120_canonical_v0__postgres/tag_slices.csv,diagnostic join from existing ledger row and retained taxonomy used by tag_slices; tag present in existing tag_slices.csv
direct_llm_original,direct_llm_original_track_a_120_canonical_v0,postgres,CONS,CONS_0012,rewrite_opportunity,order_limit_simplification,none,exact,true,true,true,true,true,,runs/user/direct_llm_original_track_a_120_canonical_v0__postgres/tag_slices.csv,diagnostic join from existing ledger row and retained taxonomy used by tag_slices; tag present in existing tag_slices.csv
direct_llm_original,direct_llm_original_track_a_120_canonical_v0,postgres,CONS,CONS_0012,rewrite_opportunity,subquery_decorrelation,none,exact,true,true,true,true,true,,runs/user/direct_llm_original_track_a_120_canonical_v0__postgres/tag_slices.csv,diagnostic join from existing ledger row and retained taxonomy used by tag_slices; tag present in existing tag_slices.csv
direct_llm_original,direct_llm_original_track_a_120_canonical_v0,postgres,CONS,CONS_0012,sql_feature,correlated_subquery,none,exact,true,true,true,true,true,,runs/user/direct_llm_original_track_a_120_canonical_v0__postgres/tag_slices.csv,diagnostic join from existing ledger row and retained taxonomy used by tag_slices; tag present in existing tag_slices.csv
direct_llm_original,direct_llm_original_track_a_120_canonical_v0,postgres,CONS,CONS_0024,rewrite_opportunity,subquery_decorrelation,none,exact,true,true,true,true,true,,runs/user/direct_llm_original_track_a_120_canonical_v0__postgres/tag_slices.csv,diagnostic join from existing ledger row and retained taxonomy used by tag_slices; tag present in existing tag_slices.csv
direct_llm_original,direct_llm_original_track_a_120_canonical_v0,postgres,CONS,CONS_0024,sql_feature,correlated_subquery,none,exact,true,true,true,true,true,,runs/user/direct_llm_original_track_a_120_canonical_v0__postgres/tag_slices.csv,diagnostic join from existing ledger row and retained taxonomy used by tag_slices; tag present in existing tag_slices.csv
direct_llm_original,direct_llm_original_track_a_120_canonical_v0,postgres,CONS,CONS_0024,sql_feature,outer_join,none,exact,true,true,true,true,true,,runs/user/direct_llm_original_track_a_120_canonical_v0__postgres/tag_slices.csv,diagnostic join from existing ledger row and retained taxonomy used by tag_slices; tag present in existing tag_slices.csv
direct_llm_original,direct_llm_original_track_a_120_canonical_v0,postgres,CONS,CONS_0036,rewrite_opportunity,aggregation_rewrite,none,exact,true,true,true,true,true,,runs/user/direct_llm_original_track_a_120_canonical_v0__postgres/tag_slices.csv,diagnostic join from existing ledger row and retained taxonomy used by tag_slices; tag present in existing tag_slices.csv
direct_llm_original,direct_llm_original_track_a_120_canonical_v0,postgres,CONS,CONS_0036,rewrite_opportunity,predicate_pushdown,none,exact,true,true,true,true,true,,runs/user/direct_llm_original_track_a_120_canonical_v0__postgres/tag_slices.csv,diagnostic join from existing ledger row and retained taxonomy used by tag_slices; tag present in existing tag_slices.csv
direct_llm_original,direct_llm_original_track_a_120_canonical_v0,postgres,CONS,CONS_0037,rewrite_opportunity,aggregation_rewrite,none,exact,true,true,true,true,true,,runs/user/direct_llm_original_track_a_120_canonical_v0__postgres/tag_slices.csv,diagnostic join from existing ledger row and retained taxonomy used by tag_slices; tag present in existing tag_slices.csv
direct_llm_original,direct_llm_original_track_a_120_canonical_v0,postgres,CONS,CONS_0037,sql_feature,outer_join,none,exact,true,true,true,true,true,,runs/user/direct_llm_original_track_a_120_canonical_v0__postgres/tag_slices.csv,diagnostic join from existing ledger row and retained taxonomy used by tag_slices; tag present in existing tag_slices.csv
direct_llm_original,direct_llm_original_track_a_120_canonical_v0,postgres,PORT,PORT_0003,portability_risk,identifier_quoting,none,exact,true,true,true,true,true,,runs/user/direct_llm_original_track_a_120_canonical_v0__postgres/tag_slices.csv,diagnostic join from existing ledger row and retained taxonomy used by tag_slices; tag present in existing tag_slices.csv
direct_llm_original,direct_llm_original_track_a_120_canonical_v0,postgres,PORT,PORT_0003,portability_risk,limit_fetch_gap,none,exact,true,true,true,true,true,,runs/user/direct_llm_original_track_a_120_canonical_v0__postgres/tag_slices.csv,diagnostic join from existing ledger row and retained taxonomy used by tag_slices; tag present in existing tag_slices.csv
direct_llm_original,direct_llm_original_track_a_120_canonical_v0,postgres,PORT,PORT_0003,portability_risk,null_semantics_gap,none,exact,true,true,true,true,true,,runs/user/direct_llm_original_track_a_120_canonical_v0__postgres/tag_slices.csv,diagnostic join from existing ledger row and retained taxonomy used by tag_slices; tag present in existing tag_slices.csv
direct_llm_original,direct_llm_original_track_a_120_canonical_v0,postgres,PORT,PORT_0003,rewrite_opportunity,dialect_adaptation,none,exact,true,true,true,true,true,,runs/user/direct_llm_original_track_a_120_canonical_v0__postgres/tag_slices.csv,diagnostic join from existing ledger row and retained taxonomy used by tag_slices; tag present in existing tag_slices.csv
direct_llm_original,direct_llm_original_track_a_120_canonical_v0,postgres,PORT,PORT_0003,rewrite_opportunity,order_limit_simplification,none,exact,true,true,true,true,true,,runs/user/direct_llm_original_track_a_120_canonical_v0__postgres/tag_slices.csv,diagnostic join from existing ledger row and retained taxonomy used by tag_slices; tag present in existing tag_slices.csv
direct_llm_original,direct_llm_original_track_a_120_canonical_v0,postgres,PORT,PORT_0004,portability_risk,date_filter_semantics,none,exact,true,true,true,true,false,,runs/user/direct_llm_original_track_a_120_canonical_v0__postgres/tag_slices.csv,diagnostic join from existing ledger row and retained taxonomy used by tag_slices; tag present in existing tag_slices.csv
direct_llm_original,direct_llm_original_track_a_120_canonical_v0,postgres,PORT,PORT_0004,portability_risk,datetime_semantics_gap,none,exact,true,true,true,true,false,,runs/user/direct_llm_original_track_a_120_canonical_v0__postgres/tag_slices.csv,diagnostic join from existing ledger row and retained taxonomy used by tag_slices; tag present in existing tag_slices.csv
direct_llm_original,direct_llm_original_track_a_120_canonical_v0,postgres,PORT,PORT_0004,portability_risk,identifier_quoting,none,exact,true,true,true,true,false,,runs/user/direct_llm_original_track_a_120_canonical_v0__postgres/tag_slices.csv,diagnostic join from existing ledger row and retained taxonomy used by tag_slices; tag present in existing tag_slices.csv
direct_llm_original,direct_llm_original_track_a_120_canonical_v0,postgres,PORT,PORT_0004,portability_risk,literal_predicate_boundary,none,exact,true,true,true,true,false,,runs/user/direct_llm_original_track_a_120_canonical_v0__postgres/tag_slices.csv,diagnostic join from existing ledger row and retained taxonomy used by tag_slices; tag present in existing tag_slices.csv
direct_llm_original,direct_llm_original_track_a_120_canonical_v0,postgres,PORT,PORT_0004,portability_risk,result_set_semantics,none,exact,true,true,true,true,false,,runs/user/direct_llm_original_track_a_120_canonical_v0__postgres/tag_slices.csv,diagnostic join from existing ledger row and retained taxonomy used by tag_slices; tag present in existing tag_slices.csv
direct_llm_original,direct_llm_original_track_a_120_canonical_v0,postgres,PORT,PORT_0004,portability_risk,type_semantics_gap,none,exact,true,true,true,true,false,,runs/user/direct_llm_original_track_a_120_canonical_v0__postgres/tag_slices.csv,diagnostic join from existing ledger row and retained taxonomy used by tag_slices; tag present in existing tag_slices.csv
direct_llm_original,direct_llm_original_track_a_120_canonical_v0,postgres,PORT,PORT_0004,rewrite_opportunity,dialect_adaptation,none,exact,true,true,true,true,false,,runs/user/direct_llm_original_track_a_120_canonical_v0__postgres/tag_slices.csv,diagnostic join from existing ledger row and retained taxonomy used by tag_slices; tag present in existing tag_slices.csv
direct_llm_original,direct_llm_original_track_a_120_canonical_v0,postgres,PORT,PORT_0005,portability_risk,identifier_quoting,none,exact,true,true,true,true,true,,runs/user/direct_llm_original_track_a_120_canonical_v0__postgres/tag_slices.csv,diagnostic join from existing ledger row and retained taxonomy used by tag_slices; tag present in existing tag_slices.csv
direct_llm_original,direct_llm_original_track_a_120_canonical_v0,postgres,PORT,PORT_0005,portability_risk,limit_fetch_gap,none,exact,true,true,true,true,true,,runs/user/direct_llm_original_track_a_120_canonical_v0__postgres/tag_slices.csv,diagnostic join from existing ledger row and retained taxonomy used by tag_slices; tag present in existing tag_slices.csv
direct_llm_original,direct_llm_original_track_a_120_canonical_v0,postgres,PORT,PORT_0005,portability_risk,null_semantics_gap,none,exact,true,true,true,true,true,,runs/user/direct_llm_original_track_a_120_canonical_v0__postgres/tag_slices.csv,diagnostic join from existing ledger row and retained taxonomy used by tag_slices; tag present in existing tag_slices.csv
direct_llm_original,direct_llm_original_track_a_120_canonical_v0,postgres,PORT,PORT_0005,portability_risk,order_direction_gap,none,exact,true,true,true,true,true,,runs/user/direct_llm_original_track_a_120_canonical_v0__postgres/tag_slices.csv,diagnostic join from existing ledger row and retained taxonomy used by tag_slices; tag present in existing tag_slices.csv
direct_llm_original,direct_llm_original_track_a_120_canonical_v0,postgres,PORT,PORT_0005,rewrite_opportunity,dialect_adaptation,none,exact,true,true,true,true,true,,runs/user/direct_llm_original_track_a_120_canonical_v0__postgres/tag_slices.csv,diagnostic join from existing ledger row and retained taxonomy used by tag_slices; tag present in existing tag_slices.csv
direct_llm_original,direct_llm_original_track_a_120_canonical_v0,postgres,PORT,PORT_0005,rewrite_opportunity,order_limit_simplification,none,exact,true,true,true,true,true,,runs/user/direct_llm_original_track_a_120_canonical_v0__postgres/tag_slices.csv,diagnostic join from existing ledger row and retained taxonomy used by tag_slices; tag present in existing tag_slices.csv
direct_llm_original,direct_llm_original_track_a_120_canonical_v0,postgres,PORT,PORT_0008,portability_risk,date_time_semantics,none,exact,true,true,true,true,true,,runs/user/direct_llm_original_track_a_120_canonical_v0__postgres/tag_slices.csv,diagnostic join from existing ledger row and retained taxonomy used by tag_slices; tag present in existing tag_slices.csv
direct_llm_original,direct_llm_original_track_a_120_canonical_v0,postgres,PORT,PORT_0008,portability_risk,identifier_case_or_quoting,none,exact,true,true,true,true,true,,runs/user/direct_llm_original_track_a_120_canonical_v0__postgres/tag_slices.csv,diagnostic join from existing ledger row and retained taxonomy used by tag_slices; tag present in existing tag_slices.csv
direct_llm_original,direct_llm_original_track_a_120_canonical_v0,postgres,PORT,PORT_0008,portability_risk,type_coercion,none,exact,true,true,true,true,true,,runs/user/direct_llm_original_track_a_120_canonical_v0__postgres/tag_slices.csv,diagnostic join from existing ledger row and retained taxonomy used by tag_slices; tag present in existing tag_slices.csv
direct_llm_original,direct_llm_original_track_a_120_canonical_v0,postgres,PORT,PORT_0008,rewrite_opportunity,dialect_adaptation,none,exact,true,true,true,true,true,,runs/user/direct_llm_original_track_a_120_canonical_v0__postgres/tag_slices.csv,diagnostic join from existing ledger row and retained taxonomy used by tag_slices; tag present in existing tag_slices.csv
direct_llm_original,direct_llm_original_track_a_120_canonical_v0,postgres,PORT,PORT_0008,rewrite_opportunity,function_normalization,none,exact,true,true,true,true,true,,runs/user/direct_llm_original_track_a_120_canonical_v0__postgres/tag_slices.csv,diagnostic join from existing ledger row and retained taxonomy used by tag_slices; tag present in existing tag_slices.csv
direct_llm_original,direct_llm_original_track_a_120_canonical_v0,postgres,PORT,PORT_0008,sql_feature,date_time_function,none,exact,true,true,true,true,true,,runs/user/direct_llm_original_track_a_120_canonical_v0__postgres/tag_slices.csv,diagnostic join from existing ledger row and retained taxonomy used by tag_slices; tag present in existing tag_slices.csv
direct_llm_original,direct_llm_original_track_a_120_canonical_v0,postgres,PORT,PORT_0008,sql_feature,expression_complexity,none,exact,true,true,true,true,true,,runs/user/direct_llm_original_track_a_120_canonical_v0__postgres/tag_slices.csv,diagnostic join from existing ledger row and retained taxonomy used by tag_slices; tag present in existing tag_slices.csv
direct_llm_original,direct_llm_original_track_a_120_canonical_v0,postgres,PORT,PORT_0012,portability_risk,datetime_semantics_gap,none,exact,true,true,true,true,true,,runs/user/direct_llm_original_track_a_120_canonical_v0__postgres/tag_slices.csv,diagnostic join from existing ledger row and retained taxonomy used by tag_slices; tag present in existing tag_slices.csv
direct_llm_original,direct_llm_original_track_a_120_canonical_v0,postgres,PORT,PORT_0012,portability_risk,identifier_quoting,none,exact,true,true,true,true,true,,runs/user/direct_llm_original_track_a_120_canonical_v0__postgres/tag_slices.csv,diagnostic join from existing ledger row and retained taxonomy used by tag_slices; tag present in existing tag_slices.csv
direct_llm_original,direct_llm_original_track_a_120_canonical_v0,postgres,PORT,PORT_0012,portability_risk,type_semantics_gap,none,exact,true,true,true,true,true,,runs/user/direct_llm_original_track_a_120_canonical_v0__postgres/tag_slices.csv,diagnostic join from existing ledger row and retained taxonomy used by tag_slices; tag present in existing tag_slices.csv
direct_llm_original,direct_llm_original_track_a_120_canonical_v0,postgres,PORT,PORT_0012,rewrite_opportunity,dialect_adaptation,none,exact,true,true,true,true,true,,runs/user/direct_llm_original_track_a_120_canonical_v0__postgres/tag_slices.csv,diagnostic join from existing ledger row and retained taxonomy used by tag_slices; tag present in existing tag_slices.csv
direct_llm_original,direct_llm_original_track_a_120_canonical_v0,postgres,PORT,PORT_0012,rewrite_opportunity,expression_simplification,none,exact,true,true,true,true,true,,runs/user/direct_llm_original_track_a_120_canonical_v0__postgres/tag_slices.csv,diagnostic join from existing ledger row and retained taxonomy used by tag_slices; tag present in existing tag_slices.csv
direct_llm_original,direct_llm_original_track_a_120_canonical_v0,postgres,PORT,PORT_0012,rewrite_opportunity,function_normalization,none,exact,true,true,true,true,true,,runs/user/direct_llm_original_track_a_120_canonical_v0__postgres/tag_slices.csv,diagnostic join from existing ledger row and retained taxonomy used by tag_slices; tag present in existing tag_slices.csv
direct_llm_original,direct_llm_original_track_a_120_canonical_v0,postgres,PORT,PORT_0012,sql_feature,date_time_function,none,exact,true,true,true,true,true,,runs/user/direct_llm_original_track_a_120_canonical_v0__postgres/tag_slices.csv,diagnostic join from existing ledger row and retained taxonomy used by tag_slices; tag present in existing tag_slices.csv
direct_llm_original,direct_llm_original_track_a_120_canonical_v0,postgres,PORT,PORT_0012,sql_feature,expression_complexity,none,exact,true,true,true,true,true,,runs/user/direct_llm_original_track_a_120_canonical_v0__postgres/tag_slices.csv,diagnostic join from existing ledger row and retained taxonomy used by tag_slices; tag present in existing tag_slices.csv
direct_llm_original,direct_llm_original_track_a_120_canonical_v0,postgres,PORT,PORT_0013,portability_risk,boolean_semantics_gap,none,exact,true,true,true,true,false,,runs/user/direct_llm_original_track_a_120_canonical_v0__postgres/tag_slices.csv,diagnostic join from existing ledger row and retained taxonomy used by tag_slices; tag present in existing tag_slices.csv
direct_llm_original,direct_llm_original_track_a_120_canonical_v0,postgres,PORT,PORT_0013,portability_risk,complex_expression_density,none,exact,true,true,true,true,false,,runs/user/direct_llm_original_track_a_120_canonical_v0__postgres/tag_slices.csv,diagnostic join from existing ledger row and retained taxonomy used by tag_slices; tag present in existing tag_slices.csv
direct_llm_original,direct_llm_original_track_a_120_canonical_v0,postgres,PORT,PORT_0013,portability_risk,identifier_quoting,none,exact,true,true,true,true,false,,runs/user/direct_llm_original_track_a_120_canonical_v0__postgres/tag_slices.csv,diagnostic join from existing ledger row and retained taxonomy used by tag_slices; tag present in existing tag_slices.csv
direct_llm_original,direct_llm_original_track_a_120_canonical_v0,postgres,PORT,PORT_0013,portability_risk,type_semantics_gap,none,exact,true,true,true,true,false,,runs/user/direct_llm_original_track_a_120_canonical_v0__postgres/tag_slices.csv,diagnostic join from existing ledger row and retained taxonomy used by tag_slices; tag present in existing tag_slices.csv
direct_llm_original,direct_llm_original_track_a_120_canonical_v0,postgres,PORT,PORT_0013,rewrite_opportunity,dialect_adaptation,none,exact,true,true,true,true,false,,runs/user/direct_llm_original_track_a_120_canonical_v0__postgres/tag_slices.csv,diagnostic join from existing ledger row and retained taxonomy used by tag_slices; tag present in existing tag_slices.csv
direct_llm_original,direct_llm_original_track_a_120_canonical_v0,postgres,PORT,PORT_0013,rewrite_opportunity,expression_simplification,none,exact,true,true,true,true,false,,runs/user/direct_llm_original_track_a_120_canonical_v0__postgres/tag_slices.csv,diagnostic join from existing ledger row and retained taxonomy used by tag_slices; tag present in existing tag_slices.csv
direct_llm_original,direct_llm_original_track_a_120_canonical_v0,postgres,PORT,PORT_0013,sql_feature,expression_complexity,none,exact,true,true,true,true,false,,runs/user/direct_llm_original_track_a_120_canonical_v0__postgres/tag_slices.csv,diagnostic join from existing ledger row and retained taxonomy used by tag_slices; tag present in existing tag_slices.csv
direct_llm_original,direct_llm_original_track_a_120_canonical_v0,postgres,PORT,PORT_0022,portability_risk,date_filter_semantics,none,exact,true,true,true,true,false,,runs/user/direct_llm_original_track_a_120_canonical_v0__postgres/tag_slices.csv,diagnostic join from existing ledger row and retained taxonomy used by tag_slices; tag present in existing tag_slices.csv
direct_llm_original,direct_llm_original_track_a_120_canonical_v0,postgres,PORT,PORT_0022,portability_risk,date_time_semantics,none,exact,true,true,true,true,false,,runs/user/direct_llm_original_track_a_120_canonical_v0__postgres/tag_slices.csv,diagnostic join from existing ledger row and retained taxonomy used by tag_slices; tag present in existing tag_slices.csv
direct_llm_original,direct_llm_original_track_a_120_canonical_v0,postgres,PORT,PORT_0022,portability_risk,join_aggregate_input_boundary,none,exact,true,true,true,true,false,,runs/user/direct_llm_original_track_a_120_canonical_v0__postgres/tag_slices.csv,diagnostic join from existing ledger row and retained taxonomy used by tag_slices; tag present in existing tag_slices.csv
direct_llm_original,direct_llm_original_track_a_120_canonical_v0,postgres,PORT,PORT_0022,portability_risk,literal_predicate_boundary,none,exact,true,true,true,true,false,,runs/user/direct_llm_original_track_a_120_canonical_v0__postgres/tag_slices.csv,diagnostic join from existing ledger row and retained taxonomy used by tag_slices; tag present in existing tag_slices.csv
direct_llm_original,direct_llm_original_track_a_120_canonical_v0,postgres,PORT,PORT_0022,portability_risk,type_coercion,none,exact,true,true,true,true,false,,runs/user/direct_llm_original_track_a_120_canonical_v0__postgres/tag_slices.csv,diagnostic join from existing ledger row and retained taxonomy used by tag_slices; tag present in existing tag_slices.csv
direct_llm_original,direct_llm_original_track_a_120_canonical_v0,postgres,PORT,PORT_0022,rewrite_opportunity,dialect_adaptation,none,exact,true,true,true,true,false,,runs/user/direct_llm_original_track_a_120_canonical_v0__postgres/tag_slices.csv,diagnostic join from existing ledger row and retained taxonomy used by tag_slices; tag present in existing tag_slices.csv
direct_llm_original,direct_llm_original_track_a_120_canonical_v0,postgres,PORT,PORT_0024,portability_risk,aggregate_expression_semantics,none,exact,true,true,true,true,false,,runs/user/direct_llm_original_track_a_120_canonical_v0__postgres/tag_slices.csv,diagnostic join from existing ledger row and retained taxonomy used by tag_slices; tag present in existing tag_slices.csv
direct_llm_original,direct_llm_original_track_a_120_canonical_v0,postgres,PORT,PORT_0024,portability_risk,boolean_semantics,none,exact,true,true,true,true,false,,runs/user/direct_llm_original_track_a_120_canonical_v0__postgres/tag_slices.csv,diagnostic join from existing ledger row and retained taxonomy used by tag_slices; tag present in existing tag_slices.csv
direct_llm_original,direct_llm_original_track_a_120_canonical_v0,postgres,PORT,PORT_0024,portability_risk,literal_predicate_boundary,none,exact,true,true,true,true,false,,runs/user/direct_llm_original_track_a_120_canonical_v0__postgres/tag_slices.csv,diagnostic join from existing ledger row and retained taxonomy used by tag_slices; tag present in existing tag_slices.csv
direct_llm_original,direct_llm_original_track_a_120_canonical_v0,postgres,PORT,PORT_0024,portability_risk,type_coercion,none,exact,true,true,true,true,false,,runs/user/direct_llm_original_track_a_120_canonical_v0__postgres/tag_slices.csv,diagnostic join from existing ledger row and retained taxonomy used by tag_slices; tag present in existing tag_slices.csv
direct_llm_original,direct_llm_original_track_a_120_canonical_v0,postgres,PORT,PORT_0024,rewrite_opportunity,dialect_adaptation,none,exact,true,true,true,true,false,,runs/user/direct_llm_original_track_a_120_canonical_v0__postgres/tag_slices.csv,diagnostic join from existing ledger row and retained taxonomy used by tag_slices; tag present in existing tag_slices.csv
direct_llm_original,direct_llm_original_track_a_120_canonical_v0,postgres,PORT,PORT_0025,portability_risk,date_time_semantics,none,exact,true,true,true,true,false,,runs/user/direct_llm_original_track_a_120_canonical_v0__postgres/tag_slices.csv,diagnostic join from existing ledger row and retained taxonomy used by tag_slices; tag present in existing tag_slices.csv
direct_llm_original,direct_llm_original_track_a_120_canonical_v0,postgres,PORT,PORT_0025,portability_risk,order_direction_semantics,none,exact,true,true,true,true,false,,runs/user/direct_llm_original_track_a_120_canonical_v0__postgres/tag_slices.csv,diagnostic join from existing ledger row and retained taxonomy used by tag_slices; tag present in existing tag_slices.csv
direct_llm_original,direct_llm_original_track_a_120_canonical_v0,postgres,PORT,PORT_0025,portability_risk,order_limit_semantics,none,exact,true,true,true,true,false,,runs/user/direct_llm_original_track_a_120_canonical_v0__postgres/tag_slices.csv,diagnostic join from existing ledger row and retained taxonomy used by tag_slices; tag present in existing tag_slices.csv
direct_llm_original,direct_llm_original_track_a_120_canonical_v0,postgres,PORT,PORT_0025,portability_risk,pagination_or_limit_offset,none,exact,true,true,true,true,false,,runs/user/direct_llm_original_track_a_120_canonical_v0__postgres/tag_slices.csv,diagnostic join from existing ledger row and retained taxonomy used by tag_slices; tag present in existing tag_slices.csv
direct_llm_original,direct_llm_original_track_a_120_canonical_v0,postgres,PORT,PORT_0025,portability_risk,top_1_row_selection,none,exact,true,true,true,true,false,,runs/user/direct_llm_original_track_a_120_canonical_v0__postgres/tag_slices.csv,diagnostic join from existing ledger row and retained taxonomy used by tag_slices; tag present in existing tag_slices.csv
direct_llm_original,direct_llm_original_track_a_120_canonical_v0,postgres,PORT,PORT_0025,rewrite_opportunity,dialect_adaptation,none,exact,true,true,true,true,false,,runs/user/direct_llm_original_track_a_120_canonical_v0__postgres/tag_slices.csv,diagnostic join from existing ledger row and retained taxonomy used by tag_slices; tag present in existing tag_slices.csv
direct_llm_original,direct_llm_original_track_a_120_canonical_v0,postgres,LONGTAIL,LONGTAIL_0011,rewrite_opportunity,cte_strategy,none,exact,true,true,true,true,true,,runs/user/direct_llm_original_track_a_120_canonical_v0__postgres/tag_slices.csv,diagnostic join from existing ledger row and retained taxonomy used by tag_slices; tag present in existing tag_slices.csv
direct_llm_original,direct_llm_original_track_a_120_canonical_v0,postgres,LONGTAIL,LONGTAIL_0011,rewrite_opportunity,expression_simplification,none,exact,true,true,true,true,true,,runs/user/direct_llm_original_track_a_120_canonical_v0__postgres/tag_slices.csv,diagnostic join from existing ledger row and retained taxonomy used by tag_slices; tag present in existing tag_slices.csv
direct_llm_original,direct_llm_original_track_a_120_canonical_v0,postgres,LONGTAIL,LONGTAIL_0011,sql_feature,aggregate,none,exact,true,true,true,true,true,,runs/user/direct_llm_original_track_a_120_canonical_v0__postgres/tag_slices.csv,diagnostic join from existing ledger row and retained taxonomy used by tag_slices; tag present in existing tag_slices.csv
direct_llm_original,direct_llm_original_track_a_120_canonical_v0,postgres,LONGTAIL,LONGTAIL_0011,sql_feature,cte,none,exact,true,true,true,true,true,,runs/user/direct_llm_original_track_a_120_canonical_v0__postgres/tag_slices.csv,diagnostic join from existing ledger row and retained taxonomy used by tag_slices; tag present in existing tag_slices.csv
direct_llm_original,direct_llm_original_track_a_120_canonical_v0,postgres,LONGTAIL,LONGTAIL_0011,sql_feature,join,none,exact,true,true,true,true,true,,runs/user/direct_llm_original_track_a_120_canonical_v0__postgres/tag_slices.csv,diagnostic join from existing ledger row and retained taxonomy used by tag_slices; tag present in existing tag_slices.csv
direct_llm_original,direct_llm_original_track_a_120_canonical_v0,postgres,LONGTAIL,LONGTAIL_0011,sql_feature,sort,none,exact,true,true,true,true,true,,runs/user/direct_llm_original_track_a_120_canonical_v0__postgres/tag_slices.csv,diagnostic join from existing ledger row and retained taxonomy used by tag_slices; tag present in existing tag_slices.csv
direct_llm_original,direct_llm_original_track_a_120_canonical_v0,postgres,LONGTAIL,LONGTAIL_0011,sql_feature,window_function,none,exact,true,true,true,true,true,,runs/user/direct_llm_original_track_a_120_canonical_v0__postgres/tag_slices.csv,diagnostic join from existing ledger row and retained taxonomy used by tag_slices; tag present in existing tag_slices.csv
direct_llm_original,direct_llm_original_track_a_120_canonical_v0,postgres,LONGTAIL,LONGTAIL_0012,sql_feature,aggregation,none,exact,true,true,true,true,true,,runs/user/direct_llm_original_track_a_120_canonical_v0__postgres/tag_slices.csv,diagnostic join from existing ledger row and retained taxonomy used by tag_slices; tag present in existing tag_slices.csv
direct_llm_original,direct_llm_original_track_a_120_canonical_v0,postgres,LONGTAIL,LONGTAIL_0012,sql_feature,complex_expression,none,exact,true,true,true,true,true,,runs/user/direct_llm_original_track_a_120_canonical_v0__postgres/tag_slices.csv,diagnostic join from existing ledger row and retained taxonomy used by tag_slices; tag present in existing tag_slices.csv
direct_llm_original,direct_llm_original_track_a_120_canonical_v0,postgres,LONGTAIL,LONGTAIL_0012,sql_feature,outer_join,none,exact,true,true,true,true,true,,runs/user/direct_llm_original_track_a_120_canonical_v0__postgres/tag_slices.csv,diagnostic join from existing ledger row and retained taxonomy used by tag_slices; tag present in existing tag_slices.csv
direct_llm_original,direct_llm_original_track_a_120_canonical_v0,postgres,LONGTAIL,LONGTAIL_0012,sql_feature,sort_limit,none,exact,true,true,true,true,true,,runs/user/direct_llm_original_track_a_120_canonical_v0__postgres/tag_slices.csv,diagnostic join from existing ledger row and retained taxonomy used by tag_slices; tag present in existing tag_slices.csv
direct_llm_original,direct_llm_original_track_a_120_canonical_v0,postgres,LONGTAIL,LONGTAIL_0012,sql_feature,subquery_in_from,none,exact,true,true,true,true,true,,runs/user/direct_llm_original_track_a_120_canonical_v0__postgres/tag_slices.csv,diagnostic join from existing ledger row and retained taxonomy used by tag_slices; tag present in existing tag_slices.csv
direct_llm_original,direct_llm_original_track_a_120_canonical_v0,postgres,LONGTAIL,LONGTAIL_0012,sql_feature,window_function,none,exact,true,true,true,true,true,,runs/user/direct_llm_original_track_a_120_canonical_v0__postgres/tag_slices.csv,diagnostic join from existing ledger row and retained taxonomy used by tag_slices; tag present in existing tag_slices.csv
direct_llm_original,direct_llm_original_track_a_120_canonical_v0,postgres,LONGTAIL,LONGTAIL_0013,sql_feature,aggregation,none,exact,true,true,true,true,true,,runs/user/direct_llm_original_track_a_120_canonical_v0__postgres/tag_slices.csv,diagnostic join from existing ledger row and retained taxonomy used by tag_slices; tag present in existing tag_slices.csv
direct_llm_original,direct_llm_original_track_a_120_canonical_v0,postgres,LONGTAIL,LONGTAIL_0013,sql_feature,complex_expression,none,exact,true,true,true,true,true,,runs/user/direct_llm_original_track_a_120_canonical_v0__postgres/tag_slices.csv,diagnostic join from existing ledger row and retained taxonomy used by tag_slices; tag present in existing tag_slices.csv
direct_llm_original,direct_llm_original_track_a_120_canonical_v0,postgres,LONGTAIL,LONGTAIL_0013,sql_feature,cte,none,exact,true,true,true,true,true,,runs/user/direct_llm_original_track_a_120_canonical_v0__postgres/tag_slices.csv,diagnostic join from existing ledger row and retained taxonomy used by tag_slices; tag present in existing tag_slices.csv
direct_llm_original,direct_llm_original_track_a_120_canonical_v0,postgres,LONGTAIL,LONGTAIL_0013,sql_feature,outer_join,none,exact,true,true,true,true,true,,runs/user/direct_llm_original_track_a_120_canonical_v0__postgres/tag_slices.csv,diagnostic join from existing ledger row and retained taxonomy used by tag_slices; tag present in existing tag_slices.csv
direct_llm_original,direct_llm_original_track_a_120_canonical_v0,postgres,LONGTAIL,LONGTAIL_0013,sql_feature,sort,none,exact,true,true,true,true,true,,runs/user/direct_llm_original_track_a_120_canonical_v0__postgres/tag_slices.csv,diagnostic join from existing ledger row and retained taxonomy used by tag_slices; tag present in existing tag_slices.csv
direct_llm_original,direct_llm_original_track_a_120_canonical_v0,postgres,LONGTAIL,LONGTAIL_0013,sql_feature,window_function,none,exact,true,true,true,true,true,,runs/user/direct_llm_original_track_a_120_canonical_v0__postgres/tag_slices.csv,diagnostic join from existing ledger row and retained taxonomy used by tag_slices; tag present in existing tag_slices.csv
direct_llm_original,direct_llm_original_track_a_120_canonical_v0,postgres,LONGTAIL,LONGTAIL_0022,sql_feature,aggregation,none,exact,true,true,true,true,true,,runs/user/direct_llm_original_track_a_120_canonical_v0__postgres/tag_slices.csv,diagnostic join from existing ledger row and retained taxonomy used by tag_slices; tag present in existing tag_slices.csv
direct_llm_original,direct_llm_original_track_a_120_canonical_v0,postgres,LONGTAIL,LONGTAIL_0022,sql_feature,cte,none,exact,true,true,true,true,true,,runs/user/direct_llm_original_track_a_120_canonical_v0__postgres/tag_slices.csv,diagnostic join from existing ledger row and retained taxonomy used by tag_slices; tag present in existing tag_slices.csv
direct_llm_original,direct_llm_original_track_a_120_canonical_v0,postgres,LONGTAIL,LONGTAIL_0022,sql_feature,join,none,exact,true,true,true,true,true,,runs/user/direct_llm_original_track_a_120_canonical_v0__postgres/tag_slices.csv,diagnostic join from existing ledger row and retained taxonomy used by tag_slices; tag present in existing tag_slices.csv
direct_llm_original,direct_llm_original_track_a_120_canonical_v0,postgres,LONGTAIL,LONGTAIL_0022,sql_feature,outer_join,none,exact,true,true,true,true,true,,runs/user/direct_llm_original_track_a_120_canonical_v0__postgres/tag_slices.csv,diagnostic join from existing ledger row and retained taxonomy used by tag_slices; tag present in existing tag_slices.csv
direct_llm_original,direct_llm_original_track_a_120_canonical_v0,postgres,LONGTAIL,LONGTAIL_0022,sql_feature,sort,none,exact,true,true,true,true,true,,runs/user/direct_llm_original_track_a_120_canonical_v0__postgres/tag_slices.csv,diagnostic join from existing ledger row and retained taxonomy used by tag_slices; tag present in existing tag_slices.csv
direct_llm_original,direct_llm_original_track_a_120_canonical_v0,postgres,LONGTAIL,LONGTAIL_0023,sql_feature,aggregation,none,exact,true,true,true,true,true,,runs/user/direct_llm_original_track_a_120_canonical_v0__postgres/tag_slices.csv,diagnostic join from existing ledger row and retained taxonomy used by tag_slices; tag present in existing tag_slices.csv
direct_llm_original,direct_llm_original_track_a_120_canonical_v0,postgres,LONGTAIL,LONGTAIL_0023,sql_feature,cte,none,exact,true,true,true,true,true,,runs/user/direct_llm_original_track_a_120_canonical_v0__postgres/tag_slices.csv,diagnostic join from existing ledger row and retained taxonomy used by tag_slices; tag present in existing tag_slices.csv
direct_llm_original,direct_llm_original_track_a_120_canonical_v0,postgres,LONGTAIL,LONGTAIL_0023,sql_feature,directed_relation,none,exact,true,true,true,true,true,,runs/user/direct_llm_original_track_a_120_canonical_v0__postgres/tag_slices.csv,diagnostic join from existing ledger row and retained taxonomy used by tag_slices; tag present in existing tag_slices.csv
direct_llm_original,direct_llm_original_track_a_120_canonical_v0,postgres,LONGTAIL,LONGTAIL_0023,sql_feature,outer_join,none,exact,true,true,true,true,true,,runs/user/direct_llm_original_track_a_120_canonical_v0__postgres/tag_slices.csv,diagnostic join from existing ledger row and retained taxonomy used by tag_slices; tag present in existing tag_slices.csv
direct_llm_original,direct_llm_original_track_a_120_canonical_v0,postgres,LONGTAIL,LONGTAIL_0023,sql_feature,sort,none,exact,true,true,true,true,true,,runs/user/direct_llm_original_track_a_120_canonical_v0__postgres/tag_slices.csv,diagnostic join from existing ledger row and retained taxonomy used by tag_slices; tag present in existing tag_slices.csv
direct_llm_original,direct_llm_original_track_a_120_canonical_v0,postgres,LONGTAIL,LONGTAIL_0024,sql_feature,aggregation,none,exact,true,true,true,true,true,,runs/user/direct_llm_original_track_a_120_canonical_v0__postgres/tag_slices.csv,diagnostic join from existing ledger row and retained taxonomy used by tag_slices; tag present in existing tag_slices.csv
direct_llm_original,direct_llm_original_track_a_120_canonical_v0,postgres,LONGTAIL,LONGTAIL_0024,sql_feature,cte,none,exact,true,true,true,true,true,,runs/user/direct_llm_original_track_a_120_canonical_v0__postgres/tag_slices.csv,diagnostic join from existing ledger row and retained taxonomy used by tag_slices; tag present in existing tag_slices.csv
direct_llm_original,direct_llm_original_track_a_120_canonical_v0,postgres,LONGTAIL,LONGTAIL_0024,sql_feature,join,none,exact,true,true,true,true,true,,runs/user/direct_llm_original_track_a_120_canonical_v0__postgres/tag_slices.csv,diagnostic join from existing ledger row and retained taxonomy used by tag_slices; tag present in existing tag_slices.csv
direct_llm_original,direct_llm_original_track_a_120_canonical_v0,postgres,LONGTAIL,LONGTAIL_0024,sql_feature,sort,none,exact,true,true,true,true,true,,runs/user/direct_llm_original_track_a_120_canonical_v0__postgres/tag_slices.csv,diagnostic join from existing ledger row and retained taxonomy used by tag_slices; tag present in existing tag_slices.csv
direct_llm_original,direct_llm_original_track_a_120_canonical_v0,postgres,LONGTAIL,LONGTAIL_0024,sql_feature,temporal_min_max,none,exact,true,true,true,true,true,,runs/user/direct_llm_original_track_a_120_canonical_v0__postgres/tag_slices.csv,diagnostic join from existing ledger row and retained taxonomy used by tag_slices; tag present in existing tag_slices.csv
direct_llm_original,direct_llm_original_track_a_120_canonical_v0,mysql,PERF,PERF_0006,rewrite_opportunity,materialization_strategy,none,exact,true,true,true,true,true,,runs/user/direct_llm_original_track_a_120_canonical_v0__mysql/tag_slices.csv,diagnostic join from existing ledger row and retained taxonomy used by tag_slices; tag present in existing tag_slices.csv
direct_llm_original,direct_llm_original_track_a_120_canonical_v0,mysql,PERF,PERF_0006,rewrite_opportunity,predicate_pushdown,none,exact,true,true,true,true,true,,runs/user/direct_llm_original_track_a_120_canonical_v0__mysql/tag_slices.csv,diagnostic join from existing ledger row and retained taxonomy used by tag_slices; tag present in existing tag_slices.csv
direct_llm_original,direct_llm_original_track_a_120_canonical_v0,mysql,PERF,PERF_0006,sql_feature,date_time_function,none,exact,true,true,true,true,true,,runs/user/direct_llm_original_track_a_120_canonical_v0__mysql/tag_slices.csv,diagnostic join from existing ledger row and retained taxonomy used by tag_slices; tag present in existing tag_slices.csv
direct_llm_original,direct_llm_original_track_a_120_canonical_v0,mysql,PERF,PERF_0006,sql_feature,expression_complexity,none,exact,true,true,true,true,true,,runs/user/direct_llm_original_track_a_120_canonical_v0__mysql/tag_slices.csv,diagnostic join from existing ledger row and retained taxonomy used by tag_slices; tag present in existing tag_slices.csv
direct_llm_original,direct_llm_original_track_a_120_canonical_v0,mysql,PERF,PERF_0007,rewrite_opportunity,materialization_strategy,none,exact,true,true,true,true,true,,runs/user/direct_llm_original_track_a_120_canonical_v0__mysql/tag_slices.csv,diagnostic join from existing ledger row and retained taxonomy used by tag_slices; tag present in existing tag_slices.csv
direct_llm_original,direct_llm_original_track_a_120_canonical_v0,mysql,PERF,PERF_0007,rewrite_opportunity,predicate_pushdown,none,exact,true,true,true,true,true,,runs/user/direct_llm_original_track_a_120_canonical_v0__mysql/tag_slices.csv,diagnostic join from existing ledger row and retained taxonomy used by tag_slices; tag present in existing tag_slices.csv
direct_llm_original,direct_llm_original_track_a_120_canonical_v0,mysql,PERF,PERF_0007,sql_feature,date_time_function,none,exact,true,true,true,true,true,,runs/user/direct_llm_original_track_a_120_canonical_v0__mysql/tag_slices.csv,diagnostic join from existing ledger row and retained taxonomy used by tag_slices; tag present in existing tag_slices.csv
direct_llm_original,direct_llm_original_track_a_120_canonical_v0,mysql,PERF,PERF_0008,rewrite_opportunity,materialization_strategy,none,exact,true,true,true,true,true,,runs/user/direct_llm_original_track_a_120_canonical_v0__mysql/tag_slices.csv,diagnostic join from existing ledger row and retained taxonomy used by tag_slices; tag present in existing tag_slices.csv
direct_llm_original,direct_llm_original_track_a_120_canonical_v0,mysql,PERF,PERF_0008,rewrite_opportunity,predicate_pushdown,none,exact,true,true,true,true,true,,runs/user/direct_llm_original_track_a_120_canonical_v0__mysql/tag_slices.csv,diagnostic join from existing ledger row and retained taxonomy used by tag_slices; tag present in existing tag_slices.csv
direct_llm_original,direct_llm_original_track_a_120_canonical_v0,mysql,PERF,PERF_0008,sql_feature,date_time_function,none,exact,true,true,true,true,true,,runs/user/direct_llm_original_track_a_120_canonical_v0__mysql/tag_slices.csv,diagnostic join from existing ledger row and retained taxonomy used by tag_slices; tag present in existing tag_slices.csv
direct_llm_original,direct_llm_original_track_a_120_canonical_v0,mysql,PERF,PERF_0008,sql_feature,subquery_in_from,none,exact,true,true,true,true,true,,runs/user/direct_llm_original_track_a_120_canonical_v0__mysql/tag_slices.csv,diagnostic join from existing ledger row and retained taxonomy used by tag_slices; tag present in existing tag_slices.csv
direct_llm_original,direct_llm_original_track_a_120_canonical_v0,mysql,PERF,PERF_0013,rewrite_opportunity,join_reorder,none,exact,true,true,true,true,true,,runs/user/direct_llm_original_track_a_120_canonical_v0__mysql/tag_slices.csv,diagnostic join from existing ledger row and retained taxonomy used by tag_slices; tag present in existing tag_slices.csv
direct_llm_original,direct_llm_original_track_a_120_canonical_v0,mysql,PERF,PERF_0013,rewrite_opportunity,predicate_pushdown,none,exact,true,true,true,true,true,,runs/user/direct_llm_original_track_a_120_canonical_v0__mysql/tag_slices.csv,diagnostic join from existing ledger row and retained taxonomy used by tag_slices; tag present in existing tag_slices.csv
direct_llm_original,direct_llm_original_track_a_120_canonical_v0,mysql,PERF,PERF_0013,sql_feature,date_time_function,none,exact,true,true,true,true,true,,runs/user/direct_llm_original_track_a_120_canonical_v0__mysql/tag_slices.csv,diagnostic join from existing ledger row and retained taxonomy used by tag_slices; tag present in existing tag_slices.csv
direct_llm_original,direct_llm_original_track_a_120_canonical_v0,mysql,PERF,PERF_0017,rewrite_opportunity,join_reorder,none,exact,true,true,true,true,true,,runs/user/direct_llm_original_track_a_120_canonical_v0__mysql/tag_slices.csv,diagnostic join from existing ledger row and retained taxonomy used by tag_slices; tag present in existing tag_slices.csv
direct_llm_original,direct_llm_original_track_a_120_canonical_v0,mysql,PERF,PERF_0017,rewrite_opportunity,predicate_pushdown,none,exact,true,true,true,true,true,,runs/user/direct_llm_original_track_a_120_canonical_v0__mysql/tag_slices.csv,diagnostic join from existing ledger row and retained taxonomy used by tag_slices; tag present in existing tag_slices.csv
direct_llm_original,direct_llm_original_track_a_120_canonical_v0,mysql,PERF,PERF_0017,sql_feature,date_time_function,none,exact,true,true,true,true,true,,runs/user/direct_llm_original_track_a_120_canonical_v0__mysql/tag_slices.csv,diagnostic join from existing ledger row and retained taxonomy used by tag_slices; tag present in existing tag_slices.csv
direct_llm_original,direct_llm_original_track_a_120_canonical_v0,mysql,PERF,PERF_0019,rewrite_opportunity,materialization_strategy,none,exact,true,true,true,true,true,,runs/user/direct_llm_original_track_a_120_canonical_v0__mysql/tag_slices.csv,diagnostic join from existing ledger row and retained taxonomy used by tag_slices; tag present in existing tag_slices.csv
direct_llm_original,direct_llm_original_track_a_120_canonical_v0,mysql,PERF,PERF_0019,rewrite_opportunity,predicate_pushdown,none,exact,true,true,true,true,true,,runs/user/direct_llm_original_track_a_120_canonical_v0__mysql/tag_slices.csv,diagnostic join from existing ledger row and retained taxonomy used by tag_slices; tag present in existing tag_slices.csv
direct_llm_original,direct_llm_original_track_a_120_canonical_v0,mysql,PERF,PERF_0019,sql_feature,outer_join,none,exact,true,true,true,true,true,,runs/user/direct_llm_original_track_a_120_canonical_v0__mysql/tag_slices.csv,diagnostic join from existing ledger row and retained taxonomy used by tag_slices; tag present in existing tag_slices.csv
direct_llm_original,direct_llm_original_track_a_120_canonical_v0,mysql,PERF,PERF_0019,sql_feature,subquery_in_from,none,exact,true,true,true,true,true,,runs/user/direct_llm_original_track_a_120_canonical_v0__mysql/tag_slices.csv,diagnostic join from existing ledger row and retained taxonomy used by tag_slices; tag present in existing tag_slices.csv
direct_llm_original,direct_llm_original_track_a_120_canonical_v0,mysql,PERF,PERF_0024,rewrite_opportunity,predicate_pushdown,none,exact,true,true,true,true,true,,runs/user/direct_llm_original_track_a_120_canonical_v0__mysql/tag_slices.csv,diagnostic join from existing ledger row and retained taxonomy used by tag_slices; tag present in existing tag_slices.csv
direct_llm_original,direct_llm_original_track_a_120_canonical_v0,mysql,PERF,PERF_0024,rewrite_opportunity,subquery_decorrelation,none,exact,true,true,true,true,true,,runs/user/direct_llm_original_track_a_120_canonical_v0__mysql/tag_slices.csv,diagnostic join from existing ledger row and retained taxonomy used by tag_slices; tag present in existing tag_slices.csv
direct_llm_original,direct_llm_original_track_a_120_canonical_v0,mysql,PERF,PERF_0024,sql_feature,correlated_subquery,none,exact,true,true,true,true,true,,runs/user/direct_llm_original_track_a_120_canonical_v0__mysql/tag_slices.csv,diagnostic join from existing ledger row and retained taxonomy used by tag_slices; tag present in existing tag_slices.csv
direct_llm_original,direct_llm_original_track_a_120_canonical_v0,mysql,PERF,PERF_0024,sql_feature,date_time_function,none,exact,true,true,true,true,true,,runs/user/direct_llm_original_track_a_120_canonical_v0__mysql/tag_slices.csv,diagnostic join from existing ledger row and retained taxonomy used by tag_slices; tag present in existing tag_slices.csv
direct_llm_original,direct_llm_original_track_a_120_canonical_v0,mysql,PERF,PERF_0033,portability_risk,limit_fetch_gap,none,exact,true,true,true,true,true,,runs/user/direct_llm_original_track_a_120_canonical_v0__mysql/tag_slices.csv,diagnostic join from existing ledger row and retained taxonomy used by tag_slices; tag present in existing tag_slices.csv
direct_llm_original,direct_llm_original_track_a_120_canonical_v0,mysql,PERF,PERF_0033,rewrite_opportunity,join_reorder,none,exact,true,true,true,true,true,,runs/user/direct_llm_original_track_a_120_canonical_v0__mysql/tag_slices.csv,diagnostic join from existing ledger row and retained taxonomy used by tag_slices; tag present in existing tag_slices.csv
direct_llm_original,direct_llm_original_track_a_120_canonical_v0,mysql,PERF,PERF_0033,rewrite_opportunity,predicate_pushdown,none,exact,true,true,true,true,true,,runs/user/direct_llm_original_track_a_120_canonical_v0__mysql/tag_slices.csv,diagnostic join from existing ledger row and retained taxonomy used by tag_slices; tag present in existing tag_slices.csv
direct_llm_original,direct_llm_original_track_a_120_canonical_v0,mysql,PERF,PERF_0033,sql_feature,aggregate,none,exact,true,true,true,true,true,,runs/user/direct_llm_original_track_a_120_canonical_v0__mysql/tag_slices.csv,diagnostic join from existing ledger row and retained taxonomy used by tag_slices; tag present in existing tag_slices.csv
direct_llm_original,direct_llm_original_track_a_120_canonical_v0,mysql,PERF,PERF_0033,sql_feature,group_by,none,exact,true,true,true,true,true,,runs/user/direct_llm_original_track_a_120_canonical_v0__mysql/tag_slices.csv,diagnostic join from existing ledger row and retained taxonomy used by tag_slices; tag present in existing tag_slices.csv
direct_llm_original,direct_llm_original_track_a_120_canonical_v0,mysql,PERF,PERF_0033,sql_feature,join,none,exact,true,true,true,true,true,,runs/user/direct_llm_original_track_a_120_canonical_v0__mysql/tag_slices.csv,diagnostic join from existing ledger row and retained taxonomy used by tag_slices; tag present in existing tag_slices.csv
direct_llm_original,direct_llm_original_track_a_120_canonical_v0,mysql,PERF,PERF_0033,sql_feature,limit,none,exact,true,true,true,true,true,,runs/user/direct_llm_original_track_a_120_canonical_v0__mysql/tag_slices.csv,diagnostic join from existing ledger row and retained taxonomy used by tag_slices; tag present in existing tag_slices.csv
direct_llm_original,direct_llm_original_track_a_120_canonical_v0,mysql,PERF,PERF_0033,sql_feature,order_by,none,exact,true,true,true,true,true,,runs/user/direct_llm_original_track_a_120_canonical_v0__mysql/tag_slices.csv,diagnostic join from existing ledger row and retained taxonomy used by tag_slices; tag present in existing tag_slices.csv
direct_llm_original,direct_llm_original_track_a_120_canonical_v0,mysql,PERF,PERF_0034,rewrite_opportunity,materialization_strategy,none,exact,true,true,true,true,true,,runs/user/direct_llm_original_track_a_120_canonical_v0__mysql/tag_slices.csv,diagnostic join from existing ledger row and retained taxonomy used by tag_slices; tag present in existing tag_slices.csv
direct_llm_original,direct_llm_original_track_a_120_canonical_v0,mysql,PERF,PERF_0034,rewrite_opportunity,predicate_pushdown,none,exact,true,true,true,true,true,,runs/user/direct_llm_original_track_a_120_canonical_v0__mysql/tag_slices.csv,diagnostic join from existing ledger row and retained taxonomy used by tag_slices; tag present in existing tag_slices.csv
direct_llm_original,direct_llm_original_track_a_120_canonical_v0,mysql,PERF,PERF_0034,sql_feature,cte,none,exact,true,true,true,true,true,,runs/user/direct_llm_original_track_a_120_canonical_v0__mysql/tag_slices.csv,diagnostic join from existing ledger row and retained taxonomy used by tag_slices; tag present in existing tag_slices.csv
direct_llm_original,direct_llm_original_track_a_120_canonical_v0,mysql,PERF,PERF_0034,sql_feature,set_operation,none,exact,true,true,true,true,true,,runs/user/direct_llm_original_track_a_120_canonical_v0__mysql/tag_slices.csv,diagnostic join from existing ledger row and retained taxonomy used by tag_slices; tag present in existing tag_slices.csv
direct_llm_original,direct_llm_original_track_a_120_canonical_v0,mysql,PERF,PERF_0035,portability_risk,type_semantics_gap,none,exact,true,true,true,true,true,,runs/user/direct_llm_original_track_a_120_canonical_v0__mysql/tag_slices.csv,diagnostic join from existing ledger row and retained taxonomy used by tag_slices; tag present in existing tag_slices.csv
direct_llm_original,direct_llm_original_track_a_120_canonical_v0,mysql,PERF,PERF_0035,rewrite_opportunity,aggregation_rewrite,none,exact,true,true,true,true,true,,runs/user/direct_llm_original_track_a_120_canonical_v0__mysql/tag_slices.csv,diagnostic join from existing ledger row and retained taxonomy used by tag_slices; tag present in existing tag_slices.csv
direct_llm_original,direct_llm_original_track_a_120_canonical_v0,mysql,PERF,PERF_0035,rewrite_opportunity,cte_strategy,none,exact,true,true,true,true,true,,runs/user/direct_llm_original_track_a_120_canonical_v0__mysql/tag_slices.csv,diagnostic join from existing ledger row and retained taxonomy used by tag_slices; tag present in existing tag_slices.csv
direct_llm_original,direct_llm_original_track_a_120_canonical_v0,mysql,PERF,PERF_0035,sql_feature,cte,none,exact,true,true,true,true,true,,runs/user/direct_llm_original_track_a_120_canonical_v0__mysql/tag_slices.csv,diagnostic join from existing ledger row and retained taxonomy used by tag_slices; tag present in existing tag_slices.csv
direct_llm_original,direct_llm_original_track_a_120_canonical_v0,mysql,PERF,PERF_0035,sql_feature,expression_complexity,none,exact,true,true,true,true,true,,runs/user/direct_llm_original_track_a_120_canonical_v0__mysql/tag_slices.csv,diagnostic join from existing ledger row and retained taxonomy used by tag_slices; tag present in existing tag_slices.csv
direct_llm_original,direct_llm_original_track_a_120_canonical_v0,mysql,PERF,PERF_0035,sql_feature,window_function,none,exact,true,true,true,true,true,,runs/user/direct_llm_original_track_a_120_canonical_v0__mysql/tag_slices.csv,diagnostic join from existing ledger row and retained taxonomy used by tag_slices; tag present in existing tag_slices.csv
direct_llm_original,direct_llm_original_track_a_120_canonical_v0,mysql,PERF,PERF_0052,sql_feature,aggregate,none,exact,true,true,true,true,true,,runs/user/direct_llm_original_track_a_120_canonical_v0__mysql/tag_slices.csv,diagnostic join from existing ledger row and retained taxonomy used by tag_slices; tag present in existing tag_slices.csv
direct_llm_original,direct_llm_original_track_a_120_canonical_v0,mysql,PERF,PERF_0052,sql_feature,correlated_subquery,none,exact,true,true,true,true,true,,runs/user/direct_llm_original_track_a_120_canonical_v0__mysql/tag_slices.csv,diagnostic join from existing ledger row and retained taxonomy used by tag_slices; tag present in existing tag_slices.csv
direct_llm_original,direct_llm_original_track_a_120_canonical_v0,mysql,PERF,PERF_0052,sql_feature,cte,none,exact,true,true,true,true,true,,runs/user/direct_llm_original_track_a_120_canonical_v0__mysql/tag_slices.csv,diagnostic join from existing ledger row and retained taxonomy used by tag_slices; tag present in existing tag_slices.csv
direct_llm_original,direct_llm_original_track_a_120_canonical_v0,mysql,PERF,PERF_0052,sql_feature,group_by,none,exact,true,true,true,true,true,,runs/user/direct_llm_original_track_a_120_canonical_v0__mysql/tag_slices.csv,diagnostic join from existing ledger row and retained taxonomy used by tag_slices; tag present in existing tag_slices.csv
direct_llm_original,direct_llm_original_track_a_120_canonical_v0,mysql,PERF,PERF_0052,sql_feature,limit,none,exact,true,true,true,true,true,,runs/user/direct_llm_original_track_a_120_canonical_v0__mysql/tag_slices.csv,diagnostic join from existing ledger row and retained taxonomy used by tag_slices; tag present in existing tag_slices.csv
direct_llm_original,direct_llm_original_track_a_120_canonical_v0,mysql,PERF,PERF_0052,sql_feature,order_by,none,exact,true,true,true,true,true,,runs/user/direct_llm_original_track_a_120_canonical_v0__mysql/tag_slices.csv,diagnostic join from existing ledger row and retained taxonomy used by tag_slices; tag present in existing tag_slices.csv
direct_llm_original,direct_llm_original_track_a_120_canonical_v0,mysql,PERF,PERF_0054,sql_feature,aggregate,none,exact,true,true,true,true,true,,runs/user/direct_llm_original_track_a_120_canonical_v0__mysql/tag_slices.csv,diagnostic join from existing ledger row and retained taxonomy used by tag_slices; tag present in existing tag_slices.csv
direct_llm_original,direct_llm_original_track_a_120_canonical_v0,mysql,PERF,PERF_0054,sql_feature,group_by,none,exact,true,true,true,true,true,,runs/user/direct_llm_original_track_a_120_canonical_v0__mysql/tag_slices.csv,diagnostic join from existing ledger row and retained taxonomy used by tag_slices; tag present in existing tag_slices.csv
direct_llm_original,direct_llm_original_track_a_120_canonical_v0,mysql,PERF,PERF_0054,sql_feature,join,none,exact,true,true,true,true,true,,runs/user/direct_llm_original_track_a_120_canonical_v0__mysql/tag_slices.csv,diagnostic join from existing ledger row and retained taxonomy used by tag_slices; tag present in existing tag_slices.csv
direct_llm_original,direct_llm_original_track_a_120_canonical_v0,mysql,PERF,PERF_0054,sql_feature,limit,none,exact,true,true,true,true,true,,runs/user/direct_llm_original_track_a_120_canonical_v0__mysql/tag_slices.csv,diagnostic join from existing ledger row and retained taxonomy used by tag_slices; tag present in existing tag_slices.csv
direct_llm_original,direct_llm_original_track_a_120_canonical_v0,mysql,PERF,PERF_0054,sql_feature,order_by,none,exact,true,true,true,true,true,,runs/user/direct_llm_original_track_a_120_canonical_v0__mysql/tag_slices.csv,diagnostic join from existing ledger row and retained taxonomy used by tag_slices; tag present in existing tag_slices.csv
direct_llm_original,direct_llm_original_track_a_120_canonical_v0,mysql,PERF,PERF_0056,sql_feature,aggregate,none,exact,true,true,true,true,true,,runs/user/direct_llm_original_track_a_120_canonical_v0__mysql/tag_slices.csv,diagnostic join from existing ledger row and retained taxonomy used by tag_slices; tag present in existing tag_slices.csv
direct_llm_original,direct_llm_original_track_a_120_canonical_v0,mysql,PERF,PERF_0056,sql_feature,group_by,none,exact,true,true,true,true,true,,runs/user/direct_llm_original_track_a_120_canonical_v0__mysql/tag_slices.csv,diagnostic join from existing ledger row and retained taxonomy used by tag_slices; tag present in existing tag_slices.csv
direct_llm_original,direct_llm_original_track_a_120_canonical_v0,mysql,PERF,PERF_0056,sql_feature,having,none,exact,true,true,true,true,true,,runs/user/direct_llm_original_track_a_120_canonical_v0__mysql/tag_slices.csv,diagnostic join from existing ledger row and retained taxonomy used by tag_slices; tag present in existing tag_slices.csv
direct_llm_original,direct_llm_original_track_a_120_canonical_v0,mysql,PERF,PERF_0056,sql_feature,limit,none,exact,true,true,true,true,true,,runs/user/direct_llm_original_track_a_120_canonical_v0__mysql/tag_slices.csv,diagnostic join from existing ledger row and retained taxonomy used by tag_slices; tag present in existing tag_slices.csv
direct_llm_original,direct_llm_original_track_a_120_canonical_v0,mysql,PERF,PERF_0056,sql_feature,order_by,none,exact,true,true,true,true,true,,runs/user/direct_llm_original_track_a_120_canonical_v0__mysql/tag_slices.csv,diagnostic join from existing ledger row and retained taxonomy used by tag_slices; tag present in existing tag_slices.csv
direct_llm_original,direct_llm_original_track_a_120_canonical_v0,mysql,PERF,PERF_0056,sql_feature,scalar_subquery,none,exact,true,true,true,true,true,,runs/user/direct_llm_original_track_a_120_canonical_v0__mysql/tag_slices.csv,diagnostic join from existing ledger row and retained taxonomy used by tag_slices; tag present in existing tag_slices.csv
direct_llm_original,direct_llm_original_track_a_120_canonical_v0,mysql,PERF,PERF_0062,sql_feature,aggregate,mismatch,mismatch,true,true,true,false,false,runs/user/direct_llm_original_track_a_120_canonical_v0__mysql/failures.csv,runs/user/direct_llm_original_track_a_120_canonical_v0__mysql/tag_slices.csv,diagnostic join from existing ledger row and retained taxonomy used by tag_slices; tag present in existing tag_slices.csv
direct_llm_original,direct_llm_original_track_a_120_canonical_v0,mysql,PERF,PERF_0062,sql_feature,disjunction,mismatch,mismatch,true,true,true,false,false,runs/user/direct_llm_original_track_a_120_canonical_v0__mysql/failures.csv,runs/user/direct_llm_original_track_a_120_canonical_v0__mysql/tag_slices.csv,diagnostic join from existing ledger row and retained taxonomy used by tag_slices; tag present in existing tag_slices.csv
direct_llm_original,direct_llm_original_track_a_120_canonical_v0,mysql,PERF,PERF_0062,sql_feature,join,mismatch,mismatch,true,true,true,false,false,runs/user/direct_llm_original_track_a_120_canonical_v0__mysql/failures.csv,runs/user/direct_llm_original_track_a_120_canonical_v0__mysql/tag_slices.csv,diagnostic join from existing ledger row and retained taxonomy used by tag_slices; tag present in existing tag_slices.csv
direct_llm_original,direct_llm_original_track_a_120_canonical_v0,mysql,PERF,PERF_0062,sql_feature,range_predicate,mismatch,mismatch,true,true,true,false,false,runs/user/direct_llm_original_track_a_120_canonical_v0__mysql/failures.csv,runs/user/direct_llm_original_track_a_120_canonical_v0__mysql/tag_slices.csv,diagnostic join from existing ledger row and retained taxonomy used by tag_slices; tag present in existing tag_slices.csv
direct_llm_original,direct_llm_original_track_a_120_canonical_v0,mysql,PERF,PERF_0077,sql_feature,aggregate,none,exact,true,true,true,true,true,,runs/user/direct_llm_original_track_a_120_canonical_v0__mysql/tag_slices.csv,diagnostic join from existing ledger row and retained taxonomy used by tag_slices; tag present in existing tag_slices.csv
direct_llm_original,direct_llm_original_track_a_120_canonical_v0,mysql,PERF,PERF_0077,sql_feature,filter,none,exact,true,true,true,true,true,,runs/user/direct_llm_original_track_a_120_canonical_v0__mysql/tag_slices.csv,diagnostic join from existing ledger row and retained taxonomy used by tag_slices; tag present in existing tag_slices.csv
direct_llm_original,direct_llm_original_track_a_120_canonical_v0,mysql,PERF,PERF_0077,sql_feature,join,none,exact,true,true,true,true,true,,runs/user/direct_llm_original_track_a_120_canonical_v0__mysql/tag_slices.csv,diagnostic join from existing ledger row and retained taxonomy used by tag_slices; tag present in existing tag_slices.csv
direct_llm_original,direct_llm_original_track_a_120_canonical_v0,mysql,PERF,PERF_0077,sql_feature,text_like_predicate,none,exact,true,true,true,true,true,,runs/user/direct_llm_original_track_a_120_canonical_v0__mysql/tag_slices.csv,diagnostic join from existing ledger row and retained taxonomy used by tag_slices; tag present in existing tag_slices.csv
direct_llm_original,direct_llm_original_track_a_120_canonical_v0,mysql,PERF,PERF_0082,sql_feature,aggregate,none,exact,true,true,true,true,true,,runs/user/direct_llm_original_track_a_120_canonical_v0__mysql/tag_slices.csv,diagnostic join from existing ledger row and retained taxonomy used by tag_slices; tag present in existing tag_slices.csv
direct_llm_original,direct_llm_original_track_a_120_canonical_v0,mysql,PERF,PERF_0082,sql_feature,filter,none,exact,true,true,true,true,true,,runs/user/direct_llm_original_track_a_120_canonical_v0__mysql/tag_slices.csv,diagnostic join from existing ledger row and retained taxonomy used by tag_slices; tag present in existing tag_slices.csv
direct_llm_original,direct_llm_original_track_a_120_canonical_v0,mysql,PERF,PERF_0082,sql_feature,join,none,exact,true,true,true,true,true,,runs/user/direct_llm_original_track_a_120_canonical_v0__mysql/tag_slices.csv,diagnostic join from existing ledger row and retained taxonomy used by tag_slices; tag present in existing tag_slices.csv
direct_llm_original,direct_llm_original_track_a_120_canonical_v0,mysql,PERF,PERF_0082,sql_feature,materialize,none,exact,true,true,true,true,true,,runs/user/direct_llm_original_track_a_120_canonical_v0__mysql/tag_slices.csv,diagnostic join from existing ledger row and retained taxonomy used by tag_slices; tag present in existing tag_slices.csv
direct_llm_original,direct_llm_original_track_a_120_canonical_v0,mysql,PERF,PERF_0082,sql_feature,text_like_predicate,none,exact,true,true,true,true,true,,runs/user/direct_llm_original_track_a_120_canonical_v0__mysql/tag_slices.csv,diagnostic join from existing ledger row and retained taxonomy used by tag_slices; tag present in existing tag_slices.csv
direct_llm_original,direct_llm_original_track_a_120_canonical_v0,mysql,CONS,CONS_0005,portability_risk,null_semantics_gap,mismatch,mismatch,true,true,true,false,false,runs/user/direct_llm_original_track_a_120_canonical_v0__mysql/failures.csv,runs/user/direct_llm_original_track_a_120_canonical_v0__mysql/tag_slices.csv,diagnostic join from existing ledger row and retained taxonomy used by tag_slices; tag present in existing tag_slices.csv
direct_llm_original,direct_llm_original_track_a_120_canonical_v0,mysql,CONS,CONS_0005,rewrite_opportunity,subquery_decorrelation,mismatch,mismatch,true,true,true,false,false,runs/user/direct_llm_original_track_a_120_canonical_v0__mysql/failures.csv,runs/user/direct_llm_original_track_a_120_canonical_v0__mysql/tag_slices.csv,diagnostic join from existing ledger row and retained taxonomy used by tag_slices; tag present in existing tag_slices.csv
direct_llm_original,direct_llm_original_track_a_120_canonical_v0,mysql,CONS,CONS_0005,sql_feature,correlated_subquery,mismatch,mismatch,true,true,true,false,false,runs/user/direct_llm_original_track_a_120_canonical_v0__mysql/failures.csv,runs/user/direct_llm_original_track_a_120_canonical_v0__mysql/tag_slices.csv,diagnostic join from existing ledger row and retained taxonomy used by tag_slices; tag present in existing tag_slices.csv
direct_llm_original,direct_llm_original_track_a_120_canonical_v0,mysql,CONS,CONS_0007,sql_feature,correlated_subquery,none,exact,true,true,true,true,true,,runs/user/direct_llm_original_track_a_120_canonical_v0__mysql/tag_slices.csv,diagnostic join from existing ledger row and retained taxonomy used by tag_slices; tag present in existing tag_slices.csv
direct_llm_original,direct_llm_original_track_a_120_canonical_v0,mysql,CONS,CONS_0007,sql_feature,subquery_in_from,none,exact,true,true,true,true,true,,runs/user/direct_llm_original_track_a_120_canonical_v0__mysql/tag_slices.csv,diagnostic join from existing ledger row and retained taxonomy used by tag_slices; tag present in existing tag_slices.csv
direct_llm_original,direct_llm_original_track_a_120_canonical_v0,mysql,CONS,CONS_0009,sql_feature,correlated_subquery,none,exact,true,true,true,true,true,,runs/user/direct_llm_original_track_a_120_canonical_v0__mysql/tag_slices.csv,diagnostic join from existing ledger row and retained taxonomy used by tag_slices; tag present in existing tag_slices.csv
direct_llm_original,direct_llm_original_track_a_120_canonical_v0,mysql,CONS,CONS_0009,sql_feature,set_operation,none,exact,true,true,true,true,true,,runs/user/direct_llm_original_track_a_120_canonical_v0__mysql/tag_slices.csv,diagnostic join from existing ledger row and retained taxonomy used by tag_slices; tag present in existing tag_slices.csv
direct_llm_original,direct_llm_original_track_a_120_canonical_v0,mysql,CONS,CONS_0010,sql_feature,correlated_subquery,none,exact,true,true,true,true,true,,runs/user/direct_llm_original_track_a_120_canonical_v0__mysql/tag_slices.csv,diagnostic join from existing ledger row and retained taxonomy used by tag_slices; tag present in existing tag_slices.csv
direct_llm_original,direct_llm_original_track_a_120_canonical_v0,mysql,CONS,CONS_0011,sql_feature,correlated_subquery,none,exact,true,true,true,true,true,,runs/user/direct_llm_original_track_a_120_canonical_v0__mysql/tag_slices.csv,diagnostic join from existing ledger row and retained taxonomy used by tag_slices; tag present in existing tag_slices.csv
direct_llm_original,direct_llm_original_track_a_120_canonical_v0,mysql,CONS,CONS_0011,sql_feature,outer_join,none,exact,true,true,true,true,true,,runs/user/direct_llm_original_track_a_120_canonical_v0__mysql/tag_slices.csv,diagnostic join from existing ledger row and retained taxonomy used by tag_slices; tag present in existing tag_slices.csv
direct_llm_original,direct_llm_original_track_a_120_canonical_v0,mysql,CONS,CONS_0012,portability_risk,limit_fetch_gap,none,exact,true,true,true,true,true,,runs/user/direct_llm_original_track_a_120_canonical_v0__mysql/tag_slices.csv,diagnostic join from existing ledger row and retained taxonomy used by tag_slices; tag present in existing tag_slices.csv
direct_llm_original,direct_llm_original_track_a_120_canonical_v0,mysql,CONS,CONS_0012,rewrite_opportunity,order_limit_simplification,none,exact,true,true,true,true,true,,runs/user/direct_llm_original_track_a_120_canonical_v0__mysql/tag_slices.csv,diagnostic join from existing ledger row and retained taxonomy used by tag_slices; tag present in existing tag_slices.csv
direct_llm_original,direct_llm_original_track_a_120_canonical_v0,mysql,CONS,CONS_0012,rewrite_opportunity,subquery_decorrelation,none,exact,true,true,true,true,true,,runs/user/direct_llm_original_track_a_120_canonical_v0__mysql/tag_slices.csv,diagnostic join from existing ledger row and retained taxonomy used by tag_slices; tag present in existing tag_slices.csv
direct_llm_original,direct_llm_original_track_a_120_canonical_v0,mysql,CONS,CONS_0012,sql_feature,correlated_subquery,none,exact,true,true,true,true,true,,runs/user/direct_llm_original_track_a_120_canonical_v0__mysql/tag_slices.csv,diagnostic join from existing ledger row and retained taxonomy used by tag_slices; tag present in existing tag_slices.csv
direct_llm_original,direct_llm_original_track_a_120_canonical_v0,mysql,CONS,CONS_0024,rewrite_opportunity,subquery_decorrelation,none,exact,true,true,true,true,true,,runs/user/direct_llm_original_track_a_120_canonical_v0__mysql/tag_slices.csv,diagnostic join from existing ledger row and retained taxonomy used by tag_slices; tag present in existing tag_slices.csv
direct_llm_original,direct_llm_original_track_a_120_canonical_v0,mysql,CONS,CONS_0024,sql_feature,correlated_subquery,none,exact,true,true,true,true,true,,runs/user/direct_llm_original_track_a_120_canonical_v0__mysql/tag_slices.csv,diagnostic join from existing ledger row and retained taxonomy used by tag_slices; tag present in existing tag_slices.csv
direct_llm_original,direct_llm_original_track_a_120_canonical_v0,mysql,CONS,CONS_0024,sql_feature,outer_join,none,exact,true,true,true,true,true,,runs/user/direct_llm_original_track_a_120_canonical_v0__mysql/tag_slices.csv,diagnostic join from existing ledger row and retained taxonomy used by tag_slices; tag present in existing tag_slices.csv
direct_llm_original,direct_llm_original_track_a_120_canonical_v0,mysql,CONS,CONS_0036,rewrite_opportunity,aggregation_rewrite,none,exact,true,true,true,true,true,,runs/user/direct_llm_original_track_a_120_canonical_v0__mysql/tag_slices.csv,diagnostic join from existing ledger row and retained taxonomy used by tag_slices; tag present in existing tag_slices.csv
direct_llm_original,direct_llm_original_track_a_120_canonical_v0,mysql,CONS,CONS_0036,rewrite_opportunity,predicate_pushdown,none,exact,true,true,true,true,true,,runs/user/direct_llm_original_track_a_120_canonical_v0__mysql/tag_slices.csv,diagnostic join from existing ledger row and retained taxonomy used by tag_slices; tag present in existing tag_slices.csv
direct_llm_original,direct_llm_original_track_a_120_canonical_v0,mysql,CONS,CONS_0037,rewrite_opportunity,aggregation_rewrite,mismatch,mismatch,true,true,true,false,false,runs/user/direct_llm_original_track_a_120_canonical_v0__mysql/failures.csv,runs/user/direct_llm_original_track_a_120_canonical_v0__mysql/tag_slices.csv,diagnostic join from existing ledger row and retained taxonomy used by tag_slices; tag present in existing tag_slices.csv
direct_llm_original,direct_llm_original_track_a_120_canonical_v0,mysql,CONS,CONS_0037,sql_feature,outer_join,mismatch,mismatch,true,true,true,false,false,runs/user/direct_llm_original_track_a_120_canonical_v0__mysql/failures.csv,runs/user/direct_llm_original_track_a_120_canonical_v0__mysql/tag_slices.csv,diagnostic join from existing ledger row and retained taxonomy used by tag_slices; tag present in existing tag_slices.csv
direct_llm_original,direct_llm_original_track_a_120_canonical_v0,mysql,PORT,PORT_0003,portability_risk,identifier_quoting,none,exact,true,true,true,true,false,,runs/user/direct_llm_original_track_a_120_canonical_v0__mysql/tag_slices.csv,diagnostic join from existing ledger row and retained taxonomy used by tag_slices; tag present in existing tag_slices.csv
direct_llm_original,direct_llm_original_track_a_120_canonical_v0,mysql,PORT,PORT_0003,portability_risk,limit_fetch_gap,none,exact,true,true,true,true,false,,runs/user/direct_llm_original_track_a_120_canonical_v0__mysql/tag_slices.csv,diagnostic join from existing ledger row and retained taxonomy used by tag_slices; tag present in existing tag_slices.csv
direct_llm_original,direct_llm_original_track_a_120_canonical_v0,mysql,PORT,PORT_0003,portability_risk,null_semantics_gap,none,exact,true,true,true,true,false,,runs/user/direct_llm_original_track_a_120_canonical_v0__mysql/tag_slices.csv,diagnostic join from existing ledger row and retained taxonomy used by tag_slices; tag present in existing tag_slices.csv
direct_llm_original,direct_llm_original_track_a_120_canonical_v0,mysql,PORT,PORT_0003,rewrite_opportunity,dialect_adaptation,none,exact,true,true,true,true,false,,runs/user/direct_llm_original_track_a_120_canonical_v0__mysql/tag_slices.csv,diagnostic join from existing ledger row and retained taxonomy used by tag_slices; tag present in existing tag_slices.csv
direct_llm_original,direct_llm_original_track_a_120_canonical_v0,mysql,PORT,PORT_0003,rewrite_opportunity,order_limit_simplification,none,exact,true,true,true,true,false,,runs/user/direct_llm_original_track_a_120_canonical_v0__mysql/tag_slices.csv,diagnostic join from existing ledger row and retained taxonomy used by tag_slices; tag present in existing tag_slices.csv
direct_llm_original,direct_llm_original_track_a_120_canonical_v0,mysql,PORT,PORT_0004,portability_risk,date_filter_semantics,mismatch,mismatch,true,true,true,false,false,runs/user/direct_llm_original_track_a_120_canonical_v0__mysql/failures.csv,runs/user/direct_llm_original_track_a_120_canonical_v0__mysql/tag_slices.csv,diagnostic join from existing ledger row and retained taxonomy used by tag_slices; tag present in existing tag_slices.csv
direct_llm_original,direct_llm_original_track_a_120_canonical_v0,mysql,PORT,PORT_0004,portability_risk,datetime_semantics_gap,mismatch,mismatch,true,true,true,false,false,runs/user/direct_llm_original_track_a_120_canonical_v0__mysql/failures.csv,runs/user/direct_llm_original_track_a_120_canonical_v0__mysql/tag_slices.csv,diagnostic join from existing ledger row and retained taxonomy used by tag_slices; tag present in existing tag_slices.csv
direct_llm_original,direct_llm_original_track_a_120_canonical_v0,mysql,PORT,PORT_0004,portability_risk,identifier_quoting,mismatch,mismatch,true,true,true,false,false,runs/user/direct_llm_original_track_a_120_canonical_v0__mysql/failures.csv,runs/user/direct_llm_original_track_a_120_canonical_v0__mysql/tag_slices.csv,diagnostic join from existing ledger row and retained taxonomy used by tag_slices; tag present in existing tag_slices.csv
direct_llm_original,direct_llm_original_track_a_120_canonical_v0,mysql,PORT,PORT_0004,portability_risk,literal_predicate_boundary,mismatch,mismatch,true,true,true,false,false,runs/user/direct_llm_original_track_a_120_canonical_v0__mysql/failures.csv,runs/user/direct_llm_original_track_a_120_canonical_v0__mysql/tag_slices.csv,diagnostic join from existing ledger row and retained taxonomy used by tag_slices; tag present in existing tag_slices.csv
direct_llm_original,direct_llm_original_track_a_120_canonical_v0,mysql,PORT,PORT_0004,portability_risk,result_set_semantics,mismatch,mismatch,true,true,true,false,false,runs/user/direct_llm_original_track_a_120_canonical_v0__mysql/failures.csv,runs/user/direct_llm_original_track_a_120_canonical_v0__mysql/tag_slices.csv,diagnostic join from existing ledger row and retained taxonomy used by tag_slices; tag present in existing tag_slices.csv
direct_llm_original,direct_llm_original_track_a_120_canonical_v0,mysql,PORT,PORT_0004,portability_risk,type_semantics_gap,mismatch,mismatch,true,true,true,false,false,runs/user/direct_llm_original_track_a_120_canonical_v0__mysql/failures.csv,runs/user/direct_llm_original_track_a_120_canonical_v0__mysql/tag_slices.csv,diagnostic join from existing ledger row and retained taxonomy used by tag_slices; tag present in existing tag_slices.csv
direct_llm_original,direct_llm_original_track_a_120_canonical_v0,mysql,PORT,PORT_0004,rewrite_opportunity,dialect_adaptation,mismatch,mismatch,true,true,true,false,false,runs/user/direct_llm_original_track_a_120_canonical_v0__mysql/failures.csv,runs/user/direct_llm_original_track_a_120_canonical_v0__mysql/tag_slices.csv,diagnostic join from existing ledger row and retained taxonomy used by tag_slices; tag present in existing tag_slices.csv
direct_llm_original,direct_llm_original_track_a_120_canonical_v0,mysql,PORT,PORT_0005,portability_risk,identifier_quoting,none,exact,true,true,true,true,false,,runs/user/direct_llm_original_track_a_120_canonical_v0__mysql/tag_slices.csv,diagnostic join from existing ledger row and retained taxonomy used by tag_slices; tag present in existing tag_slices.csv
direct_llm_original,direct_llm_original_track_a_120_canonical_v0,mysql,PORT,PORT_0005,portability_risk,limit_fetch_gap,none,exact,true,true,true,true,false,,runs/user/direct_llm_original_track_a_120_canonical_v0__mysql/tag_slices.csv,diagnostic join from existing ledger row and retained taxonomy used by tag_slices; tag present in existing tag_slices.csv
direct_llm_original,direct_llm_original_track_a_120_canonical_v0,mysql,PORT,PORT_0005,portability_risk,null_semantics_gap,none,exact,true,true,true,true,false,,runs/user/direct_llm_original_track_a_120_canonical_v0__mysql/tag_slices.csv,diagnostic join from existing ledger row and retained taxonomy used by tag_slices; tag present in existing tag_slices.csv
direct_llm_original,direct_llm_original_track_a_120_canonical_v0,mysql,PORT,PORT_0005,portability_risk,order_direction_gap,none,exact,true,true,true,true,false,,runs/user/direct_llm_original_track_a_120_canonical_v0__mysql/tag_slices.csv,diagnostic join from existing ledger row and retained taxonomy used by tag_slices; tag present in existing tag_slices.csv
direct_llm_original,direct_llm_original_track_a_120_canonical_v0,mysql,PORT,PORT_0005,rewrite_opportunity,dialect_adaptation,none,exact,true,true,true,true,false,,runs/user/direct_llm_original_track_a_120_canonical_v0__mysql/tag_slices.csv,diagnostic join from existing ledger row and retained taxonomy used by tag_slices; tag present in existing tag_slices.csv
direct_llm_original,direct_llm_original_track_a_120_canonical_v0,mysql,PORT,PORT_0005,rewrite_opportunity,order_limit_simplification,none,exact,true,true,true,true,false,,runs/user/direct_llm_original_track_a_120_canonical_v0__mysql/tag_slices.csv,diagnostic join from existing ledger row and retained taxonomy used by tag_slices; tag present in existing tag_slices.csv
direct_llm_original,direct_llm_original_track_a_120_canonical_v0,mysql,PORT,PORT_0008,portability_risk,date_time_semantics,none,exact,true,true,true,true,false,,runs/user/direct_llm_original_track_a_120_canonical_v0__mysql/tag_slices.csv,diagnostic join from existing ledger row and retained taxonomy used by tag_slices; tag present in existing tag_slices.csv
direct_llm_original,direct_llm_original_track_a_120_canonical_v0,mysql,PORT,PORT_0008,portability_risk,identifier_case_or_quoting,none,exact,true,true,true,true,false,,runs/user/direct_llm_original_track_a_120_canonical_v0__mysql/tag_slices.csv,diagnostic join from existing ledger row and retained taxonomy used by tag_slices; tag present in existing tag_slices.csv
direct_llm_original,direct_llm_original_track_a_120_canonical_v0,mysql,PORT,PORT_0008,portability_risk,type_coercion,none,exact,true,true,true,true,false,,runs/user/direct_llm_original_track_a_120_canonical_v0__mysql/tag_slices.csv,diagnostic join from existing ledger row and retained taxonomy used by tag_slices; tag present in existing tag_slices.csv
direct_llm_original,direct_llm_original_track_a_120_canonical_v0,mysql,PORT,PORT_0008,rewrite_opportunity,dialect_adaptation,none,exact,true,true,true,true,false,,runs/user/direct_llm_original_track_a_120_canonical_v0__mysql/tag_slices.csv,diagnostic join from existing ledger row and retained taxonomy used by tag_slices; tag present in existing tag_slices.csv
direct_llm_original,direct_llm_original_track_a_120_canonical_v0,mysql,PORT,PORT_0008,rewrite_opportunity,function_normalization,none,exact,true,true,true,true,false,,runs/user/direct_llm_original_track_a_120_canonical_v0__mysql/tag_slices.csv,diagnostic join from existing ledger row and retained taxonomy used by tag_slices; tag present in existing tag_slices.csv
direct_llm_original,direct_llm_original_track_a_120_canonical_v0,mysql,PORT,PORT_0008,sql_feature,date_time_function,none,exact,true,true,true,true,false,,runs/user/direct_llm_original_track_a_120_canonical_v0__mysql/tag_slices.csv,diagnostic join from existing ledger row and retained taxonomy used by tag_slices; tag present in existing tag_slices.csv
direct_llm_original,direct_llm_original_track_a_120_canonical_v0,mysql,PORT,PORT_0008,sql_feature,expression_complexity,none,exact,true,true,true,true,false,,runs/user/direct_llm_original_track_a_120_canonical_v0__mysql/tag_slices.csv,diagnostic join from existing ledger row and retained taxonomy used by tag_slices; tag present in existing tag_slices.csv
direct_llm_original,direct_llm_original_track_a_120_canonical_v0,mysql,PORT,PORT_0012,portability_risk,datetime_semantics_gap,mismatch,mismatch,true,true,true,false,false,runs/user/direct_llm_original_track_a_120_canonical_v0__mysql/failures.csv,runs/user/direct_llm_original_track_a_120_canonical_v0__mysql/tag_slices.csv,diagnostic join from existing ledger row and retained taxonomy used by tag_slices; tag present in existing tag_slices.csv
direct_llm_original,direct_llm_original_track_a_120_canonical_v0,mysql,PORT,PORT_0012,portability_risk,identifier_quoting,mismatch,mismatch,true,true,true,false,false,runs/user/direct_llm_original_track_a_120_canonical_v0__mysql/failures.csv,runs/user/direct_llm_original_track_a_120_canonical_v0__mysql/tag_slices.csv,diagnostic join from existing ledger row and retained taxonomy used by tag_slices; tag present in existing tag_slices.csv
direct_llm_original,direct_llm_original_track_a_120_canonical_v0,mysql,PORT,PORT_0012,portability_risk,type_semantics_gap,mismatch,mismatch,true,true,true,false,false,runs/user/direct_llm_original_track_a_120_canonical_v0__mysql/failures.csv,runs/user/direct_llm_original_track_a_120_canonical_v0__mysql/tag_slices.csv,diagnostic join from existing ledger row and retained taxonomy used by tag_slices; tag present in existing tag_slices.csv
direct_llm_original,direct_llm_original_track_a_120_canonical_v0,mysql,PORT,PORT_0012,rewrite_opportunity,dialect_adaptation,mismatch,mismatch,true,true,true,false,false,runs/user/direct_llm_original_track_a_120_canonical_v0__mysql/failures.csv,runs/user/direct_llm_original_track_a_120_canonical_v0__mysql/tag_slices.csv,diagnostic join from existing ledger row and retained taxonomy used by tag_slices; tag present in existing tag_slices.csv
direct_llm_original,direct_llm_original_track_a_120_canonical_v0,mysql,PORT,PORT_0012,rewrite_opportunity,expression_simplification,mismatch,mismatch,true,true,true,false,false,runs/user/direct_llm_original_track_a_120_canonical_v0__mysql/failures.csv,runs/user/direct_llm_original_track_a_120_canonical_v0__mysql/tag_slices.csv,diagnostic join from existing ledger row and retained taxonomy used by tag_slices; tag present in existing tag_slices.csv
direct_llm_original,direct_llm_original_track_a_120_canonical_v0,mysql,PORT,PORT_0012,rewrite_opportunity,function_normalization,mismatch,mismatch,true,true,true,false,false,runs/user/direct_llm_original_track_a_120_canonical_v0__mysql/failures.csv,runs/user/direct_llm_original_track_a_120_canonical_v0__mysql/tag_slices.csv,diagnostic join from existing ledger row and retained taxonomy used by tag_slices; tag present in existing tag_slices.csv
direct_llm_original,direct_llm_original_track_a_120_canonical_v0,mysql,PORT,PORT_0012,sql_feature,date_time_function,mismatch,mismatch,true,true,true,false,false,runs/user/direct_llm_original_track_a_120_canonical_v0__mysql/failures.csv,runs/user/direct_llm_original_track_a_120_canonical_v0__mysql/tag_slices.csv,diagnostic join from existing ledger row and retained taxonomy used by tag_slices; tag present in existing tag_slices.csv
direct_llm_original,direct_llm_original_track_a_120_canonical_v0,mysql,PORT,PORT_0012,sql_feature,expression_complexity,mismatch,mismatch,true,true,true,false,false,runs/user/direct_llm_original_track_a_120_canonical_v0__mysql/failures.csv,runs/user/direct_llm_original_track_a_120_canonical_v0__mysql/tag_slices.csv,diagnostic join from existing ledger row and retained taxonomy used by tag_slices; tag present in existing tag_slices.csv
direct_llm_original,direct_llm_original_track_a_120_canonical_v0,mysql,PORT,PORT_0013,portability_risk,boolean_semantics_gap,mismatch,mismatch,true,true,true,false,false,runs/user/direct_llm_original_track_a_120_canonical_v0__mysql/failures.csv,runs/user/direct_llm_original_track_a_120_canonical_v0__mysql/tag_slices.csv,diagnostic join from existing ledger row and retained taxonomy used by tag_slices; tag present in existing tag_slices.csv
direct_llm_original,direct_llm_original_track_a_120_canonical_v0,mysql,PORT,PORT_0013,portability_risk,complex_expression_density,mismatch,mismatch,true,true,true,false,false,runs/user/direct_llm_original_track_a_120_canonical_v0__mysql/failures.csv,runs/user/direct_llm_original_track_a_120_canonical_v0__mysql/tag_slices.csv,diagnostic join from existing ledger row and retained taxonomy used by tag_slices; tag present in existing tag_slices.csv
direct_llm_original,direct_llm_original_track_a_120_canonical_v0,mysql,PORT,PORT_0013,portability_risk,identifier_quoting,mismatch,mismatch,true,true,true,false,false,runs/user/direct_llm_original_track_a_120_canonical_v0__mysql/failures.csv,runs/user/direct_llm_original_track_a_120_canonical_v0__mysql/tag_slices.csv,diagnostic join from existing ledger row and retained taxonomy used by tag_slices; tag present in existing tag_slices.csv
direct_llm_original,direct_llm_original_track_a_120_canonical_v0,mysql,PORT,PORT_0013,portability_risk,type_semantics_gap,mismatch,mismatch,true,true,true,false,false,runs/user/direct_llm_original_track_a_120_canonical_v0__mysql/failures.csv,runs/user/direct_llm_original_track_a_120_canonical_v0__mysql/tag_slices.csv,diagnostic join from existing ledger row and retained taxonomy used by tag_slices; tag present in existing tag_slices.csv
direct_llm_original,direct_llm_original_track_a_120_canonical_v0,mysql,PORT,PORT_0013,rewrite_opportunity,dialect_adaptation,mismatch,mismatch,true,true,true,false,false,runs/user/direct_llm_original_track_a_120_canonical_v0__mysql/failures.csv,runs/user/direct_llm_original_track_a_120_canonical_v0__mysql/tag_slices.csv,diagnostic join from existing ledger row and retained taxonomy used by tag_slices; tag present in existing tag_slices.csv
direct_llm_original,direct_llm_original_track_a_120_canonical_v0,mysql,PORT,PORT_0013,rewrite_opportunity,expression_simplification,mismatch,mismatch,true,true,true,false,false,runs/user/direct_llm_original_track_a_120_canonical_v0__mysql/failures.csv,runs/user/direct_llm_original_track_a_120_canonical_v0__mysql/tag_slices.csv,diagnostic join from existing ledger row and retained taxonomy used by tag_slices; tag present in existing tag_slices.csv
direct_llm_original,direct_llm_original_track_a_120_canonical_v0,mysql,PORT,PORT_0013,sql_feature,expression_complexity,mismatch,mismatch,true,true,true,false,false,runs/user/direct_llm_original_track_a_120_canonical_v0__mysql/failures.csv,runs/user/direct_llm_original_track_a_120_canonical_v0__mysql/tag_slices.csv,diagnostic join from existing ledger row and retained taxonomy used by tag_slices; tag present in existing tag_slices.csv
direct_llm_original,direct_llm_original_track_a_120_canonical_v0,mysql,PORT,PORT_0022,portability_risk,date_filter_semantics,mismatch,mismatch,true,true,true,false,false,runs/user/direct_llm_original_track_a_120_canonical_v0__mysql/failures.csv,runs/user/direct_llm_original_track_a_120_canonical_v0__mysql/tag_slices.csv,diagnostic join from existing ledger row and retained taxonomy used by tag_slices; tag present in existing tag_slices.csv
direct_llm_original,direct_llm_original_track_a_120_canonical_v0,mysql,PORT,PORT_0022,portability_risk,date_time_semantics,mismatch,mismatch,true,true,true,false,false,runs/user/direct_llm_original_track_a_120_canonical_v0__mysql/failures.csv,runs/user/direct_llm_original_track_a_120_canonical_v0__mysql/tag_slices.csv,diagnostic join from existing ledger row and retained taxonomy used by tag_slices; tag present in existing tag_slices.csv
direct_llm_original,direct_llm_original_track_a_120_canonical_v0,mysql,PORT,PORT_0022,portability_risk,join_aggregate_input_boundary,mismatch,mismatch,true,true,true,false,false,runs/user/direct_llm_original_track_a_120_canonical_v0__mysql/failures.csv,runs/user/direct_llm_original_track_a_120_canonical_v0__mysql/tag_slices.csv,diagnostic join from existing ledger row and retained taxonomy used by tag_slices; tag present in existing tag_slices.csv
direct_llm_original,direct_llm_original_track_a_120_canonical_v0,mysql,PORT,PORT_0022,portability_risk,literal_predicate_boundary,mismatch,mismatch,true,true,true,false,false,runs/user/direct_llm_original_track_a_120_canonical_v0__mysql/failures.csv,runs/user/direct_llm_original_track_a_120_canonical_v0__mysql/tag_slices.csv,diagnostic join from existing ledger row and retained taxonomy used by tag_slices; tag present in existing tag_slices.csv
direct_llm_original,direct_llm_original_track_a_120_canonical_v0,mysql,PORT,PORT_0022,portability_risk,type_coercion,mismatch,mismatch,true,true,true,false,false,runs/user/direct_llm_original_track_a_120_canonical_v0__mysql/failures.csv,runs/user/direct_llm_original_track_a_120_canonical_v0__mysql/tag_slices.csv,diagnostic join from existing ledger row and retained taxonomy used by tag_slices; tag present in existing tag_slices.csv
direct_llm_original,direct_llm_original_track_a_120_canonical_v0,mysql,PORT,PORT_0022,rewrite_opportunity,dialect_adaptation,mismatch,mismatch,true,true,true,false,false,runs/user/direct_llm_original_track_a_120_canonical_v0__mysql/failures.csv,runs/user/direct_llm_original_track_a_120_canonical_v0__mysql/tag_slices.csv,diagnostic join from existing ledger row and retained taxonomy used by tag_slices; tag present in existing tag_slices.csv
direct_llm_original,direct_llm_original_track_a_120_canonical_v0,mysql,PORT,PORT_0024,portability_risk,aggregate_expression_semantics,mismatch,mismatch,true,true,true,false,false,runs/user/direct_llm_original_track_a_120_canonical_v0__mysql/failures.csv,runs/user/direct_llm_original_track_a_120_canonical_v0__mysql/tag_slices.csv,diagnostic join from existing ledger row and retained taxonomy used by tag_slices; tag present in existing tag_slices.csv
direct_llm_original,direct_llm_original_track_a_120_canonical_v0,mysql,PORT,PORT_0024,portability_risk,boolean_semantics,mismatch,mismatch,true,true,true,false,false,runs/user/direct_llm_original_track_a_120_canonical_v0__mysql/failures.csv,runs/user/direct_llm_original_track_a_120_canonical_v0__mysql/tag_slices.csv,diagnostic join from existing ledger row and retained taxonomy used by tag_slices; tag present in existing tag_slices.csv
direct_llm_original,direct_llm_original_track_a_120_canonical_v0,mysql,PORT,PORT_0024,portability_risk,literal_predicate_boundary,mismatch,mismatch,true,true,true,false,false,runs/user/direct_llm_original_track_a_120_canonical_v0__mysql/failures.csv,runs/user/direct_llm_original_track_a_120_canonical_v0__mysql/tag_slices.csv,diagnostic join from existing ledger row and retained taxonomy used by tag_slices; tag present in existing tag_slices.csv
direct_llm_original,direct_llm_original_track_a_120_canonical_v0,mysql,PORT,PORT_0024,portability_risk,type_coercion,mismatch,mismatch,true,true,true,false,false,runs/user/direct_llm_original_track_a_120_canonical_v0__mysql/failures.csv,runs/user/direct_llm_original_track_a_120_canonical_v0__mysql/tag_slices.csv,diagnostic join from existing ledger row and retained taxonomy used by tag_slices; tag present in existing tag_slices.csv
direct_llm_original,direct_llm_original_track_a_120_canonical_v0,mysql,PORT,PORT_0024,rewrite_opportunity,dialect_adaptation,mismatch,mismatch,true,true,true,false,false,runs/user/direct_llm_original_track_a_120_canonical_v0__mysql/failures.csv,runs/user/direct_llm_original_track_a_120_canonical_v0__mysql/tag_slices.csv,diagnostic join from existing ledger row and retained taxonomy used by tag_slices; tag present in existing tag_slices.csv
direct_llm_original,direct_llm_original_track_a_120_canonical_v0,mysql,PORT,PORT_0025,portability_risk,date_time_semantics,none,exact,true,true,true,true,true,,runs/user/direct_llm_original_track_a_120_canonical_v0__mysql/tag_slices.csv,diagnostic join from existing ledger row and retained taxonomy used by tag_slices; tag present in existing tag_slices.csv
direct_llm_original,direct_llm_original_track_a_120_canonical_v0,mysql,PORT,PORT_0025,portability_risk,order_direction_semantics,none,exact,true,true,true,true,true,,runs/user/direct_llm_original_track_a_120_canonical_v0__mysql/tag_slices.csv,diagnostic join from existing ledger row and retained taxonomy used by tag_slices; tag present in existing tag_slices.csv
direct_llm_original,direct_llm_original_track_a_120_canonical_v0,mysql,PORT,PORT_0025,portability_risk,order_limit_semantics,none,exact,true,true,true,true,true,,runs/user/direct_llm_original_track_a_120_canonical_v0__mysql/tag_slices.csv,diagnostic join from existing ledger row and retained taxonomy used by tag_slices; tag present in existing tag_slices.csv
direct_llm_original,direct_llm_original_track_a_120_canonical_v0,mysql,PORT,PORT_0025,portability_risk,pagination_or_limit_offset,none,exact,true,true,true,true,true,,runs/user/direct_llm_original_track_a_120_canonical_v0__mysql/tag_slices.csv,diagnostic join from existing ledger row and retained taxonomy used by tag_slices; tag present in existing tag_slices.csv
direct_llm_original,direct_llm_original_track_a_120_canonical_v0,mysql,PORT,PORT_0025,portability_risk,top_1_row_selection,none,exact,true,true,true,true,true,,runs/user/direct_llm_original_track_a_120_canonical_v0__mysql/tag_slices.csv,diagnostic join from existing ledger row and retained taxonomy used by tag_slices; tag present in existing tag_slices.csv
direct_llm_original,direct_llm_original_track_a_120_canonical_v0,mysql,PORT,PORT_0025,rewrite_opportunity,dialect_adaptation,none,exact,true,true,true,true,true,,runs/user/direct_llm_original_track_a_120_canonical_v0__mysql/tag_slices.csv,diagnostic join from existing ledger row and retained taxonomy used by tag_slices; tag present in existing tag_slices.csv
direct_llm_original,direct_llm_original_track_a_120_canonical_v0,mysql,LONGTAIL,LONGTAIL_0011,rewrite_opportunity,cte_strategy,none,exact,true,true,true,true,true,,runs/user/direct_llm_original_track_a_120_canonical_v0__mysql/tag_slices.csv,diagnostic join from existing ledger row and retained taxonomy used by tag_slices; tag present in existing tag_slices.csv
direct_llm_original,direct_llm_original_track_a_120_canonical_v0,mysql,LONGTAIL,LONGTAIL_0011,rewrite_opportunity,expression_simplification,none,exact,true,true,true,true,true,,runs/user/direct_llm_original_track_a_120_canonical_v0__mysql/tag_slices.csv,diagnostic join from existing ledger row and retained taxonomy used by tag_slices; tag present in existing tag_slices.csv
direct_llm_original,direct_llm_original_track_a_120_canonical_v0,mysql,LONGTAIL,LONGTAIL_0011,sql_feature,aggregate,none,exact,true,true,true,true,true,,runs/user/direct_llm_original_track_a_120_canonical_v0__mysql/tag_slices.csv,diagnostic join from existing ledger row and retained taxonomy used by tag_slices; tag present in existing tag_slices.csv
direct_llm_original,direct_llm_original_track_a_120_canonical_v0,mysql,LONGTAIL,LONGTAIL_0011,sql_feature,cte,none,exact,true,true,true,true,true,,runs/user/direct_llm_original_track_a_120_canonical_v0__mysql/tag_slices.csv,diagnostic join from existing ledger row and retained taxonomy used by tag_slices; tag present in existing tag_slices.csv
direct_llm_original,direct_llm_original_track_a_120_canonical_v0,mysql,LONGTAIL,LONGTAIL_0011,sql_feature,join,none,exact,true,true,true,true,true,,runs/user/direct_llm_original_track_a_120_canonical_v0__mysql/tag_slices.csv,diagnostic join from existing ledger row and retained taxonomy used by tag_slices; tag present in existing tag_slices.csv
direct_llm_original,direct_llm_original_track_a_120_canonical_v0,mysql,LONGTAIL,LONGTAIL_0011,sql_feature,sort,none,exact,true,true,true,true,true,,runs/user/direct_llm_original_track_a_120_canonical_v0__mysql/tag_slices.csv,diagnostic join from existing ledger row and retained taxonomy used by tag_slices; tag present in existing tag_slices.csv
direct_llm_original,direct_llm_original_track_a_120_canonical_v0,mysql,LONGTAIL,LONGTAIL_0011,sql_feature,window_function,none,exact,true,true,true,true,true,,runs/user/direct_llm_original_track_a_120_canonical_v0__mysql/tag_slices.csv,diagnostic join from existing ledger row and retained taxonomy used by tag_slices; tag present in existing tag_slices.csv
direct_llm_original,direct_llm_original_track_a_120_canonical_v0,mysql,LONGTAIL,LONGTAIL_0012,sql_feature,aggregation,none,exact,true,true,true,true,true,,runs/user/direct_llm_original_track_a_120_canonical_v0__mysql/tag_slices.csv,diagnostic join from existing ledger row and retained taxonomy used by tag_slices; tag present in existing tag_slices.csv
direct_llm_original,direct_llm_original_track_a_120_canonical_v0,mysql,LONGTAIL,LONGTAIL_0012,sql_feature,complex_expression,none,exact,true,true,true,true,true,,runs/user/direct_llm_original_track_a_120_canonical_v0__mysql/tag_slices.csv,diagnostic join from existing ledger row and retained taxonomy used by tag_slices; tag present in existing tag_slices.csv
direct_llm_original,direct_llm_original_track_a_120_canonical_v0,mysql,LONGTAIL,LONGTAIL_0012,sql_feature,outer_join,none,exact,true,true,true,true,true,,runs/user/direct_llm_original_track_a_120_canonical_v0__mysql/tag_slices.csv,diagnostic join from existing ledger row and retained taxonomy used by tag_slices; tag present in existing tag_slices.csv
direct_llm_original,direct_llm_original_track_a_120_canonical_v0,mysql,LONGTAIL,LONGTAIL_0012,sql_feature,sort_limit,none,exact,true,true,true,true,true,,runs/user/direct_llm_original_track_a_120_canonical_v0__mysql/tag_slices.csv,diagnostic join from existing ledger row and retained taxonomy used by tag_slices; tag present in existing tag_slices.csv
direct_llm_original,direct_llm_original_track_a_120_canonical_v0,mysql,LONGTAIL,LONGTAIL_0012,sql_feature,subquery_in_from,none,exact,true,true,true,true,true,,runs/user/direct_llm_original_track_a_120_canonical_v0__mysql/tag_slices.csv,diagnostic join from existing ledger row and retained taxonomy used by tag_slices; tag present in existing tag_slices.csv
direct_llm_original,direct_llm_original_track_a_120_canonical_v0,mysql,LONGTAIL,LONGTAIL_0012,sql_feature,window_function,none,exact,true,true,true,true,true,,runs/user/direct_llm_original_track_a_120_canonical_v0__mysql/tag_slices.csv,diagnostic join from existing ledger row and retained taxonomy used by tag_slices; tag present in existing tag_slices.csv
direct_llm_original,direct_llm_original_track_a_120_canonical_v0,mysql,LONGTAIL,LONGTAIL_0013,sql_feature,aggregation,none,exact,true,true,true,true,true,,runs/user/direct_llm_original_track_a_120_canonical_v0__mysql/tag_slices.csv,diagnostic join from existing ledger row and retained taxonomy used by tag_slices; tag present in existing tag_slices.csv
direct_llm_original,direct_llm_original_track_a_120_canonical_v0,mysql,LONGTAIL,LONGTAIL_0013,sql_feature,complex_expression,none,exact,true,true,true,true,true,,runs/user/direct_llm_original_track_a_120_canonical_v0__mysql/tag_slices.csv,diagnostic join from existing ledger row and retained taxonomy used by tag_slices; tag present in existing tag_slices.csv
direct_llm_original,direct_llm_original_track_a_120_canonical_v0,mysql,LONGTAIL,LONGTAIL_0013,sql_feature,cte,none,exact,true,true,true,true,true,,runs/user/direct_llm_original_track_a_120_canonical_v0__mysql/tag_slices.csv,diagnostic join from existing ledger row and retained taxonomy used by tag_slices; tag present in existing tag_slices.csv
direct_llm_original,direct_llm_original_track_a_120_canonical_v0,mysql,LONGTAIL,LONGTAIL_0013,sql_feature,outer_join,none,exact,true,true,true,true,true,,runs/user/direct_llm_original_track_a_120_canonical_v0__mysql/tag_slices.csv,diagnostic join from existing ledger row and retained taxonomy used by tag_slices; tag present in existing tag_slices.csv
direct_llm_original,direct_llm_original_track_a_120_canonical_v0,mysql,LONGTAIL,LONGTAIL_0013,sql_feature,sort,none,exact,true,true,true,true,true,,runs/user/direct_llm_original_track_a_120_canonical_v0__mysql/tag_slices.csv,diagnostic join from existing ledger row and retained taxonomy used by tag_slices; tag present in existing tag_slices.csv
direct_llm_original,direct_llm_original_track_a_120_canonical_v0,mysql,LONGTAIL,LONGTAIL_0013,sql_feature,window_function,none,exact,true,true,true,true,true,,runs/user/direct_llm_original_track_a_120_canonical_v0__mysql/tag_slices.csv,diagnostic join from existing ledger row and retained taxonomy used by tag_slices; tag present in existing tag_slices.csv
direct_llm_original,direct_llm_original_track_a_120_canonical_v0,mysql,LONGTAIL,LONGTAIL_0022,sql_feature,aggregation,none,exact,true,true,true,true,true,,runs/user/direct_llm_original_track_a_120_canonical_v0__mysql/tag_slices.csv,diagnostic join from existing ledger row and retained taxonomy used by tag_slices; tag present in existing tag_slices.csv
direct_llm_original,direct_llm_original_track_a_120_canonical_v0,mysql,LONGTAIL,LONGTAIL_0022,sql_feature,cte,none,exact,true,true,true,true,true,,runs/user/direct_llm_original_track_a_120_canonical_v0__mysql/tag_slices.csv,diagnostic join from existing ledger row and retained taxonomy used by tag_slices; tag present in existing tag_slices.csv
direct_llm_original,direct_llm_original_track_a_120_canonical_v0,mysql,LONGTAIL,LONGTAIL_0022,sql_feature,join,none,exact,true,true,true,true,true,,runs/user/direct_llm_original_track_a_120_canonical_v0__mysql/tag_slices.csv,diagnostic join from existing ledger row and retained taxonomy used by tag_slices; tag present in existing tag_slices.csv
direct_llm_original,direct_llm_original_track_a_120_canonical_v0,mysql,LONGTAIL,LONGTAIL_0022,sql_feature,outer_join,none,exact,true,true,true,true,true,,runs/user/direct_llm_original_track_a_120_canonical_v0__mysql/tag_slices.csv,diagnostic join from existing ledger row and retained taxonomy used by tag_slices; tag present in existing tag_slices.csv
direct_llm_original,direct_llm_original_track_a_120_canonical_v0,mysql,LONGTAIL,LONGTAIL_0022,sql_feature,sort,none,exact,true,true,true,true,true,,runs/user/direct_llm_original_track_a_120_canonical_v0__mysql/tag_slices.csv,diagnostic join from existing ledger row and retained taxonomy used by tag_slices; tag present in existing tag_slices.csv
direct_llm_original,direct_llm_original_track_a_120_canonical_v0,mysql,LONGTAIL,LONGTAIL_0023,sql_feature,aggregation,none,exact,true,true,true,true,true,,runs/user/direct_llm_original_track_a_120_canonical_v0__mysql/tag_slices.csv,diagnostic join from existing ledger row and retained taxonomy used by tag_slices; tag present in existing tag_slices.csv
direct_llm_original,direct_llm_original_track_a_120_canonical_v0,mysql,LONGTAIL,LONGTAIL_0023,sql_feature,cte,none,exact,true,true,true,true,true,,runs/user/direct_llm_original_track_a_120_canonical_v0__mysql/tag_slices.csv,diagnostic join from existing ledger row and retained taxonomy used by tag_slices; tag present in existing tag_slices.csv
direct_llm_original,direct_llm_original_track_a_120_canonical_v0,mysql,LONGTAIL,LONGTAIL_0023,sql_feature,directed_relation,none,exact,true,true,true,true,true,,runs/user/direct_llm_original_track_a_120_canonical_v0__mysql/tag_slices.csv,diagnostic join from existing ledger row and retained taxonomy used by tag_slices; tag present in existing tag_slices.csv
direct_llm_original,direct_llm_original_track_a_120_canonical_v0,mysql,LONGTAIL,LONGTAIL_0023,sql_feature,outer_join,none,exact,true,true,true,true,true,,runs/user/direct_llm_original_track_a_120_canonical_v0__mysql/tag_slices.csv,diagnostic join from existing ledger row and retained taxonomy used by tag_slices; tag present in existing tag_slices.csv
direct_llm_original,direct_llm_original_track_a_120_canonical_v0,mysql,LONGTAIL,LONGTAIL_0023,sql_feature,sort,none,exact,true,true,true,true,true,,runs/user/direct_llm_original_track_a_120_canonical_v0__mysql/tag_slices.csv,diagnostic join from existing ledger row and retained taxonomy used by tag_slices; tag present in existing tag_slices.csv
direct_llm_original,direct_llm_original_track_a_120_canonical_v0,mysql,LONGTAIL,LONGTAIL_0024,sql_feature,aggregation,none,exact,true,true,true,true,true,,runs/user/direct_llm_original_track_a_120_canonical_v0__mysql/tag_slices.csv,diagnostic join from existing ledger row and retained taxonomy used by tag_slices; tag present in existing tag_slices.csv
direct_llm_original,direct_llm_original_track_a_120_canonical_v0,mysql,LONGTAIL,LONGTAIL_0024,sql_feature,cte,none,exact,true,true,true,true,true,,runs/user/direct_llm_original_track_a_120_canonical_v0__mysql/tag_slices.csv,diagnostic join from existing ledger row and retained taxonomy used by tag_slices; tag present in existing tag_slices.csv
direct_llm_original,direct_llm_original_track_a_120_canonical_v0,mysql,LONGTAIL,LONGTAIL_0024,sql_feature,join,none,exact,true,true,true,true,true,,runs/user/direct_llm_original_track_a_120_canonical_v0__mysql/tag_slices.csv,diagnostic join from existing ledger row and retained taxonomy used by tag_slices; tag present in existing tag_slices.csv
direct_llm_original,direct_llm_original_track_a_120_canonical_v0,mysql,LONGTAIL,LONGTAIL_0024,sql_feature,sort,none,exact,true,true,true,true,true,,runs/user/direct_llm_original_track_a_120_canonical_v0__mysql/tag_slices.csv,diagnostic join from existing ledger row and retained taxonomy used by tag_slices; tag present in existing tag_slices.csv
direct_llm_original,direct_llm_original_track_a_120_canonical_v0,mysql,LONGTAIL,LONGTAIL_0024,sql_feature,temporal_min_max,none,exact,true,true,true,true,true,,runs/user/direct_llm_original_track_a_120_canonical_v0__mysql/tag_slices.csv,diagnostic join from existing ledger row and retained taxonomy used by tag_slices; tag present in existing tag_slices.csv
direct_llm_original,direct_llm_original_track_a_120_canonical_v0,spark,PERF,PERF_0006,rewrite_opportunity,materialization_strategy,none,exact,true,true,true,true,true,,runs/user/direct_llm_original_track_a_120_canonical_v0__spark/tag_slices.csv,diagnostic join from existing ledger row and retained taxonomy used by tag_slices; tag present in existing tag_slices.csv
direct_llm_original,direct_llm_original_track_a_120_canonical_v0,spark,PERF,PERF_0006,rewrite_opportunity,predicate_pushdown,none,exact,true,true,true,true,true,,runs/user/direct_llm_original_track_a_120_canonical_v0__spark/tag_slices.csv,diagnostic join from existing ledger row and retained taxonomy used by tag_slices; tag present in existing tag_slices.csv
direct_llm_original,direct_llm_original_track_a_120_canonical_v0,spark,PERF,PERF_0006,sql_feature,date_time_function,none,exact,true,true,true,true,true,,runs/user/direct_llm_original_track_a_120_canonical_v0__spark/tag_slices.csv,diagnostic join from existing ledger row and retained taxonomy used by tag_slices; tag present in existing tag_slices.csv
direct_llm_original,direct_llm_original_track_a_120_canonical_v0,spark,PERF,PERF_0006,sql_feature,expression_complexity,none,exact,true,true,true,true,true,,runs/user/direct_llm_original_track_a_120_canonical_v0__spark/tag_slices.csv,diagnostic join from existing ledger row and retained taxonomy used by tag_slices; tag present in existing tag_slices.csv
direct_llm_original,direct_llm_original_track_a_120_canonical_v0,spark,PERF,PERF_0007,rewrite_opportunity,materialization_strategy,none,exact,true,true,true,true,true,,runs/user/direct_llm_original_track_a_120_canonical_v0__spark/tag_slices.csv,diagnostic join from existing ledger row and retained taxonomy used by tag_slices; tag present in existing tag_slices.csv
direct_llm_original,direct_llm_original_track_a_120_canonical_v0,spark,PERF,PERF_0007,rewrite_opportunity,predicate_pushdown,none,exact,true,true,true,true,true,,runs/user/direct_llm_original_track_a_120_canonical_v0__spark/tag_slices.csv,diagnostic join from existing ledger row and retained taxonomy used by tag_slices; tag present in existing tag_slices.csv
direct_llm_original,direct_llm_original_track_a_120_canonical_v0,spark,PERF,PERF_0007,sql_feature,date_time_function,none,exact,true,true,true,true,true,,runs/user/direct_llm_original_track_a_120_canonical_v0__spark/tag_slices.csv,diagnostic join from existing ledger row and retained taxonomy used by tag_slices; tag present in existing tag_slices.csv
direct_llm_original,direct_llm_original_track_a_120_canonical_v0,spark,PERF,PERF_0008,rewrite_opportunity,materialization_strategy,none,exact,true,true,true,true,true,,runs/user/direct_llm_original_track_a_120_canonical_v0__spark/tag_slices.csv,diagnostic join from existing ledger row and retained taxonomy used by tag_slices; tag present in existing tag_slices.csv
direct_llm_original,direct_llm_original_track_a_120_canonical_v0,spark,PERF,PERF_0008,rewrite_opportunity,predicate_pushdown,none,exact,true,true,true,true,true,,runs/user/direct_llm_original_track_a_120_canonical_v0__spark/tag_slices.csv,diagnostic join from existing ledger row and retained taxonomy used by tag_slices; tag present in existing tag_slices.csv
direct_llm_original,direct_llm_original_track_a_120_canonical_v0,spark,PERF,PERF_0008,sql_feature,date_time_function,none,exact,true,true,true,true,true,,runs/user/direct_llm_original_track_a_120_canonical_v0__spark/tag_slices.csv,diagnostic join from existing ledger row and retained taxonomy used by tag_slices; tag present in existing tag_slices.csv
direct_llm_original,direct_llm_original_track_a_120_canonical_v0,spark,PERF,PERF_0008,sql_feature,subquery_in_from,none,exact,true,true,true,true,true,,runs/user/direct_llm_original_track_a_120_canonical_v0__spark/tag_slices.csv,diagnostic join from existing ledger row and retained taxonomy used by tag_slices; tag present in existing tag_slices.csv
direct_llm_original,direct_llm_original_track_a_120_canonical_v0,spark,PERF,PERF_0013,rewrite_opportunity,join_reorder,none,exact,true,true,true,true,true,,runs/user/direct_llm_original_track_a_120_canonical_v0__spark/tag_slices.csv,diagnostic join from existing ledger row and retained taxonomy used by tag_slices; tag present in existing tag_slices.csv
direct_llm_original,direct_llm_original_track_a_120_canonical_v0,spark,PERF,PERF_0013,rewrite_opportunity,predicate_pushdown,none,exact,true,true,true,true,true,,runs/user/direct_llm_original_track_a_120_canonical_v0__spark/tag_slices.csv,diagnostic join from existing ledger row and retained taxonomy used by tag_slices; tag present in existing tag_slices.csv
direct_llm_original,direct_llm_original_track_a_120_canonical_v0,spark,PERF,PERF_0013,sql_feature,date_time_function,none,exact,true,true,true,true,true,,runs/user/direct_llm_original_track_a_120_canonical_v0__spark/tag_slices.csv,diagnostic join from existing ledger row and retained taxonomy used by tag_slices; tag present in existing tag_slices.csv
direct_llm_original,direct_llm_original_track_a_120_canonical_v0,spark,PERF,PERF_0017,rewrite_opportunity,join_reorder,none,exact,true,true,true,true,true,,runs/user/direct_llm_original_track_a_120_canonical_v0__spark/tag_slices.csv,diagnostic join from existing ledger row and retained taxonomy used by tag_slices; tag present in existing tag_slices.csv
direct_llm_original,direct_llm_original_track_a_120_canonical_v0,spark,PERF,PERF_0017,rewrite_opportunity,predicate_pushdown,none,exact,true,true,true,true,true,,runs/user/direct_llm_original_track_a_120_canonical_v0__spark/tag_slices.csv,diagnostic join from existing ledger row and retained taxonomy used by tag_slices; tag present in existing tag_slices.csv
direct_llm_original,direct_llm_original_track_a_120_canonical_v0,spark,PERF,PERF_0017,sql_feature,date_time_function,none,exact,true,true,true,true,true,,runs/user/direct_llm_original_track_a_120_canonical_v0__spark/tag_slices.csv,diagnostic join from existing ledger row and retained taxonomy used by tag_slices; tag present in existing tag_slices.csv
direct_llm_original,direct_llm_original_track_a_120_canonical_v0,spark,PERF,PERF_0019,rewrite_opportunity,materialization_strategy,none,exact,true,true,true,true,true,,runs/user/direct_llm_original_track_a_120_canonical_v0__spark/tag_slices.csv,diagnostic join from existing ledger row and retained taxonomy used by tag_slices; tag present in existing tag_slices.csv
direct_llm_original,direct_llm_original_track_a_120_canonical_v0,spark,PERF,PERF_0019,rewrite_opportunity,predicate_pushdown,none,exact,true,true,true,true,true,,runs/user/direct_llm_original_track_a_120_canonical_v0__spark/tag_slices.csv,diagnostic join from existing ledger row and retained taxonomy used by tag_slices; tag present in existing tag_slices.csv
direct_llm_original,direct_llm_original_track_a_120_canonical_v0,spark,PERF,PERF_0019,sql_feature,outer_join,none,exact,true,true,true,true,true,,runs/user/direct_llm_original_track_a_120_canonical_v0__spark/tag_slices.csv,diagnostic join from existing ledger row and retained taxonomy used by tag_slices; tag present in existing tag_slices.csv
direct_llm_original,direct_llm_original_track_a_120_canonical_v0,spark,PERF,PERF_0019,sql_feature,subquery_in_from,none,exact,true,true,true,true,true,,runs/user/direct_llm_original_track_a_120_canonical_v0__spark/tag_slices.csv,diagnostic join from existing ledger row and retained taxonomy used by tag_slices; tag present in existing tag_slices.csv
direct_llm_original,direct_llm_original_track_a_120_canonical_v0,spark,PERF,PERF_0024,rewrite_opportunity,predicate_pushdown,none,exact,true,true,true,true,true,,runs/user/direct_llm_original_track_a_120_canonical_v0__spark/tag_slices.csv,diagnostic join from existing ledger row and retained taxonomy used by tag_slices; tag present in existing tag_slices.csv
direct_llm_original,direct_llm_original_track_a_120_canonical_v0,spark,PERF,PERF_0024,rewrite_opportunity,subquery_decorrelation,none,exact,true,true,true,true,true,,runs/user/direct_llm_original_track_a_120_canonical_v0__spark/tag_slices.csv,diagnostic join from existing ledger row and retained taxonomy used by tag_slices; tag present in existing tag_slices.csv
direct_llm_original,direct_llm_original_track_a_120_canonical_v0,spark,PERF,PERF_0024,sql_feature,correlated_subquery,none,exact,true,true,true,true,true,,runs/user/direct_llm_original_track_a_120_canonical_v0__spark/tag_slices.csv,diagnostic join from existing ledger row and retained taxonomy used by tag_slices; tag present in existing tag_slices.csv
direct_llm_original,direct_llm_original_track_a_120_canonical_v0,spark,PERF,PERF_0024,sql_feature,date_time_function,none,exact,true,true,true,true,true,,runs/user/direct_llm_original_track_a_120_canonical_v0__spark/tag_slices.csv,diagnostic join from existing ledger row and retained taxonomy used by tag_slices; tag present in existing tag_slices.csv
direct_llm_original,direct_llm_original_track_a_120_canonical_v0,spark,PERF,PERF_0033,portability_risk,limit_fetch_gap,none,exact,true,true,true,true,true,,runs/user/direct_llm_original_track_a_120_canonical_v0__spark/tag_slices.csv,diagnostic join from existing ledger row and retained taxonomy used by tag_slices; tag present in existing tag_slices.csv
direct_llm_original,direct_llm_original_track_a_120_canonical_v0,spark,PERF,PERF_0033,rewrite_opportunity,join_reorder,none,exact,true,true,true,true,true,,runs/user/direct_llm_original_track_a_120_canonical_v0__spark/tag_slices.csv,diagnostic join from existing ledger row and retained taxonomy used by tag_slices; tag present in existing tag_slices.csv
direct_llm_original,direct_llm_original_track_a_120_canonical_v0,spark,PERF,PERF_0033,rewrite_opportunity,predicate_pushdown,none,exact,true,true,true,true,true,,runs/user/direct_llm_original_track_a_120_canonical_v0__spark/tag_slices.csv,diagnostic join from existing ledger row and retained taxonomy used by tag_slices; tag present in existing tag_slices.csv
direct_llm_original,direct_llm_original_track_a_120_canonical_v0,spark,PERF,PERF_0033,sql_feature,aggregate,none,exact,true,true,true,true,true,,runs/user/direct_llm_original_track_a_120_canonical_v0__spark/tag_slices.csv,diagnostic join from existing ledger row and retained taxonomy used by tag_slices; tag present in existing tag_slices.csv
direct_llm_original,direct_llm_original_track_a_120_canonical_v0,spark,PERF,PERF_0033,sql_feature,group_by,none,exact,true,true,true,true,true,,runs/user/direct_llm_original_track_a_120_canonical_v0__spark/tag_slices.csv,diagnostic join from existing ledger row and retained taxonomy used by tag_slices; tag present in existing tag_slices.csv
direct_llm_original,direct_llm_original_track_a_120_canonical_v0,spark,PERF,PERF_0033,sql_feature,join,none,exact,true,true,true,true,true,,runs/user/direct_llm_original_track_a_120_canonical_v0__spark/tag_slices.csv,diagnostic join from existing ledger row and retained taxonomy used by tag_slices; tag present in existing tag_slices.csv
direct_llm_original,direct_llm_original_track_a_120_canonical_v0,spark,PERF,PERF_0033,sql_feature,limit,none,exact,true,true,true,true,true,,runs/user/direct_llm_original_track_a_120_canonical_v0__spark/tag_slices.csv,diagnostic join from existing ledger row and retained taxonomy used by tag_slices; tag present in existing tag_slices.csv
direct_llm_original,direct_llm_original_track_a_120_canonical_v0,spark,PERF,PERF_0033,sql_feature,order_by,none,exact,true,true,true,true,true,,runs/user/direct_llm_original_track_a_120_canonical_v0__spark/tag_slices.csv,diagnostic join from existing ledger row and retained taxonomy used by tag_slices; tag present in existing tag_slices.csv
direct_llm_original,direct_llm_original_track_a_120_canonical_v0,spark,PERF,PERF_0034,rewrite_opportunity,materialization_strategy,none,exact,true,true,true,true,true,,runs/user/direct_llm_original_track_a_120_canonical_v0__spark/tag_slices.csv,diagnostic join from existing ledger row and retained taxonomy used by tag_slices; tag present in existing tag_slices.csv
direct_llm_original,direct_llm_original_track_a_120_canonical_v0,spark,PERF,PERF_0034,rewrite_opportunity,predicate_pushdown,none,exact,true,true,true,true,true,,runs/user/direct_llm_original_track_a_120_canonical_v0__spark/tag_slices.csv,diagnostic join from existing ledger row and retained taxonomy used by tag_slices; tag present in existing tag_slices.csv
direct_llm_original,direct_llm_original_track_a_120_canonical_v0,spark,PERF,PERF_0034,sql_feature,cte,none,exact,true,true,true,true,true,,runs/user/direct_llm_original_track_a_120_canonical_v0__spark/tag_slices.csv,diagnostic join from existing ledger row and retained taxonomy used by tag_slices; tag present in existing tag_slices.csv
direct_llm_original,direct_llm_original_track_a_120_canonical_v0,spark,PERF,PERF_0034,sql_feature,set_operation,none,exact,true,true,true,true,true,,runs/user/direct_llm_original_track_a_120_canonical_v0__spark/tag_slices.csv,diagnostic join from existing ledger row and retained taxonomy used by tag_slices; tag present in existing tag_slices.csv
direct_llm_original,direct_llm_original_track_a_120_canonical_v0,spark,PERF,PERF_0035,portability_risk,type_semantics_gap,none,exact,true,true,true,true,true,,runs/user/direct_llm_original_track_a_120_canonical_v0__spark/tag_slices.csv,diagnostic join from existing ledger row and retained taxonomy used by tag_slices; tag present in existing tag_slices.csv
direct_llm_original,direct_llm_original_track_a_120_canonical_v0,spark,PERF,PERF_0035,rewrite_opportunity,aggregation_rewrite,none,exact,true,true,true,true,true,,runs/user/direct_llm_original_track_a_120_canonical_v0__spark/tag_slices.csv,diagnostic join from existing ledger row and retained taxonomy used by tag_slices; tag present in existing tag_slices.csv
direct_llm_original,direct_llm_original_track_a_120_canonical_v0,spark,PERF,PERF_0035,rewrite_opportunity,cte_strategy,none,exact,true,true,true,true,true,,runs/user/direct_llm_original_track_a_120_canonical_v0__spark/tag_slices.csv,diagnostic join from existing ledger row and retained taxonomy used by tag_slices; tag present in existing tag_slices.csv
direct_llm_original,direct_llm_original_track_a_120_canonical_v0,spark,PERF,PERF_0035,sql_feature,cte,none,exact,true,true,true,true,true,,runs/user/direct_llm_original_track_a_120_canonical_v0__spark/tag_slices.csv,diagnostic join from existing ledger row and retained taxonomy used by tag_slices; tag present in existing tag_slices.csv
direct_llm_original,direct_llm_original_track_a_120_canonical_v0,spark,PERF,PERF_0035,sql_feature,expression_complexity,none,exact,true,true,true,true,true,,runs/user/direct_llm_original_track_a_120_canonical_v0__spark/tag_slices.csv,diagnostic join from existing ledger row and retained taxonomy used by tag_slices; tag present in existing tag_slices.csv
direct_llm_original,direct_llm_original_track_a_120_canonical_v0,spark,PERF,PERF_0035,sql_feature,window_function,none,exact,true,true,true,true,true,,runs/user/direct_llm_original_track_a_120_canonical_v0__spark/tag_slices.csv,diagnostic join from existing ledger row and retained taxonomy used by tag_slices; tag present in existing tag_slices.csv
direct_llm_original,direct_llm_original_track_a_120_canonical_v0,spark,PERF,PERF_0052,sql_feature,aggregate,none,exact,true,true,true,true,true,,runs/user/direct_llm_original_track_a_120_canonical_v0__spark/tag_slices.csv,diagnostic join from existing ledger row and retained taxonomy used by tag_slices; tag present in existing tag_slices.csv
direct_llm_original,direct_llm_original_track_a_120_canonical_v0,spark,PERF,PERF_0052,sql_feature,correlated_subquery,none,exact,true,true,true,true,true,,runs/user/direct_llm_original_track_a_120_canonical_v0__spark/tag_slices.csv,diagnostic join from existing ledger row and retained taxonomy used by tag_slices; tag present in existing tag_slices.csv
direct_llm_original,direct_llm_original_track_a_120_canonical_v0,spark,PERF,PERF_0052,sql_feature,cte,none,exact,true,true,true,true,true,,runs/user/direct_llm_original_track_a_120_canonical_v0__spark/tag_slices.csv,diagnostic join from existing ledger row and retained taxonomy used by tag_slices; tag present in existing tag_slices.csv
direct_llm_original,direct_llm_original_track_a_120_canonical_v0,spark,PERF,PERF_0052,sql_feature,group_by,none,exact,true,true,true,true,true,,runs/user/direct_llm_original_track_a_120_canonical_v0__spark/tag_slices.csv,diagnostic join from existing ledger row and retained taxonomy used by tag_slices; tag present in existing tag_slices.csv
direct_llm_original,direct_llm_original_track_a_120_canonical_v0,spark,PERF,PERF_0052,sql_feature,limit,none,exact,true,true,true,true,true,,runs/user/direct_llm_original_track_a_120_canonical_v0__spark/tag_slices.csv,diagnostic join from existing ledger row and retained taxonomy used by tag_slices; tag present in existing tag_slices.csv
direct_llm_original,direct_llm_original_track_a_120_canonical_v0,spark,PERF,PERF_0052,sql_feature,order_by,none,exact,true,true,true,true,true,,runs/user/direct_llm_original_track_a_120_canonical_v0__spark/tag_slices.csv,diagnostic join from existing ledger row and retained taxonomy used by tag_slices; tag present in existing tag_slices.csv
direct_llm_original,direct_llm_original_track_a_120_canonical_v0,spark,PERF,PERF_0054,sql_feature,aggregate,none,exact,true,true,true,true,true,,runs/user/direct_llm_original_track_a_120_canonical_v0__spark/tag_slices.csv,diagnostic join from existing ledger row and retained taxonomy used by tag_slices; tag present in existing tag_slices.csv
direct_llm_original,direct_llm_original_track_a_120_canonical_v0,spark,PERF,PERF_0054,sql_feature,group_by,none,exact,true,true,true,true,true,,runs/user/direct_llm_original_track_a_120_canonical_v0__spark/tag_slices.csv,diagnostic join from existing ledger row and retained taxonomy used by tag_slices; tag present in existing tag_slices.csv
direct_llm_original,direct_llm_original_track_a_120_canonical_v0,spark,PERF,PERF_0054,sql_feature,join,none,exact,true,true,true,true,true,,runs/user/direct_llm_original_track_a_120_canonical_v0__spark/tag_slices.csv,diagnostic join from existing ledger row and retained taxonomy used by tag_slices; tag present in existing tag_slices.csv
direct_llm_original,direct_llm_original_track_a_120_canonical_v0,spark,PERF,PERF_0054,sql_feature,limit,none,exact,true,true,true,true,true,,runs/user/direct_llm_original_track_a_120_canonical_v0__spark/tag_slices.csv,diagnostic join from existing ledger row and retained taxonomy used by tag_slices; tag present in existing tag_slices.csv
direct_llm_original,direct_llm_original_track_a_120_canonical_v0,spark,PERF,PERF_0054,sql_feature,order_by,none,exact,true,true,true,true,true,,runs/user/direct_llm_original_track_a_120_canonical_v0__spark/tag_slices.csv,diagnostic join from existing ledger row and retained taxonomy used by tag_slices; tag present in existing tag_slices.csv
direct_llm_original,direct_llm_original_track_a_120_canonical_v0,spark,PERF,PERF_0056,sql_feature,aggregate,none,exact,true,true,true,true,true,,runs/user/direct_llm_original_track_a_120_canonical_v0__spark/tag_slices.csv,diagnostic join from existing ledger row and retained taxonomy used by tag_slices; tag present in existing tag_slices.csv
direct_llm_original,direct_llm_original_track_a_120_canonical_v0,spark,PERF,PERF_0056,sql_feature,group_by,none,exact,true,true,true,true,true,,runs/user/direct_llm_original_track_a_120_canonical_v0__spark/tag_slices.csv,diagnostic join from existing ledger row and retained taxonomy used by tag_slices; tag present in existing tag_slices.csv
direct_llm_original,direct_llm_original_track_a_120_canonical_v0,spark,PERF,PERF_0056,sql_feature,having,none,exact,true,true,true,true,true,,runs/user/direct_llm_original_track_a_120_canonical_v0__spark/tag_slices.csv,diagnostic join from existing ledger row and retained taxonomy used by tag_slices; tag present in existing tag_slices.csv
direct_llm_original,direct_llm_original_track_a_120_canonical_v0,spark,PERF,PERF_0056,sql_feature,limit,none,exact,true,true,true,true,true,,runs/user/direct_llm_original_track_a_120_canonical_v0__spark/tag_slices.csv,diagnostic join from existing ledger row and retained taxonomy used by tag_slices; tag present in existing tag_slices.csv
direct_llm_original,direct_llm_original_track_a_120_canonical_v0,spark,PERF,PERF_0056,sql_feature,order_by,none,exact,true,true,true,true,true,,runs/user/direct_llm_original_track_a_120_canonical_v0__spark/tag_slices.csv,diagnostic join from existing ledger row and retained taxonomy used by tag_slices; tag present in existing tag_slices.csv
direct_llm_original,direct_llm_original_track_a_120_canonical_v0,spark,PERF,PERF_0056,sql_feature,scalar_subquery,none,exact,true,true,true,true,true,,runs/user/direct_llm_original_track_a_120_canonical_v0__spark/tag_slices.csv,diagnostic join from existing ledger row and retained taxonomy used by tag_slices; tag present in existing tag_slices.csv
direct_llm_original,direct_llm_original_track_a_120_canonical_v0,spark,PERF,PERF_0062,sql_feature,aggregate,none,exact,true,true,true,true,true,,runs/user/direct_llm_original_track_a_120_canonical_v0__spark/tag_slices.csv,diagnostic join from existing ledger row and retained taxonomy used by tag_slices; tag present in existing tag_slices.csv
direct_llm_original,direct_llm_original_track_a_120_canonical_v0,spark,PERF,PERF_0062,sql_feature,disjunction,none,exact,true,true,true,true,true,,runs/user/direct_llm_original_track_a_120_canonical_v0__spark/tag_slices.csv,diagnostic join from existing ledger row and retained taxonomy used by tag_slices; tag present in existing tag_slices.csv
direct_llm_original,direct_llm_original_track_a_120_canonical_v0,spark,PERF,PERF_0062,sql_feature,join,none,exact,true,true,true,true,true,,runs/user/direct_llm_original_track_a_120_canonical_v0__spark/tag_slices.csv,diagnostic join from existing ledger row and retained taxonomy used by tag_slices; tag present in existing tag_slices.csv
direct_llm_original,direct_llm_original_track_a_120_canonical_v0,spark,PERF,PERF_0062,sql_feature,range_predicate,none,exact,true,true,true,true,true,,runs/user/direct_llm_original_track_a_120_canonical_v0__spark/tag_slices.csv,diagnostic join from existing ledger row and retained taxonomy used by tag_slices; tag present in existing tag_slices.csv
direct_llm_original,direct_llm_original_track_a_120_canonical_v0,spark,PERF,PERF_0077,sql_feature,aggregate,none,exact,true,true,true,true,true,,runs/user/direct_llm_original_track_a_120_canonical_v0__spark/tag_slices.csv,diagnostic join from existing ledger row and retained taxonomy used by tag_slices; tag present in existing tag_slices.csv
direct_llm_original,direct_llm_original_track_a_120_canonical_v0,spark,PERF,PERF_0077,sql_feature,filter,none,exact,true,true,true,true,true,,runs/user/direct_llm_original_track_a_120_canonical_v0__spark/tag_slices.csv,diagnostic join from existing ledger row and retained taxonomy used by tag_slices; tag present in existing tag_slices.csv
direct_llm_original,direct_llm_original_track_a_120_canonical_v0,spark,PERF,PERF_0077,sql_feature,join,none,exact,true,true,true,true,true,,runs/user/direct_llm_original_track_a_120_canonical_v0__spark/tag_slices.csv,diagnostic join from existing ledger row and retained taxonomy used by tag_slices; tag present in existing tag_slices.csv
direct_llm_original,direct_llm_original_track_a_120_canonical_v0,spark,PERF,PERF_0077,sql_feature,text_like_predicate,none,exact,true,true,true,true,true,,runs/user/direct_llm_original_track_a_120_canonical_v0__spark/tag_slices.csv,diagnostic join from existing ledger row and retained taxonomy used by tag_slices; tag present in existing tag_slices.csv
direct_llm_original,direct_llm_original_track_a_120_canonical_v0,spark,PERF,PERF_0082,sql_feature,aggregate,none,exact,true,true,true,true,true,,runs/user/direct_llm_original_track_a_120_canonical_v0__spark/tag_slices.csv,diagnostic join from existing ledger row and retained taxonomy used by tag_slices; tag present in existing tag_slices.csv
direct_llm_original,direct_llm_original_track_a_120_canonical_v0,spark,PERF,PERF_0082,sql_feature,filter,none,exact,true,true,true,true,true,,runs/user/direct_llm_original_track_a_120_canonical_v0__spark/tag_slices.csv,diagnostic join from existing ledger row and retained taxonomy used by tag_slices; tag present in existing tag_slices.csv
direct_llm_original,direct_llm_original_track_a_120_canonical_v0,spark,PERF,PERF_0082,sql_feature,join,none,exact,true,true,true,true,true,,runs/user/direct_llm_original_track_a_120_canonical_v0__spark/tag_slices.csv,diagnostic join from existing ledger row and retained taxonomy used by tag_slices; tag present in existing tag_slices.csv
direct_llm_original,direct_llm_original_track_a_120_canonical_v0,spark,PERF,PERF_0082,sql_feature,materialize,none,exact,true,true,true,true,true,,runs/user/direct_llm_original_track_a_120_canonical_v0__spark/tag_slices.csv,diagnostic join from existing ledger row and retained taxonomy used by tag_slices; tag present in existing tag_slices.csv
direct_llm_original,direct_llm_original_track_a_120_canonical_v0,spark,PERF,PERF_0082,sql_feature,text_like_predicate,none,exact,true,true,true,true,true,,runs/user/direct_llm_original_track_a_120_canonical_v0__spark/tag_slices.csv,diagnostic join from existing ledger row and retained taxonomy used by tag_slices; tag present in existing tag_slices.csv
direct_llm_original,direct_llm_original_track_a_120_canonical_v0,spark,CONS,CONS_0005,portability_risk,null_semantics_gap,mismatch,mismatch,true,true,true,false,false,runs/user/direct_llm_original_track_a_120_canonical_v0__spark/failures.csv,runs/user/direct_llm_original_track_a_120_canonical_v0__spark/tag_slices.csv,diagnostic join from existing ledger row and retained taxonomy used by tag_slices; tag present in existing tag_slices.csv
direct_llm_original,direct_llm_original_track_a_120_canonical_v0,spark,CONS,CONS_0005,rewrite_opportunity,subquery_decorrelation,mismatch,mismatch,true,true,true,false,false,runs/user/direct_llm_original_track_a_120_canonical_v0__spark/failures.csv,runs/user/direct_llm_original_track_a_120_canonical_v0__spark/tag_slices.csv,diagnostic join from existing ledger row and retained taxonomy used by tag_slices; tag present in existing tag_slices.csv
direct_llm_original,direct_llm_original_track_a_120_canonical_v0,spark,CONS,CONS_0005,sql_feature,correlated_subquery,mismatch,mismatch,true,true,true,false,false,runs/user/direct_llm_original_track_a_120_canonical_v0__spark/failures.csv,runs/user/direct_llm_original_track_a_120_canonical_v0__spark/tag_slices.csv,diagnostic join from existing ledger row and retained taxonomy used by tag_slices; tag present in existing tag_slices.csv
direct_llm_original,direct_llm_original_track_a_120_canonical_v0,spark,CONS,CONS_0007,sql_feature,correlated_subquery,none,exact,true,true,true,true,true,,runs/user/direct_llm_original_track_a_120_canonical_v0__spark/tag_slices.csv,diagnostic join from existing ledger row and retained taxonomy used by tag_slices; tag present in existing tag_slices.csv
direct_llm_original,direct_llm_original_track_a_120_canonical_v0,spark,CONS,CONS_0007,sql_feature,subquery_in_from,none,exact,true,true,true,true,true,,runs/user/direct_llm_original_track_a_120_canonical_v0__spark/tag_slices.csv,diagnostic join from existing ledger row and retained taxonomy used by tag_slices; tag present in existing tag_slices.csv
direct_llm_original,direct_llm_original_track_a_120_canonical_v0,spark,CONS,CONS_0009,sql_feature,correlated_subquery,candidate_execution_failed,not_exact_due_to_execution_failure,true,true,false,false,false,runs/user/direct_llm_original_track_a_120_canonical_v0__spark/failures.csv,runs/user/direct_llm_original_track_a_120_canonical_v0__spark/tag_slices.csv,diagnostic join from existing ledger row and retained taxonomy used by tag_slices; tag present in existing tag_slices.csv
direct_llm_original,direct_llm_original_track_a_120_canonical_v0,spark,CONS,CONS_0009,sql_feature,set_operation,candidate_execution_failed,not_exact_due_to_execution_failure,true,true,false,false,false,runs/user/direct_llm_original_track_a_120_canonical_v0__spark/failures.csv,runs/user/direct_llm_original_track_a_120_canonical_v0__spark/tag_slices.csv,diagnostic join from existing ledger row and retained taxonomy used by tag_slices; tag present in existing tag_slices.csv
direct_llm_original,direct_llm_original_track_a_120_canonical_v0,spark,CONS,CONS_0010,sql_feature,correlated_subquery,none,exact,true,true,true,true,true,,runs/user/direct_llm_original_track_a_120_canonical_v0__spark/tag_slices.csv,diagnostic join from existing ledger row and retained taxonomy used by tag_slices; tag present in existing tag_slices.csv
direct_llm_original,direct_llm_original_track_a_120_canonical_v0,spark,CONS,CONS_0011,sql_feature,correlated_subquery,candidate_execution_failed,not_exact_due_to_execution_failure,true,true,false,false,false,runs/user/direct_llm_original_track_a_120_canonical_v0__spark/failures.csv,runs/user/direct_llm_original_track_a_120_canonical_v0__spark/tag_slices.csv,diagnostic join from existing ledger row and retained taxonomy used by tag_slices; tag present in existing tag_slices.csv
direct_llm_original,direct_llm_original_track_a_120_canonical_v0,spark,CONS,CONS_0011,sql_feature,outer_join,candidate_execution_failed,not_exact_due_to_execution_failure,true,true,false,false,false,runs/user/direct_llm_original_track_a_120_canonical_v0__spark/failures.csv,runs/user/direct_llm_original_track_a_120_canonical_v0__spark/tag_slices.csv,diagnostic join from existing ledger row and retained taxonomy used by tag_slices; tag present in existing tag_slices.csv
direct_llm_original,direct_llm_original_track_a_120_canonical_v0,spark,CONS,CONS_0012,portability_risk,limit_fetch_gap,none,exact,true,true,true,true,true,,runs/user/direct_llm_original_track_a_120_canonical_v0__spark/tag_slices.csv,diagnostic join from existing ledger row and retained taxonomy used by tag_slices; tag present in existing tag_slices.csv
direct_llm_original,direct_llm_original_track_a_120_canonical_v0,spark,CONS,CONS_0012,rewrite_opportunity,order_limit_simplification,none,exact,true,true,true,true,true,,runs/user/direct_llm_original_track_a_120_canonical_v0__spark/tag_slices.csv,diagnostic join from existing ledger row and retained taxonomy used by tag_slices; tag present in existing tag_slices.csv
direct_llm_original,direct_llm_original_track_a_120_canonical_v0,spark,CONS,CONS_0012,rewrite_opportunity,subquery_decorrelation,none,exact,true,true,true,true,true,,runs/user/direct_llm_original_track_a_120_canonical_v0__spark/tag_slices.csv,diagnostic join from existing ledger row and retained taxonomy used by tag_slices; tag present in existing tag_slices.csv
direct_llm_original,direct_llm_original_track_a_120_canonical_v0,spark,CONS,CONS_0012,sql_feature,correlated_subquery,none,exact,true,true,true,true,true,,runs/user/direct_llm_original_track_a_120_canonical_v0__spark/tag_slices.csv,diagnostic join from existing ledger row and retained taxonomy used by tag_slices; tag present in existing tag_slices.csv
direct_llm_original,direct_llm_original_track_a_120_canonical_v0,spark,CONS,CONS_0024,rewrite_opportunity,subquery_decorrelation,none,exact,true,true,true,true,true,,runs/user/direct_llm_original_track_a_120_canonical_v0__spark/tag_slices.csv,diagnostic join from existing ledger row and retained taxonomy used by tag_slices; tag present in existing tag_slices.csv
direct_llm_original,direct_llm_original_track_a_120_canonical_v0,spark,CONS,CONS_0024,sql_feature,correlated_subquery,none,exact,true,true,true,true,true,,runs/user/direct_llm_original_track_a_120_canonical_v0__spark/tag_slices.csv,diagnostic join from existing ledger row and retained taxonomy used by tag_slices; tag present in existing tag_slices.csv
direct_llm_original,direct_llm_original_track_a_120_canonical_v0,spark,CONS,CONS_0024,sql_feature,outer_join,none,exact,true,true,true,true,true,,runs/user/direct_llm_original_track_a_120_canonical_v0__spark/tag_slices.csv,diagnostic join from existing ledger row and retained taxonomy used by tag_slices; tag present in existing tag_slices.csv
direct_llm_original,direct_llm_original_track_a_120_canonical_v0,spark,CONS,CONS_0036,rewrite_opportunity,aggregation_rewrite,none,exact,true,true,true,true,true,,runs/user/direct_llm_original_track_a_120_canonical_v0__spark/tag_slices.csv,diagnostic join from existing ledger row and retained taxonomy used by tag_slices; tag present in existing tag_slices.csv
direct_llm_original,direct_llm_original_track_a_120_canonical_v0,spark,CONS,CONS_0036,rewrite_opportunity,predicate_pushdown,none,exact,true,true,true,true,true,,runs/user/direct_llm_original_track_a_120_canonical_v0__spark/tag_slices.csv,diagnostic join from existing ledger row and retained taxonomy used by tag_slices; tag present in existing tag_slices.csv
direct_llm_original,direct_llm_original_track_a_120_canonical_v0,spark,CONS,CONS_0037,rewrite_opportunity,aggregation_rewrite,none,exact,true,true,true,true,true,,runs/user/direct_llm_original_track_a_120_canonical_v0__spark/tag_slices.csv,diagnostic join from existing ledger row and retained taxonomy used by tag_slices; tag present in existing tag_slices.csv
direct_llm_original,direct_llm_original_track_a_120_canonical_v0,spark,CONS,CONS_0037,sql_feature,outer_join,none,exact,true,true,true,true,true,,runs/user/direct_llm_original_track_a_120_canonical_v0__spark/tag_slices.csv,diagnostic join from existing ledger row and retained taxonomy used by tag_slices; tag present in existing tag_slices.csv
direct_llm_original,direct_llm_original_track_a_120_canonical_v0,spark,PORT,PORT_0003,portability_risk,identifier_quoting,none,exact,true,true,true,true,false,,runs/user/direct_llm_original_track_a_120_canonical_v0__spark/tag_slices.csv,diagnostic join from existing ledger row and retained taxonomy used by tag_slices; tag present in existing tag_slices.csv
direct_llm_original,direct_llm_original_track_a_120_canonical_v0,spark,PORT,PORT_0003,portability_risk,limit_fetch_gap,none,exact,true,true,true,true,false,,runs/user/direct_llm_original_track_a_120_canonical_v0__spark/tag_slices.csv,diagnostic join from existing ledger row and retained taxonomy used by tag_slices; tag present in existing tag_slices.csv
direct_llm_original,direct_llm_original_track_a_120_canonical_v0,spark,PORT,PORT_0003,portability_risk,null_semantics_gap,none,exact,true,true,true,true,false,,runs/user/direct_llm_original_track_a_120_canonical_v0__spark/tag_slices.csv,diagnostic join from existing ledger row and retained taxonomy used by tag_slices; tag present in existing tag_slices.csv
direct_llm_original,direct_llm_original_track_a_120_canonical_v0,spark,PORT,PORT_0003,rewrite_opportunity,dialect_adaptation,none,exact,true,true,true,true,false,,runs/user/direct_llm_original_track_a_120_canonical_v0__spark/tag_slices.csv,diagnostic join from existing ledger row and retained taxonomy used by tag_slices; tag present in existing tag_slices.csv
direct_llm_original,direct_llm_original_track_a_120_canonical_v0,spark,PORT,PORT_0003,rewrite_opportunity,order_limit_simplification,none,exact,true,true,true,true,false,,runs/user/direct_llm_original_track_a_120_canonical_v0__spark/tag_slices.csv,diagnostic join from existing ledger row and retained taxonomy used by tag_slices; tag present in existing tag_slices.csv
direct_llm_original,direct_llm_original_track_a_120_canonical_v0,spark,PORT,PORT_0004,portability_risk,date_filter_semantics,none,exact,true,true,true,true,false,,runs/user/direct_llm_original_track_a_120_canonical_v0__spark/tag_slices.csv,diagnostic join from existing ledger row and retained taxonomy used by tag_slices; tag present in existing tag_slices.csv
direct_llm_original,direct_llm_original_track_a_120_canonical_v0,spark,PORT,PORT_0004,portability_risk,datetime_semantics_gap,none,exact,true,true,true,true,false,,runs/user/direct_llm_original_track_a_120_canonical_v0__spark/tag_slices.csv,diagnostic join from existing ledger row and retained taxonomy used by tag_slices; tag present in existing tag_slices.csv
direct_llm_original,direct_llm_original_track_a_120_canonical_v0,spark,PORT,PORT_0004,portability_risk,identifier_quoting,none,exact,true,true,true,true,false,,runs/user/direct_llm_original_track_a_120_canonical_v0__spark/tag_slices.csv,diagnostic join from existing ledger row and retained taxonomy used by tag_slices; tag present in existing tag_slices.csv
direct_llm_original,direct_llm_original_track_a_120_canonical_v0,spark,PORT,PORT_0004,portability_risk,literal_predicate_boundary,none,exact,true,true,true,true,false,,runs/user/direct_llm_original_track_a_120_canonical_v0__spark/tag_slices.csv,diagnostic join from existing ledger row and retained taxonomy used by tag_slices; tag present in existing tag_slices.csv
direct_llm_original,direct_llm_original_track_a_120_canonical_v0,spark,PORT,PORT_0004,portability_risk,result_set_semantics,none,exact,true,true,true,true,false,,runs/user/direct_llm_original_track_a_120_canonical_v0__spark/tag_slices.csv,diagnostic join from existing ledger row and retained taxonomy used by tag_slices; tag present in existing tag_slices.csv
direct_llm_original,direct_llm_original_track_a_120_canonical_v0,spark,PORT,PORT_0004,portability_risk,type_semantics_gap,none,exact,true,true,true,true,false,,runs/user/direct_llm_original_track_a_120_canonical_v0__spark/tag_slices.csv,diagnostic join from existing ledger row and retained taxonomy used by tag_slices; tag present in existing tag_slices.csv
direct_llm_original,direct_llm_original_track_a_120_canonical_v0,spark,PORT,PORT_0004,rewrite_opportunity,dialect_adaptation,none,exact,true,true,true,true,false,,runs/user/direct_llm_original_track_a_120_canonical_v0__spark/tag_slices.csv,diagnostic join from existing ledger row and retained taxonomy used by tag_slices; tag present in existing tag_slices.csv
direct_llm_original,direct_llm_original_track_a_120_canonical_v0,spark,PORT,PORT_0005,portability_risk,identifier_quoting,none,exact,true,true,true,true,false,,runs/user/direct_llm_original_track_a_120_canonical_v0__spark/tag_slices.csv,diagnostic join from existing ledger row and retained taxonomy used by tag_slices; tag present in existing tag_slices.csv
direct_llm_original,direct_llm_original_track_a_120_canonical_v0,spark,PORT,PORT_0005,portability_risk,limit_fetch_gap,none,exact,true,true,true,true,false,,runs/user/direct_llm_original_track_a_120_canonical_v0__spark/tag_slices.csv,diagnostic join from existing ledger row and retained taxonomy used by tag_slices; tag present in existing tag_slices.csv
direct_llm_original,direct_llm_original_track_a_120_canonical_v0,spark,PORT,PORT_0005,portability_risk,null_semantics_gap,none,exact,true,true,true,true,false,,runs/user/direct_llm_original_track_a_120_canonical_v0__spark/tag_slices.csv,diagnostic join from existing ledger row and retained taxonomy used by tag_slices; tag present in existing tag_slices.csv
direct_llm_original,direct_llm_original_track_a_120_canonical_v0,spark,PORT,PORT_0005,portability_risk,order_direction_gap,none,exact,true,true,true,true,false,,runs/user/direct_llm_original_track_a_120_canonical_v0__spark/tag_slices.csv,diagnostic join from existing ledger row and retained taxonomy used by tag_slices; tag present in existing tag_slices.csv
direct_llm_original,direct_llm_original_track_a_120_canonical_v0,spark,PORT,PORT_0005,rewrite_opportunity,dialect_adaptation,none,exact,true,true,true,true,false,,runs/user/direct_llm_original_track_a_120_canonical_v0__spark/tag_slices.csv,diagnostic join from existing ledger row and retained taxonomy used by tag_slices; tag present in existing tag_slices.csv
direct_llm_original,direct_llm_original_track_a_120_canonical_v0,spark,PORT,PORT_0005,rewrite_opportunity,order_limit_simplification,none,exact,true,true,true,true,false,,runs/user/direct_llm_original_track_a_120_canonical_v0__spark/tag_slices.csv,diagnostic join from existing ledger row and retained taxonomy used by tag_slices; tag present in existing tag_slices.csv
direct_llm_original,direct_llm_original_track_a_120_canonical_v0,spark,PORT,PORT_0008,portability_risk,date_time_semantics,unsupported_engine,not_exact_due_to_execution_failure,false,true,false,false,false,runs/user/direct_llm_original_track_a_120_canonical_v0__spark/failures.csv,runs/user/direct_llm_original_track_a_120_canonical_v0__spark/tag_slices.csv,diagnostic join from existing ledger row and retained taxonomy used by tag_slices; tag present in existing tag_slices.csv
direct_llm_original,direct_llm_original_track_a_120_canonical_v0,spark,PORT,PORT_0008,portability_risk,identifier_case_or_quoting,unsupported_engine,not_exact_due_to_execution_failure,false,true,false,false,false,runs/user/direct_llm_original_track_a_120_canonical_v0__spark/failures.csv,runs/user/direct_llm_original_track_a_120_canonical_v0__spark/tag_slices.csv,diagnostic join from existing ledger row and retained taxonomy used by tag_slices; tag present in existing tag_slices.csv
direct_llm_original,direct_llm_original_track_a_120_canonical_v0,spark,PORT,PORT_0008,portability_risk,type_coercion,unsupported_engine,not_exact_due_to_execution_failure,false,true,false,false,false,runs/user/direct_llm_original_track_a_120_canonical_v0__spark/failures.csv,runs/user/direct_llm_original_track_a_120_canonical_v0__spark/tag_slices.csv,diagnostic join from existing ledger row and retained taxonomy used by tag_slices; tag present in existing tag_slices.csv
direct_llm_original,direct_llm_original_track_a_120_canonical_v0,spark,PORT,PORT_0008,rewrite_opportunity,dialect_adaptation,unsupported_engine,not_exact_due_to_execution_failure,false,true,false,false,false,runs/user/direct_llm_original_track_a_120_canonical_v0__spark/failures.csv,runs/user/direct_llm_original_track_a_120_canonical_v0__spark/tag_slices.csv,diagnostic join from existing ledger row and retained taxonomy used by tag_slices; tag present in existing tag_slices.csv
direct_llm_original,direct_llm_original_track_a_120_canonical_v0,spark,PORT,PORT_0008,rewrite_opportunity,function_normalization,unsupported_engine,not_exact_due_to_execution_failure,false,true,false,false,false,runs/user/direct_llm_original_track_a_120_canonical_v0__spark/failures.csv,runs/user/direct_llm_original_track_a_120_canonical_v0__spark/tag_slices.csv,diagnostic join from existing ledger row and retained taxonomy used by tag_slices; tag present in existing tag_slices.csv
direct_llm_original,direct_llm_original_track_a_120_canonical_v0,spark,PORT,PORT_0008,sql_feature,date_time_function,unsupported_engine,not_exact_due_to_execution_failure,false,true,false,false,false,runs/user/direct_llm_original_track_a_120_canonical_v0__spark/failures.csv,runs/user/direct_llm_original_track_a_120_canonical_v0__spark/tag_slices.csv,diagnostic join from existing ledger row and retained taxonomy used by tag_slices; tag present in existing tag_slices.csv
direct_llm_original,direct_llm_original_track_a_120_canonical_v0,spark,PORT,PORT_0008,sql_feature,expression_complexity,unsupported_engine,not_exact_due_to_execution_failure,false,true,false,false,false,runs/user/direct_llm_original_track_a_120_canonical_v0__spark/failures.csv,runs/user/direct_llm_original_track_a_120_canonical_v0__spark/tag_slices.csv,diagnostic join from existing ledger row and retained taxonomy used by tag_slices; tag present in existing tag_slices.csv
direct_llm_original,direct_llm_original_track_a_120_canonical_v0,spark,PORT,PORT_0012,portability_risk,datetime_semantics_gap,unsupported_engine,not_exact_due_to_execution_failure,false,true,false,false,false,runs/user/direct_llm_original_track_a_120_canonical_v0__spark/failures.csv,runs/user/direct_llm_original_track_a_120_canonical_v0__spark/tag_slices.csv,diagnostic join from existing ledger row and retained taxonomy used by tag_slices; tag present in existing tag_slices.csv
direct_llm_original,direct_llm_original_track_a_120_canonical_v0,spark,PORT,PORT_0012,portability_risk,identifier_quoting,unsupported_engine,not_exact_due_to_execution_failure,false,true,false,false,false,runs/user/direct_llm_original_track_a_120_canonical_v0__spark/failures.csv,runs/user/direct_llm_original_track_a_120_canonical_v0__spark/tag_slices.csv,diagnostic join from existing ledger row and retained taxonomy used by tag_slices; tag present in existing tag_slices.csv
direct_llm_original,direct_llm_original_track_a_120_canonical_v0,spark,PORT,PORT_0012,portability_risk,type_semantics_gap,unsupported_engine,not_exact_due_to_execution_failure,false,true,false,false,false,runs/user/direct_llm_original_track_a_120_canonical_v0__spark/failures.csv,runs/user/direct_llm_original_track_a_120_canonical_v0__spark/tag_slices.csv,diagnostic join from existing ledger row and retained taxonomy used by tag_slices; tag present in existing tag_slices.csv
direct_llm_original,direct_llm_original_track_a_120_canonical_v0,spark,PORT,PORT_0012,rewrite_opportunity,dialect_adaptation,unsupported_engine,not_exact_due_to_execution_failure,false,true,false,false,false,runs/user/direct_llm_original_track_a_120_canonical_v0__spark/failures.csv,runs/user/direct_llm_original_track_a_120_canonical_v0__spark/tag_slices.csv,diagnostic join from existing ledger row and retained taxonomy used by tag_slices; tag present in existing tag_slices.csv
direct_llm_original,direct_llm_original_track_a_120_canonical_v0,spark,PORT,PORT_0012,rewrite_opportunity,expression_simplification,unsupported_engine,not_exact_due_to_execution_failure,false,true,false,false,false,runs/user/direct_llm_original_track_a_120_canonical_v0__spark/failures.csv,runs/user/direct_llm_original_track_a_120_canonical_v0__spark/tag_slices.csv,diagnostic join from existing ledger row and retained taxonomy used by tag_slices; tag present in existing tag_slices.csv
direct_llm_original,direct_llm_original_track_a_120_canonical_v0,spark,PORT,PORT_0012,rewrite_opportunity,function_normalization,unsupported_engine,not_exact_due_to_execution_failure,false,true,false,false,false,runs/user/direct_llm_original_track_a_120_canonical_v0__spark/failures.csv,runs/user/direct_llm_original_track_a_120_canonical_v0__spark/tag_slices.csv,diagnostic join from existing ledger row and retained taxonomy used by tag_slices; tag present in existing tag_slices.csv
direct_llm_original,direct_llm_original_track_a_120_canonical_v0,spark,PORT,PORT_0012,sql_feature,date_time_function,unsupported_engine,not_exact_due_to_execution_failure,false,true,false,false,false,runs/user/direct_llm_original_track_a_120_canonical_v0__spark/failures.csv,runs/user/direct_llm_original_track_a_120_canonical_v0__spark/tag_slices.csv,diagnostic join from existing ledger row and retained taxonomy used by tag_slices; tag present in existing tag_slices.csv
direct_llm_original,direct_llm_original_track_a_120_canonical_v0,spark,PORT,PORT_0012,sql_feature,expression_complexity,unsupported_engine,not_exact_due_to_execution_failure,false,true,false,false,false,runs/user/direct_llm_original_track_a_120_canonical_v0__spark/failures.csv,runs/user/direct_llm_original_track_a_120_canonical_v0__spark/tag_slices.csv,diagnostic join from existing ledger row and retained taxonomy used by tag_slices; tag present in existing tag_slices.csv
direct_llm_original,direct_llm_original_track_a_120_canonical_v0,spark,PORT,PORT_0013,portability_risk,boolean_semantics_gap,none,exact,true,true,true,true,false,,runs/user/direct_llm_original_track_a_120_canonical_v0__spark/tag_slices.csv,diagnostic join from existing ledger row and retained taxonomy used by tag_slices; tag present in existing tag_slices.csv
direct_llm_original,direct_llm_original_track_a_120_canonical_v0,spark,PORT,PORT_0013,portability_risk,complex_expression_density,none,exact,true,true,true,true,false,,runs/user/direct_llm_original_track_a_120_canonical_v0__spark/tag_slices.csv,diagnostic join from existing ledger row and retained taxonomy used by tag_slices; tag present in existing tag_slices.csv
direct_llm_original,direct_llm_original_track_a_120_canonical_v0,spark,PORT,PORT_0013,portability_risk,identifier_quoting,none,exact,true,true,true,true,false,,runs/user/direct_llm_original_track_a_120_canonical_v0__spark/tag_slices.csv,diagnostic join from existing ledger row and retained taxonomy used by tag_slices; tag present in existing tag_slices.csv
direct_llm_original,direct_llm_original_track_a_120_canonical_v0,spark,PORT,PORT_0013,portability_risk,type_semantics_gap,none,exact,true,true,true,true,false,,runs/user/direct_llm_original_track_a_120_canonical_v0__spark/tag_slices.csv,diagnostic join from existing ledger row and retained taxonomy used by tag_slices; tag present in existing tag_slices.csv
direct_llm_original,direct_llm_original_track_a_120_canonical_v0,spark,PORT,PORT_0013,rewrite_opportunity,dialect_adaptation,none,exact,true,true,true,true,false,,runs/user/direct_llm_original_track_a_120_canonical_v0__spark/tag_slices.csv,diagnostic join from existing ledger row and retained taxonomy used by tag_slices; tag present in existing tag_slices.csv
direct_llm_original,direct_llm_original_track_a_120_canonical_v0,spark,PORT,PORT_0013,rewrite_opportunity,expression_simplification,none,exact,true,true,true,true,false,,runs/user/direct_llm_original_track_a_120_canonical_v0__spark/tag_slices.csv,diagnostic join from existing ledger row and retained taxonomy used by tag_slices; tag present in existing tag_slices.csv
direct_llm_original,direct_llm_original_track_a_120_canonical_v0,spark,PORT,PORT_0013,sql_feature,expression_complexity,none,exact,true,true,true,true,false,,runs/user/direct_llm_original_track_a_120_canonical_v0__spark/tag_slices.csv,diagnostic join from existing ledger row and retained taxonomy used by tag_slices; tag present in existing tag_slices.csv
direct_llm_original,direct_llm_original_track_a_120_canonical_v0,spark,PORT,PORT_0022,portability_risk,date_filter_semantics,unsupported_engine,not_exact_due_to_execution_failure,false,true,false,false,false,runs/user/direct_llm_original_track_a_120_canonical_v0__spark/failures.csv,runs/user/direct_llm_original_track_a_120_canonical_v0__spark/tag_slices.csv,diagnostic join from existing ledger row and retained taxonomy used by tag_slices; tag present in existing tag_slices.csv
direct_llm_original,direct_llm_original_track_a_120_canonical_v0,spark,PORT,PORT_0022,portability_risk,date_time_semantics,unsupported_engine,not_exact_due_to_execution_failure,false,true,false,false,false,runs/user/direct_llm_original_track_a_120_canonical_v0__spark/failures.csv,runs/user/direct_llm_original_track_a_120_canonical_v0__spark/tag_slices.csv,diagnostic join from existing ledger row and retained taxonomy used by tag_slices; tag present in existing tag_slices.csv
direct_llm_original,direct_llm_original_track_a_120_canonical_v0,spark,PORT,PORT_0022,portability_risk,join_aggregate_input_boundary,unsupported_engine,not_exact_due_to_execution_failure,false,true,false,false,false,runs/user/direct_llm_original_track_a_120_canonical_v0__spark/failures.csv,runs/user/direct_llm_original_track_a_120_canonical_v0__spark/tag_slices.csv,diagnostic join from existing ledger row and retained taxonomy used by tag_slices; tag present in existing tag_slices.csv
direct_llm_original,direct_llm_original_track_a_120_canonical_v0,spark,PORT,PORT_0022,portability_risk,literal_predicate_boundary,unsupported_engine,not_exact_due_to_execution_failure,false,true,false,false,false,runs/user/direct_llm_original_track_a_120_canonical_v0__spark/failures.csv,runs/user/direct_llm_original_track_a_120_canonical_v0__spark/tag_slices.csv,diagnostic join from existing ledger row and retained taxonomy used by tag_slices; tag present in existing tag_slices.csv
direct_llm_original,direct_llm_original_track_a_120_canonical_v0,spark,PORT,PORT_0022,portability_risk,type_coercion,unsupported_engine,not_exact_due_to_execution_failure,false,true,false,false,false,runs/user/direct_llm_original_track_a_120_canonical_v0__spark/failures.csv,runs/user/direct_llm_original_track_a_120_canonical_v0__spark/tag_slices.csv,diagnostic join from existing ledger row and retained taxonomy used by tag_slices; tag present in existing tag_slices.csv
direct_llm_original,direct_llm_original_track_a_120_canonical_v0,spark,PORT,PORT_0022,rewrite_opportunity,dialect_adaptation,unsupported_engine,not_exact_due_to_execution_failure,false,true,false,false,false,runs/user/direct_llm_original_track_a_120_canonical_v0__spark/failures.csv,runs/user/direct_llm_original_track_a_120_canonical_v0__spark/tag_slices.csv,diagnostic join from existing ledger row and retained taxonomy used by tag_slices; tag present in existing tag_slices.csv
direct_llm_original,direct_llm_original_track_a_120_canonical_v0,spark,PORT,PORT_0024,portability_risk,aggregate_expression_semantics,unsupported_engine,not_exact_due_to_execution_failure,false,true,false,false,false,runs/user/direct_llm_original_track_a_120_canonical_v0__spark/failures.csv,runs/user/direct_llm_original_track_a_120_canonical_v0__spark/tag_slices.csv,diagnostic join from existing ledger row and retained taxonomy used by tag_slices; tag present in existing tag_slices.csv
direct_llm_original,direct_llm_original_track_a_120_canonical_v0,spark,PORT,PORT_0024,portability_risk,boolean_semantics,unsupported_engine,not_exact_due_to_execution_failure,false,true,false,false,false,runs/user/direct_llm_original_track_a_120_canonical_v0__spark/failures.csv,runs/user/direct_llm_original_track_a_120_canonical_v0__spark/tag_slices.csv,diagnostic join from existing ledger row and retained taxonomy used by tag_slices; tag present in existing tag_slices.csv
direct_llm_original,direct_llm_original_track_a_120_canonical_v0,spark,PORT,PORT_0024,portability_risk,literal_predicate_boundary,unsupported_engine,not_exact_due_to_execution_failure,false,true,false,false,false,runs/user/direct_llm_original_track_a_120_canonical_v0__spark/failures.csv,runs/user/direct_llm_original_track_a_120_canonical_v0__spark/tag_slices.csv,diagnostic join from existing ledger row and retained taxonomy used by tag_slices; tag present in existing tag_slices.csv
direct_llm_original,direct_llm_original_track_a_120_canonical_v0,spark,PORT,PORT_0024,portability_risk,type_coercion,unsupported_engine,not_exact_due_to_execution_failure,false,true,false,false,false,runs/user/direct_llm_original_track_a_120_canonical_v0__spark/failures.csv,runs/user/direct_llm_original_track_a_120_canonical_v0__spark/tag_slices.csv,diagnostic join from existing ledger row and retained taxonomy used by tag_slices; tag present in existing tag_slices.csv
direct_llm_original,direct_llm_original_track_a_120_canonical_v0,spark,PORT,PORT_0024,rewrite_opportunity,dialect_adaptation,unsupported_engine,not_exact_due_to_execution_failure,false,true,false,false,false,runs/user/direct_llm_original_track_a_120_canonical_v0__spark/failures.csv,runs/user/direct_llm_original_track_a_120_canonical_v0__spark/tag_slices.csv,diagnostic join from existing ledger row and retained taxonomy used by tag_slices; tag present in existing tag_slices.csv
direct_llm_original,direct_llm_original_track_a_120_canonical_v0,spark,PORT,PORT_0025,portability_risk,date_time_semantics,unsupported_engine,not_exact_due_to_execution_failure,false,true,false,false,false,runs/user/direct_llm_original_track_a_120_canonical_v0__spark/failures.csv,runs/user/direct_llm_original_track_a_120_canonical_v0__spark/tag_slices.csv,diagnostic join from existing ledger row and retained taxonomy used by tag_slices; tag present in existing tag_slices.csv
direct_llm_original,direct_llm_original_track_a_120_canonical_v0,spark,PORT,PORT_0025,portability_risk,order_direction_semantics,unsupported_engine,not_exact_due_to_execution_failure,false,true,false,false,false,runs/user/direct_llm_original_track_a_120_canonical_v0__spark/failures.csv,runs/user/direct_llm_original_track_a_120_canonical_v0__spark/tag_slices.csv,diagnostic join from existing ledger row and retained taxonomy used by tag_slices; tag present in existing tag_slices.csv
direct_llm_original,direct_llm_original_track_a_120_canonical_v0,spark,PORT,PORT_0025,portability_risk,order_limit_semantics,unsupported_engine,not_exact_due_to_execution_failure,false,true,false,false,false,runs/user/direct_llm_original_track_a_120_canonical_v0__spark/failures.csv,runs/user/direct_llm_original_track_a_120_canonical_v0__spark/tag_slices.csv,diagnostic join from existing ledger row and retained taxonomy used by tag_slices; tag present in existing tag_slices.csv
direct_llm_original,direct_llm_original_track_a_120_canonical_v0,spark,PORT,PORT_0025,portability_risk,pagination_or_limit_offset,unsupported_engine,not_exact_due_to_execution_failure,false,true,false,false,false,runs/user/direct_llm_original_track_a_120_canonical_v0__spark/failures.csv,runs/user/direct_llm_original_track_a_120_canonical_v0__spark/tag_slices.csv,diagnostic join from existing ledger row and retained taxonomy used by tag_slices; tag present in existing tag_slices.csv
direct_llm_original,direct_llm_original_track_a_120_canonical_v0,spark,PORT,PORT_0025,portability_risk,top_1_row_selection,unsupported_engine,not_exact_due_to_execution_failure,false,true,false,false,false,runs/user/direct_llm_original_track_a_120_canonical_v0__spark/failures.csv,runs/user/direct_llm_original_track_a_120_canonical_v0__spark/tag_slices.csv,diagnostic join from existing ledger row and retained taxonomy used by tag_slices; tag present in existing tag_slices.csv
direct_llm_original,direct_llm_original_track_a_120_canonical_v0,spark,PORT,PORT_0025,rewrite_opportunity,dialect_adaptation,unsupported_engine,not_exact_due_to_execution_failure,false,true,false,false,false,runs/user/direct_llm_original_track_a_120_canonical_v0__spark/failures.csv,runs/user/direct_llm_original_track_a_120_canonical_v0__spark/tag_slices.csv,diagnostic join from existing ledger row and retained taxonomy used by tag_slices; tag present in existing tag_slices.csv
direct_llm_original,direct_llm_original_track_a_120_canonical_v0,spark,LONGTAIL,LONGTAIL_0011,rewrite_opportunity,cte_strategy,none,exact,true,true,true,true,true,,runs/user/direct_llm_original_track_a_120_canonical_v0__spark/tag_slices.csv,diagnostic join from existing ledger row and retained taxonomy used by tag_slices; tag present in existing tag_slices.csv
direct_llm_original,direct_llm_original_track_a_120_canonical_v0,spark,LONGTAIL,LONGTAIL_0011,rewrite_opportunity,expression_simplification,none,exact,true,true,true,true,true,,runs/user/direct_llm_original_track_a_120_canonical_v0__spark/tag_slices.csv,diagnostic join from existing ledger row and retained taxonomy used by tag_slices; tag present in existing tag_slices.csv
direct_llm_original,direct_llm_original_track_a_120_canonical_v0,spark,LONGTAIL,LONGTAIL_0011,sql_feature,aggregate,none,exact,true,true,true,true,true,,runs/user/direct_llm_original_track_a_120_canonical_v0__spark/tag_slices.csv,diagnostic join from existing ledger row and retained taxonomy used by tag_slices; tag present in existing tag_slices.csv
direct_llm_original,direct_llm_original_track_a_120_canonical_v0,spark,LONGTAIL,LONGTAIL_0011,sql_feature,cte,none,exact,true,true,true,true,true,,runs/user/direct_llm_original_track_a_120_canonical_v0__spark/tag_slices.csv,diagnostic join from existing ledger row and retained taxonomy used by tag_slices; tag present in existing tag_slices.csv
direct_llm_original,direct_llm_original_track_a_120_canonical_v0,spark,LONGTAIL,LONGTAIL_0011,sql_feature,join,none,exact,true,true,true,true,true,,runs/user/direct_llm_original_track_a_120_canonical_v0__spark/tag_slices.csv,diagnostic join from existing ledger row and retained taxonomy used by tag_slices; tag present in existing tag_slices.csv
direct_llm_original,direct_llm_original_track_a_120_canonical_v0,spark,LONGTAIL,LONGTAIL_0011,sql_feature,sort,none,exact,true,true,true,true,true,,runs/user/direct_llm_original_track_a_120_canonical_v0__spark/tag_slices.csv,diagnostic join from existing ledger row and retained taxonomy used by tag_slices; tag present in existing tag_slices.csv
direct_llm_original,direct_llm_original_track_a_120_canonical_v0,spark,LONGTAIL,LONGTAIL_0011,sql_feature,window_function,none,exact,true,true,true,true,true,,runs/user/direct_llm_original_track_a_120_canonical_v0__spark/tag_slices.csv,diagnostic join from existing ledger row and retained taxonomy used by tag_slices; tag present in existing tag_slices.csv
direct_llm_original,direct_llm_original_track_a_120_canonical_v0,spark,LONGTAIL,LONGTAIL_0012,sql_feature,aggregation,candidate_execution_failed,not_exact_due_to_execution_failure,true,true,false,false,false,runs/user/direct_llm_original_track_a_120_canonical_v0__spark/failures.csv,runs/user/direct_llm_original_track_a_120_canonical_v0__spark/tag_slices.csv,diagnostic join from existing ledger row and retained taxonomy used by tag_slices; tag present in existing tag_slices.csv
direct_llm_original,direct_llm_original_track_a_120_canonical_v0,spark,LONGTAIL,LONGTAIL_0012,sql_feature,complex_expression,candidate_execution_failed,not_exact_due_to_execution_failure,true,true,false,false,false,runs/user/direct_llm_original_track_a_120_canonical_v0__spark/failures.csv,runs/user/direct_llm_original_track_a_120_canonical_v0__spark/tag_slices.csv,diagnostic join from existing ledger row and retained taxonomy used by tag_slices; tag present in existing tag_slices.csv
direct_llm_original,direct_llm_original_track_a_120_canonical_v0,spark,LONGTAIL,LONGTAIL_0012,sql_feature,outer_join,candidate_execution_failed,not_exact_due_to_execution_failure,true,true,false,false,false,runs/user/direct_llm_original_track_a_120_canonical_v0__spark/failures.csv,runs/user/direct_llm_original_track_a_120_canonical_v0__spark/tag_slices.csv,diagnostic join from existing ledger row and retained taxonomy used by tag_slices; tag present in existing tag_slices.csv
direct_llm_original,direct_llm_original_track_a_120_canonical_v0,spark,LONGTAIL,LONGTAIL_0012,sql_feature,sort_limit,candidate_execution_failed,not_exact_due_to_execution_failure,true,true,false,false,false,runs/user/direct_llm_original_track_a_120_canonical_v0__spark/failures.csv,runs/user/direct_llm_original_track_a_120_canonical_v0__spark/tag_slices.csv,diagnostic join from existing ledger row and retained taxonomy used by tag_slices; tag present in existing tag_slices.csv
direct_llm_original,direct_llm_original_track_a_120_canonical_v0,spark,LONGTAIL,LONGTAIL_0012,sql_feature,subquery_in_from,candidate_execution_failed,not_exact_due_to_execution_failure,true,true,false,false,false,runs/user/direct_llm_original_track_a_120_canonical_v0__spark/failures.csv,runs/user/direct_llm_original_track_a_120_canonical_v0__spark/tag_slices.csv,diagnostic join from existing ledger row and retained taxonomy used by tag_slices; tag present in existing tag_slices.csv
direct_llm_original,direct_llm_original_track_a_120_canonical_v0,spark,LONGTAIL,LONGTAIL_0012,sql_feature,window_function,candidate_execution_failed,not_exact_due_to_execution_failure,true,true,false,false,false,runs/user/direct_llm_original_track_a_120_canonical_v0__spark/failures.csv,runs/user/direct_llm_original_track_a_120_canonical_v0__spark/tag_slices.csv,diagnostic join from existing ledger row and retained taxonomy used by tag_slices; tag present in existing tag_slices.csv
direct_llm_original,direct_llm_original_track_a_120_canonical_v0,spark,LONGTAIL,LONGTAIL_0013,sql_feature,aggregation,none,exact,true,true,true,true,true,,runs/user/direct_llm_original_track_a_120_canonical_v0__spark/tag_slices.csv,diagnostic join from existing ledger row and retained taxonomy used by tag_slices; tag present in existing tag_slices.csv
direct_llm_original,direct_llm_original_track_a_120_canonical_v0,spark,LONGTAIL,LONGTAIL_0013,sql_feature,complex_expression,none,exact,true,true,true,true,true,,runs/user/direct_llm_original_track_a_120_canonical_v0__spark/tag_slices.csv,diagnostic join from existing ledger row and retained taxonomy used by tag_slices; tag present in existing tag_slices.csv
direct_llm_original,direct_llm_original_track_a_120_canonical_v0,spark,LONGTAIL,LONGTAIL_0013,sql_feature,cte,none,exact,true,true,true,true,true,,runs/user/direct_llm_original_track_a_120_canonical_v0__spark/tag_slices.csv,diagnostic join from existing ledger row and retained taxonomy used by tag_slices; tag present in existing tag_slices.csv
direct_llm_original,direct_llm_original_track_a_120_canonical_v0,spark,LONGTAIL,LONGTAIL_0013,sql_feature,outer_join,none,exact,true,true,true,true,true,,runs/user/direct_llm_original_track_a_120_canonical_v0__spark/tag_slices.csv,diagnostic join from existing ledger row and retained taxonomy used by tag_slices; tag present in existing tag_slices.csv
direct_llm_original,direct_llm_original_track_a_120_canonical_v0,spark,LONGTAIL,LONGTAIL_0013,sql_feature,sort,none,exact,true,true,true,true,true,,runs/user/direct_llm_original_track_a_120_canonical_v0__spark/tag_slices.csv,diagnostic join from existing ledger row and retained taxonomy used by tag_slices; tag present in existing tag_slices.csv
direct_llm_original,direct_llm_original_track_a_120_canonical_v0,spark,LONGTAIL,LONGTAIL_0013,sql_feature,window_function,none,exact,true,true,true,true,true,,runs/user/direct_llm_original_track_a_120_canonical_v0__spark/tag_slices.csv,diagnostic join from existing ledger row and retained taxonomy used by tag_slices; tag present in existing tag_slices.csv
direct_llm_original,direct_llm_original_track_a_120_canonical_v0,spark,LONGTAIL,LONGTAIL_0022,sql_feature,aggregation,none,exact,true,true,true,true,true,,runs/user/direct_llm_original_track_a_120_canonical_v0__spark/tag_slices.csv,diagnostic join from existing ledger row and retained taxonomy used by tag_slices; tag present in existing tag_slices.csv
direct_llm_original,direct_llm_original_track_a_120_canonical_v0,spark,LONGTAIL,LONGTAIL_0022,sql_feature,cte,none,exact,true,true,true,true,true,,runs/user/direct_llm_original_track_a_120_canonical_v0__spark/tag_slices.csv,diagnostic join from existing ledger row and retained taxonomy used by tag_slices; tag present in existing tag_slices.csv
direct_llm_original,direct_llm_original_track_a_120_canonical_v0,spark,LONGTAIL,LONGTAIL_0022,sql_feature,join,none,exact,true,true,true,true,true,,runs/user/direct_llm_original_track_a_120_canonical_v0__spark/tag_slices.csv,diagnostic join from existing ledger row and retained taxonomy used by tag_slices; tag present in existing tag_slices.csv
direct_llm_original,direct_llm_original_track_a_120_canonical_v0,spark,LONGTAIL,LONGTAIL_0022,sql_feature,outer_join,none,exact,true,true,true,true,true,,runs/user/direct_llm_original_track_a_120_canonical_v0__spark/tag_slices.csv,diagnostic join from existing ledger row and retained taxonomy used by tag_slices; tag present in existing tag_slices.csv
direct_llm_original,direct_llm_original_track_a_120_canonical_v0,spark,LONGTAIL,LONGTAIL_0022,sql_feature,sort,none,exact,true,true,true,true,true,,runs/user/direct_llm_original_track_a_120_canonical_v0__spark/tag_slices.csv,diagnostic join from existing ledger row and retained taxonomy used by tag_slices; tag present in existing tag_slices.csv
direct_llm_original,direct_llm_original_track_a_120_canonical_v0,spark,LONGTAIL,LONGTAIL_0023,sql_feature,aggregation,none,exact,true,true,true,true,true,,runs/user/direct_llm_original_track_a_120_canonical_v0__spark/tag_slices.csv,diagnostic join from existing ledger row and retained taxonomy used by tag_slices; tag present in existing tag_slices.csv
direct_llm_original,direct_llm_original_track_a_120_canonical_v0,spark,LONGTAIL,LONGTAIL_0023,sql_feature,cte,none,exact,true,true,true,true,true,,runs/user/direct_llm_original_track_a_120_canonical_v0__spark/tag_slices.csv,diagnostic join from existing ledger row and retained taxonomy used by tag_slices; tag present in existing tag_slices.csv
direct_llm_original,direct_llm_original_track_a_120_canonical_v0,spark,LONGTAIL,LONGTAIL_0023,sql_feature,directed_relation,none,exact,true,true,true,true,true,,runs/user/direct_llm_original_track_a_120_canonical_v0__spark/tag_slices.csv,diagnostic join from existing ledger row and retained taxonomy used by tag_slices; tag present in existing tag_slices.csv
direct_llm_original,direct_llm_original_track_a_120_canonical_v0,spark,LONGTAIL,LONGTAIL_0023,sql_feature,outer_join,none,exact,true,true,true,true,true,,runs/user/direct_llm_original_track_a_120_canonical_v0__spark/tag_slices.csv,diagnostic join from existing ledger row and retained taxonomy used by tag_slices; tag present in existing tag_slices.csv
direct_llm_original,direct_llm_original_track_a_120_canonical_v0,spark,LONGTAIL,LONGTAIL_0023,sql_feature,sort,none,exact,true,true,true,true,true,,runs/user/direct_llm_original_track_a_120_canonical_v0__spark/tag_slices.csv,diagnostic join from existing ledger row and retained taxonomy used by tag_slices; tag present in existing tag_slices.csv
direct_llm_original,direct_llm_original_track_a_120_canonical_v0,spark,LONGTAIL,LONGTAIL_0024,sql_feature,aggregation,none,exact,true,true,true,true,true,,runs/user/direct_llm_original_track_a_120_canonical_v0__spark/tag_slices.csv,diagnostic join from existing ledger row and retained taxonomy used by tag_slices; tag present in existing tag_slices.csv
direct_llm_original,direct_llm_original_track_a_120_canonical_v0,spark,LONGTAIL,LONGTAIL_0024,sql_feature,cte,none,exact,true,true,true,true,true,,runs/user/direct_llm_original_track_a_120_canonical_v0__spark/tag_slices.csv,diagnostic join from existing ledger row and retained taxonomy used by tag_slices; tag present in existing tag_slices.csv
direct_llm_original,direct_llm_original_track_a_120_canonical_v0,spark,LONGTAIL,LONGTAIL_0024,sql_feature,join,none,exact,true,true,true,true,true,,runs/user/direct_llm_original_track_a_120_canonical_v0__spark/tag_slices.csv,diagnostic join from existing ledger row and retained taxonomy used by tag_slices; tag present in existing tag_slices.csv
direct_llm_original,direct_llm_original_track_a_120_canonical_v0,spark,LONGTAIL,LONGTAIL_0024,sql_feature,sort,none,exact,true,true,true,true,true,,runs/user/direct_llm_original_track_a_120_canonical_v0__spark/tag_slices.csv,diagnostic join from existing ledger row and retained taxonomy used by tag_slices; tag present in existing tag_slices.csv
direct_llm_original,direct_llm_original_track_a_120_canonical_v0,spark,LONGTAIL,LONGTAIL_0024,sql_feature,temporal_min_max,none,exact,true,true,true,true,true,,runs/user/direct_llm_original_track_a_120_canonical_v0__spark/tag_slices.csv,diagnostic join from existing ledger row and retained taxonomy used by tag_slices; tag present in existing tag_slices.csv
sqlglot_noop,sqlglot_noop_track_a_120_canonical_v0,postgres,PERF,PERF_0006,rewrite_opportunity,materialization_strategy,none,exact,true,true,true,true,true,,runs/user/sqlglot_noop_track_a_120_canonical_v0__postgres/tag_slices.csv,diagnostic join from existing ledger row and retained taxonomy used by tag_slices; tag present in existing tag_slices.csv
sqlglot_noop,sqlglot_noop_track_a_120_canonical_v0,postgres,PERF,PERF_0006,rewrite_opportunity,predicate_pushdown,none,exact,true,true,true,true,true,,runs/user/sqlglot_noop_track_a_120_canonical_v0__postgres/tag_slices.csv,diagnostic join from existing ledger row and retained taxonomy used by tag_slices; tag present in existing tag_slices.csv
sqlglot_noop,sqlglot_noop_track_a_120_canonical_v0,postgres,PERF,PERF_0006,sql_feature,date_time_function,none,exact,true,true,true,true,true,,runs/user/sqlglot_noop_track_a_120_canonical_v0__postgres/tag_slices.csv,diagnostic join from existing ledger row and retained taxonomy used by tag_slices; tag present in existing tag_slices.csv
sqlglot_noop,sqlglot_noop_track_a_120_canonical_v0,postgres,PERF,PERF_0006,sql_feature,expression_complexity,none,exact,true,true,true,true,true,,runs/user/sqlglot_noop_track_a_120_canonical_v0__postgres/tag_slices.csv,diagnostic join from existing ledger row and retained taxonomy used by tag_slices; tag present in existing tag_slices.csv
sqlglot_noop,sqlglot_noop_track_a_120_canonical_v0,postgres,PERF,PERF_0007,rewrite_opportunity,materialization_strategy,none,exact,true,true,true,true,true,,runs/user/sqlglot_noop_track_a_120_canonical_v0__postgres/tag_slices.csv,diagnostic join from existing ledger row and retained taxonomy used by tag_slices; tag present in existing tag_slices.csv
sqlglot_noop,sqlglot_noop_track_a_120_canonical_v0,postgres,PERF,PERF_0007,rewrite_opportunity,predicate_pushdown,none,exact,true,true,true,true,true,,runs/user/sqlglot_noop_track_a_120_canonical_v0__postgres/tag_slices.csv,diagnostic join from existing ledger row and retained taxonomy used by tag_slices; tag present in existing tag_slices.csv
sqlglot_noop,sqlglot_noop_track_a_120_canonical_v0,postgres,PERF,PERF_0007,sql_feature,date_time_function,none,exact,true,true,true,true,true,,runs/user/sqlglot_noop_track_a_120_canonical_v0__postgres/tag_slices.csv,diagnostic join from existing ledger row and retained taxonomy used by tag_slices; tag present in existing tag_slices.csv
sqlglot_noop,sqlglot_noop_track_a_120_canonical_v0,postgres,PERF,PERF_0008,rewrite_opportunity,materialization_strategy,none,exact,true,true,true,true,true,,runs/user/sqlglot_noop_track_a_120_canonical_v0__postgres/tag_slices.csv,diagnostic join from existing ledger row and retained taxonomy used by tag_slices; tag present in existing tag_slices.csv
sqlglot_noop,sqlglot_noop_track_a_120_canonical_v0,postgres,PERF,PERF_0008,rewrite_opportunity,predicate_pushdown,none,exact,true,true,true,true,true,,runs/user/sqlglot_noop_track_a_120_canonical_v0__postgres/tag_slices.csv,diagnostic join from existing ledger row and retained taxonomy used by tag_slices; tag present in existing tag_slices.csv
sqlglot_noop,sqlglot_noop_track_a_120_canonical_v0,postgres,PERF,PERF_0008,sql_feature,date_time_function,none,exact,true,true,true,true,true,,runs/user/sqlglot_noop_track_a_120_canonical_v0__postgres/tag_slices.csv,diagnostic join from existing ledger row and retained taxonomy used by tag_slices; tag present in existing tag_slices.csv
sqlglot_noop,sqlglot_noop_track_a_120_canonical_v0,postgres,PERF,PERF_0008,sql_feature,subquery_in_from,none,exact,true,true,true,true,true,,runs/user/sqlglot_noop_track_a_120_canonical_v0__postgres/tag_slices.csv,diagnostic join from existing ledger row and retained taxonomy used by tag_slices; tag present in existing tag_slices.csv
sqlglot_noop,sqlglot_noop_track_a_120_canonical_v0,postgres,PERF,PERF_0013,rewrite_opportunity,join_reorder,none,exact,true,true,true,true,true,,runs/user/sqlglot_noop_track_a_120_canonical_v0__postgres/tag_slices.csv,diagnostic join from existing ledger row and retained taxonomy used by tag_slices; tag present in existing tag_slices.csv
sqlglot_noop,sqlglot_noop_track_a_120_canonical_v0,postgres,PERF,PERF_0013,rewrite_opportunity,predicate_pushdown,none,exact,true,true,true,true,true,,runs/user/sqlglot_noop_track_a_120_canonical_v0__postgres/tag_slices.csv,diagnostic join from existing ledger row and retained taxonomy used by tag_slices; tag present in existing tag_slices.csv
sqlglot_noop,sqlglot_noop_track_a_120_canonical_v0,postgres,PERF,PERF_0013,sql_feature,date_time_function,none,exact,true,true,true,true,true,,runs/user/sqlglot_noop_track_a_120_canonical_v0__postgres/tag_slices.csv,diagnostic join from existing ledger row and retained taxonomy used by tag_slices; tag present in existing tag_slices.csv
sqlglot_noop,sqlglot_noop_track_a_120_canonical_v0,postgres,PERF,PERF_0017,rewrite_opportunity,join_reorder,none,exact,true,true,true,true,true,,runs/user/sqlglot_noop_track_a_120_canonical_v0__postgres/tag_slices.csv,diagnostic join from existing ledger row and retained taxonomy used by tag_slices; tag present in existing tag_slices.csv
sqlglot_noop,sqlglot_noop_track_a_120_canonical_v0,postgres,PERF,PERF_0017,rewrite_opportunity,predicate_pushdown,none,exact,true,true,true,true,true,,runs/user/sqlglot_noop_track_a_120_canonical_v0__postgres/tag_slices.csv,diagnostic join from existing ledger row and retained taxonomy used by tag_slices; tag present in existing tag_slices.csv
sqlglot_noop,sqlglot_noop_track_a_120_canonical_v0,postgres,PERF,PERF_0017,sql_feature,date_time_function,none,exact,true,true,true,true,true,,runs/user/sqlglot_noop_track_a_120_canonical_v0__postgres/tag_slices.csv,diagnostic join from existing ledger row and retained taxonomy used by tag_slices; tag present in existing tag_slices.csv
sqlglot_noop,sqlglot_noop_track_a_120_canonical_v0,postgres,PERF,PERF_0019,rewrite_opportunity,materialization_strategy,none,exact,true,true,true,true,true,,runs/user/sqlglot_noop_track_a_120_canonical_v0__postgres/tag_slices.csv,diagnostic join from existing ledger row and retained taxonomy used by tag_slices; tag present in existing tag_slices.csv
sqlglot_noop,sqlglot_noop_track_a_120_canonical_v0,postgres,PERF,PERF_0019,rewrite_opportunity,predicate_pushdown,none,exact,true,true,true,true,true,,runs/user/sqlglot_noop_track_a_120_canonical_v0__postgres/tag_slices.csv,diagnostic join from existing ledger row and retained taxonomy used by tag_slices; tag present in existing tag_slices.csv
sqlglot_noop,sqlglot_noop_track_a_120_canonical_v0,postgres,PERF,PERF_0019,sql_feature,outer_join,none,exact,true,true,true,true,true,,runs/user/sqlglot_noop_track_a_120_canonical_v0__postgres/tag_slices.csv,diagnostic join from existing ledger row and retained taxonomy used by tag_slices; tag present in existing tag_slices.csv
sqlglot_noop,sqlglot_noop_track_a_120_canonical_v0,postgres,PERF,PERF_0019,sql_feature,subquery_in_from,none,exact,true,true,true,true,true,,runs/user/sqlglot_noop_track_a_120_canonical_v0__postgres/tag_slices.csv,diagnostic join from existing ledger row and retained taxonomy used by tag_slices; tag present in existing tag_slices.csv
sqlglot_noop,sqlglot_noop_track_a_120_canonical_v0,postgres,PERF,PERF_0024,rewrite_opportunity,predicate_pushdown,none,exact,true,true,true,true,true,,runs/user/sqlglot_noop_track_a_120_canonical_v0__postgres/tag_slices.csv,diagnostic join from existing ledger row and retained taxonomy used by tag_slices; tag present in existing tag_slices.csv
sqlglot_noop,sqlglot_noop_track_a_120_canonical_v0,postgres,PERF,PERF_0024,rewrite_opportunity,subquery_decorrelation,none,exact,true,true,true,true,true,,runs/user/sqlglot_noop_track_a_120_canonical_v0__postgres/tag_slices.csv,diagnostic join from existing ledger row and retained taxonomy used by tag_slices; tag present in existing tag_slices.csv
sqlglot_noop,sqlglot_noop_track_a_120_canonical_v0,postgres,PERF,PERF_0024,sql_feature,correlated_subquery,none,exact,true,true,true,true,true,,runs/user/sqlglot_noop_track_a_120_canonical_v0__postgres/tag_slices.csv,diagnostic join from existing ledger row and retained taxonomy used by tag_slices; tag present in existing tag_slices.csv
sqlglot_noop,sqlglot_noop_track_a_120_canonical_v0,postgres,PERF,PERF_0024,sql_feature,date_time_function,none,exact,true,true,true,true,true,,runs/user/sqlglot_noop_track_a_120_canonical_v0__postgres/tag_slices.csv,diagnostic join from existing ledger row and retained taxonomy used by tag_slices; tag present in existing tag_slices.csv
sqlglot_noop,sqlglot_noop_track_a_120_canonical_v0,postgres,PERF,PERF_0033,portability_risk,limit_fetch_gap,none,exact,true,true,true,true,true,,runs/user/sqlglot_noop_track_a_120_canonical_v0__postgres/tag_slices.csv,diagnostic join from existing ledger row and retained taxonomy used by tag_slices; tag present in existing tag_slices.csv
sqlglot_noop,sqlglot_noop_track_a_120_canonical_v0,postgres,PERF,PERF_0033,rewrite_opportunity,join_reorder,none,exact,true,true,true,true,true,,runs/user/sqlglot_noop_track_a_120_canonical_v0__postgres/tag_slices.csv,diagnostic join from existing ledger row and retained taxonomy used by tag_slices; tag present in existing tag_slices.csv
sqlglot_noop,sqlglot_noop_track_a_120_canonical_v0,postgres,PERF,PERF_0033,rewrite_opportunity,predicate_pushdown,none,exact,true,true,true,true,true,,runs/user/sqlglot_noop_track_a_120_canonical_v0__postgres/tag_slices.csv,diagnostic join from existing ledger row and retained taxonomy used by tag_slices; tag present in existing tag_slices.csv
sqlglot_noop,sqlglot_noop_track_a_120_canonical_v0,postgres,PERF,PERF_0033,sql_feature,aggregate,none,exact,true,true,true,true,true,,runs/user/sqlglot_noop_track_a_120_canonical_v0__postgres/tag_slices.csv,diagnostic join from existing ledger row and retained taxonomy used by tag_slices; tag present in existing tag_slices.csv
sqlglot_noop,sqlglot_noop_track_a_120_canonical_v0,postgres,PERF,PERF_0033,sql_feature,group_by,none,exact,true,true,true,true,true,,runs/user/sqlglot_noop_track_a_120_canonical_v0__postgres/tag_slices.csv,diagnostic join from existing ledger row and retained taxonomy used by tag_slices; tag present in existing tag_slices.csv
sqlglot_noop,sqlglot_noop_track_a_120_canonical_v0,postgres,PERF,PERF_0033,sql_feature,join,none,exact,true,true,true,true,true,,runs/user/sqlglot_noop_track_a_120_canonical_v0__postgres/tag_slices.csv,diagnostic join from existing ledger row and retained taxonomy used by tag_slices; tag present in existing tag_slices.csv
sqlglot_noop,sqlglot_noop_track_a_120_canonical_v0,postgres,PERF,PERF_0033,sql_feature,limit,none,exact,true,true,true,true,true,,runs/user/sqlglot_noop_track_a_120_canonical_v0__postgres/tag_slices.csv,diagnostic join from existing ledger row and retained taxonomy used by tag_slices; tag present in existing tag_slices.csv
sqlglot_noop,sqlglot_noop_track_a_120_canonical_v0,postgres,PERF,PERF_0033,sql_feature,order_by,none,exact,true,true,true,true,true,,runs/user/sqlglot_noop_track_a_120_canonical_v0__postgres/tag_slices.csv,diagnostic join from existing ledger row and retained taxonomy used by tag_slices; tag present in existing tag_slices.csv
sqlglot_noop,sqlglot_noop_track_a_120_canonical_v0,postgres,PERF,PERF_0034,rewrite_opportunity,materialization_strategy,none,exact,true,true,true,true,true,,runs/user/sqlglot_noop_track_a_120_canonical_v0__postgres/tag_slices.csv,diagnostic join from existing ledger row and retained taxonomy used by tag_slices; tag present in existing tag_slices.csv
sqlglot_noop,sqlglot_noop_track_a_120_canonical_v0,postgres,PERF,PERF_0034,rewrite_opportunity,predicate_pushdown,none,exact,true,true,true,true,true,,runs/user/sqlglot_noop_track_a_120_canonical_v0__postgres/tag_slices.csv,diagnostic join from existing ledger row and retained taxonomy used by tag_slices; tag present in existing tag_slices.csv
sqlglot_noop,sqlglot_noop_track_a_120_canonical_v0,postgres,PERF,PERF_0034,sql_feature,cte,none,exact,true,true,true,true,true,,runs/user/sqlglot_noop_track_a_120_canonical_v0__postgres/tag_slices.csv,diagnostic join from existing ledger row and retained taxonomy used by tag_slices; tag present in existing tag_slices.csv
sqlglot_noop,sqlglot_noop_track_a_120_canonical_v0,postgres,PERF,PERF_0034,sql_feature,set_operation,none,exact,true,true,true,true,true,,runs/user/sqlglot_noop_track_a_120_canonical_v0__postgres/tag_slices.csv,diagnostic join from existing ledger row and retained taxonomy used by tag_slices; tag present in existing tag_slices.csv
sqlglot_noop,sqlglot_noop_track_a_120_canonical_v0,postgres,PERF,PERF_0035,portability_risk,type_semantics_gap,none,exact,true,true,true,true,true,,runs/user/sqlglot_noop_track_a_120_canonical_v0__postgres/tag_slices.csv,diagnostic join from existing ledger row and retained taxonomy used by tag_slices; tag present in existing tag_slices.csv
sqlglot_noop,sqlglot_noop_track_a_120_canonical_v0,postgres,PERF,PERF_0035,rewrite_opportunity,aggregation_rewrite,none,exact,true,true,true,true,true,,runs/user/sqlglot_noop_track_a_120_canonical_v0__postgres/tag_slices.csv,diagnostic join from existing ledger row and retained taxonomy used by tag_slices; tag present in existing tag_slices.csv
sqlglot_noop,sqlglot_noop_track_a_120_canonical_v0,postgres,PERF,PERF_0035,rewrite_opportunity,cte_strategy,none,exact,true,true,true,true,true,,runs/user/sqlglot_noop_track_a_120_canonical_v0__postgres/tag_slices.csv,diagnostic join from existing ledger row and retained taxonomy used by tag_slices; tag present in existing tag_slices.csv
sqlglot_noop,sqlglot_noop_track_a_120_canonical_v0,postgres,PERF,PERF_0035,sql_feature,cte,none,exact,true,true,true,true,true,,runs/user/sqlglot_noop_track_a_120_canonical_v0__postgres/tag_slices.csv,diagnostic join from existing ledger row and retained taxonomy used by tag_slices; tag present in existing tag_slices.csv
sqlglot_noop,sqlglot_noop_track_a_120_canonical_v0,postgres,PERF,PERF_0035,sql_feature,expression_complexity,none,exact,true,true,true,true,true,,runs/user/sqlglot_noop_track_a_120_canonical_v0__postgres/tag_slices.csv,diagnostic join from existing ledger row and retained taxonomy used by tag_slices; tag present in existing tag_slices.csv
sqlglot_noop,sqlglot_noop_track_a_120_canonical_v0,postgres,PERF,PERF_0035,sql_feature,window_function,none,exact,true,true,true,true,true,,runs/user/sqlglot_noop_track_a_120_canonical_v0__postgres/tag_slices.csv,diagnostic join from existing ledger row and retained taxonomy used by tag_slices; tag present in existing tag_slices.csv
sqlglot_noop,sqlglot_noop_track_a_120_canonical_v0,postgres,PERF,PERF_0052,sql_feature,aggregate,none,exact,true,true,true,true,true,,runs/user/sqlglot_noop_track_a_120_canonical_v0__postgres/tag_slices.csv,diagnostic join from existing ledger row and retained taxonomy used by tag_slices; tag present in existing tag_slices.csv
sqlglot_noop,sqlglot_noop_track_a_120_canonical_v0,postgres,PERF,PERF_0052,sql_feature,correlated_subquery,none,exact,true,true,true,true,true,,runs/user/sqlglot_noop_track_a_120_canonical_v0__postgres/tag_slices.csv,diagnostic join from existing ledger row and retained taxonomy used by tag_slices; tag present in existing tag_slices.csv
sqlglot_noop,sqlglot_noop_track_a_120_canonical_v0,postgres,PERF,PERF_0052,sql_feature,cte,none,exact,true,true,true,true,true,,runs/user/sqlglot_noop_track_a_120_canonical_v0__postgres/tag_slices.csv,diagnostic join from existing ledger row and retained taxonomy used by tag_slices; tag present in existing tag_slices.csv
sqlglot_noop,sqlglot_noop_track_a_120_canonical_v0,postgres,PERF,PERF_0052,sql_feature,group_by,none,exact,true,true,true,true,true,,runs/user/sqlglot_noop_track_a_120_canonical_v0__postgres/tag_slices.csv,diagnostic join from existing ledger row and retained taxonomy used by tag_slices; tag present in existing tag_slices.csv
sqlglot_noop,sqlglot_noop_track_a_120_canonical_v0,postgres,PERF,PERF_0052,sql_feature,limit,none,exact,true,true,true,true,true,,runs/user/sqlglot_noop_track_a_120_canonical_v0__postgres/tag_slices.csv,diagnostic join from existing ledger row and retained taxonomy used by tag_slices; tag present in existing tag_slices.csv
sqlglot_noop,sqlglot_noop_track_a_120_canonical_v0,postgres,PERF,PERF_0052,sql_feature,order_by,none,exact,true,true,true,true,true,,runs/user/sqlglot_noop_track_a_120_canonical_v0__postgres/tag_slices.csv,diagnostic join from existing ledger row and retained taxonomy used by tag_slices; tag present in existing tag_slices.csv
sqlglot_noop,sqlglot_noop_track_a_120_canonical_v0,postgres,PERF,PERF_0054,sql_feature,aggregate,none,exact,true,true,true,true,true,,runs/user/sqlglot_noop_track_a_120_canonical_v0__postgres/tag_slices.csv,diagnostic join from existing ledger row and retained taxonomy used by tag_slices; tag present in existing tag_slices.csv
sqlglot_noop,sqlglot_noop_track_a_120_canonical_v0,postgres,PERF,PERF_0054,sql_feature,group_by,none,exact,true,true,true,true,true,,runs/user/sqlglot_noop_track_a_120_canonical_v0__postgres/tag_slices.csv,diagnostic join from existing ledger row and retained taxonomy used by tag_slices; tag present in existing tag_slices.csv
sqlglot_noop,sqlglot_noop_track_a_120_canonical_v0,postgres,PERF,PERF_0054,sql_feature,join,none,exact,true,true,true,true,true,,runs/user/sqlglot_noop_track_a_120_canonical_v0__postgres/tag_slices.csv,diagnostic join from existing ledger row and retained taxonomy used by tag_slices; tag present in existing tag_slices.csv
sqlglot_noop,sqlglot_noop_track_a_120_canonical_v0,postgres,PERF,PERF_0054,sql_feature,limit,none,exact,true,true,true,true,true,,runs/user/sqlglot_noop_track_a_120_canonical_v0__postgres/tag_slices.csv,diagnostic join from existing ledger row and retained taxonomy used by tag_slices; tag present in existing tag_slices.csv
sqlglot_noop,sqlglot_noop_track_a_120_canonical_v0,postgres,PERF,PERF_0054,sql_feature,order_by,none,exact,true,true,true,true,true,,runs/user/sqlglot_noop_track_a_120_canonical_v0__postgres/tag_slices.csv,diagnostic join from existing ledger row and retained taxonomy used by tag_slices; tag present in existing tag_slices.csv
sqlglot_noop,sqlglot_noop_track_a_120_canonical_v0,postgres,PERF,PERF_0056,sql_feature,aggregate,none,exact,true,true,true,true,true,,runs/user/sqlglot_noop_track_a_120_canonical_v0__postgres/tag_slices.csv,diagnostic join from existing ledger row and retained taxonomy used by tag_slices; tag present in existing tag_slices.csv
sqlglot_noop,sqlglot_noop_track_a_120_canonical_v0,postgres,PERF,PERF_0056,sql_feature,group_by,none,exact,true,true,true,true,true,,runs/user/sqlglot_noop_track_a_120_canonical_v0__postgres/tag_slices.csv,diagnostic join from existing ledger row and retained taxonomy used by tag_slices; tag present in existing tag_slices.csv
sqlglot_noop,sqlglot_noop_track_a_120_canonical_v0,postgres,PERF,PERF_0056,sql_feature,having,none,exact,true,true,true,true,true,,runs/user/sqlglot_noop_track_a_120_canonical_v0__postgres/tag_slices.csv,diagnostic join from existing ledger row and retained taxonomy used by tag_slices; tag present in existing tag_slices.csv
sqlglot_noop,sqlglot_noop_track_a_120_canonical_v0,postgres,PERF,PERF_0056,sql_feature,limit,none,exact,true,true,true,true,true,,runs/user/sqlglot_noop_track_a_120_canonical_v0__postgres/tag_slices.csv,diagnostic join from existing ledger row and retained taxonomy used by tag_slices; tag present in existing tag_slices.csv
sqlglot_noop,sqlglot_noop_track_a_120_canonical_v0,postgres,PERF,PERF_0056,sql_feature,order_by,none,exact,true,true,true,true,true,,runs/user/sqlglot_noop_track_a_120_canonical_v0__postgres/tag_slices.csv,diagnostic join from existing ledger row and retained taxonomy used by tag_slices; tag present in existing tag_slices.csv
sqlglot_noop,sqlglot_noop_track_a_120_canonical_v0,postgres,PERF,PERF_0056,sql_feature,scalar_subquery,none,exact,true,true,true,true,true,,runs/user/sqlglot_noop_track_a_120_canonical_v0__postgres/tag_slices.csv,diagnostic join from existing ledger row and retained taxonomy used by tag_slices; tag present in existing tag_slices.csv
sqlglot_noop,sqlglot_noop_track_a_120_canonical_v0,postgres,PERF,PERF_0062,sql_feature,aggregate,none,exact,true,true,true,true,true,,runs/user/sqlglot_noop_track_a_120_canonical_v0__postgres/tag_slices.csv,diagnostic join from existing ledger row and retained taxonomy used by tag_slices; tag present in existing tag_slices.csv
sqlglot_noop,sqlglot_noop_track_a_120_canonical_v0,postgres,PERF,PERF_0062,sql_feature,disjunction,none,exact,true,true,true,true,true,,runs/user/sqlglot_noop_track_a_120_canonical_v0__postgres/tag_slices.csv,diagnostic join from existing ledger row and retained taxonomy used by tag_slices; tag present in existing tag_slices.csv
sqlglot_noop,sqlglot_noop_track_a_120_canonical_v0,postgres,PERF,PERF_0062,sql_feature,join,none,exact,true,true,true,true,true,,runs/user/sqlglot_noop_track_a_120_canonical_v0__postgres/tag_slices.csv,diagnostic join from existing ledger row and retained taxonomy used by tag_slices; tag present in existing tag_slices.csv
sqlglot_noop,sqlglot_noop_track_a_120_canonical_v0,postgres,PERF,PERF_0062,sql_feature,range_predicate,none,exact,true,true,true,true,true,,runs/user/sqlglot_noop_track_a_120_canonical_v0__postgres/tag_slices.csv,diagnostic join from existing ledger row and retained taxonomy used by tag_slices; tag present in existing tag_slices.csv
sqlglot_noop,sqlglot_noop_track_a_120_canonical_v0,postgres,PERF,PERF_0077,sql_feature,aggregate,none,exact,true,true,true,true,true,,runs/user/sqlglot_noop_track_a_120_canonical_v0__postgres/tag_slices.csv,diagnostic join from existing ledger row and retained taxonomy used by tag_slices; tag present in existing tag_slices.csv
sqlglot_noop,sqlglot_noop_track_a_120_canonical_v0,postgres,PERF,PERF_0077,sql_feature,filter,none,exact,true,true,true,true,true,,runs/user/sqlglot_noop_track_a_120_canonical_v0__postgres/tag_slices.csv,diagnostic join from existing ledger row and retained taxonomy used by tag_slices; tag present in existing tag_slices.csv
sqlglot_noop,sqlglot_noop_track_a_120_canonical_v0,postgres,PERF,PERF_0077,sql_feature,join,none,exact,true,true,true,true,true,,runs/user/sqlglot_noop_track_a_120_canonical_v0__postgres/tag_slices.csv,diagnostic join from existing ledger row and retained taxonomy used by tag_slices; tag present in existing tag_slices.csv
sqlglot_noop,sqlglot_noop_track_a_120_canonical_v0,postgres,PERF,PERF_0077,sql_feature,text_like_predicate,none,exact,true,true,true,true,true,,runs/user/sqlglot_noop_track_a_120_canonical_v0__postgres/tag_slices.csv,diagnostic join from existing ledger row and retained taxonomy used by tag_slices; tag present in existing tag_slices.csv
sqlglot_noop,sqlglot_noop_track_a_120_canonical_v0,postgres,PERF,PERF_0082,sql_feature,aggregate,none,exact,true,true,true,true,true,,runs/user/sqlglot_noop_track_a_120_canonical_v0__postgres/tag_slices.csv,diagnostic join from existing ledger row and retained taxonomy used by tag_slices; tag present in existing tag_slices.csv
sqlglot_noop,sqlglot_noop_track_a_120_canonical_v0,postgres,PERF,PERF_0082,sql_feature,filter,none,exact,true,true,true,true,true,,runs/user/sqlglot_noop_track_a_120_canonical_v0__postgres/tag_slices.csv,diagnostic join from existing ledger row and retained taxonomy used by tag_slices; tag present in existing tag_slices.csv
sqlglot_noop,sqlglot_noop_track_a_120_canonical_v0,postgres,PERF,PERF_0082,sql_feature,join,none,exact,true,true,true,true,true,,runs/user/sqlglot_noop_track_a_120_canonical_v0__postgres/tag_slices.csv,diagnostic join from existing ledger row and retained taxonomy used by tag_slices; tag present in existing tag_slices.csv
sqlglot_noop,sqlglot_noop_track_a_120_canonical_v0,postgres,PERF,PERF_0082,sql_feature,materialize,none,exact,true,true,true,true,true,,runs/user/sqlglot_noop_track_a_120_canonical_v0__postgres/tag_slices.csv,diagnostic join from existing ledger row and retained taxonomy used by tag_slices; tag present in existing tag_slices.csv
sqlglot_noop,sqlglot_noop_track_a_120_canonical_v0,postgres,PERF,PERF_0082,sql_feature,text_like_predicate,none,exact,true,true,true,true,true,,runs/user/sqlglot_noop_track_a_120_canonical_v0__postgres/tag_slices.csv,diagnostic join from existing ledger row and retained taxonomy used by tag_slices; tag present in existing tag_slices.csv
sqlglot_noop,sqlglot_noop_track_a_120_canonical_v0,postgres,CONS,CONS_0005,portability_risk,null_semantics_gap,none,exact,true,true,true,true,true,,runs/user/sqlglot_noop_track_a_120_canonical_v0__postgres/tag_slices.csv,diagnostic join from existing ledger row and retained taxonomy used by tag_slices; tag present in existing tag_slices.csv
sqlglot_noop,sqlglot_noop_track_a_120_canonical_v0,postgres,CONS,CONS_0005,rewrite_opportunity,subquery_decorrelation,none,exact,true,true,true,true,true,,runs/user/sqlglot_noop_track_a_120_canonical_v0__postgres/tag_slices.csv,diagnostic join from existing ledger row and retained taxonomy used by tag_slices; tag present in existing tag_slices.csv
sqlglot_noop,sqlglot_noop_track_a_120_canonical_v0,postgres,CONS,CONS_0005,sql_feature,correlated_subquery,none,exact,true,true,true,true,true,,runs/user/sqlglot_noop_track_a_120_canonical_v0__postgres/tag_slices.csv,diagnostic join from existing ledger row and retained taxonomy used by tag_slices; tag present in existing tag_slices.csv
sqlglot_noop,sqlglot_noop_track_a_120_canonical_v0,postgres,CONS,CONS_0007,sql_feature,correlated_subquery,none,exact,true,true,true,true,true,,runs/user/sqlglot_noop_track_a_120_canonical_v0__postgres/tag_slices.csv,diagnostic join from existing ledger row and retained taxonomy used by tag_slices; tag present in existing tag_slices.csv
sqlglot_noop,sqlglot_noop_track_a_120_canonical_v0,postgres,CONS,CONS_0007,sql_feature,subquery_in_from,none,exact,true,true,true,true,true,,runs/user/sqlglot_noop_track_a_120_canonical_v0__postgres/tag_slices.csv,diagnostic join from existing ledger row and retained taxonomy used by tag_slices; tag present in existing tag_slices.csv
sqlglot_noop,sqlglot_noop_track_a_120_canonical_v0,postgres,CONS,CONS_0009,sql_feature,correlated_subquery,none,exact,true,true,true,true,true,,runs/user/sqlglot_noop_track_a_120_canonical_v0__postgres/tag_slices.csv,diagnostic join from existing ledger row and retained taxonomy used by tag_slices; tag present in existing tag_slices.csv
sqlglot_noop,sqlglot_noop_track_a_120_canonical_v0,postgres,CONS,CONS_0009,sql_feature,set_operation,none,exact,true,true,true,true,true,,runs/user/sqlglot_noop_track_a_120_canonical_v0__postgres/tag_slices.csv,diagnostic join from existing ledger row and retained taxonomy used by tag_slices; tag present in existing tag_slices.csv
sqlglot_noop,sqlglot_noop_track_a_120_canonical_v0,postgres,CONS,CONS_0010,sql_feature,correlated_subquery,none,exact,true,true,true,true,true,,runs/user/sqlglot_noop_track_a_120_canonical_v0__postgres/tag_slices.csv,diagnostic join from existing ledger row and retained taxonomy used by tag_slices; tag present in existing tag_slices.csv
sqlglot_noop,sqlglot_noop_track_a_120_canonical_v0,postgres,CONS,CONS_0011,sql_feature,correlated_subquery,none,exact,true,true,true,true,true,,runs/user/sqlglot_noop_track_a_120_canonical_v0__postgres/tag_slices.csv,diagnostic join from existing ledger row and retained taxonomy used by tag_slices; tag present in existing tag_slices.csv
sqlglot_noop,sqlglot_noop_track_a_120_canonical_v0,postgres,CONS,CONS_0011,sql_feature,outer_join,none,exact,true,true,true,true,true,,runs/user/sqlglot_noop_track_a_120_canonical_v0__postgres/tag_slices.csv,diagnostic join from existing ledger row and retained taxonomy used by tag_slices; tag present in existing tag_slices.csv
sqlglot_noop,sqlglot_noop_track_a_120_canonical_v0,postgres,CONS,CONS_0012,portability_risk,limit_fetch_gap,none,exact,true,true,true,true,true,,runs/user/sqlglot_noop_track_a_120_canonical_v0__postgres/tag_slices.csv,diagnostic join from existing ledger row and retained taxonomy used by tag_slices; tag present in existing tag_slices.csv
sqlglot_noop,sqlglot_noop_track_a_120_canonical_v0,postgres,CONS,CONS_0012,rewrite_opportunity,order_limit_simplification,none,exact,true,true,true,true,true,,runs/user/sqlglot_noop_track_a_120_canonical_v0__postgres/tag_slices.csv,diagnostic join from existing ledger row and retained taxonomy used by tag_slices; tag present in existing tag_slices.csv
sqlglot_noop,sqlglot_noop_track_a_120_canonical_v0,postgres,CONS,CONS_0012,rewrite_opportunity,subquery_decorrelation,none,exact,true,true,true,true,true,,runs/user/sqlglot_noop_track_a_120_canonical_v0__postgres/tag_slices.csv,diagnostic join from existing ledger row and retained taxonomy used by tag_slices; tag present in existing tag_slices.csv
sqlglot_noop,sqlglot_noop_track_a_120_canonical_v0,postgres,CONS,CONS_0012,sql_feature,correlated_subquery,none,exact,true,true,true,true,true,,runs/user/sqlglot_noop_track_a_120_canonical_v0__postgres/tag_slices.csv,diagnostic join from existing ledger row and retained taxonomy used by tag_slices; tag present in existing tag_slices.csv
sqlglot_noop,sqlglot_noop_track_a_120_canonical_v0,postgres,CONS,CONS_0024,rewrite_opportunity,subquery_decorrelation,none,exact,true,true,true,true,true,,runs/user/sqlglot_noop_track_a_120_canonical_v0__postgres/tag_slices.csv,diagnostic join from existing ledger row and retained taxonomy used by tag_slices; tag present in existing tag_slices.csv
sqlglot_noop,sqlglot_noop_track_a_120_canonical_v0,postgres,CONS,CONS_0024,sql_feature,correlated_subquery,none,exact,true,true,true,true,true,,runs/user/sqlglot_noop_track_a_120_canonical_v0__postgres/tag_slices.csv,diagnostic join from existing ledger row and retained taxonomy used by tag_slices; tag present in existing tag_slices.csv
sqlglot_noop,sqlglot_noop_track_a_120_canonical_v0,postgres,CONS,CONS_0024,sql_feature,outer_join,none,exact,true,true,true,true,true,,runs/user/sqlglot_noop_track_a_120_canonical_v0__postgres/tag_slices.csv,diagnostic join from existing ledger row and retained taxonomy used by tag_slices; tag present in existing tag_slices.csv
sqlglot_noop,sqlglot_noop_track_a_120_canonical_v0,postgres,CONS,CONS_0036,rewrite_opportunity,aggregation_rewrite,none,exact,true,true,true,true,true,,runs/user/sqlglot_noop_track_a_120_canonical_v0__postgres/tag_slices.csv,diagnostic join from existing ledger row and retained taxonomy used by tag_slices; tag present in existing tag_slices.csv
sqlglot_noop,sqlglot_noop_track_a_120_canonical_v0,postgres,CONS,CONS_0036,rewrite_opportunity,predicate_pushdown,none,exact,true,true,true,true,true,,runs/user/sqlglot_noop_track_a_120_canonical_v0__postgres/tag_slices.csv,diagnostic join from existing ledger row and retained taxonomy used by tag_slices; tag present in existing tag_slices.csv
sqlglot_noop,sqlglot_noop_track_a_120_canonical_v0,postgres,CONS,CONS_0037,rewrite_opportunity,aggregation_rewrite,none,exact,true,true,true,true,true,,runs/user/sqlglot_noop_track_a_120_canonical_v0__postgres/tag_slices.csv,diagnostic join from existing ledger row and retained taxonomy used by tag_slices; tag present in existing tag_slices.csv
sqlglot_noop,sqlglot_noop_track_a_120_canonical_v0,postgres,CONS,CONS_0037,sql_feature,outer_join,none,exact,true,true,true,true,true,,runs/user/sqlglot_noop_track_a_120_canonical_v0__postgres/tag_slices.csv,diagnostic join from existing ledger row and retained taxonomy used by tag_slices; tag present in existing tag_slices.csv
sqlglot_noop,sqlglot_noop_track_a_120_canonical_v0,postgres,PORT,PORT_0003,portability_risk,identifier_quoting,none,exact,true,true,true,true,true,,runs/user/sqlglot_noop_track_a_120_canonical_v0__postgres/tag_slices.csv,diagnostic join from existing ledger row and retained taxonomy used by tag_slices; tag present in existing tag_slices.csv
sqlglot_noop,sqlglot_noop_track_a_120_canonical_v0,postgres,PORT,PORT_0003,portability_risk,limit_fetch_gap,none,exact,true,true,true,true,true,,runs/user/sqlglot_noop_track_a_120_canonical_v0__postgres/tag_slices.csv,diagnostic join from existing ledger row and retained taxonomy used by tag_slices; tag present in existing tag_slices.csv
sqlglot_noop,sqlglot_noop_track_a_120_canonical_v0,postgres,PORT,PORT_0003,portability_risk,null_semantics_gap,none,exact,true,true,true,true,true,,runs/user/sqlglot_noop_track_a_120_canonical_v0__postgres/tag_slices.csv,diagnostic join from existing ledger row and retained taxonomy used by tag_slices; tag present in existing tag_slices.csv
sqlglot_noop,sqlglot_noop_track_a_120_canonical_v0,postgres,PORT,PORT_0003,rewrite_opportunity,dialect_adaptation,none,exact,true,true,true,true,true,,runs/user/sqlglot_noop_track_a_120_canonical_v0__postgres/tag_slices.csv,diagnostic join from existing ledger row and retained taxonomy used by tag_slices; tag present in existing tag_slices.csv
sqlglot_noop,sqlglot_noop_track_a_120_canonical_v0,postgres,PORT,PORT_0003,rewrite_opportunity,order_limit_simplification,none,exact,true,true,true,true,true,,runs/user/sqlglot_noop_track_a_120_canonical_v0__postgres/tag_slices.csv,diagnostic join from existing ledger row and retained taxonomy used by tag_slices; tag present in existing tag_slices.csv
sqlglot_noop,sqlglot_noop_track_a_120_canonical_v0,postgres,PORT,PORT_0004,portability_risk,date_filter_semantics,adapter_failed,not_evaluated_non_db_mvp,false,false,false,false,false,runs/user/sqlglot_noop_track_a_120_canonical_v0__postgres/failures.csv,runs/user/sqlglot_noop_track_a_120_canonical_v0__postgres/tag_slices.csv,diagnostic join from existing ledger row and retained taxonomy used by tag_slices; tag present in existing tag_slices.csv
sqlglot_noop,sqlglot_noop_track_a_120_canonical_v0,postgres,PORT,PORT_0004,portability_risk,datetime_semantics_gap,adapter_failed,not_evaluated_non_db_mvp,false,false,false,false,false,runs/user/sqlglot_noop_track_a_120_canonical_v0__postgres/failures.csv,runs/user/sqlglot_noop_track_a_120_canonical_v0__postgres/tag_slices.csv,diagnostic join from existing ledger row and retained taxonomy used by tag_slices; tag present in existing tag_slices.csv
sqlglot_noop,sqlglot_noop_track_a_120_canonical_v0,postgres,PORT,PORT_0004,portability_risk,identifier_quoting,adapter_failed,not_evaluated_non_db_mvp,false,false,false,false,false,runs/user/sqlglot_noop_track_a_120_canonical_v0__postgres/failures.csv,runs/user/sqlglot_noop_track_a_120_canonical_v0__postgres/tag_slices.csv,diagnostic join from existing ledger row and retained taxonomy used by tag_slices; tag present in existing tag_slices.csv
sqlglot_noop,sqlglot_noop_track_a_120_canonical_v0,postgres,PORT,PORT_0004,portability_risk,literal_predicate_boundary,adapter_failed,not_evaluated_non_db_mvp,false,false,false,false,false,runs/user/sqlglot_noop_track_a_120_canonical_v0__postgres/failures.csv,runs/user/sqlglot_noop_track_a_120_canonical_v0__postgres/tag_slices.csv,diagnostic join from existing ledger row and retained taxonomy used by tag_slices; tag present in existing tag_slices.csv
sqlglot_noop,sqlglot_noop_track_a_120_canonical_v0,postgres,PORT,PORT_0004,portability_risk,result_set_semantics,adapter_failed,not_evaluated_non_db_mvp,false,false,false,false,false,runs/user/sqlglot_noop_track_a_120_canonical_v0__postgres/failures.csv,runs/user/sqlglot_noop_track_a_120_canonical_v0__postgres/tag_slices.csv,diagnostic join from existing ledger row and retained taxonomy used by tag_slices; tag present in existing tag_slices.csv
sqlglot_noop,sqlglot_noop_track_a_120_canonical_v0,postgres,PORT,PORT_0004,portability_risk,type_semantics_gap,adapter_failed,not_evaluated_non_db_mvp,false,false,false,false,false,runs/user/sqlglot_noop_track_a_120_canonical_v0__postgres/failures.csv,runs/user/sqlglot_noop_track_a_120_canonical_v0__postgres/tag_slices.csv,diagnostic join from existing ledger row and retained taxonomy used by tag_slices; tag present in existing tag_slices.csv
sqlglot_noop,sqlglot_noop_track_a_120_canonical_v0,postgres,PORT,PORT_0004,rewrite_opportunity,dialect_adaptation,adapter_failed,not_evaluated_non_db_mvp,false,false,false,false,false,runs/user/sqlglot_noop_track_a_120_canonical_v0__postgres/failures.csv,runs/user/sqlglot_noop_track_a_120_canonical_v0__postgres/tag_slices.csv,diagnostic join from existing ledger row and retained taxonomy used by tag_slices; tag present in existing tag_slices.csv
sqlglot_noop,sqlglot_noop_track_a_120_canonical_v0,postgres,PORT,PORT_0005,portability_risk,identifier_quoting,none,exact,true,true,true,true,true,,runs/user/sqlglot_noop_track_a_120_canonical_v0__postgres/tag_slices.csv,diagnostic join from existing ledger row and retained taxonomy used by tag_slices; tag present in existing tag_slices.csv
sqlglot_noop,sqlglot_noop_track_a_120_canonical_v0,postgres,PORT,PORT_0005,portability_risk,limit_fetch_gap,none,exact,true,true,true,true,true,,runs/user/sqlglot_noop_track_a_120_canonical_v0__postgres/tag_slices.csv,diagnostic join from existing ledger row and retained taxonomy used by tag_slices; tag present in existing tag_slices.csv
sqlglot_noop,sqlglot_noop_track_a_120_canonical_v0,postgres,PORT,PORT_0005,portability_risk,null_semantics_gap,none,exact,true,true,true,true,true,,runs/user/sqlglot_noop_track_a_120_canonical_v0__postgres/tag_slices.csv,diagnostic join from existing ledger row and retained taxonomy used by tag_slices; tag present in existing tag_slices.csv
sqlglot_noop,sqlglot_noop_track_a_120_canonical_v0,postgres,PORT,PORT_0005,portability_risk,order_direction_gap,none,exact,true,true,true,true,true,,runs/user/sqlglot_noop_track_a_120_canonical_v0__postgres/tag_slices.csv,diagnostic join from existing ledger row and retained taxonomy used by tag_slices; tag present in existing tag_slices.csv
sqlglot_noop,sqlglot_noop_track_a_120_canonical_v0,postgres,PORT,PORT_0005,rewrite_opportunity,dialect_adaptation,none,exact,true,true,true,true,true,,runs/user/sqlglot_noop_track_a_120_canonical_v0__postgres/tag_slices.csv,diagnostic join from existing ledger row and retained taxonomy used by tag_slices; tag present in existing tag_slices.csv
sqlglot_noop,sqlglot_noop_track_a_120_canonical_v0,postgres,PORT,PORT_0005,rewrite_opportunity,order_limit_simplification,none,exact,true,true,true,true,true,,runs/user/sqlglot_noop_track_a_120_canonical_v0__postgres/tag_slices.csv,diagnostic join from existing ledger row and retained taxonomy used by tag_slices; tag present in existing tag_slices.csv
sqlglot_noop,sqlglot_noop_track_a_120_canonical_v0,postgres,PORT,PORT_0008,portability_risk,date_time_semantics,none,exact,true,true,true,true,true,,runs/user/sqlglot_noop_track_a_120_canonical_v0__postgres/tag_slices.csv,diagnostic join from existing ledger row and retained taxonomy used by tag_slices; tag present in existing tag_slices.csv
sqlglot_noop,sqlglot_noop_track_a_120_canonical_v0,postgres,PORT,PORT_0008,portability_risk,identifier_case_or_quoting,none,exact,true,true,true,true,true,,runs/user/sqlglot_noop_track_a_120_canonical_v0__postgres/tag_slices.csv,diagnostic join from existing ledger row and retained taxonomy used by tag_slices; tag present in existing tag_slices.csv
sqlglot_noop,sqlglot_noop_track_a_120_canonical_v0,postgres,PORT,PORT_0008,portability_risk,type_coercion,none,exact,true,true,true,true,true,,runs/user/sqlglot_noop_track_a_120_canonical_v0__postgres/tag_slices.csv,diagnostic join from existing ledger row and retained taxonomy used by tag_slices; tag present in existing tag_slices.csv
sqlglot_noop,sqlglot_noop_track_a_120_canonical_v0,postgres,PORT,PORT_0008,rewrite_opportunity,dialect_adaptation,none,exact,true,true,true,true,true,,runs/user/sqlglot_noop_track_a_120_canonical_v0__postgres/tag_slices.csv,diagnostic join from existing ledger row and retained taxonomy used by tag_slices; tag present in existing tag_slices.csv
sqlglot_noop,sqlglot_noop_track_a_120_canonical_v0,postgres,PORT,PORT_0008,rewrite_opportunity,function_normalization,none,exact,true,true,true,true,true,,runs/user/sqlglot_noop_track_a_120_canonical_v0__postgres/tag_slices.csv,diagnostic join from existing ledger row and retained taxonomy used by tag_slices; tag present in existing tag_slices.csv
sqlglot_noop,sqlglot_noop_track_a_120_canonical_v0,postgres,PORT,PORT_0008,sql_feature,date_time_function,none,exact,true,true,true,true,true,,runs/user/sqlglot_noop_track_a_120_canonical_v0__postgres/tag_slices.csv,diagnostic join from existing ledger row and retained taxonomy used by tag_slices; tag present in existing tag_slices.csv
sqlglot_noop,sqlglot_noop_track_a_120_canonical_v0,postgres,PORT,PORT_0008,sql_feature,expression_complexity,none,exact,true,true,true,true,true,,runs/user/sqlglot_noop_track_a_120_canonical_v0__postgres/tag_slices.csv,diagnostic join from existing ledger row and retained taxonomy used by tag_slices; tag present in existing tag_slices.csv
sqlglot_noop,sqlglot_noop_track_a_120_canonical_v0,postgres,PORT,PORT_0012,portability_risk,datetime_semantics_gap,none,exact,true,true,true,true,true,,runs/user/sqlglot_noop_track_a_120_canonical_v0__postgres/tag_slices.csv,diagnostic join from existing ledger row and retained taxonomy used by tag_slices; tag present in existing tag_slices.csv
sqlglot_noop,sqlglot_noop_track_a_120_canonical_v0,postgres,PORT,PORT_0012,portability_risk,identifier_quoting,none,exact,true,true,true,true,true,,runs/user/sqlglot_noop_track_a_120_canonical_v0__postgres/tag_slices.csv,diagnostic join from existing ledger row and retained taxonomy used by tag_slices; tag present in existing tag_slices.csv
sqlglot_noop,sqlglot_noop_track_a_120_canonical_v0,postgres,PORT,PORT_0012,portability_risk,type_semantics_gap,none,exact,true,true,true,true,true,,runs/user/sqlglot_noop_track_a_120_canonical_v0__postgres/tag_slices.csv,diagnostic join from existing ledger row and retained taxonomy used by tag_slices; tag present in existing tag_slices.csv
sqlglot_noop,sqlglot_noop_track_a_120_canonical_v0,postgres,PORT,PORT_0012,rewrite_opportunity,dialect_adaptation,none,exact,true,true,true,true,true,,runs/user/sqlglot_noop_track_a_120_canonical_v0__postgres/tag_slices.csv,diagnostic join from existing ledger row and retained taxonomy used by tag_slices; tag present in existing tag_slices.csv
sqlglot_noop,sqlglot_noop_track_a_120_canonical_v0,postgres,PORT,PORT_0012,rewrite_opportunity,expression_simplification,none,exact,true,true,true,true,true,,runs/user/sqlglot_noop_track_a_120_canonical_v0__postgres/tag_slices.csv,diagnostic join from existing ledger row and retained taxonomy used by tag_slices; tag present in existing tag_slices.csv
sqlglot_noop,sqlglot_noop_track_a_120_canonical_v0,postgres,PORT,PORT_0012,rewrite_opportunity,function_normalization,none,exact,true,true,true,true,true,,runs/user/sqlglot_noop_track_a_120_canonical_v0__postgres/tag_slices.csv,diagnostic join from existing ledger row and retained taxonomy used by tag_slices; tag present in existing tag_slices.csv
sqlglot_noop,sqlglot_noop_track_a_120_canonical_v0,postgres,PORT,PORT_0012,sql_feature,date_time_function,none,exact,true,true,true,true,true,,runs/user/sqlglot_noop_track_a_120_canonical_v0__postgres/tag_slices.csv,diagnostic join from existing ledger row and retained taxonomy used by tag_slices; tag present in existing tag_slices.csv
sqlglot_noop,sqlglot_noop_track_a_120_canonical_v0,postgres,PORT,PORT_0012,sql_feature,expression_complexity,none,exact,true,true,true,true,true,,runs/user/sqlglot_noop_track_a_120_canonical_v0__postgres/tag_slices.csv,diagnostic join from existing ledger row and retained taxonomy used by tag_slices; tag present in existing tag_slices.csv
sqlglot_noop,sqlglot_noop_track_a_120_canonical_v0,postgres,PORT,PORT_0013,portability_risk,boolean_semantics_gap,adapter_failed,not_evaluated_non_db_mvp,false,false,false,false,false,runs/user/sqlglot_noop_track_a_120_canonical_v0__postgres/failures.csv,runs/user/sqlglot_noop_track_a_120_canonical_v0__postgres/tag_slices.csv,diagnostic join from existing ledger row and retained taxonomy used by tag_slices; tag present in existing tag_slices.csv
sqlglot_noop,sqlglot_noop_track_a_120_canonical_v0,postgres,PORT,PORT_0013,portability_risk,complex_expression_density,adapter_failed,not_evaluated_non_db_mvp,false,false,false,false,false,runs/user/sqlglot_noop_track_a_120_canonical_v0__postgres/failures.csv,runs/user/sqlglot_noop_track_a_120_canonical_v0__postgres/tag_slices.csv,diagnostic join from existing ledger row and retained taxonomy used by tag_slices; tag present in existing tag_slices.csv
sqlglot_noop,sqlglot_noop_track_a_120_canonical_v0,postgres,PORT,PORT_0013,portability_risk,identifier_quoting,adapter_failed,not_evaluated_non_db_mvp,false,false,false,false,false,runs/user/sqlglot_noop_track_a_120_canonical_v0__postgres/failures.csv,runs/user/sqlglot_noop_track_a_120_canonical_v0__postgres/tag_slices.csv,diagnostic join from existing ledger row and retained taxonomy used by tag_slices; tag present in existing tag_slices.csv
sqlglot_noop,sqlglot_noop_track_a_120_canonical_v0,postgres,PORT,PORT_0013,portability_risk,type_semantics_gap,adapter_failed,not_evaluated_non_db_mvp,false,false,false,false,false,runs/user/sqlglot_noop_track_a_120_canonical_v0__postgres/failures.csv,runs/user/sqlglot_noop_track_a_120_canonical_v0__postgres/tag_slices.csv,diagnostic join from existing ledger row and retained taxonomy used by tag_slices; tag present in existing tag_slices.csv
sqlglot_noop,sqlglot_noop_track_a_120_canonical_v0,postgres,PORT,PORT_0013,rewrite_opportunity,dialect_adaptation,adapter_failed,not_evaluated_non_db_mvp,false,false,false,false,false,runs/user/sqlglot_noop_track_a_120_canonical_v0__postgres/failures.csv,runs/user/sqlglot_noop_track_a_120_canonical_v0__postgres/tag_slices.csv,diagnostic join from existing ledger row and retained taxonomy used by tag_slices; tag present in existing tag_slices.csv
sqlglot_noop,sqlglot_noop_track_a_120_canonical_v0,postgres,PORT,PORT_0013,rewrite_opportunity,expression_simplification,adapter_failed,not_evaluated_non_db_mvp,false,false,false,false,false,runs/user/sqlglot_noop_track_a_120_canonical_v0__postgres/failures.csv,runs/user/sqlglot_noop_track_a_120_canonical_v0__postgres/tag_slices.csv,diagnostic join from existing ledger row and retained taxonomy used by tag_slices; tag present in existing tag_slices.csv
sqlglot_noop,sqlglot_noop_track_a_120_canonical_v0,postgres,PORT,PORT_0013,sql_feature,expression_complexity,adapter_failed,not_evaluated_non_db_mvp,false,false,false,false,false,runs/user/sqlglot_noop_track_a_120_canonical_v0__postgres/failures.csv,runs/user/sqlglot_noop_track_a_120_canonical_v0__postgres/tag_slices.csv,diagnostic join from existing ledger row and retained taxonomy used by tag_slices; tag present in existing tag_slices.csv
sqlglot_noop,sqlglot_noop_track_a_120_canonical_v0,postgres,PORT,PORT_0022,portability_risk,date_filter_semantics,adapter_failed,not_evaluated_non_db_mvp,false,false,false,false,false,runs/user/sqlglot_noop_track_a_120_canonical_v0__postgres/failures.csv,runs/user/sqlglot_noop_track_a_120_canonical_v0__postgres/tag_slices.csv,diagnostic join from existing ledger row and retained taxonomy used by tag_slices; tag present in existing tag_slices.csv
sqlglot_noop,sqlglot_noop_track_a_120_canonical_v0,postgres,PORT,PORT_0022,portability_risk,date_time_semantics,adapter_failed,not_evaluated_non_db_mvp,false,false,false,false,false,runs/user/sqlglot_noop_track_a_120_canonical_v0__postgres/failures.csv,runs/user/sqlglot_noop_track_a_120_canonical_v0__postgres/tag_slices.csv,diagnostic join from existing ledger row and retained taxonomy used by tag_slices; tag present in existing tag_slices.csv
sqlglot_noop,sqlglot_noop_track_a_120_canonical_v0,postgres,PORT,PORT_0022,portability_risk,join_aggregate_input_boundary,adapter_failed,not_evaluated_non_db_mvp,false,false,false,false,false,runs/user/sqlglot_noop_track_a_120_canonical_v0__postgres/failures.csv,runs/user/sqlglot_noop_track_a_120_canonical_v0__postgres/tag_slices.csv,diagnostic join from existing ledger row and retained taxonomy used by tag_slices; tag present in existing tag_slices.csv
sqlglot_noop,sqlglot_noop_track_a_120_canonical_v0,postgres,PORT,PORT_0022,portability_risk,literal_predicate_boundary,adapter_failed,not_evaluated_non_db_mvp,false,false,false,false,false,runs/user/sqlglot_noop_track_a_120_canonical_v0__postgres/failures.csv,runs/user/sqlglot_noop_track_a_120_canonical_v0__postgres/tag_slices.csv,diagnostic join from existing ledger row and retained taxonomy used by tag_slices; tag present in existing tag_slices.csv
sqlglot_noop,sqlglot_noop_track_a_120_canonical_v0,postgres,PORT,PORT_0022,portability_risk,type_coercion,adapter_failed,not_evaluated_non_db_mvp,false,false,false,false,false,runs/user/sqlglot_noop_track_a_120_canonical_v0__postgres/failures.csv,runs/user/sqlglot_noop_track_a_120_canonical_v0__postgres/tag_slices.csv,diagnostic join from existing ledger row and retained taxonomy used by tag_slices; tag present in existing tag_slices.csv
sqlglot_noop,sqlglot_noop_track_a_120_canonical_v0,postgres,PORT,PORT_0022,rewrite_opportunity,dialect_adaptation,adapter_failed,not_evaluated_non_db_mvp,false,false,false,false,false,runs/user/sqlglot_noop_track_a_120_canonical_v0__postgres/failures.csv,runs/user/sqlglot_noop_track_a_120_canonical_v0__postgres/tag_slices.csv,diagnostic join from existing ledger row and retained taxonomy used by tag_slices; tag present in existing tag_slices.csv
sqlglot_noop,sqlglot_noop_track_a_120_canonical_v0,postgres,PORT,PORT_0024,portability_risk,aggregate_expression_semantics,adapter_failed,not_evaluated_non_db_mvp,false,false,false,false,false,runs/user/sqlglot_noop_track_a_120_canonical_v0__postgres/failures.csv,runs/user/sqlglot_noop_track_a_120_canonical_v0__postgres/tag_slices.csv,diagnostic join from existing ledger row and retained taxonomy used by tag_slices; tag present in existing tag_slices.csv
sqlglot_noop,sqlglot_noop_track_a_120_canonical_v0,postgres,PORT,PORT_0024,portability_risk,boolean_semantics,adapter_failed,not_evaluated_non_db_mvp,false,false,false,false,false,runs/user/sqlglot_noop_track_a_120_canonical_v0__postgres/failures.csv,runs/user/sqlglot_noop_track_a_120_canonical_v0__postgres/tag_slices.csv,diagnostic join from existing ledger row and retained taxonomy used by tag_slices; tag present in existing tag_slices.csv
sqlglot_noop,sqlglot_noop_track_a_120_canonical_v0,postgres,PORT,PORT_0024,portability_risk,literal_predicate_boundary,adapter_failed,not_evaluated_non_db_mvp,false,false,false,false,false,runs/user/sqlglot_noop_track_a_120_canonical_v0__postgres/failures.csv,runs/user/sqlglot_noop_track_a_120_canonical_v0__postgres/tag_slices.csv,diagnostic join from existing ledger row and retained taxonomy used by tag_slices; tag present in existing tag_slices.csv
sqlglot_noop,sqlglot_noop_track_a_120_canonical_v0,postgres,PORT,PORT_0024,portability_risk,type_coercion,adapter_failed,not_evaluated_non_db_mvp,false,false,false,false,false,runs/user/sqlglot_noop_track_a_120_canonical_v0__postgres/failures.csv,runs/user/sqlglot_noop_track_a_120_canonical_v0__postgres/tag_slices.csv,diagnostic join from existing ledger row and retained taxonomy used by tag_slices; tag present in existing tag_slices.csv
sqlglot_noop,sqlglot_noop_track_a_120_canonical_v0,postgres,PORT,PORT_0024,rewrite_opportunity,dialect_adaptation,adapter_failed,not_evaluated_non_db_mvp,false,false,false,false,false,runs/user/sqlglot_noop_track_a_120_canonical_v0__postgres/failures.csv,runs/user/sqlglot_noop_track_a_120_canonical_v0__postgres/tag_slices.csv,diagnostic join from existing ledger row and retained taxonomy used by tag_slices; tag present in existing tag_slices.csv
sqlglot_noop,sqlglot_noop_track_a_120_canonical_v0,postgres,PORT,PORT_0025,portability_risk,date_time_semantics,adapter_failed,not_evaluated_non_db_mvp,false,false,false,false,false,runs/user/sqlglot_noop_track_a_120_canonical_v0__postgres/failures.csv,runs/user/sqlglot_noop_track_a_120_canonical_v0__postgres/tag_slices.csv,diagnostic join from existing ledger row and retained taxonomy used by tag_slices; tag present in existing tag_slices.csv
sqlglot_noop,sqlglot_noop_track_a_120_canonical_v0,postgres,PORT,PORT_0025,portability_risk,order_direction_semantics,adapter_failed,not_evaluated_non_db_mvp,false,false,false,false,false,runs/user/sqlglot_noop_track_a_120_canonical_v0__postgres/failures.csv,runs/user/sqlglot_noop_track_a_120_canonical_v0__postgres/tag_slices.csv,diagnostic join from existing ledger row and retained taxonomy used by tag_slices; tag present in existing tag_slices.csv
sqlglot_noop,sqlglot_noop_track_a_120_canonical_v0,postgres,PORT,PORT_0025,portability_risk,order_limit_semantics,adapter_failed,not_evaluated_non_db_mvp,false,false,false,false,false,runs/user/sqlglot_noop_track_a_120_canonical_v0__postgres/failures.csv,runs/user/sqlglot_noop_track_a_120_canonical_v0__postgres/tag_slices.csv,diagnostic join from existing ledger row and retained taxonomy used by tag_slices; tag present in existing tag_slices.csv
sqlglot_noop,sqlglot_noop_track_a_120_canonical_v0,postgres,PORT,PORT_0025,portability_risk,pagination_or_limit_offset,adapter_failed,not_evaluated_non_db_mvp,false,false,false,false,false,runs/user/sqlglot_noop_track_a_120_canonical_v0__postgres/failures.csv,runs/user/sqlglot_noop_track_a_120_canonical_v0__postgres/tag_slices.csv,diagnostic join from existing ledger row and retained taxonomy used by tag_slices; tag present in existing tag_slices.csv
sqlglot_noop,sqlglot_noop_track_a_120_canonical_v0,postgres,PORT,PORT_0025,portability_risk,top_1_row_selection,adapter_failed,not_evaluated_non_db_mvp,false,false,false,false,false,runs/user/sqlglot_noop_track_a_120_canonical_v0__postgres/failures.csv,runs/user/sqlglot_noop_track_a_120_canonical_v0__postgres/tag_slices.csv,diagnostic join from existing ledger row and retained taxonomy used by tag_slices; tag present in existing tag_slices.csv
sqlglot_noop,sqlglot_noop_track_a_120_canonical_v0,postgres,PORT,PORT_0025,rewrite_opportunity,dialect_adaptation,adapter_failed,not_evaluated_non_db_mvp,false,false,false,false,false,runs/user/sqlglot_noop_track_a_120_canonical_v0__postgres/failures.csv,runs/user/sqlglot_noop_track_a_120_canonical_v0__postgres/tag_slices.csv,diagnostic join from existing ledger row and retained taxonomy used by tag_slices; tag present in existing tag_slices.csv
sqlglot_noop,sqlglot_noop_track_a_120_canonical_v0,postgres,LONGTAIL,LONGTAIL_0011,rewrite_opportunity,cte_strategy,none,exact,true,true,true,true,true,,runs/user/sqlglot_noop_track_a_120_canonical_v0__postgres/tag_slices.csv,diagnostic join from existing ledger row and retained taxonomy used by tag_slices; tag present in existing tag_slices.csv
sqlglot_noop,sqlglot_noop_track_a_120_canonical_v0,postgres,LONGTAIL,LONGTAIL_0011,rewrite_opportunity,expression_simplification,none,exact,true,true,true,true,true,,runs/user/sqlglot_noop_track_a_120_canonical_v0__postgres/tag_slices.csv,diagnostic join from existing ledger row and retained taxonomy used by tag_slices; tag present in existing tag_slices.csv
sqlglot_noop,sqlglot_noop_track_a_120_canonical_v0,postgres,LONGTAIL,LONGTAIL_0011,sql_feature,aggregate,none,exact,true,true,true,true,true,,runs/user/sqlglot_noop_track_a_120_canonical_v0__postgres/tag_slices.csv,diagnostic join from existing ledger row and retained taxonomy used by tag_slices; tag present in existing tag_slices.csv
sqlglot_noop,sqlglot_noop_track_a_120_canonical_v0,postgres,LONGTAIL,LONGTAIL_0011,sql_feature,cte,none,exact,true,true,true,true,true,,runs/user/sqlglot_noop_track_a_120_canonical_v0__postgres/tag_slices.csv,diagnostic join from existing ledger row and retained taxonomy used by tag_slices; tag present in existing tag_slices.csv
sqlglot_noop,sqlglot_noop_track_a_120_canonical_v0,postgres,LONGTAIL,LONGTAIL_0011,sql_feature,join,none,exact,true,true,true,true,true,,runs/user/sqlglot_noop_track_a_120_canonical_v0__postgres/tag_slices.csv,diagnostic join from existing ledger row and retained taxonomy used by tag_slices; tag present in existing tag_slices.csv
sqlglot_noop,sqlglot_noop_track_a_120_canonical_v0,postgres,LONGTAIL,LONGTAIL_0011,sql_feature,sort,none,exact,true,true,true,true,true,,runs/user/sqlglot_noop_track_a_120_canonical_v0__postgres/tag_slices.csv,diagnostic join from existing ledger row and retained taxonomy used by tag_slices; tag present in existing tag_slices.csv
sqlglot_noop,sqlglot_noop_track_a_120_canonical_v0,postgres,LONGTAIL,LONGTAIL_0011,sql_feature,window_function,none,exact,true,true,true,true,true,,runs/user/sqlglot_noop_track_a_120_canonical_v0__postgres/tag_slices.csv,diagnostic join from existing ledger row and retained taxonomy used by tag_slices; tag present in existing tag_slices.csv
sqlglot_noop,sqlglot_noop_track_a_120_canonical_v0,postgres,LONGTAIL,LONGTAIL_0012,sql_feature,aggregation,none,exact,true,true,true,true,true,,runs/user/sqlglot_noop_track_a_120_canonical_v0__postgres/tag_slices.csv,diagnostic join from existing ledger row and retained taxonomy used by tag_slices; tag present in existing tag_slices.csv
sqlglot_noop,sqlglot_noop_track_a_120_canonical_v0,postgres,LONGTAIL,LONGTAIL_0012,sql_feature,complex_expression,none,exact,true,true,true,true,true,,runs/user/sqlglot_noop_track_a_120_canonical_v0__postgres/tag_slices.csv,diagnostic join from existing ledger row and retained taxonomy used by tag_slices; tag present in existing tag_slices.csv
sqlglot_noop,sqlglot_noop_track_a_120_canonical_v0,postgres,LONGTAIL,LONGTAIL_0012,sql_feature,outer_join,none,exact,true,true,true,true,true,,runs/user/sqlglot_noop_track_a_120_canonical_v0__postgres/tag_slices.csv,diagnostic join from existing ledger row and retained taxonomy used by tag_slices; tag present in existing tag_slices.csv
sqlglot_noop,sqlglot_noop_track_a_120_canonical_v0,postgres,LONGTAIL,LONGTAIL_0012,sql_feature,sort_limit,none,exact,true,true,true,true,true,,runs/user/sqlglot_noop_track_a_120_canonical_v0__postgres/tag_slices.csv,diagnostic join from existing ledger row and retained taxonomy used by tag_slices; tag present in existing tag_slices.csv
sqlglot_noop,sqlglot_noop_track_a_120_canonical_v0,postgres,LONGTAIL,LONGTAIL_0012,sql_feature,subquery_in_from,none,exact,true,true,true,true,true,,runs/user/sqlglot_noop_track_a_120_canonical_v0__postgres/tag_slices.csv,diagnostic join from existing ledger row and retained taxonomy used by tag_slices; tag present in existing tag_slices.csv
sqlglot_noop,sqlglot_noop_track_a_120_canonical_v0,postgres,LONGTAIL,LONGTAIL_0012,sql_feature,window_function,none,exact,true,true,true,true,true,,runs/user/sqlglot_noop_track_a_120_canonical_v0__postgres/tag_slices.csv,diagnostic join from existing ledger row and retained taxonomy used by tag_slices; tag present in existing tag_slices.csv
sqlglot_noop,sqlglot_noop_track_a_120_canonical_v0,postgres,LONGTAIL,LONGTAIL_0013,sql_feature,aggregation,none,exact,true,true,true,true,true,,runs/user/sqlglot_noop_track_a_120_canonical_v0__postgres/tag_slices.csv,diagnostic join from existing ledger row and retained taxonomy used by tag_slices; tag present in existing tag_slices.csv
sqlglot_noop,sqlglot_noop_track_a_120_canonical_v0,postgres,LONGTAIL,LONGTAIL_0013,sql_feature,complex_expression,none,exact,true,true,true,true,true,,runs/user/sqlglot_noop_track_a_120_canonical_v0__postgres/tag_slices.csv,diagnostic join from existing ledger row and retained taxonomy used by tag_slices; tag present in existing tag_slices.csv
sqlglot_noop,sqlglot_noop_track_a_120_canonical_v0,postgres,LONGTAIL,LONGTAIL_0013,sql_feature,cte,none,exact,true,true,true,true,true,,runs/user/sqlglot_noop_track_a_120_canonical_v0__postgres/tag_slices.csv,diagnostic join from existing ledger row and retained taxonomy used by tag_slices; tag present in existing tag_slices.csv
sqlglot_noop,sqlglot_noop_track_a_120_canonical_v0,postgres,LONGTAIL,LONGTAIL_0013,sql_feature,outer_join,none,exact,true,true,true,true,true,,runs/user/sqlglot_noop_track_a_120_canonical_v0__postgres/tag_slices.csv,diagnostic join from existing ledger row and retained taxonomy used by tag_slices; tag present in existing tag_slices.csv
sqlglot_noop,sqlglot_noop_track_a_120_canonical_v0,postgres,LONGTAIL,LONGTAIL_0013,sql_feature,sort,none,exact,true,true,true,true,true,,runs/user/sqlglot_noop_track_a_120_canonical_v0__postgres/tag_slices.csv,diagnostic join from existing ledger row and retained taxonomy used by tag_slices; tag present in existing tag_slices.csv
sqlglot_noop,sqlglot_noop_track_a_120_canonical_v0,postgres,LONGTAIL,LONGTAIL_0013,sql_feature,window_function,none,exact,true,true,true,true,true,,runs/user/sqlglot_noop_track_a_120_canonical_v0__postgres/tag_slices.csv,diagnostic join from existing ledger row and retained taxonomy used by tag_slices; tag present in existing tag_slices.csv
sqlglot_noop,sqlglot_noop_track_a_120_canonical_v0,postgres,LONGTAIL,LONGTAIL_0022,sql_feature,aggregation,none,exact,true,true,true,true,true,,runs/user/sqlglot_noop_track_a_120_canonical_v0__postgres/tag_slices.csv,diagnostic join from existing ledger row and retained taxonomy used by tag_slices; tag present in existing tag_slices.csv
sqlglot_noop,sqlglot_noop_track_a_120_canonical_v0,postgres,LONGTAIL,LONGTAIL_0022,sql_feature,cte,none,exact,true,true,true,true,true,,runs/user/sqlglot_noop_track_a_120_canonical_v0__postgres/tag_slices.csv,diagnostic join from existing ledger row and retained taxonomy used by tag_slices; tag present in existing tag_slices.csv
sqlglot_noop,sqlglot_noop_track_a_120_canonical_v0,postgres,LONGTAIL,LONGTAIL_0022,sql_feature,join,none,exact,true,true,true,true,true,,runs/user/sqlglot_noop_track_a_120_canonical_v0__postgres/tag_slices.csv,diagnostic join from existing ledger row and retained taxonomy used by tag_slices; tag present in existing tag_slices.csv
sqlglot_noop,sqlglot_noop_track_a_120_canonical_v0,postgres,LONGTAIL,LONGTAIL_0022,sql_feature,outer_join,none,exact,true,true,true,true,true,,runs/user/sqlglot_noop_track_a_120_canonical_v0__postgres/tag_slices.csv,diagnostic join from existing ledger row and retained taxonomy used by tag_slices; tag present in existing tag_slices.csv
sqlglot_noop,sqlglot_noop_track_a_120_canonical_v0,postgres,LONGTAIL,LONGTAIL_0022,sql_feature,sort,none,exact,true,true,true,true,true,,runs/user/sqlglot_noop_track_a_120_canonical_v0__postgres/tag_slices.csv,diagnostic join from existing ledger row and retained taxonomy used by tag_slices; tag present in existing tag_slices.csv
sqlglot_noop,sqlglot_noop_track_a_120_canonical_v0,postgres,LONGTAIL,LONGTAIL_0023,sql_feature,aggregation,none,exact,true,true,true,true,true,,runs/user/sqlglot_noop_track_a_120_canonical_v0__postgres/tag_slices.csv,diagnostic join from existing ledger row and retained taxonomy used by tag_slices; tag present in existing tag_slices.csv
sqlglot_noop,sqlglot_noop_track_a_120_canonical_v0,postgres,LONGTAIL,LONGTAIL_0023,sql_feature,cte,none,exact,true,true,true,true,true,,runs/user/sqlglot_noop_track_a_120_canonical_v0__postgres/tag_slices.csv,diagnostic join from existing ledger row and retained taxonomy used by tag_slices; tag present in existing tag_slices.csv
sqlglot_noop,sqlglot_noop_track_a_120_canonical_v0,postgres,LONGTAIL,LONGTAIL_0023,sql_feature,directed_relation,none,exact,true,true,true,true,true,,runs/user/sqlglot_noop_track_a_120_canonical_v0__postgres/tag_slices.csv,diagnostic join from existing ledger row and retained taxonomy used by tag_slices; tag present in existing tag_slices.csv
sqlglot_noop,sqlglot_noop_track_a_120_canonical_v0,postgres,LONGTAIL,LONGTAIL_0023,sql_feature,outer_join,none,exact,true,true,true,true,true,,runs/user/sqlglot_noop_track_a_120_canonical_v0__postgres/tag_slices.csv,diagnostic join from existing ledger row and retained taxonomy used by tag_slices; tag present in existing tag_slices.csv
sqlglot_noop,sqlglot_noop_track_a_120_canonical_v0,postgres,LONGTAIL,LONGTAIL_0023,sql_feature,sort,none,exact,true,true,true,true,true,,runs/user/sqlglot_noop_track_a_120_canonical_v0__postgres/tag_slices.csv,diagnostic join from existing ledger row and retained taxonomy used by tag_slices; tag present in existing tag_slices.csv
sqlglot_noop,sqlglot_noop_track_a_120_canonical_v0,postgres,LONGTAIL,LONGTAIL_0024,sql_feature,aggregation,none,exact,true,true,true,true,true,,runs/user/sqlglot_noop_track_a_120_canonical_v0__postgres/tag_slices.csv,diagnostic join from existing ledger row and retained taxonomy used by tag_slices; tag present in existing tag_slices.csv
sqlglot_noop,sqlglot_noop_track_a_120_canonical_v0,postgres,LONGTAIL,LONGTAIL_0024,sql_feature,cte,none,exact,true,true,true,true,true,,runs/user/sqlglot_noop_track_a_120_canonical_v0__postgres/tag_slices.csv,diagnostic join from existing ledger row and retained taxonomy used by tag_slices; tag present in existing tag_slices.csv
sqlglot_noop,sqlglot_noop_track_a_120_canonical_v0,postgres,LONGTAIL,LONGTAIL_0024,sql_feature,join,none,exact,true,true,true,true,true,,runs/user/sqlglot_noop_track_a_120_canonical_v0__postgres/tag_slices.csv,diagnostic join from existing ledger row and retained taxonomy used by tag_slices; tag present in existing tag_slices.csv
sqlglot_noop,sqlglot_noop_track_a_120_canonical_v0,postgres,LONGTAIL,LONGTAIL_0024,sql_feature,sort,none,exact,true,true,true,true,true,,runs/user/sqlglot_noop_track_a_120_canonical_v0__postgres/tag_slices.csv,diagnostic join from existing ledger row and retained taxonomy used by tag_slices; tag present in existing tag_slices.csv
sqlglot_noop,sqlglot_noop_track_a_120_canonical_v0,postgres,LONGTAIL,LONGTAIL_0024,sql_feature,temporal_min_max,none,exact,true,true,true,true,true,,runs/user/sqlglot_noop_track_a_120_canonical_v0__postgres/tag_slices.csv,diagnostic join from existing ledger row and retained taxonomy used by tag_slices; tag present in existing tag_slices.csv
sqlglot_noop,sqlglot_noop_track_a_120_canonical_v0,mysql,PERF,PERF_0006,rewrite_opportunity,materialization_strategy,none,exact,true,true,true,true,true,,runs/user/sqlglot_noop_track_a_120_canonical_v0__mysql/tag_slices.csv,diagnostic join from existing ledger row and retained taxonomy used by tag_slices; tag present in existing tag_slices.csv
sqlglot_noop,sqlglot_noop_track_a_120_canonical_v0,mysql,PERF,PERF_0006,rewrite_opportunity,predicate_pushdown,none,exact,true,true,true,true,true,,runs/user/sqlglot_noop_track_a_120_canonical_v0__mysql/tag_slices.csv,diagnostic join from existing ledger row and retained taxonomy used by tag_slices; tag present in existing tag_slices.csv
sqlglot_noop,sqlglot_noop_track_a_120_canonical_v0,mysql,PERF,PERF_0006,sql_feature,date_time_function,none,exact,true,true,true,true,true,,runs/user/sqlglot_noop_track_a_120_canonical_v0__mysql/tag_slices.csv,diagnostic join from existing ledger row and retained taxonomy used by tag_slices; tag present in existing tag_slices.csv
sqlglot_noop,sqlglot_noop_track_a_120_canonical_v0,mysql,PERF,PERF_0006,sql_feature,expression_complexity,none,exact,true,true,true,true,true,,runs/user/sqlglot_noop_track_a_120_canonical_v0__mysql/tag_slices.csv,diagnostic join from existing ledger row and retained taxonomy used by tag_slices; tag present in existing tag_slices.csv
sqlglot_noop,sqlglot_noop_track_a_120_canonical_v0,mysql,PERF,PERF_0007,rewrite_opportunity,materialization_strategy,none,exact,true,true,true,true,true,,runs/user/sqlglot_noop_track_a_120_canonical_v0__mysql/tag_slices.csv,diagnostic join from existing ledger row and retained taxonomy used by tag_slices; tag present in existing tag_slices.csv
sqlglot_noop,sqlglot_noop_track_a_120_canonical_v0,mysql,PERF,PERF_0007,rewrite_opportunity,predicate_pushdown,none,exact,true,true,true,true,true,,runs/user/sqlglot_noop_track_a_120_canonical_v0__mysql/tag_slices.csv,diagnostic join from existing ledger row and retained taxonomy used by tag_slices; tag present in existing tag_slices.csv
sqlglot_noop,sqlglot_noop_track_a_120_canonical_v0,mysql,PERF,PERF_0007,sql_feature,date_time_function,none,exact,true,true,true,true,true,,runs/user/sqlglot_noop_track_a_120_canonical_v0__mysql/tag_slices.csv,diagnostic join from existing ledger row and retained taxonomy used by tag_slices; tag present in existing tag_slices.csv
sqlglot_noop,sqlglot_noop_track_a_120_canonical_v0,mysql,PERF,PERF_0008,rewrite_opportunity,materialization_strategy,none,exact,true,true,true,true,true,,runs/user/sqlglot_noop_track_a_120_canonical_v0__mysql/tag_slices.csv,diagnostic join from existing ledger row and retained taxonomy used by tag_slices; tag present in existing tag_slices.csv
sqlglot_noop,sqlglot_noop_track_a_120_canonical_v0,mysql,PERF,PERF_0008,rewrite_opportunity,predicate_pushdown,none,exact,true,true,true,true,true,,runs/user/sqlglot_noop_track_a_120_canonical_v0__mysql/tag_slices.csv,diagnostic join from existing ledger row and retained taxonomy used by tag_slices; tag present in existing tag_slices.csv
sqlglot_noop,sqlglot_noop_track_a_120_canonical_v0,mysql,PERF,PERF_0008,sql_feature,date_time_function,none,exact,true,true,true,true,true,,runs/user/sqlglot_noop_track_a_120_canonical_v0__mysql/tag_slices.csv,diagnostic join from existing ledger row and retained taxonomy used by tag_slices; tag present in existing tag_slices.csv
sqlglot_noop,sqlglot_noop_track_a_120_canonical_v0,mysql,PERF,PERF_0008,sql_feature,subquery_in_from,none,exact,true,true,true,true,true,,runs/user/sqlglot_noop_track_a_120_canonical_v0__mysql/tag_slices.csv,diagnostic join from existing ledger row and retained taxonomy used by tag_slices; tag present in existing tag_slices.csv
sqlglot_noop,sqlglot_noop_track_a_120_canonical_v0,mysql,PERF,PERF_0013,rewrite_opportunity,join_reorder,none,exact,true,true,true,true,true,,runs/user/sqlglot_noop_track_a_120_canonical_v0__mysql/tag_slices.csv,diagnostic join from existing ledger row and retained taxonomy used by tag_slices; tag present in existing tag_slices.csv
sqlglot_noop,sqlglot_noop_track_a_120_canonical_v0,mysql,PERF,PERF_0013,rewrite_opportunity,predicate_pushdown,none,exact,true,true,true,true,true,,runs/user/sqlglot_noop_track_a_120_canonical_v0__mysql/tag_slices.csv,diagnostic join from existing ledger row and retained taxonomy used by tag_slices; tag present in existing tag_slices.csv
sqlglot_noop,sqlglot_noop_track_a_120_canonical_v0,mysql,PERF,PERF_0013,sql_feature,date_time_function,none,exact,true,true,true,true,true,,runs/user/sqlglot_noop_track_a_120_canonical_v0__mysql/tag_slices.csv,diagnostic join from existing ledger row and retained taxonomy used by tag_slices; tag present in existing tag_slices.csv
sqlglot_noop,sqlglot_noop_track_a_120_canonical_v0,mysql,PERF,PERF_0017,rewrite_opportunity,join_reorder,none,exact,true,true,true,true,true,,runs/user/sqlglot_noop_track_a_120_canonical_v0__mysql/tag_slices.csv,diagnostic join from existing ledger row and retained taxonomy used by tag_slices; tag present in existing tag_slices.csv
sqlglot_noop,sqlglot_noop_track_a_120_canonical_v0,mysql,PERF,PERF_0017,rewrite_opportunity,predicate_pushdown,none,exact,true,true,true,true,true,,runs/user/sqlglot_noop_track_a_120_canonical_v0__mysql/tag_slices.csv,diagnostic join from existing ledger row and retained taxonomy used by tag_slices; tag present in existing tag_slices.csv
sqlglot_noop,sqlglot_noop_track_a_120_canonical_v0,mysql,PERF,PERF_0017,sql_feature,date_time_function,none,exact,true,true,true,true,true,,runs/user/sqlglot_noop_track_a_120_canonical_v0__mysql/tag_slices.csv,diagnostic join from existing ledger row and retained taxonomy used by tag_slices; tag present in existing tag_slices.csv
sqlglot_noop,sqlglot_noop_track_a_120_canonical_v0,mysql,PERF,PERF_0019,rewrite_opportunity,materialization_strategy,none,exact,true,true,true,true,true,,runs/user/sqlglot_noop_track_a_120_canonical_v0__mysql/tag_slices.csv,diagnostic join from existing ledger row and retained taxonomy used by tag_slices; tag present in existing tag_slices.csv
sqlglot_noop,sqlglot_noop_track_a_120_canonical_v0,mysql,PERF,PERF_0019,rewrite_opportunity,predicate_pushdown,none,exact,true,true,true,true,true,,runs/user/sqlglot_noop_track_a_120_canonical_v0__mysql/tag_slices.csv,diagnostic join from existing ledger row and retained taxonomy used by tag_slices; tag present in existing tag_slices.csv
sqlglot_noop,sqlglot_noop_track_a_120_canonical_v0,mysql,PERF,PERF_0019,sql_feature,outer_join,none,exact,true,true,true,true,true,,runs/user/sqlglot_noop_track_a_120_canonical_v0__mysql/tag_slices.csv,diagnostic join from existing ledger row and retained taxonomy used by tag_slices; tag present in existing tag_slices.csv
sqlglot_noop,sqlglot_noop_track_a_120_canonical_v0,mysql,PERF,PERF_0019,sql_feature,subquery_in_from,none,exact,true,true,true,true,true,,runs/user/sqlglot_noop_track_a_120_canonical_v0__mysql/tag_slices.csv,diagnostic join from existing ledger row and retained taxonomy used by tag_slices; tag present in existing tag_slices.csv
sqlglot_noop,sqlglot_noop_track_a_120_canonical_v0,mysql,PERF,PERF_0024,rewrite_opportunity,predicate_pushdown,none,exact,true,true,true,true,true,,runs/user/sqlglot_noop_track_a_120_canonical_v0__mysql/tag_slices.csv,diagnostic join from existing ledger row and retained taxonomy used by tag_slices; tag present in existing tag_slices.csv
sqlglot_noop,sqlglot_noop_track_a_120_canonical_v0,mysql,PERF,PERF_0024,rewrite_opportunity,subquery_decorrelation,none,exact,true,true,true,true,true,,runs/user/sqlglot_noop_track_a_120_canonical_v0__mysql/tag_slices.csv,diagnostic join from existing ledger row and retained taxonomy used by tag_slices; tag present in existing tag_slices.csv
sqlglot_noop,sqlglot_noop_track_a_120_canonical_v0,mysql,PERF,PERF_0024,sql_feature,correlated_subquery,none,exact,true,true,true,true,true,,runs/user/sqlglot_noop_track_a_120_canonical_v0__mysql/tag_slices.csv,diagnostic join from existing ledger row and retained taxonomy used by tag_slices; tag present in existing tag_slices.csv
sqlglot_noop,sqlglot_noop_track_a_120_canonical_v0,mysql,PERF,PERF_0024,sql_feature,date_time_function,none,exact,true,true,true,true,true,,runs/user/sqlglot_noop_track_a_120_canonical_v0__mysql/tag_slices.csv,diagnostic join from existing ledger row and retained taxonomy used by tag_slices; tag present in existing tag_slices.csv
sqlglot_noop,sqlglot_noop_track_a_120_canonical_v0,mysql,PERF,PERF_0033,portability_risk,limit_fetch_gap,none,exact,true,true,true,true,true,,runs/user/sqlglot_noop_track_a_120_canonical_v0__mysql/tag_slices.csv,diagnostic join from existing ledger row and retained taxonomy used by tag_slices; tag present in existing tag_slices.csv
sqlglot_noop,sqlglot_noop_track_a_120_canonical_v0,mysql,PERF,PERF_0033,rewrite_opportunity,join_reorder,none,exact,true,true,true,true,true,,runs/user/sqlglot_noop_track_a_120_canonical_v0__mysql/tag_slices.csv,diagnostic join from existing ledger row and retained taxonomy used by tag_slices; tag present in existing tag_slices.csv
sqlglot_noop,sqlglot_noop_track_a_120_canonical_v0,mysql,PERF,PERF_0033,rewrite_opportunity,predicate_pushdown,none,exact,true,true,true,true,true,,runs/user/sqlglot_noop_track_a_120_canonical_v0__mysql/tag_slices.csv,diagnostic join from existing ledger row and retained taxonomy used by tag_slices; tag present in existing tag_slices.csv
sqlglot_noop,sqlglot_noop_track_a_120_canonical_v0,mysql,PERF,PERF_0033,sql_feature,aggregate,none,exact,true,true,true,true,true,,runs/user/sqlglot_noop_track_a_120_canonical_v0__mysql/tag_slices.csv,diagnostic join from existing ledger row and retained taxonomy used by tag_slices; tag present in existing tag_slices.csv
sqlglot_noop,sqlglot_noop_track_a_120_canonical_v0,mysql,PERF,PERF_0033,sql_feature,group_by,none,exact,true,true,true,true,true,,runs/user/sqlglot_noop_track_a_120_canonical_v0__mysql/tag_slices.csv,diagnostic join from existing ledger row and retained taxonomy used by tag_slices; tag present in existing tag_slices.csv
sqlglot_noop,sqlglot_noop_track_a_120_canonical_v0,mysql,PERF,PERF_0033,sql_feature,join,none,exact,true,true,true,true,true,,runs/user/sqlglot_noop_track_a_120_canonical_v0__mysql/tag_slices.csv,diagnostic join from existing ledger row and retained taxonomy used by tag_slices; tag present in existing tag_slices.csv
sqlglot_noop,sqlglot_noop_track_a_120_canonical_v0,mysql,PERF,PERF_0033,sql_feature,limit,none,exact,true,true,true,true,true,,runs/user/sqlglot_noop_track_a_120_canonical_v0__mysql/tag_slices.csv,diagnostic join from existing ledger row and retained taxonomy used by tag_slices; tag present in existing tag_slices.csv
sqlglot_noop,sqlglot_noop_track_a_120_canonical_v0,mysql,PERF,PERF_0033,sql_feature,order_by,none,exact,true,true,true,true,true,,runs/user/sqlglot_noop_track_a_120_canonical_v0__mysql/tag_slices.csv,diagnostic join from existing ledger row and retained taxonomy used by tag_slices; tag present in existing tag_slices.csv
sqlglot_noop,sqlglot_noop_track_a_120_canonical_v0,mysql,PERF,PERF_0034,rewrite_opportunity,materialization_strategy,none,exact,true,true,true,true,true,,runs/user/sqlglot_noop_track_a_120_canonical_v0__mysql/tag_slices.csv,diagnostic join from existing ledger row and retained taxonomy used by tag_slices; tag present in existing tag_slices.csv
sqlglot_noop,sqlglot_noop_track_a_120_canonical_v0,mysql,PERF,PERF_0034,rewrite_opportunity,predicate_pushdown,none,exact,true,true,true,true,true,,runs/user/sqlglot_noop_track_a_120_canonical_v0__mysql/tag_slices.csv,diagnostic join from existing ledger row and retained taxonomy used by tag_slices; tag present in existing tag_slices.csv
sqlglot_noop,sqlglot_noop_track_a_120_canonical_v0,mysql,PERF,PERF_0034,sql_feature,cte,none,exact,true,true,true,true,true,,runs/user/sqlglot_noop_track_a_120_canonical_v0__mysql/tag_slices.csv,diagnostic join from existing ledger row and retained taxonomy used by tag_slices; tag present in existing tag_slices.csv
sqlglot_noop,sqlglot_noop_track_a_120_canonical_v0,mysql,PERF,PERF_0034,sql_feature,set_operation,none,exact,true,true,true,true,true,,runs/user/sqlglot_noop_track_a_120_canonical_v0__mysql/tag_slices.csv,diagnostic join from existing ledger row and retained taxonomy used by tag_slices; tag present in existing tag_slices.csv
sqlglot_noop,sqlglot_noop_track_a_120_canonical_v0,mysql,PERF,PERF_0035,portability_risk,type_semantics_gap,none,exact,true,true,true,true,true,,runs/user/sqlglot_noop_track_a_120_canonical_v0__mysql/tag_slices.csv,diagnostic join from existing ledger row and retained taxonomy used by tag_slices; tag present in existing tag_slices.csv
sqlglot_noop,sqlglot_noop_track_a_120_canonical_v0,mysql,PERF,PERF_0035,rewrite_opportunity,aggregation_rewrite,none,exact,true,true,true,true,true,,runs/user/sqlglot_noop_track_a_120_canonical_v0__mysql/tag_slices.csv,diagnostic join from existing ledger row and retained taxonomy used by tag_slices; tag present in existing tag_slices.csv
sqlglot_noop,sqlglot_noop_track_a_120_canonical_v0,mysql,PERF,PERF_0035,rewrite_opportunity,cte_strategy,none,exact,true,true,true,true,true,,runs/user/sqlglot_noop_track_a_120_canonical_v0__mysql/tag_slices.csv,diagnostic join from existing ledger row and retained taxonomy used by tag_slices; tag present in existing tag_slices.csv
sqlglot_noop,sqlglot_noop_track_a_120_canonical_v0,mysql,PERF,PERF_0035,sql_feature,cte,none,exact,true,true,true,true,true,,runs/user/sqlglot_noop_track_a_120_canonical_v0__mysql/tag_slices.csv,diagnostic join from existing ledger row and retained taxonomy used by tag_slices; tag present in existing tag_slices.csv
sqlglot_noop,sqlglot_noop_track_a_120_canonical_v0,mysql,PERF,PERF_0035,sql_feature,expression_complexity,none,exact,true,true,true,true,true,,runs/user/sqlglot_noop_track_a_120_canonical_v0__mysql/tag_slices.csv,diagnostic join from existing ledger row and retained taxonomy used by tag_slices; tag present in existing tag_slices.csv
sqlglot_noop,sqlglot_noop_track_a_120_canonical_v0,mysql,PERF,PERF_0035,sql_feature,window_function,none,exact,true,true,true,true,true,,runs/user/sqlglot_noop_track_a_120_canonical_v0__mysql/tag_slices.csv,diagnostic join from existing ledger row and retained taxonomy used by tag_slices; tag present in existing tag_slices.csv
sqlglot_noop,sqlglot_noop_track_a_120_canonical_v0,mysql,PERF,PERF_0052,sql_feature,aggregate,none,exact,true,true,true,true,true,,runs/user/sqlglot_noop_track_a_120_canonical_v0__mysql/tag_slices.csv,diagnostic join from existing ledger row and retained taxonomy used by tag_slices; tag present in existing tag_slices.csv
sqlglot_noop,sqlglot_noop_track_a_120_canonical_v0,mysql,PERF,PERF_0052,sql_feature,correlated_subquery,none,exact,true,true,true,true,true,,runs/user/sqlglot_noop_track_a_120_canonical_v0__mysql/tag_slices.csv,diagnostic join from existing ledger row and retained taxonomy used by tag_slices; tag present in existing tag_slices.csv
sqlglot_noop,sqlglot_noop_track_a_120_canonical_v0,mysql,PERF,PERF_0052,sql_feature,cte,none,exact,true,true,true,true,true,,runs/user/sqlglot_noop_track_a_120_canonical_v0__mysql/tag_slices.csv,diagnostic join from existing ledger row and retained taxonomy used by tag_slices; tag present in existing tag_slices.csv
sqlglot_noop,sqlglot_noop_track_a_120_canonical_v0,mysql,PERF,PERF_0052,sql_feature,group_by,none,exact,true,true,true,true,true,,runs/user/sqlglot_noop_track_a_120_canonical_v0__mysql/tag_slices.csv,diagnostic join from existing ledger row and retained taxonomy used by tag_slices; tag present in existing tag_slices.csv
sqlglot_noop,sqlglot_noop_track_a_120_canonical_v0,mysql,PERF,PERF_0052,sql_feature,limit,none,exact,true,true,true,true,true,,runs/user/sqlglot_noop_track_a_120_canonical_v0__mysql/tag_slices.csv,diagnostic join from existing ledger row and retained taxonomy used by tag_slices; tag present in existing tag_slices.csv
sqlglot_noop,sqlglot_noop_track_a_120_canonical_v0,mysql,PERF,PERF_0052,sql_feature,order_by,none,exact,true,true,true,true,true,,runs/user/sqlglot_noop_track_a_120_canonical_v0__mysql/tag_slices.csv,diagnostic join from existing ledger row and retained taxonomy used by tag_slices; tag present in existing tag_slices.csv
sqlglot_noop,sqlglot_noop_track_a_120_canonical_v0,mysql,PERF,PERF_0054,sql_feature,aggregate,none,exact,true,true,true,true,true,,runs/user/sqlglot_noop_track_a_120_canonical_v0__mysql/tag_slices.csv,diagnostic join from existing ledger row and retained taxonomy used by tag_slices; tag present in existing tag_slices.csv
sqlglot_noop,sqlglot_noop_track_a_120_canonical_v0,mysql,PERF,PERF_0054,sql_feature,group_by,none,exact,true,true,true,true,true,,runs/user/sqlglot_noop_track_a_120_canonical_v0__mysql/tag_slices.csv,diagnostic join from existing ledger row and retained taxonomy used by tag_slices; tag present in existing tag_slices.csv
sqlglot_noop,sqlglot_noop_track_a_120_canonical_v0,mysql,PERF,PERF_0054,sql_feature,join,none,exact,true,true,true,true,true,,runs/user/sqlglot_noop_track_a_120_canonical_v0__mysql/tag_slices.csv,diagnostic join from existing ledger row and retained taxonomy used by tag_slices; tag present in existing tag_slices.csv
sqlglot_noop,sqlglot_noop_track_a_120_canonical_v0,mysql,PERF,PERF_0054,sql_feature,limit,none,exact,true,true,true,true,true,,runs/user/sqlglot_noop_track_a_120_canonical_v0__mysql/tag_slices.csv,diagnostic join from existing ledger row and retained taxonomy used by tag_slices; tag present in existing tag_slices.csv
sqlglot_noop,sqlglot_noop_track_a_120_canonical_v0,mysql,PERF,PERF_0054,sql_feature,order_by,none,exact,true,true,true,true,true,,runs/user/sqlglot_noop_track_a_120_canonical_v0__mysql/tag_slices.csv,diagnostic join from existing ledger row and retained taxonomy used by tag_slices; tag present in existing tag_slices.csv
sqlglot_noop,sqlglot_noop_track_a_120_canonical_v0,mysql,PERF,PERF_0056,sql_feature,aggregate,none,exact,true,true,true,true,true,,runs/user/sqlglot_noop_track_a_120_canonical_v0__mysql/tag_slices.csv,diagnostic join from existing ledger row and retained taxonomy used by tag_slices; tag present in existing tag_slices.csv
sqlglot_noop,sqlglot_noop_track_a_120_canonical_v0,mysql,PERF,PERF_0056,sql_feature,group_by,none,exact,true,true,true,true,true,,runs/user/sqlglot_noop_track_a_120_canonical_v0__mysql/tag_slices.csv,diagnostic join from existing ledger row and retained taxonomy used by tag_slices; tag present in existing tag_slices.csv
sqlglot_noop,sqlglot_noop_track_a_120_canonical_v0,mysql,PERF,PERF_0056,sql_feature,having,none,exact,true,true,true,true,true,,runs/user/sqlglot_noop_track_a_120_canonical_v0__mysql/tag_slices.csv,diagnostic join from existing ledger row and retained taxonomy used by tag_slices; tag present in existing tag_slices.csv
sqlglot_noop,sqlglot_noop_track_a_120_canonical_v0,mysql,PERF,PERF_0056,sql_feature,limit,none,exact,true,true,true,true,true,,runs/user/sqlglot_noop_track_a_120_canonical_v0__mysql/tag_slices.csv,diagnostic join from existing ledger row and retained taxonomy used by tag_slices; tag present in existing tag_slices.csv
sqlglot_noop,sqlglot_noop_track_a_120_canonical_v0,mysql,PERF,PERF_0056,sql_feature,order_by,none,exact,true,true,true,true,true,,runs/user/sqlglot_noop_track_a_120_canonical_v0__mysql/tag_slices.csv,diagnostic join from existing ledger row and retained taxonomy used by tag_slices; tag present in existing tag_slices.csv
sqlglot_noop,sqlglot_noop_track_a_120_canonical_v0,mysql,PERF,PERF_0056,sql_feature,scalar_subquery,none,exact,true,true,true,true,true,,runs/user/sqlglot_noop_track_a_120_canonical_v0__mysql/tag_slices.csv,diagnostic join from existing ledger row and retained taxonomy used by tag_slices; tag present in existing tag_slices.csv
sqlglot_noop,sqlglot_noop_track_a_120_canonical_v0,mysql,PERF,PERF_0062,sql_feature,aggregate,mismatch,mismatch,true,true,true,false,false,runs/user/sqlglot_noop_track_a_120_canonical_v0__mysql/failures.csv,runs/user/sqlglot_noop_track_a_120_canonical_v0__mysql/tag_slices.csv,diagnostic join from existing ledger row and retained taxonomy used by tag_slices; tag present in existing tag_slices.csv
sqlglot_noop,sqlglot_noop_track_a_120_canonical_v0,mysql,PERF,PERF_0062,sql_feature,disjunction,mismatch,mismatch,true,true,true,false,false,runs/user/sqlglot_noop_track_a_120_canonical_v0__mysql/failures.csv,runs/user/sqlglot_noop_track_a_120_canonical_v0__mysql/tag_slices.csv,diagnostic join from existing ledger row and retained taxonomy used by tag_slices; tag present in existing tag_slices.csv
sqlglot_noop,sqlglot_noop_track_a_120_canonical_v0,mysql,PERF,PERF_0062,sql_feature,join,mismatch,mismatch,true,true,true,false,false,runs/user/sqlglot_noop_track_a_120_canonical_v0__mysql/failures.csv,runs/user/sqlglot_noop_track_a_120_canonical_v0__mysql/tag_slices.csv,diagnostic join from existing ledger row and retained taxonomy used by tag_slices; tag present in existing tag_slices.csv
sqlglot_noop,sqlglot_noop_track_a_120_canonical_v0,mysql,PERF,PERF_0062,sql_feature,range_predicate,mismatch,mismatch,true,true,true,false,false,runs/user/sqlglot_noop_track_a_120_canonical_v0__mysql/failures.csv,runs/user/sqlglot_noop_track_a_120_canonical_v0__mysql/tag_slices.csv,diagnostic join from existing ledger row and retained taxonomy used by tag_slices; tag present in existing tag_slices.csv
sqlglot_noop,sqlglot_noop_track_a_120_canonical_v0,mysql,PERF,PERF_0077,sql_feature,aggregate,none,exact,true,true,true,true,true,,runs/user/sqlglot_noop_track_a_120_canonical_v0__mysql/tag_slices.csv,diagnostic join from existing ledger row and retained taxonomy used by tag_slices; tag present in existing tag_slices.csv
sqlglot_noop,sqlglot_noop_track_a_120_canonical_v0,mysql,PERF,PERF_0077,sql_feature,filter,none,exact,true,true,true,true,true,,runs/user/sqlglot_noop_track_a_120_canonical_v0__mysql/tag_slices.csv,diagnostic join from existing ledger row and retained taxonomy used by tag_slices; tag present in existing tag_slices.csv
sqlglot_noop,sqlglot_noop_track_a_120_canonical_v0,mysql,PERF,PERF_0077,sql_feature,join,none,exact,true,true,true,true,true,,runs/user/sqlglot_noop_track_a_120_canonical_v0__mysql/tag_slices.csv,diagnostic join from existing ledger row and retained taxonomy used by tag_slices; tag present in existing tag_slices.csv
sqlglot_noop,sqlglot_noop_track_a_120_canonical_v0,mysql,PERF,PERF_0077,sql_feature,text_like_predicate,none,exact,true,true,true,true,true,,runs/user/sqlglot_noop_track_a_120_canonical_v0__mysql/tag_slices.csv,diagnostic join from existing ledger row and retained taxonomy used by tag_slices; tag present in existing tag_slices.csv
sqlglot_noop,sqlglot_noop_track_a_120_canonical_v0,mysql,PERF,PERF_0082,sql_feature,aggregate,none,exact,true,true,true,true,true,,runs/user/sqlglot_noop_track_a_120_canonical_v0__mysql/tag_slices.csv,diagnostic join from existing ledger row and retained taxonomy used by tag_slices; tag present in existing tag_slices.csv
sqlglot_noop,sqlglot_noop_track_a_120_canonical_v0,mysql,PERF,PERF_0082,sql_feature,filter,none,exact,true,true,true,true,true,,runs/user/sqlglot_noop_track_a_120_canonical_v0__mysql/tag_slices.csv,diagnostic join from existing ledger row and retained taxonomy used by tag_slices; tag present in existing tag_slices.csv
sqlglot_noop,sqlglot_noop_track_a_120_canonical_v0,mysql,PERF,PERF_0082,sql_feature,join,none,exact,true,true,true,true,true,,runs/user/sqlglot_noop_track_a_120_canonical_v0__mysql/tag_slices.csv,diagnostic join from existing ledger row and retained taxonomy used by tag_slices; tag present in existing tag_slices.csv
sqlglot_noop,sqlglot_noop_track_a_120_canonical_v0,mysql,PERF,PERF_0082,sql_feature,materialize,none,exact,true,true,true,true,true,,runs/user/sqlglot_noop_track_a_120_canonical_v0__mysql/tag_slices.csv,diagnostic join from existing ledger row and retained taxonomy used by tag_slices; tag present in existing tag_slices.csv
sqlglot_noop,sqlglot_noop_track_a_120_canonical_v0,mysql,PERF,PERF_0082,sql_feature,text_like_predicate,none,exact,true,true,true,true,true,,runs/user/sqlglot_noop_track_a_120_canonical_v0__mysql/tag_slices.csv,diagnostic join from existing ledger row and retained taxonomy used by tag_slices; tag present in existing tag_slices.csv
sqlglot_noop,sqlglot_noop_track_a_120_canonical_v0,mysql,CONS,CONS_0005,portability_risk,null_semantics_gap,none,exact,true,true,true,true,true,,runs/user/sqlglot_noop_track_a_120_canonical_v0__mysql/tag_slices.csv,diagnostic join from existing ledger row and retained taxonomy used by tag_slices; tag present in existing tag_slices.csv
sqlglot_noop,sqlglot_noop_track_a_120_canonical_v0,mysql,CONS,CONS_0005,rewrite_opportunity,subquery_decorrelation,none,exact,true,true,true,true,true,,runs/user/sqlglot_noop_track_a_120_canonical_v0__mysql/tag_slices.csv,diagnostic join from existing ledger row and retained taxonomy used by tag_slices; tag present in existing tag_slices.csv
sqlglot_noop,sqlglot_noop_track_a_120_canonical_v0,mysql,CONS,CONS_0005,sql_feature,correlated_subquery,none,exact,true,true,true,true,true,,runs/user/sqlglot_noop_track_a_120_canonical_v0__mysql/tag_slices.csv,diagnostic join from existing ledger row and retained taxonomy used by tag_slices; tag present in existing tag_slices.csv
sqlglot_noop,sqlglot_noop_track_a_120_canonical_v0,mysql,CONS,CONS_0007,sql_feature,correlated_subquery,none,exact,true,true,true,true,true,,runs/user/sqlglot_noop_track_a_120_canonical_v0__mysql/tag_slices.csv,diagnostic join from existing ledger row and retained taxonomy used by tag_slices; tag present in existing tag_slices.csv
sqlglot_noop,sqlglot_noop_track_a_120_canonical_v0,mysql,CONS,CONS_0007,sql_feature,subquery_in_from,none,exact,true,true,true,true,true,,runs/user/sqlglot_noop_track_a_120_canonical_v0__mysql/tag_slices.csv,diagnostic join from existing ledger row and retained taxonomy used by tag_slices; tag present in existing tag_slices.csv
sqlglot_noop,sqlglot_noop_track_a_120_canonical_v0,mysql,CONS,CONS_0009,sql_feature,correlated_subquery,none,exact,true,true,true,true,true,,runs/user/sqlglot_noop_track_a_120_canonical_v0__mysql/tag_slices.csv,diagnostic join from existing ledger row and retained taxonomy used by tag_slices; tag present in existing tag_slices.csv
sqlglot_noop,sqlglot_noop_track_a_120_canonical_v0,mysql,CONS,CONS_0009,sql_feature,set_operation,none,exact,true,true,true,true,true,,runs/user/sqlglot_noop_track_a_120_canonical_v0__mysql/tag_slices.csv,diagnostic join from existing ledger row and retained taxonomy used by tag_slices; tag present in existing tag_slices.csv
sqlglot_noop,sqlglot_noop_track_a_120_canonical_v0,mysql,CONS,CONS_0010,sql_feature,correlated_subquery,none,exact,true,true,true,true,true,,runs/user/sqlglot_noop_track_a_120_canonical_v0__mysql/tag_slices.csv,diagnostic join from existing ledger row and retained taxonomy used by tag_slices; tag present in existing tag_slices.csv
sqlglot_noop,sqlglot_noop_track_a_120_canonical_v0,mysql,CONS,CONS_0011,sql_feature,correlated_subquery,none,exact,true,true,true,true,true,,runs/user/sqlglot_noop_track_a_120_canonical_v0__mysql/tag_slices.csv,diagnostic join from existing ledger row and retained taxonomy used by tag_slices; tag present in existing tag_slices.csv
sqlglot_noop,sqlglot_noop_track_a_120_canonical_v0,mysql,CONS,CONS_0011,sql_feature,outer_join,none,exact,true,true,true,true,true,,runs/user/sqlglot_noop_track_a_120_canonical_v0__mysql/tag_slices.csv,diagnostic join from existing ledger row and retained taxonomy used by tag_slices; tag present in existing tag_slices.csv
sqlglot_noop,sqlglot_noop_track_a_120_canonical_v0,mysql,CONS,CONS_0012,portability_risk,limit_fetch_gap,none,exact,true,true,true,true,true,,runs/user/sqlglot_noop_track_a_120_canonical_v0__mysql/tag_slices.csv,diagnostic join from existing ledger row and retained taxonomy used by tag_slices; tag present in existing tag_slices.csv
sqlglot_noop,sqlglot_noop_track_a_120_canonical_v0,mysql,CONS,CONS_0012,rewrite_opportunity,order_limit_simplification,none,exact,true,true,true,true,true,,runs/user/sqlglot_noop_track_a_120_canonical_v0__mysql/tag_slices.csv,diagnostic join from existing ledger row and retained taxonomy used by tag_slices; tag present in existing tag_slices.csv
sqlglot_noop,sqlglot_noop_track_a_120_canonical_v0,mysql,CONS,CONS_0012,rewrite_opportunity,subquery_decorrelation,none,exact,true,true,true,true,true,,runs/user/sqlglot_noop_track_a_120_canonical_v0__mysql/tag_slices.csv,diagnostic join from existing ledger row and retained taxonomy used by tag_slices; tag present in existing tag_slices.csv
sqlglot_noop,sqlglot_noop_track_a_120_canonical_v0,mysql,CONS,CONS_0012,sql_feature,correlated_subquery,none,exact,true,true,true,true,true,,runs/user/sqlglot_noop_track_a_120_canonical_v0__mysql/tag_slices.csv,diagnostic join from existing ledger row and retained taxonomy used by tag_slices; tag present in existing tag_slices.csv
sqlglot_noop,sqlglot_noop_track_a_120_canonical_v0,mysql,CONS,CONS_0024,rewrite_opportunity,subquery_decorrelation,none,exact,true,true,true,true,true,,runs/user/sqlglot_noop_track_a_120_canonical_v0__mysql/tag_slices.csv,diagnostic join from existing ledger row and retained taxonomy used by tag_slices; tag present in existing tag_slices.csv
sqlglot_noop,sqlglot_noop_track_a_120_canonical_v0,mysql,CONS,CONS_0024,sql_feature,correlated_subquery,none,exact,true,true,true,true,true,,runs/user/sqlglot_noop_track_a_120_canonical_v0__mysql/tag_slices.csv,diagnostic join from existing ledger row and retained taxonomy used by tag_slices; tag present in existing tag_slices.csv
sqlglot_noop,sqlglot_noop_track_a_120_canonical_v0,mysql,CONS,CONS_0024,sql_feature,outer_join,none,exact,true,true,true,true,true,,runs/user/sqlglot_noop_track_a_120_canonical_v0__mysql/tag_slices.csv,diagnostic join from existing ledger row and retained taxonomy used by tag_slices; tag present in existing tag_slices.csv
sqlglot_noop,sqlglot_noop_track_a_120_canonical_v0,mysql,CONS,CONS_0036,rewrite_opportunity,aggregation_rewrite,none,exact,true,true,true,true,true,,runs/user/sqlglot_noop_track_a_120_canonical_v0__mysql/tag_slices.csv,diagnostic join from existing ledger row and retained taxonomy used by tag_slices; tag present in existing tag_slices.csv
sqlglot_noop,sqlglot_noop_track_a_120_canonical_v0,mysql,CONS,CONS_0036,rewrite_opportunity,predicate_pushdown,none,exact,true,true,true,true,true,,runs/user/sqlglot_noop_track_a_120_canonical_v0__mysql/tag_slices.csv,diagnostic join from existing ledger row and retained taxonomy used by tag_slices; tag present in existing tag_slices.csv
sqlglot_noop,sqlglot_noop_track_a_120_canonical_v0,mysql,CONS,CONS_0037,rewrite_opportunity,aggregation_rewrite,none,exact,true,true,true,true,true,,runs/user/sqlglot_noop_track_a_120_canonical_v0__mysql/tag_slices.csv,diagnostic join from existing ledger row and retained taxonomy used by tag_slices; tag present in existing tag_slices.csv
sqlglot_noop,sqlglot_noop_track_a_120_canonical_v0,mysql,CONS,CONS_0037,sql_feature,outer_join,none,exact,true,true,true,true,true,,runs/user/sqlglot_noop_track_a_120_canonical_v0__mysql/tag_slices.csv,diagnostic join from existing ledger row and retained taxonomy used by tag_slices; tag present in existing tag_slices.csv
sqlglot_noop,sqlglot_noop_track_a_120_canonical_v0,mysql,PORT,PORT_0003,portability_risk,identifier_quoting,mismatch,mismatch,true,true,true,false,false,runs/user/sqlglot_noop_track_a_120_canonical_v0__mysql/failures.csv,runs/user/sqlglot_noop_track_a_120_canonical_v0__mysql/tag_slices.csv,diagnostic join from existing ledger row and retained taxonomy used by tag_slices; tag present in existing tag_slices.csv
sqlglot_noop,sqlglot_noop_track_a_120_canonical_v0,mysql,PORT,PORT_0003,portability_risk,limit_fetch_gap,mismatch,mismatch,true,true,true,false,false,runs/user/sqlglot_noop_track_a_120_canonical_v0__mysql/failures.csv,runs/user/sqlglot_noop_track_a_120_canonical_v0__mysql/tag_slices.csv,diagnostic join from existing ledger row and retained taxonomy used by tag_slices; tag present in existing tag_slices.csv
sqlglot_noop,sqlglot_noop_track_a_120_canonical_v0,mysql,PORT,PORT_0003,portability_risk,null_semantics_gap,mismatch,mismatch,true,true,true,false,false,runs/user/sqlglot_noop_track_a_120_canonical_v0__mysql/failures.csv,runs/user/sqlglot_noop_track_a_120_canonical_v0__mysql/tag_slices.csv,diagnostic join from existing ledger row and retained taxonomy used by tag_slices; tag present in existing tag_slices.csv
sqlglot_noop,sqlglot_noop_track_a_120_canonical_v0,mysql,PORT,PORT_0003,rewrite_opportunity,dialect_adaptation,mismatch,mismatch,true,true,true,false,false,runs/user/sqlglot_noop_track_a_120_canonical_v0__mysql/failures.csv,runs/user/sqlglot_noop_track_a_120_canonical_v0__mysql/tag_slices.csv,diagnostic join from existing ledger row and retained taxonomy used by tag_slices; tag present in existing tag_slices.csv
sqlglot_noop,sqlglot_noop_track_a_120_canonical_v0,mysql,PORT,PORT_0003,rewrite_opportunity,order_limit_simplification,mismatch,mismatch,true,true,true,false,false,runs/user/sqlglot_noop_track_a_120_canonical_v0__mysql/failures.csv,runs/user/sqlglot_noop_track_a_120_canonical_v0__mysql/tag_slices.csv,diagnostic join from existing ledger row and retained taxonomy used by tag_slices; tag present in existing tag_slices.csv
sqlglot_noop,sqlglot_noop_track_a_120_canonical_v0,mysql,PORT,PORT_0004,portability_risk,date_filter_semantics,mismatch,mismatch,true,true,true,false,false,runs/user/sqlglot_noop_track_a_120_canonical_v0__mysql/failures.csv,runs/user/sqlglot_noop_track_a_120_canonical_v0__mysql/tag_slices.csv,diagnostic join from existing ledger row and retained taxonomy used by tag_slices; tag present in existing tag_slices.csv
sqlglot_noop,sqlglot_noop_track_a_120_canonical_v0,mysql,PORT,PORT_0004,portability_risk,datetime_semantics_gap,mismatch,mismatch,true,true,true,false,false,runs/user/sqlglot_noop_track_a_120_canonical_v0__mysql/failures.csv,runs/user/sqlglot_noop_track_a_120_canonical_v0__mysql/tag_slices.csv,diagnostic join from existing ledger row and retained taxonomy used by tag_slices; tag present in existing tag_slices.csv
sqlglot_noop,sqlglot_noop_track_a_120_canonical_v0,mysql,PORT,PORT_0004,portability_risk,identifier_quoting,mismatch,mismatch,true,true,true,false,false,runs/user/sqlglot_noop_track_a_120_canonical_v0__mysql/failures.csv,runs/user/sqlglot_noop_track_a_120_canonical_v0__mysql/tag_slices.csv,diagnostic join from existing ledger row and retained taxonomy used by tag_slices; tag present in existing tag_slices.csv
sqlglot_noop,sqlglot_noop_track_a_120_canonical_v0,mysql,PORT,PORT_0004,portability_risk,literal_predicate_boundary,mismatch,mismatch,true,true,true,false,false,runs/user/sqlglot_noop_track_a_120_canonical_v0__mysql/failures.csv,runs/user/sqlglot_noop_track_a_120_canonical_v0__mysql/tag_slices.csv,diagnostic join from existing ledger row and retained taxonomy used by tag_slices; tag present in existing tag_slices.csv
sqlglot_noop,sqlglot_noop_track_a_120_canonical_v0,mysql,PORT,PORT_0004,portability_risk,result_set_semantics,mismatch,mismatch,true,true,true,false,false,runs/user/sqlglot_noop_track_a_120_canonical_v0__mysql/failures.csv,runs/user/sqlglot_noop_track_a_120_canonical_v0__mysql/tag_slices.csv,diagnostic join from existing ledger row and retained taxonomy used by tag_slices; tag present in existing tag_slices.csv
sqlglot_noop,sqlglot_noop_track_a_120_canonical_v0,mysql,PORT,PORT_0004,portability_risk,type_semantics_gap,mismatch,mismatch,true,true,true,false,false,runs/user/sqlglot_noop_track_a_120_canonical_v0__mysql/failures.csv,runs/user/sqlglot_noop_track_a_120_canonical_v0__mysql/tag_slices.csv,diagnostic join from existing ledger row and retained taxonomy used by tag_slices; tag present in existing tag_slices.csv
sqlglot_noop,sqlglot_noop_track_a_120_canonical_v0,mysql,PORT,PORT_0004,rewrite_opportunity,dialect_adaptation,mismatch,mismatch,true,true,true,false,false,runs/user/sqlglot_noop_track_a_120_canonical_v0__mysql/failures.csv,runs/user/sqlglot_noop_track_a_120_canonical_v0__mysql/tag_slices.csv,diagnostic join from existing ledger row and retained taxonomy used by tag_slices; tag present in existing tag_slices.csv
sqlglot_noop,sqlglot_noop_track_a_120_canonical_v0,mysql,PORT,PORT_0005,portability_risk,identifier_quoting,mismatch,mismatch,true,true,true,false,false,runs/user/sqlglot_noop_track_a_120_canonical_v0__mysql/failures.csv,runs/user/sqlglot_noop_track_a_120_canonical_v0__mysql/tag_slices.csv,diagnostic join from existing ledger row and retained taxonomy used by tag_slices; tag present in existing tag_slices.csv
sqlglot_noop,sqlglot_noop_track_a_120_canonical_v0,mysql,PORT,PORT_0005,portability_risk,limit_fetch_gap,mismatch,mismatch,true,true,true,false,false,runs/user/sqlglot_noop_track_a_120_canonical_v0__mysql/failures.csv,runs/user/sqlglot_noop_track_a_120_canonical_v0__mysql/tag_slices.csv,diagnostic join from existing ledger row and retained taxonomy used by tag_slices; tag present in existing tag_slices.csv
sqlglot_noop,sqlglot_noop_track_a_120_canonical_v0,mysql,PORT,PORT_0005,portability_risk,null_semantics_gap,mismatch,mismatch,true,true,true,false,false,runs/user/sqlglot_noop_track_a_120_canonical_v0__mysql/failures.csv,runs/user/sqlglot_noop_track_a_120_canonical_v0__mysql/tag_slices.csv,diagnostic join from existing ledger row and retained taxonomy used by tag_slices; tag present in existing tag_slices.csv
sqlglot_noop,sqlglot_noop_track_a_120_canonical_v0,mysql,PORT,PORT_0005,portability_risk,order_direction_gap,mismatch,mismatch,true,true,true,false,false,runs/user/sqlglot_noop_track_a_120_canonical_v0__mysql/failures.csv,runs/user/sqlglot_noop_track_a_120_canonical_v0__mysql/tag_slices.csv,diagnostic join from existing ledger row and retained taxonomy used by tag_slices; tag present in existing tag_slices.csv
sqlglot_noop,sqlglot_noop_track_a_120_canonical_v0,mysql,PORT,PORT_0005,rewrite_opportunity,dialect_adaptation,mismatch,mismatch,true,true,true,false,false,runs/user/sqlglot_noop_track_a_120_canonical_v0__mysql/failures.csv,runs/user/sqlglot_noop_track_a_120_canonical_v0__mysql/tag_slices.csv,diagnostic join from existing ledger row and retained taxonomy used by tag_slices; tag present in existing tag_slices.csv
sqlglot_noop,sqlglot_noop_track_a_120_canonical_v0,mysql,PORT,PORT_0005,rewrite_opportunity,order_limit_simplification,mismatch,mismatch,true,true,true,false,false,runs/user/sqlglot_noop_track_a_120_canonical_v0__mysql/failures.csv,runs/user/sqlglot_noop_track_a_120_canonical_v0__mysql/tag_slices.csv,diagnostic join from existing ledger row and retained taxonomy used by tag_slices; tag present in existing tag_slices.csv
sqlglot_noop,sqlglot_noop_track_a_120_canonical_v0,mysql,PORT,PORT_0008,portability_risk,date_time_semantics,candidate_execution_failed,not_exact_due_to_execution_failure,true,true,false,false,false,runs/user/sqlglot_noop_track_a_120_canonical_v0__mysql/failures.csv,runs/user/sqlglot_noop_track_a_120_canonical_v0__mysql/tag_slices.csv,diagnostic join from existing ledger row and retained taxonomy used by tag_slices; tag present in existing tag_slices.csv
sqlglot_noop,sqlglot_noop_track_a_120_canonical_v0,mysql,PORT,PORT_0008,portability_risk,identifier_case_or_quoting,candidate_execution_failed,not_exact_due_to_execution_failure,true,true,false,false,false,runs/user/sqlglot_noop_track_a_120_canonical_v0__mysql/failures.csv,runs/user/sqlglot_noop_track_a_120_canonical_v0__mysql/tag_slices.csv,diagnostic join from existing ledger row and retained taxonomy used by tag_slices; tag present in existing tag_slices.csv
sqlglot_noop,sqlglot_noop_track_a_120_canonical_v0,mysql,PORT,PORT_0008,portability_risk,type_coercion,candidate_execution_failed,not_exact_due_to_execution_failure,true,true,false,false,false,runs/user/sqlglot_noop_track_a_120_canonical_v0__mysql/failures.csv,runs/user/sqlglot_noop_track_a_120_canonical_v0__mysql/tag_slices.csv,diagnostic join from existing ledger row and retained taxonomy used by tag_slices; tag present in existing tag_slices.csv
sqlglot_noop,sqlglot_noop_track_a_120_canonical_v0,mysql,PORT,PORT_0008,rewrite_opportunity,dialect_adaptation,candidate_execution_failed,not_exact_due_to_execution_failure,true,true,false,false,false,runs/user/sqlglot_noop_track_a_120_canonical_v0__mysql/failures.csv,runs/user/sqlglot_noop_track_a_120_canonical_v0__mysql/tag_slices.csv,diagnostic join from existing ledger row and retained taxonomy used by tag_slices; tag present in existing tag_slices.csv
sqlglot_noop,sqlglot_noop_track_a_120_canonical_v0,mysql,PORT,PORT_0008,rewrite_opportunity,function_normalization,candidate_execution_failed,not_exact_due_to_execution_failure,true,true,false,false,false,runs/user/sqlglot_noop_track_a_120_canonical_v0__mysql/failures.csv,runs/user/sqlglot_noop_track_a_120_canonical_v0__mysql/tag_slices.csv,diagnostic join from existing ledger row and retained taxonomy used by tag_slices; tag present in existing tag_slices.csv
sqlglot_noop,sqlglot_noop_track_a_120_canonical_v0,mysql,PORT,PORT_0008,sql_feature,date_time_function,candidate_execution_failed,not_exact_due_to_execution_failure,true,true,false,false,false,runs/user/sqlglot_noop_track_a_120_canonical_v0__mysql/failures.csv,runs/user/sqlglot_noop_track_a_120_canonical_v0__mysql/tag_slices.csv,diagnostic join from existing ledger row and retained taxonomy used by tag_slices; tag present in existing tag_slices.csv
sqlglot_noop,sqlglot_noop_track_a_120_canonical_v0,mysql,PORT,PORT_0008,sql_feature,expression_complexity,candidate_execution_failed,not_exact_due_to_execution_failure,true,true,false,false,false,runs/user/sqlglot_noop_track_a_120_canonical_v0__mysql/failures.csv,runs/user/sqlglot_noop_track_a_120_canonical_v0__mysql/tag_slices.csv,diagnostic join from existing ledger row and retained taxonomy used by tag_slices; tag present in existing tag_slices.csv
sqlglot_noop,sqlglot_noop_track_a_120_canonical_v0,mysql,PORT,PORT_0012,portability_risk,datetime_semantics_gap,mismatch,mismatch,true,true,true,false,false,runs/user/sqlglot_noop_track_a_120_canonical_v0__mysql/failures.csv,runs/user/sqlglot_noop_track_a_120_canonical_v0__mysql/tag_slices.csv,diagnostic join from existing ledger row and retained taxonomy used by tag_slices; tag present in existing tag_slices.csv
sqlglot_noop,sqlglot_noop_track_a_120_canonical_v0,mysql,PORT,PORT_0012,portability_risk,identifier_quoting,mismatch,mismatch,true,true,true,false,false,runs/user/sqlglot_noop_track_a_120_canonical_v0__mysql/failures.csv,runs/user/sqlglot_noop_track_a_120_canonical_v0__mysql/tag_slices.csv,diagnostic join from existing ledger row and retained taxonomy used by tag_slices; tag present in existing tag_slices.csv
sqlglot_noop,sqlglot_noop_track_a_120_canonical_v0,mysql,PORT,PORT_0012,portability_risk,type_semantics_gap,mismatch,mismatch,true,true,true,false,false,runs/user/sqlglot_noop_track_a_120_canonical_v0__mysql/failures.csv,runs/user/sqlglot_noop_track_a_120_canonical_v0__mysql/tag_slices.csv,diagnostic join from existing ledger row and retained taxonomy used by tag_slices; tag present in existing tag_slices.csv
sqlglot_noop,sqlglot_noop_track_a_120_canonical_v0,mysql,PORT,PORT_0012,rewrite_opportunity,dialect_adaptation,mismatch,mismatch,true,true,true,false,false,runs/user/sqlglot_noop_track_a_120_canonical_v0__mysql/failures.csv,runs/user/sqlglot_noop_track_a_120_canonical_v0__mysql/tag_slices.csv,diagnostic join from existing ledger row and retained taxonomy used by tag_slices; tag present in existing tag_slices.csv
sqlglot_noop,sqlglot_noop_track_a_120_canonical_v0,mysql,PORT,PORT_0012,rewrite_opportunity,expression_simplification,mismatch,mismatch,true,true,true,false,false,runs/user/sqlglot_noop_track_a_120_canonical_v0__mysql/failures.csv,runs/user/sqlglot_noop_track_a_120_canonical_v0__mysql/tag_slices.csv,diagnostic join from existing ledger row and retained taxonomy used by tag_slices; tag present in existing tag_slices.csv
sqlglot_noop,sqlglot_noop_track_a_120_canonical_v0,mysql,PORT,PORT_0012,rewrite_opportunity,function_normalization,mismatch,mismatch,true,true,true,false,false,runs/user/sqlglot_noop_track_a_120_canonical_v0__mysql/failures.csv,runs/user/sqlglot_noop_track_a_120_canonical_v0__mysql/tag_slices.csv,diagnostic join from existing ledger row and retained taxonomy used by tag_slices; tag present in existing tag_slices.csv
sqlglot_noop,sqlglot_noop_track_a_120_canonical_v0,mysql,PORT,PORT_0012,sql_feature,date_time_function,mismatch,mismatch,true,true,true,false,false,runs/user/sqlglot_noop_track_a_120_canonical_v0__mysql/failures.csv,runs/user/sqlglot_noop_track_a_120_canonical_v0__mysql/tag_slices.csv,diagnostic join from existing ledger row and retained taxonomy used by tag_slices; tag present in existing tag_slices.csv
sqlglot_noop,sqlglot_noop_track_a_120_canonical_v0,mysql,PORT,PORT_0012,sql_feature,expression_complexity,mismatch,mismatch,true,true,true,false,false,runs/user/sqlglot_noop_track_a_120_canonical_v0__mysql/failures.csv,runs/user/sqlglot_noop_track_a_120_canonical_v0__mysql/tag_slices.csv,diagnostic join from existing ledger row and retained taxonomy used by tag_slices; tag present in existing tag_slices.csv
sqlglot_noop,sqlglot_noop_track_a_120_canonical_v0,mysql,PORT,PORT_0013,portability_risk,boolean_semantics_gap,mismatch,mismatch,true,true,true,false,false,runs/user/sqlglot_noop_track_a_120_canonical_v0__mysql/failures.csv,runs/user/sqlglot_noop_track_a_120_canonical_v0__mysql/tag_slices.csv,diagnostic join from existing ledger row and retained taxonomy used by tag_slices; tag present in existing tag_slices.csv
sqlglot_noop,sqlglot_noop_track_a_120_canonical_v0,mysql,PORT,PORT_0013,portability_risk,complex_expression_density,mismatch,mismatch,true,true,true,false,false,runs/user/sqlglot_noop_track_a_120_canonical_v0__mysql/failures.csv,runs/user/sqlglot_noop_track_a_120_canonical_v0__mysql/tag_slices.csv,diagnostic join from existing ledger row and retained taxonomy used by tag_slices; tag present in existing tag_slices.csv
sqlglot_noop,sqlglot_noop_track_a_120_canonical_v0,mysql,PORT,PORT_0013,portability_risk,identifier_quoting,mismatch,mismatch,true,true,true,false,false,runs/user/sqlglot_noop_track_a_120_canonical_v0__mysql/failures.csv,runs/user/sqlglot_noop_track_a_120_canonical_v0__mysql/tag_slices.csv,diagnostic join from existing ledger row and retained taxonomy used by tag_slices; tag present in existing tag_slices.csv
sqlglot_noop,sqlglot_noop_track_a_120_canonical_v0,mysql,PORT,PORT_0013,portability_risk,type_semantics_gap,mismatch,mismatch,true,true,true,false,false,runs/user/sqlglot_noop_track_a_120_canonical_v0__mysql/failures.csv,runs/user/sqlglot_noop_track_a_120_canonical_v0__mysql/tag_slices.csv,diagnostic join from existing ledger row and retained taxonomy used by tag_slices; tag present in existing tag_slices.csv
sqlglot_noop,sqlglot_noop_track_a_120_canonical_v0,mysql,PORT,PORT_0013,rewrite_opportunity,dialect_adaptation,mismatch,mismatch,true,true,true,false,false,runs/user/sqlglot_noop_track_a_120_canonical_v0__mysql/failures.csv,runs/user/sqlglot_noop_track_a_120_canonical_v0__mysql/tag_slices.csv,diagnostic join from existing ledger row and retained taxonomy used by tag_slices; tag present in existing tag_slices.csv
sqlglot_noop,sqlglot_noop_track_a_120_canonical_v0,mysql,PORT,PORT_0013,rewrite_opportunity,expression_simplification,mismatch,mismatch,true,true,true,false,false,runs/user/sqlglot_noop_track_a_120_canonical_v0__mysql/failures.csv,runs/user/sqlglot_noop_track_a_120_canonical_v0__mysql/tag_slices.csv,diagnostic join from existing ledger row and retained taxonomy used by tag_slices; tag present in existing tag_slices.csv
sqlglot_noop,sqlglot_noop_track_a_120_canonical_v0,mysql,PORT,PORT_0013,sql_feature,expression_complexity,mismatch,mismatch,true,true,true,false,false,runs/user/sqlglot_noop_track_a_120_canonical_v0__mysql/failures.csv,runs/user/sqlglot_noop_track_a_120_canonical_v0__mysql/tag_slices.csv,diagnostic join from existing ledger row and retained taxonomy used by tag_slices; tag present in existing tag_slices.csv
sqlglot_noop,sqlglot_noop_track_a_120_canonical_v0,mysql,PORT,PORT_0022,portability_risk,date_filter_semantics,mismatch,mismatch,true,true,true,false,false,runs/user/sqlglot_noop_track_a_120_canonical_v0__mysql/failures.csv,runs/user/sqlglot_noop_track_a_120_canonical_v0__mysql/tag_slices.csv,diagnostic join from existing ledger row and retained taxonomy used by tag_slices; tag present in existing tag_slices.csv
sqlglot_noop,sqlglot_noop_track_a_120_canonical_v0,mysql,PORT,PORT_0022,portability_risk,date_time_semantics,mismatch,mismatch,true,true,true,false,false,runs/user/sqlglot_noop_track_a_120_canonical_v0__mysql/failures.csv,runs/user/sqlglot_noop_track_a_120_canonical_v0__mysql/tag_slices.csv,diagnostic join from existing ledger row and retained taxonomy used by tag_slices; tag present in existing tag_slices.csv
sqlglot_noop,sqlglot_noop_track_a_120_canonical_v0,mysql,PORT,PORT_0022,portability_risk,join_aggregate_input_boundary,mismatch,mismatch,true,true,true,false,false,runs/user/sqlglot_noop_track_a_120_canonical_v0__mysql/failures.csv,runs/user/sqlglot_noop_track_a_120_canonical_v0__mysql/tag_slices.csv,diagnostic join from existing ledger row and retained taxonomy used by tag_slices; tag present in existing tag_slices.csv
sqlglot_noop,sqlglot_noop_track_a_120_canonical_v0,mysql,PORT,PORT_0022,portability_risk,literal_predicate_boundary,mismatch,mismatch,true,true,true,false,false,runs/user/sqlglot_noop_track_a_120_canonical_v0__mysql/failures.csv,runs/user/sqlglot_noop_track_a_120_canonical_v0__mysql/tag_slices.csv,diagnostic join from existing ledger row and retained taxonomy used by tag_slices; tag present in existing tag_slices.csv
sqlglot_noop,sqlglot_noop_track_a_120_canonical_v0,mysql,PORT,PORT_0022,portability_risk,type_coercion,mismatch,mismatch,true,true,true,false,false,runs/user/sqlglot_noop_track_a_120_canonical_v0__mysql/failures.csv,runs/user/sqlglot_noop_track_a_120_canonical_v0__mysql/tag_slices.csv,diagnostic join from existing ledger row and retained taxonomy used by tag_slices; tag present in existing tag_slices.csv
sqlglot_noop,sqlglot_noop_track_a_120_canonical_v0,mysql,PORT,PORT_0022,rewrite_opportunity,dialect_adaptation,mismatch,mismatch,true,true,true,false,false,runs/user/sqlglot_noop_track_a_120_canonical_v0__mysql/failures.csv,runs/user/sqlglot_noop_track_a_120_canonical_v0__mysql/tag_slices.csv,diagnostic join from existing ledger row and retained taxonomy used by tag_slices; tag present in existing tag_slices.csv
sqlglot_noop,sqlglot_noop_track_a_120_canonical_v0,mysql,PORT,PORT_0024,portability_risk,aggregate_expression_semantics,mismatch,mismatch,true,true,true,false,false,runs/user/sqlglot_noop_track_a_120_canonical_v0__mysql/failures.csv,runs/user/sqlglot_noop_track_a_120_canonical_v0__mysql/tag_slices.csv,diagnostic join from existing ledger row and retained taxonomy used by tag_slices; tag present in existing tag_slices.csv
sqlglot_noop,sqlglot_noop_track_a_120_canonical_v0,mysql,PORT,PORT_0024,portability_risk,boolean_semantics,mismatch,mismatch,true,true,true,false,false,runs/user/sqlglot_noop_track_a_120_canonical_v0__mysql/failures.csv,runs/user/sqlglot_noop_track_a_120_canonical_v0__mysql/tag_slices.csv,diagnostic join from existing ledger row and retained taxonomy used by tag_slices; tag present in existing tag_slices.csv
sqlglot_noop,sqlglot_noop_track_a_120_canonical_v0,mysql,PORT,PORT_0024,portability_risk,literal_predicate_boundary,mismatch,mismatch,true,true,true,false,false,runs/user/sqlglot_noop_track_a_120_canonical_v0__mysql/failures.csv,runs/user/sqlglot_noop_track_a_120_canonical_v0__mysql/tag_slices.csv,diagnostic join from existing ledger row and retained taxonomy used by tag_slices; tag present in existing tag_slices.csv
sqlglot_noop,sqlglot_noop_track_a_120_canonical_v0,mysql,PORT,PORT_0024,portability_risk,type_coercion,mismatch,mismatch,true,true,true,false,false,runs/user/sqlglot_noop_track_a_120_canonical_v0__mysql/failures.csv,runs/user/sqlglot_noop_track_a_120_canonical_v0__mysql/tag_slices.csv,diagnostic join from existing ledger row and retained taxonomy used by tag_slices; tag present in existing tag_slices.csv
sqlglot_noop,sqlglot_noop_track_a_120_canonical_v0,mysql,PORT,PORT_0024,rewrite_opportunity,dialect_adaptation,mismatch,mismatch,true,true,true,false,false,runs/user/sqlglot_noop_track_a_120_canonical_v0__mysql/failures.csv,runs/user/sqlglot_noop_track_a_120_canonical_v0__mysql/tag_slices.csv,diagnostic join from existing ledger row and retained taxonomy used by tag_slices; tag present in existing tag_slices.csv
sqlglot_noop,sqlglot_noop_track_a_120_canonical_v0,mysql,PORT,PORT_0025,portability_risk,date_time_semantics,none,exact,true,true,true,true,true,,runs/user/sqlglot_noop_track_a_120_canonical_v0__mysql/tag_slices.csv,diagnostic join from existing ledger row and retained taxonomy used by tag_slices; tag present in existing tag_slices.csv
sqlglot_noop,sqlglot_noop_track_a_120_canonical_v0,mysql,PORT,PORT_0025,portability_risk,order_direction_semantics,none,exact,true,true,true,true,true,,runs/user/sqlglot_noop_track_a_120_canonical_v0__mysql/tag_slices.csv,diagnostic join from existing ledger row and retained taxonomy used by tag_slices; tag present in existing tag_slices.csv
sqlglot_noop,sqlglot_noop_track_a_120_canonical_v0,mysql,PORT,PORT_0025,portability_risk,order_limit_semantics,none,exact,true,true,true,true,true,,runs/user/sqlglot_noop_track_a_120_canonical_v0__mysql/tag_slices.csv,diagnostic join from existing ledger row and retained taxonomy used by tag_slices; tag present in existing tag_slices.csv
sqlglot_noop,sqlglot_noop_track_a_120_canonical_v0,mysql,PORT,PORT_0025,portability_risk,pagination_or_limit_offset,none,exact,true,true,true,true,true,,runs/user/sqlglot_noop_track_a_120_canonical_v0__mysql/tag_slices.csv,diagnostic join from existing ledger row and retained taxonomy used by tag_slices; tag present in existing tag_slices.csv
sqlglot_noop,sqlglot_noop_track_a_120_canonical_v0,mysql,PORT,PORT_0025,portability_risk,top_1_row_selection,none,exact,true,true,true,true,true,,runs/user/sqlglot_noop_track_a_120_canonical_v0__mysql/tag_slices.csv,diagnostic join from existing ledger row and retained taxonomy used by tag_slices; tag present in existing tag_slices.csv
sqlglot_noop,sqlglot_noop_track_a_120_canonical_v0,mysql,PORT,PORT_0025,rewrite_opportunity,dialect_adaptation,none,exact,true,true,true,true,true,,runs/user/sqlglot_noop_track_a_120_canonical_v0__mysql/tag_slices.csv,diagnostic join from existing ledger row and retained taxonomy used by tag_slices; tag present in existing tag_slices.csv
sqlglot_noop,sqlglot_noop_track_a_120_canonical_v0,mysql,LONGTAIL,LONGTAIL_0011,rewrite_opportunity,cte_strategy,none,exact,true,true,true,true,true,,runs/user/sqlglot_noop_track_a_120_canonical_v0__mysql/tag_slices.csv,diagnostic join from existing ledger row and retained taxonomy used by tag_slices; tag present in existing tag_slices.csv
sqlglot_noop,sqlglot_noop_track_a_120_canonical_v0,mysql,LONGTAIL,LONGTAIL_0011,rewrite_opportunity,expression_simplification,none,exact,true,true,true,true,true,,runs/user/sqlglot_noop_track_a_120_canonical_v0__mysql/tag_slices.csv,diagnostic join from existing ledger row and retained taxonomy used by tag_slices; tag present in existing tag_slices.csv
sqlglot_noop,sqlglot_noop_track_a_120_canonical_v0,mysql,LONGTAIL,LONGTAIL_0011,sql_feature,aggregate,none,exact,true,true,true,true,true,,runs/user/sqlglot_noop_track_a_120_canonical_v0__mysql/tag_slices.csv,diagnostic join from existing ledger row and retained taxonomy used by tag_slices; tag present in existing tag_slices.csv
sqlglot_noop,sqlglot_noop_track_a_120_canonical_v0,mysql,LONGTAIL,LONGTAIL_0011,sql_feature,cte,none,exact,true,true,true,true,true,,runs/user/sqlglot_noop_track_a_120_canonical_v0__mysql/tag_slices.csv,diagnostic join from existing ledger row and retained taxonomy used by tag_slices; tag present in existing tag_slices.csv
sqlglot_noop,sqlglot_noop_track_a_120_canonical_v0,mysql,LONGTAIL,LONGTAIL_0011,sql_feature,join,none,exact,true,true,true,true,true,,runs/user/sqlglot_noop_track_a_120_canonical_v0__mysql/tag_slices.csv,diagnostic join from existing ledger row and retained taxonomy used by tag_slices; tag present in existing tag_slices.csv
sqlglot_noop,sqlglot_noop_track_a_120_canonical_v0,mysql,LONGTAIL,LONGTAIL_0011,sql_feature,sort,none,exact,true,true,true,true,true,,runs/user/sqlglot_noop_track_a_120_canonical_v0__mysql/tag_slices.csv,diagnostic join from existing ledger row and retained taxonomy used by tag_slices; tag present in existing tag_slices.csv
sqlglot_noop,sqlglot_noop_track_a_120_canonical_v0,mysql,LONGTAIL,LONGTAIL_0011,sql_feature,window_function,none,exact,true,true,true,true,true,,runs/user/sqlglot_noop_track_a_120_canonical_v0__mysql/tag_slices.csv,diagnostic join from existing ledger row and retained taxonomy used by tag_slices; tag present in existing tag_slices.csv
sqlglot_noop,sqlglot_noop_track_a_120_canonical_v0,mysql,LONGTAIL,LONGTAIL_0012,sql_feature,aggregation,none,exact,true,true,true,true,true,,runs/user/sqlglot_noop_track_a_120_canonical_v0__mysql/tag_slices.csv,diagnostic join from existing ledger row and retained taxonomy used by tag_slices; tag present in existing tag_slices.csv
sqlglot_noop,sqlglot_noop_track_a_120_canonical_v0,mysql,LONGTAIL,LONGTAIL_0012,sql_feature,complex_expression,none,exact,true,true,true,true,true,,runs/user/sqlglot_noop_track_a_120_canonical_v0__mysql/tag_slices.csv,diagnostic join from existing ledger row and retained taxonomy used by tag_slices; tag present in existing tag_slices.csv
sqlglot_noop,sqlglot_noop_track_a_120_canonical_v0,mysql,LONGTAIL,LONGTAIL_0012,sql_feature,outer_join,none,exact,true,true,true,true,true,,runs/user/sqlglot_noop_track_a_120_canonical_v0__mysql/tag_slices.csv,diagnostic join from existing ledger row and retained taxonomy used by tag_slices; tag present in existing tag_slices.csv
sqlglot_noop,sqlglot_noop_track_a_120_canonical_v0,mysql,LONGTAIL,LONGTAIL_0012,sql_feature,sort_limit,none,exact,true,true,true,true,true,,runs/user/sqlglot_noop_track_a_120_canonical_v0__mysql/tag_slices.csv,diagnostic join from existing ledger row and retained taxonomy used by tag_slices; tag present in existing tag_slices.csv
sqlglot_noop,sqlglot_noop_track_a_120_canonical_v0,mysql,LONGTAIL,LONGTAIL_0012,sql_feature,subquery_in_from,none,exact,true,true,true,true,true,,runs/user/sqlglot_noop_track_a_120_canonical_v0__mysql/tag_slices.csv,diagnostic join from existing ledger row and retained taxonomy used by tag_slices; tag present in existing tag_slices.csv
sqlglot_noop,sqlglot_noop_track_a_120_canonical_v0,mysql,LONGTAIL,LONGTAIL_0012,sql_feature,window_function,none,exact,true,true,true,true,true,,runs/user/sqlglot_noop_track_a_120_canonical_v0__mysql/tag_slices.csv,diagnostic join from existing ledger row and retained taxonomy used by tag_slices; tag present in existing tag_slices.csv
sqlglot_noop,sqlglot_noop_track_a_120_canonical_v0,mysql,LONGTAIL,LONGTAIL_0013,sql_feature,aggregation,none,exact,true,true,true,true,true,,runs/user/sqlglot_noop_track_a_120_canonical_v0__mysql/tag_slices.csv,diagnostic join from existing ledger row and retained taxonomy used by tag_slices; tag present in existing tag_slices.csv
sqlglot_noop,sqlglot_noop_track_a_120_canonical_v0,mysql,LONGTAIL,LONGTAIL_0013,sql_feature,complex_expression,none,exact,true,true,true,true,true,,runs/user/sqlglot_noop_track_a_120_canonical_v0__mysql/tag_slices.csv,diagnostic join from existing ledger row and retained taxonomy used by tag_slices; tag present in existing tag_slices.csv
sqlglot_noop,sqlglot_noop_track_a_120_canonical_v0,mysql,LONGTAIL,LONGTAIL_0013,sql_feature,cte,none,exact,true,true,true,true,true,,runs/user/sqlglot_noop_track_a_120_canonical_v0__mysql/tag_slices.csv,diagnostic join from existing ledger row and retained taxonomy used by tag_slices; tag present in existing tag_slices.csv
sqlglot_noop,sqlglot_noop_track_a_120_canonical_v0,mysql,LONGTAIL,LONGTAIL_0013,sql_feature,outer_join,none,exact,true,true,true,true,true,,runs/user/sqlglot_noop_track_a_120_canonical_v0__mysql/tag_slices.csv,diagnostic join from existing ledger row and retained taxonomy used by tag_slices; tag present in existing tag_slices.csv
sqlglot_noop,sqlglot_noop_track_a_120_canonical_v0,mysql,LONGTAIL,LONGTAIL_0013,sql_feature,sort,none,exact,true,true,true,true,true,,runs/user/sqlglot_noop_track_a_120_canonical_v0__mysql/tag_slices.csv,diagnostic join from existing ledger row and retained taxonomy used by tag_slices; tag present in existing tag_slices.csv
sqlglot_noop,sqlglot_noop_track_a_120_canonical_v0,mysql,LONGTAIL,LONGTAIL_0013,sql_feature,window_function,none,exact,true,true,true,true,true,,runs/user/sqlglot_noop_track_a_120_canonical_v0__mysql/tag_slices.csv,diagnostic join from existing ledger row and retained taxonomy used by tag_slices; tag present in existing tag_slices.csv
sqlglot_noop,sqlglot_noop_track_a_120_canonical_v0,mysql,LONGTAIL,LONGTAIL_0022,sql_feature,aggregation,none,exact,true,true,true,true,true,,runs/user/sqlglot_noop_track_a_120_canonical_v0__mysql/tag_slices.csv,diagnostic join from existing ledger row and retained taxonomy used by tag_slices; tag present in existing tag_slices.csv
sqlglot_noop,sqlglot_noop_track_a_120_canonical_v0,mysql,LONGTAIL,LONGTAIL_0022,sql_feature,cte,none,exact,true,true,true,true,true,,runs/user/sqlglot_noop_track_a_120_canonical_v0__mysql/tag_slices.csv,diagnostic join from existing ledger row and retained taxonomy used by tag_slices; tag present in existing tag_slices.csv
sqlglot_noop,sqlglot_noop_track_a_120_canonical_v0,mysql,LONGTAIL,LONGTAIL_0022,sql_feature,join,none,exact,true,true,true,true,true,,runs/user/sqlglot_noop_track_a_120_canonical_v0__mysql/tag_slices.csv,diagnostic join from existing ledger row and retained taxonomy used by tag_slices; tag present in existing tag_slices.csv
sqlglot_noop,sqlglot_noop_track_a_120_canonical_v0,mysql,LONGTAIL,LONGTAIL_0022,sql_feature,outer_join,none,exact,true,true,true,true,true,,runs/user/sqlglot_noop_track_a_120_canonical_v0__mysql/tag_slices.csv,diagnostic join from existing ledger row and retained taxonomy used by tag_slices; tag present in existing tag_slices.csv
sqlglot_noop,sqlglot_noop_track_a_120_canonical_v0,mysql,LONGTAIL,LONGTAIL_0022,sql_feature,sort,none,exact,true,true,true,true,true,,runs/user/sqlglot_noop_track_a_120_canonical_v0__mysql/tag_slices.csv,diagnostic join from existing ledger row and retained taxonomy used by tag_slices; tag present in existing tag_slices.csv
sqlglot_noop,sqlglot_noop_track_a_120_canonical_v0,mysql,LONGTAIL,LONGTAIL_0023,sql_feature,aggregation,none,exact,true,true,true,true,true,,runs/user/sqlglot_noop_track_a_120_canonical_v0__mysql/tag_slices.csv,diagnostic join from existing ledger row and retained taxonomy used by tag_slices; tag present in existing tag_slices.csv
sqlglot_noop,sqlglot_noop_track_a_120_canonical_v0,mysql,LONGTAIL,LONGTAIL_0023,sql_feature,cte,none,exact,true,true,true,true,true,,runs/user/sqlglot_noop_track_a_120_canonical_v0__mysql/tag_slices.csv,diagnostic join from existing ledger row and retained taxonomy used by tag_slices; tag present in existing tag_slices.csv
sqlglot_noop,sqlglot_noop_track_a_120_canonical_v0,mysql,LONGTAIL,LONGTAIL_0023,sql_feature,directed_relation,none,exact,true,true,true,true,true,,runs/user/sqlglot_noop_track_a_120_canonical_v0__mysql/tag_slices.csv,diagnostic join from existing ledger row and retained taxonomy used by tag_slices; tag present in existing tag_slices.csv
sqlglot_noop,sqlglot_noop_track_a_120_canonical_v0,mysql,LONGTAIL,LONGTAIL_0023,sql_feature,outer_join,none,exact,true,true,true,true,true,,runs/user/sqlglot_noop_track_a_120_canonical_v0__mysql/tag_slices.csv,diagnostic join from existing ledger row and retained taxonomy used by tag_slices; tag present in existing tag_slices.csv
sqlglot_noop,sqlglot_noop_track_a_120_canonical_v0,mysql,LONGTAIL,LONGTAIL_0023,sql_feature,sort,none,exact,true,true,true,true,true,,runs/user/sqlglot_noop_track_a_120_canonical_v0__mysql/tag_slices.csv,diagnostic join from existing ledger row and retained taxonomy used by tag_slices; tag present in existing tag_slices.csv
sqlglot_noop,sqlglot_noop_track_a_120_canonical_v0,mysql,LONGTAIL,LONGTAIL_0024,sql_feature,aggregation,none,exact,true,true,true,true,true,,runs/user/sqlglot_noop_track_a_120_canonical_v0__mysql/tag_slices.csv,diagnostic join from existing ledger row and retained taxonomy used by tag_slices; tag present in existing tag_slices.csv
sqlglot_noop,sqlglot_noop_track_a_120_canonical_v0,mysql,LONGTAIL,LONGTAIL_0024,sql_feature,cte,none,exact,true,true,true,true,true,,runs/user/sqlglot_noop_track_a_120_canonical_v0__mysql/tag_slices.csv,diagnostic join from existing ledger row and retained taxonomy used by tag_slices; tag present in existing tag_slices.csv
sqlglot_noop,sqlglot_noop_track_a_120_canonical_v0,mysql,LONGTAIL,LONGTAIL_0024,sql_feature,join,none,exact,true,true,true,true,true,,runs/user/sqlglot_noop_track_a_120_canonical_v0__mysql/tag_slices.csv,diagnostic join from existing ledger row and retained taxonomy used by tag_slices; tag present in existing tag_slices.csv
sqlglot_noop,sqlglot_noop_track_a_120_canonical_v0,mysql,LONGTAIL,LONGTAIL_0024,sql_feature,sort,none,exact,true,true,true,true,true,,runs/user/sqlglot_noop_track_a_120_canonical_v0__mysql/tag_slices.csv,diagnostic join from existing ledger row and retained taxonomy used by tag_slices; tag present in existing tag_slices.csv
sqlglot_noop,sqlglot_noop_track_a_120_canonical_v0,mysql,LONGTAIL,LONGTAIL_0024,sql_feature,temporal_min_max,none,exact,true,true,true,true,true,,runs/user/sqlglot_noop_track_a_120_canonical_v0__mysql/tag_slices.csv,diagnostic join from existing ledger row and retained taxonomy used by tag_slices; tag present in existing tag_slices.csv
sqlglot_noop,sqlglot_noop_track_a_120_canonical_v0,spark,PERF,PERF_0006,rewrite_opportunity,materialization_strategy,none,exact,true,true,true,true,true,,runs/user/sqlglot_noop_track_a_120_canonical_v0__spark/tag_slices.csv,diagnostic join from existing ledger row and retained taxonomy used by tag_slices; tag present in existing tag_slices.csv
sqlglot_noop,sqlglot_noop_track_a_120_canonical_v0,spark,PERF,PERF_0006,rewrite_opportunity,predicate_pushdown,none,exact,true,true,true,true,true,,runs/user/sqlglot_noop_track_a_120_canonical_v0__spark/tag_slices.csv,diagnostic join from existing ledger row and retained taxonomy used by tag_slices; tag present in existing tag_slices.csv
sqlglot_noop,sqlglot_noop_track_a_120_canonical_v0,spark,PERF,PERF_0006,sql_feature,date_time_function,none,exact,true,true,true,true,true,,runs/user/sqlglot_noop_track_a_120_canonical_v0__spark/tag_slices.csv,diagnostic join from existing ledger row and retained taxonomy used by tag_slices; tag present in existing tag_slices.csv
sqlglot_noop,sqlglot_noop_track_a_120_canonical_v0,spark,PERF,PERF_0006,sql_feature,expression_complexity,none,exact,true,true,true,true,true,,runs/user/sqlglot_noop_track_a_120_canonical_v0__spark/tag_slices.csv,diagnostic join from existing ledger row and retained taxonomy used by tag_slices; tag present in existing tag_slices.csv
sqlglot_noop,sqlglot_noop_track_a_120_canonical_v0,spark,PERF,PERF_0007,rewrite_opportunity,materialization_strategy,none,exact,true,true,true,true,true,,runs/user/sqlglot_noop_track_a_120_canonical_v0__spark/tag_slices.csv,diagnostic join from existing ledger row and retained taxonomy used by tag_slices; tag present in existing tag_slices.csv
sqlglot_noop,sqlglot_noop_track_a_120_canonical_v0,spark,PERF,PERF_0007,rewrite_opportunity,predicate_pushdown,none,exact,true,true,true,true,true,,runs/user/sqlglot_noop_track_a_120_canonical_v0__spark/tag_slices.csv,diagnostic join from existing ledger row and retained taxonomy used by tag_slices; tag present in existing tag_slices.csv
sqlglot_noop,sqlglot_noop_track_a_120_canonical_v0,spark,PERF,PERF_0007,sql_feature,date_time_function,none,exact,true,true,true,true,true,,runs/user/sqlglot_noop_track_a_120_canonical_v0__spark/tag_slices.csv,diagnostic join from existing ledger row and retained taxonomy used by tag_slices; tag present in existing tag_slices.csv
sqlglot_noop,sqlglot_noop_track_a_120_canonical_v0,spark,PERF,PERF_0008,rewrite_opportunity,materialization_strategy,none,exact,true,true,true,true,true,,runs/user/sqlglot_noop_track_a_120_canonical_v0__spark/tag_slices.csv,diagnostic join from existing ledger row and retained taxonomy used by tag_slices; tag present in existing tag_slices.csv
sqlglot_noop,sqlglot_noop_track_a_120_canonical_v0,spark,PERF,PERF_0008,rewrite_opportunity,predicate_pushdown,none,exact,true,true,true,true,true,,runs/user/sqlglot_noop_track_a_120_canonical_v0__spark/tag_slices.csv,diagnostic join from existing ledger row and retained taxonomy used by tag_slices; tag present in existing tag_slices.csv
sqlglot_noop,sqlglot_noop_track_a_120_canonical_v0,spark,PERF,PERF_0008,sql_feature,date_time_function,none,exact,true,true,true,true,true,,runs/user/sqlglot_noop_track_a_120_canonical_v0__spark/tag_slices.csv,diagnostic join from existing ledger row and retained taxonomy used by tag_slices; tag present in existing tag_slices.csv
sqlglot_noop,sqlglot_noop_track_a_120_canonical_v0,spark,PERF,PERF_0008,sql_feature,subquery_in_from,none,exact,true,true,true,true,true,,runs/user/sqlglot_noop_track_a_120_canonical_v0__spark/tag_slices.csv,diagnostic join from existing ledger row and retained taxonomy used by tag_slices; tag present in existing tag_slices.csv
sqlglot_noop,sqlglot_noop_track_a_120_canonical_v0,spark,PERF,PERF_0013,rewrite_opportunity,join_reorder,none,exact,true,true,true,true,true,,runs/user/sqlglot_noop_track_a_120_canonical_v0__spark/tag_slices.csv,diagnostic join from existing ledger row and retained taxonomy used by tag_slices; tag present in existing tag_slices.csv
sqlglot_noop,sqlglot_noop_track_a_120_canonical_v0,spark,PERF,PERF_0013,rewrite_opportunity,predicate_pushdown,none,exact,true,true,true,true,true,,runs/user/sqlglot_noop_track_a_120_canonical_v0__spark/tag_slices.csv,diagnostic join from existing ledger row and retained taxonomy used by tag_slices; tag present in existing tag_slices.csv
sqlglot_noop,sqlglot_noop_track_a_120_canonical_v0,spark,PERF,PERF_0013,sql_feature,date_time_function,none,exact,true,true,true,true,true,,runs/user/sqlglot_noop_track_a_120_canonical_v0__spark/tag_slices.csv,diagnostic join from existing ledger row and retained taxonomy used by tag_slices; tag present in existing tag_slices.csv
sqlglot_noop,sqlglot_noop_track_a_120_canonical_v0,spark,PERF,PERF_0017,rewrite_opportunity,join_reorder,none,exact,true,true,true,true,true,,runs/user/sqlglot_noop_track_a_120_canonical_v0__spark/tag_slices.csv,diagnostic join from existing ledger row and retained taxonomy used by tag_slices; tag present in existing tag_slices.csv
sqlglot_noop,sqlglot_noop_track_a_120_canonical_v0,spark,PERF,PERF_0017,rewrite_opportunity,predicate_pushdown,none,exact,true,true,true,true,true,,runs/user/sqlglot_noop_track_a_120_canonical_v0__spark/tag_slices.csv,diagnostic join from existing ledger row and retained taxonomy used by tag_slices; tag present in existing tag_slices.csv
sqlglot_noop,sqlglot_noop_track_a_120_canonical_v0,spark,PERF,PERF_0017,sql_feature,date_time_function,none,exact,true,true,true,true,true,,runs/user/sqlglot_noop_track_a_120_canonical_v0__spark/tag_slices.csv,diagnostic join from existing ledger row and retained taxonomy used by tag_slices; tag present in existing tag_slices.csv
sqlglot_noop,sqlglot_noop_track_a_120_canonical_v0,spark,PERF,PERF_0019,rewrite_opportunity,materialization_strategy,none,exact,true,true,true,true,true,,runs/user/sqlglot_noop_track_a_120_canonical_v0__spark/tag_slices.csv,diagnostic join from existing ledger row and retained taxonomy used by tag_slices; tag present in existing tag_slices.csv
sqlglot_noop,sqlglot_noop_track_a_120_canonical_v0,spark,PERF,PERF_0019,rewrite_opportunity,predicate_pushdown,none,exact,true,true,true,true,true,,runs/user/sqlglot_noop_track_a_120_canonical_v0__spark/tag_slices.csv,diagnostic join from existing ledger row and retained taxonomy used by tag_slices; tag present in existing tag_slices.csv
sqlglot_noop,sqlglot_noop_track_a_120_canonical_v0,spark,PERF,PERF_0019,sql_feature,outer_join,none,exact,true,true,true,true,true,,runs/user/sqlglot_noop_track_a_120_canonical_v0__spark/tag_slices.csv,diagnostic join from existing ledger row and retained taxonomy used by tag_slices; tag present in existing tag_slices.csv
sqlglot_noop,sqlglot_noop_track_a_120_canonical_v0,spark,PERF,PERF_0019,sql_feature,subquery_in_from,none,exact,true,true,true,true,true,,runs/user/sqlglot_noop_track_a_120_canonical_v0__spark/tag_slices.csv,diagnostic join from existing ledger row and retained taxonomy used by tag_slices; tag present in existing tag_slices.csv
sqlglot_noop,sqlglot_noop_track_a_120_canonical_v0,spark,PERF,PERF_0024,rewrite_opportunity,predicate_pushdown,none,exact,true,true,true,true,true,,runs/user/sqlglot_noop_track_a_120_canonical_v0__spark/tag_slices.csv,diagnostic join from existing ledger row and retained taxonomy used by tag_slices; tag present in existing tag_slices.csv
sqlglot_noop,sqlglot_noop_track_a_120_canonical_v0,spark,PERF,PERF_0024,rewrite_opportunity,subquery_decorrelation,none,exact,true,true,true,true,true,,runs/user/sqlglot_noop_track_a_120_canonical_v0__spark/tag_slices.csv,diagnostic join from existing ledger row and retained taxonomy used by tag_slices; tag present in existing tag_slices.csv
sqlglot_noop,sqlglot_noop_track_a_120_canonical_v0,spark,PERF,PERF_0024,sql_feature,correlated_subquery,none,exact,true,true,true,true,true,,runs/user/sqlglot_noop_track_a_120_canonical_v0__spark/tag_slices.csv,diagnostic join from existing ledger row and retained taxonomy used by tag_slices; tag present in existing tag_slices.csv
sqlglot_noop,sqlglot_noop_track_a_120_canonical_v0,spark,PERF,PERF_0024,sql_feature,date_time_function,none,exact,true,true,true,true,true,,runs/user/sqlglot_noop_track_a_120_canonical_v0__spark/tag_slices.csv,diagnostic join from existing ledger row and retained taxonomy used by tag_slices; tag present in existing tag_slices.csv
sqlglot_noop,sqlglot_noop_track_a_120_canonical_v0,spark,PERF,PERF_0033,portability_risk,limit_fetch_gap,none,exact,true,true,true,true,true,,runs/user/sqlglot_noop_track_a_120_canonical_v0__spark/tag_slices.csv,diagnostic join from existing ledger row and retained taxonomy used by tag_slices; tag present in existing tag_slices.csv
sqlglot_noop,sqlglot_noop_track_a_120_canonical_v0,spark,PERF,PERF_0033,rewrite_opportunity,join_reorder,none,exact,true,true,true,true,true,,runs/user/sqlglot_noop_track_a_120_canonical_v0__spark/tag_slices.csv,diagnostic join from existing ledger row and retained taxonomy used by tag_slices; tag present in existing tag_slices.csv
sqlglot_noop,sqlglot_noop_track_a_120_canonical_v0,spark,PERF,PERF_0033,rewrite_opportunity,predicate_pushdown,none,exact,true,true,true,true,true,,runs/user/sqlglot_noop_track_a_120_canonical_v0__spark/tag_slices.csv,diagnostic join from existing ledger row and retained taxonomy used by tag_slices; tag present in existing tag_slices.csv
sqlglot_noop,sqlglot_noop_track_a_120_canonical_v0,spark,PERF,PERF_0033,sql_feature,aggregate,none,exact,true,true,true,true,true,,runs/user/sqlglot_noop_track_a_120_canonical_v0__spark/tag_slices.csv,diagnostic join from existing ledger row and retained taxonomy used by tag_slices; tag present in existing tag_slices.csv
sqlglot_noop,sqlglot_noop_track_a_120_canonical_v0,spark,PERF,PERF_0033,sql_feature,group_by,none,exact,true,true,true,true,true,,runs/user/sqlglot_noop_track_a_120_canonical_v0__spark/tag_slices.csv,diagnostic join from existing ledger row and retained taxonomy used by tag_slices; tag present in existing tag_slices.csv
sqlglot_noop,sqlglot_noop_track_a_120_canonical_v0,spark,PERF,PERF_0033,sql_feature,join,none,exact,true,true,true,true,true,,runs/user/sqlglot_noop_track_a_120_canonical_v0__spark/tag_slices.csv,diagnostic join from existing ledger row and retained taxonomy used by tag_slices; tag present in existing tag_slices.csv
sqlglot_noop,sqlglot_noop_track_a_120_canonical_v0,spark,PERF,PERF_0033,sql_feature,limit,none,exact,true,true,true,true,true,,runs/user/sqlglot_noop_track_a_120_canonical_v0__spark/tag_slices.csv,diagnostic join from existing ledger row and retained taxonomy used by tag_slices; tag present in existing tag_slices.csv
sqlglot_noop,sqlglot_noop_track_a_120_canonical_v0,spark,PERF,PERF_0033,sql_feature,order_by,none,exact,true,true,true,true,true,,runs/user/sqlglot_noop_track_a_120_canonical_v0__spark/tag_slices.csv,diagnostic join from existing ledger row and retained taxonomy used by tag_slices; tag present in existing tag_slices.csv
sqlglot_noop,sqlglot_noop_track_a_120_canonical_v0,spark,PERF,PERF_0034,rewrite_opportunity,materialization_strategy,none,exact,true,true,true,true,true,,runs/user/sqlglot_noop_track_a_120_canonical_v0__spark/tag_slices.csv,diagnostic join from existing ledger row and retained taxonomy used by tag_slices; tag present in existing tag_slices.csv
sqlglot_noop,sqlglot_noop_track_a_120_canonical_v0,spark,PERF,PERF_0034,rewrite_opportunity,predicate_pushdown,none,exact,true,true,true,true,true,,runs/user/sqlglot_noop_track_a_120_canonical_v0__spark/tag_slices.csv,diagnostic join from existing ledger row and retained taxonomy used by tag_slices; tag present in existing tag_slices.csv
sqlglot_noop,sqlglot_noop_track_a_120_canonical_v0,spark,PERF,PERF_0034,sql_feature,cte,none,exact,true,true,true,true,true,,runs/user/sqlglot_noop_track_a_120_canonical_v0__spark/tag_slices.csv,diagnostic join from existing ledger row and retained taxonomy used by tag_slices; tag present in existing tag_slices.csv
sqlglot_noop,sqlglot_noop_track_a_120_canonical_v0,spark,PERF,PERF_0034,sql_feature,set_operation,none,exact,true,true,true,true,true,,runs/user/sqlglot_noop_track_a_120_canonical_v0__spark/tag_slices.csv,diagnostic join from existing ledger row and retained taxonomy used by tag_slices; tag present in existing tag_slices.csv
sqlglot_noop,sqlglot_noop_track_a_120_canonical_v0,spark,PERF,PERF_0035,portability_risk,type_semantics_gap,none,exact,true,true,true,true,true,,runs/user/sqlglot_noop_track_a_120_canonical_v0__spark/tag_slices.csv,diagnostic join from existing ledger row and retained taxonomy used by tag_slices; tag present in existing tag_slices.csv
sqlglot_noop,sqlglot_noop_track_a_120_canonical_v0,spark,PERF,PERF_0035,rewrite_opportunity,aggregation_rewrite,none,exact,true,true,true,true,true,,runs/user/sqlglot_noop_track_a_120_canonical_v0__spark/tag_slices.csv,diagnostic join from existing ledger row and retained taxonomy used by tag_slices; tag present in existing tag_slices.csv
sqlglot_noop,sqlglot_noop_track_a_120_canonical_v0,spark,PERF,PERF_0035,rewrite_opportunity,cte_strategy,none,exact,true,true,true,true,true,,runs/user/sqlglot_noop_track_a_120_canonical_v0__spark/tag_slices.csv,diagnostic join from existing ledger row and retained taxonomy used by tag_slices; tag present in existing tag_slices.csv
sqlglot_noop,sqlglot_noop_track_a_120_canonical_v0,spark,PERF,PERF_0035,sql_feature,cte,none,exact,true,true,true,true,true,,runs/user/sqlglot_noop_track_a_120_canonical_v0__spark/tag_slices.csv,diagnostic join from existing ledger row and retained taxonomy used by tag_slices; tag present in existing tag_slices.csv
sqlglot_noop,sqlglot_noop_track_a_120_canonical_v0,spark,PERF,PERF_0035,sql_feature,expression_complexity,none,exact,true,true,true,true,true,,runs/user/sqlglot_noop_track_a_120_canonical_v0__spark/tag_slices.csv,diagnostic join from existing ledger row and retained taxonomy used by tag_slices; tag present in existing tag_slices.csv
sqlglot_noop,sqlglot_noop_track_a_120_canonical_v0,spark,PERF,PERF_0035,sql_feature,window_function,none,exact,true,true,true,true,true,,runs/user/sqlglot_noop_track_a_120_canonical_v0__spark/tag_slices.csv,diagnostic join from existing ledger row and retained taxonomy used by tag_slices; tag present in existing tag_slices.csv
sqlglot_noop,sqlglot_noop_track_a_120_canonical_v0,spark,PERF,PERF_0052,sql_feature,aggregate,none,exact,true,true,true,true,true,,runs/user/sqlglot_noop_track_a_120_canonical_v0__spark/tag_slices.csv,diagnostic join from existing ledger row and retained taxonomy used by tag_slices; tag present in existing tag_slices.csv
sqlglot_noop,sqlglot_noop_track_a_120_canonical_v0,spark,PERF,PERF_0052,sql_feature,correlated_subquery,none,exact,true,true,true,true,true,,runs/user/sqlglot_noop_track_a_120_canonical_v0__spark/tag_slices.csv,diagnostic join from existing ledger row and retained taxonomy used by tag_slices; tag present in existing tag_slices.csv
sqlglot_noop,sqlglot_noop_track_a_120_canonical_v0,spark,PERF,PERF_0052,sql_feature,cte,none,exact,true,true,true,true,true,,runs/user/sqlglot_noop_track_a_120_canonical_v0__spark/tag_slices.csv,diagnostic join from existing ledger row and retained taxonomy used by tag_slices; tag present in existing tag_slices.csv
sqlglot_noop,sqlglot_noop_track_a_120_canonical_v0,spark,PERF,PERF_0052,sql_feature,group_by,none,exact,true,true,true,true,true,,runs/user/sqlglot_noop_track_a_120_canonical_v0__spark/tag_slices.csv,diagnostic join from existing ledger row and retained taxonomy used by tag_slices; tag present in existing tag_slices.csv
sqlglot_noop,sqlglot_noop_track_a_120_canonical_v0,spark,PERF,PERF_0052,sql_feature,limit,none,exact,true,true,true,true,true,,runs/user/sqlglot_noop_track_a_120_canonical_v0__spark/tag_slices.csv,diagnostic join from existing ledger row and retained taxonomy used by tag_slices; tag present in existing tag_slices.csv
sqlglot_noop,sqlglot_noop_track_a_120_canonical_v0,spark,PERF,PERF_0052,sql_feature,order_by,none,exact,true,true,true,true,true,,runs/user/sqlglot_noop_track_a_120_canonical_v0__spark/tag_slices.csv,diagnostic join from existing ledger row and retained taxonomy used by tag_slices; tag present in existing tag_slices.csv
sqlglot_noop,sqlglot_noop_track_a_120_canonical_v0,spark,PERF,PERF_0054,sql_feature,aggregate,none,exact,true,true,true,true,true,,runs/user/sqlglot_noop_track_a_120_canonical_v0__spark/tag_slices.csv,diagnostic join from existing ledger row and retained taxonomy used by tag_slices; tag present in existing tag_slices.csv
sqlglot_noop,sqlglot_noop_track_a_120_canonical_v0,spark,PERF,PERF_0054,sql_feature,group_by,none,exact,true,true,true,true,true,,runs/user/sqlglot_noop_track_a_120_canonical_v0__spark/tag_slices.csv,diagnostic join from existing ledger row and retained taxonomy used by tag_slices; tag present in existing tag_slices.csv
sqlglot_noop,sqlglot_noop_track_a_120_canonical_v0,spark,PERF,PERF_0054,sql_feature,join,none,exact,true,true,true,true,true,,runs/user/sqlglot_noop_track_a_120_canonical_v0__spark/tag_slices.csv,diagnostic join from existing ledger row and retained taxonomy used by tag_slices; tag present in existing tag_slices.csv
sqlglot_noop,sqlglot_noop_track_a_120_canonical_v0,spark,PERF,PERF_0054,sql_feature,limit,none,exact,true,true,true,true,true,,runs/user/sqlglot_noop_track_a_120_canonical_v0__spark/tag_slices.csv,diagnostic join from existing ledger row and retained taxonomy used by tag_slices; tag present in existing tag_slices.csv
sqlglot_noop,sqlglot_noop_track_a_120_canonical_v0,spark,PERF,PERF_0054,sql_feature,order_by,none,exact,true,true,true,true,true,,runs/user/sqlglot_noop_track_a_120_canonical_v0__spark/tag_slices.csv,diagnostic join from existing ledger row and retained taxonomy used by tag_slices; tag present in existing tag_slices.csv
sqlglot_noop,sqlglot_noop_track_a_120_canonical_v0,spark,PERF,PERF_0056,sql_feature,aggregate,none,exact,true,true,true,true,true,,runs/user/sqlglot_noop_track_a_120_canonical_v0__spark/tag_slices.csv,diagnostic join from existing ledger row and retained taxonomy used by tag_slices; tag present in existing tag_slices.csv
sqlglot_noop,sqlglot_noop_track_a_120_canonical_v0,spark,PERF,PERF_0056,sql_feature,group_by,none,exact,true,true,true,true,true,,runs/user/sqlglot_noop_track_a_120_canonical_v0__spark/tag_slices.csv,diagnostic join from existing ledger row and retained taxonomy used by tag_slices; tag present in existing tag_slices.csv
sqlglot_noop,sqlglot_noop_track_a_120_canonical_v0,spark,PERF,PERF_0056,sql_feature,having,none,exact,true,true,true,true,true,,runs/user/sqlglot_noop_track_a_120_canonical_v0__spark/tag_slices.csv,diagnostic join from existing ledger row and retained taxonomy used by tag_slices; tag present in existing tag_slices.csv
sqlglot_noop,sqlglot_noop_track_a_120_canonical_v0,spark,PERF,PERF_0056,sql_feature,limit,none,exact,true,true,true,true,true,,runs/user/sqlglot_noop_track_a_120_canonical_v0__spark/tag_slices.csv,diagnostic join from existing ledger row and retained taxonomy used by tag_slices; tag present in existing tag_slices.csv
sqlglot_noop,sqlglot_noop_track_a_120_canonical_v0,spark,PERF,PERF_0056,sql_feature,order_by,none,exact,true,true,true,true,true,,runs/user/sqlglot_noop_track_a_120_canonical_v0__spark/tag_slices.csv,diagnostic join from existing ledger row and retained taxonomy used by tag_slices; tag present in existing tag_slices.csv
sqlglot_noop,sqlglot_noop_track_a_120_canonical_v0,spark,PERF,PERF_0056,sql_feature,scalar_subquery,none,exact,true,true,true,true,true,,runs/user/sqlglot_noop_track_a_120_canonical_v0__spark/tag_slices.csv,diagnostic join from existing ledger row and retained taxonomy used by tag_slices; tag present in existing tag_slices.csv
sqlglot_noop,sqlglot_noop_track_a_120_canonical_v0,spark,PERF,PERF_0062,sql_feature,aggregate,none,exact,true,true,true,true,true,,runs/user/sqlglot_noop_track_a_120_canonical_v0__spark/tag_slices.csv,diagnostic join from existing ledger row and retained taxonomy used by tag_slices; tag present in existing tag_slices.csv
sqlglot_noop,sqlglot_noop_track_a_120_canonical_v0,spark,PERF,PERF_0062,sql_feature,disjunction,none,exact,true,true,true,true,true,,runs/user/sqlglot_noop_track_a_120_canonical_v0__spark/tag_slices.csv,diagnostic join from existing ledger row and retained taxonomy used by tag_slices; tag present in existing tag_slices.csv
sqlglot_noop,sqlglot_noop_track_a_120_canonical_v0,spark,PERF,PERF_0062,sql_feature,join,none,exact,true,true,true,true,true,,runs/user/sqlglot_noop_track_a_120_canonical_v0__spark/tag_slices.csv,diagnostic join from existing ledger row and retained taxonomy used by tag_slices; tag present in existing tag_slices.csv
sqlglot_noop,sqlglot_noop_track_a_120_canonical_v0,spark,PERF,PERF_0062,sql_feature,range_predicate,none,exact,true,true,true,true,true,,runs/user/sqlglot_noop_track_a_120_canonical_v0__spark/tag_slices.csv,diagnostic join from existing ledger row and retained taxonomy used by tag_slices; tag present in existing tag_slices.csv
sqlglot_noop,sqlglot_noop_track_a_120_canonical_v0,spark,PERF,PERF_0077,sql_feature,aggregate,none,exact,true,true,true,true,true,,runs/user/sqlglot_noop_track_a_120_canonical_v0__spark/tag_slices.csv,diagnostic join from existing ledger row and retained taxonomy used by tag_slices; tag present in existing tag_slices.csv
sqlglot_noop,sqlglot_noop_track_a_120_canonical_v0,spark,PERF,PERF_0077,sql_feature,filter,none,exact,true,true,true,true,true,,runs/user/sqlglot_noop_track_a_120_canonical_v0__spark/tag_slices.csv,diagnostic join from existing ledger row and retained taxonomy used by tag_slices; tag present in existing tag_slices.csv
sqlglot_noop,sqlglot_noop_track_a_120_canonical_v0,spark,PERF,PERF_0077,sql_feature,join,none,exact,true,true,true,true,true,,runs/user/sqlglot_noop_track_a_120_canonical_v0__spark/tag_slices.csv,diagnostic join from existing ledger row and retained taxonomy used by tag_slices; tag present in existing tag_slices.csv
sqlglot_noop,sqlglot_noop_track_a_120_canonical_v0,spark,PERF,PERF_0077,sql_feature,text_like_predicate,none,exact,true,true,true,true,true,,runs/user/sqlglot_noop_track_a_120_canonical_v0__spark/tag_slices.csv,diagnostic join from existing ledger row and retained taxonomy used by tag_slices; tag present in existing tag_slices.csv
sqlglot_noop,sqlglot_noop_track_a_120_canonical_v0,spark,PERF,PERF_0082,sql_feature,aggregate,none,exact,true,true,true,true,true,,runs/user/sqlglot_noop_track_a_120_canonical_v0__spark/tag_slices.csv,diagnostic join from existing ledger row and retained taxonomy used by tag_slices; tag present in existing tag_slices.csv
sqlglot_noop,sqlglot_noop_track_a_120_canonical_v0,spark,PERF,PERF_0082,sql_feature,filter,none,exact,true,true,true,true,true,,runs/user/sqlglot_noop_track_a_120_canonical_v0__spark/tag_slices.csv,diagnostic join from existing ledger row and retained taxonomy used by tag_slices; tag present in existing tag_slices.csv
sqlglot_noop,sqlglot_noop_track_a_120_canonical_v0,spark,PERF,PERF_0082,sql_feature,join,none,exact,true,true,true,true,true,,runs/user/sqlglot_noop_track_a_120_canonical_v0__spark/tag_slices.csv,diagnostic join from existing ledger row and retained taxonomy used by tag_slices; tag present in existing tag_slices.csv
sqlglot_noop,sqlglot_noop_track_a_120_canonical_v0,spark,PERF,PERF_0082,sql_feature,materialize,none,exact,true,true,true,true,true,,runs/user/sqlglot_noop_track_a_120_canonical_v0__spark/tag_slices.csv,diagnostic join from existing ledger row and retained taxonomy used by tag_slices; tag present in existing tag_slices.csv
sqlglot_noop,sqlglot_noop_track_a_120_canonical_v0,spark,PERF,PERF_0082,sql_feature,text_like_predicate,none,exact,true,true,true,true,true,,runs/user/sqlglot_noop_track_a_120_canonical_v0__spark/tag_slices.csv,diagnostic join from existing ledger row and retained taxonomy used by tag_slices; tag present in existing tag_slices.csv
sqlglot_noop,sqlglot_noop_track_a_120_canonical_v0,spark,CONS,CONS_0005,portability_risk,null_semantics_gap,none,exact,true,true,true,true,true,,runs/user/sqlglot_noop_track_a_120_canonical_v0__spark/tag_slices.csv,diagnostic join from existing ledger row and retained taxonomy used by tag_slices; tag present in existing tag_slices.csv
sqlglot_noop,sqlglot_noop_track_a_120_canonical_v0,spark,CONS,CONS_0005,rewrite_opportunity,subquery_decorrelation,none,exact,true,true,true,true,true,,runs/user/sqlglot_noop_track_a_120_canonical_v0__spark/tag_slices.csv,diagnostic join from existing ledger row and retained taxonomy used by tag_slices; tag present in existing tag_slices.csv
sqlglot_noop,sqlglot_noop_track_a_120_canonical_v0,spark,CONS,CONS_0005,sql_feature,correlated_subquery,none,exact,true,true,true,true,true,,runs/user/sqlglot_noop_track_a_120_canonical_v0__spark/tag_slices.csv,diagnostic join from existing ledger row and retained taxonomy used by tag_slices; tag present in existing tag_slices.csv
sqlglot_noop,sqlglot_noop_track_a_120_canonical_v0,spark,CONS,CONS_0007,sql_feature,correlated_subquery,none,exact,true,true,true,true,true,,runs/user/sqlglot_noop_track_a_120_canonical_v0__spark/tag_slices.csv,diagnostic join from existing ledger row and retained taxonomy used by tag_slices; tag present in existing tag_slices.csv
sqlglot_noop,sqlglot_noop_track_a_120_canonical_v0,spark,CONS,CONS_0007,sql_feature,subquery_in_from,none,exact,true,true,true,true,true,,runs/user/sqlglot_noop_track_a_120_canonical_v0__spark/tag_slices.csv,diagnostic join from existing ledger row and retained taxonomy used by tag_slices; tag present in existing tag_slices.csv
sqlglot_noop,sqlglot_noop_track_a_120_canonical_v0,spark,CONS,CONS_0009,sql_feature,correlated_subquery,none,exact,true,true,true,true,true,,runs/user/sqlglot_noop_track_a_120_canonical_v0__spark/tag_slices.csv,diagnostic join from existing ledger row and retained taxonomy used by tag_slices; tag present in existing tag_slices.csv
sqlglot_noop,sqlglot_noop_track_a_120_canonical_v0,spark,CONS,CONS_0009,sql_feature,set_operation,none,exact,true,true,true,true,true,,runs/user/sqlglot_noop_track_a_120_canonical_v0__spark/tag_slices.csv,diagnostic join from existing ledger row and retained taxonomy used by tag_slices; tag present in existing tag_slices.csv
sqlglot_noop,sqlglot_noop_track_a_120_canonical_v0,spark,CONS,CONS_0010,sql_feature,correlated_subquery,none,exact,true,true,true,true,true,,runs/user/sqlglot_noop_track_a_120_canonical_v0__spark/tag_slices.csv,diagnostic join from existing ledger row and retained taxonomy used by tag_slices; tag present in existing tag_slices.csv
sqlglot_noop,sqlglot_noop_track_a_120_canonical_v0,spark,CONS,CONS_0011,sql_feature,correlated_subquery,none,exact,true,true,true,true,true,,runs/user/sqlglot_noop_track_a_120_canonical_v0__spark/tag_slices.csv,diagnostic join from existing ledger row and retained taxonomy used by tag_slices; tag present in existing tag_slices.csv
sqlglot_noop,sqlglot_noop_track_a_120_canonical_v0,spark,CONS,CONS_0011,sql_feature,outer_join,none,exact,true,true,true,true,true,,runs/user/sqlglot_noop_track_a_120_canonical_v0__spark/tag_slices.csv,diagnostic join from existing ledger row and retained taxonomy used by tag_slices; tag present in existing tag_slices.csv
sqlglot_noop,sqlglot_noop_track_a_120_canonical_v0,spark,CONS,CONS_0012,portability_risk,limit_fetch_gap,none,exact,true,true,true,true,true,,runs/user/sqlglot_noop_track_a_120_canonical_v0__spark/tag_slices.csv,diagnostic join from existing ledger row and retained taxonomy used by tag_slices; tag present in existing tag_slices.csv
sqlglot_noop,sqlglot_noop_track_a_120_canonical_v0,spark,CONS,CONS_0012,rewrite_opportunity,order_limit_simplification,none,exact,true,true,true,true,true,,runs/user/sqlglot_noop_track_a_120_canonical_v0__spark/tag_slices.csv,diagnostic join from existing ledger row and retained taxonomy used by tag_slices; tag present in existing tag_slices.csv
sqlglot_noop,sqlglot_noop_track_a_120_canonical_v0,spark,CONS,CONS_0012,rewrite_opportunity,subquery_decorrelation,none,exact,true,true,true,true,true,,runs/user/sqlglot_noop_track_a_120_canonical_v0__spark/tag_slices.csv,diagnostic join from existing ledger row and retained taxonomy used by tag_slices; tag present in existing tag_slices.csv
sqlglot_noop,sqlglot_noop_track_a_120_canonical_v0,spark,CONS,CONS_0012,sql_feature,correlated_subquery,none,exact,true,true,true,true,true,,runs/user/sqlglot_noop_track_a_120_canonical_v0__spark/tag_slices.csv,diagnostic join from existing ledger row and retained taxonomy used by tag_slices; tag present in existing tag_slices.csv
sqlglot_noop,sqlglot_noop_track_a_120_canonical_v0,spark,CONS,CONS_0024,rewrite_opportunity,subquery_decorrelation,none,exact,true,true,true,true,true,,runs/user/sqlglot_noop_track_a_120_canonical_v0__spark/tag_slices.csv,diagnostic join from existing ledger row and retained taxonomy used by tag_slices; tag present in existing tag_slices.csv
sqlglot_noop,sqlglot_noop_track_a_120_canonical_v0,spark,CONS,CONS_0024,sql_feature,correlated_subquery,none,exact,true,true,true,true,true,,runs/user/sqlglot_noop_track_a_120_canonical_v0__spark/tag_slices.csv,diagnostic join from existing ledger row and retained taxonomy used by tag_slices; tag present in existing tag_slices.csv
sqlglot_noop,sqlglot_noop_track_a_120_canonical_v0,spark,CONS,CONS_0024,sql_feature,outer_join,none,exact,true,true,true,true,true,,runs/user/sqlglot_noop_track_a_120_canonical_v0__spark/tag_slices.csv,diagnostic join from existing ledger row and retained taxonomy used by tag_slices; tag present in existing tag_slices.csv
sqlglot_noop,sqlglot_noop_track_a_120_canonical_v0,spark,CONS,CONS_0036,rewrite_opportunity,aggregation_rewrite,none,exact,true,true,true,true,true,,runs/user/sqlglot_noop_track_a_120_canonical_v0__spark/tag_slices.csv,diagnostic join from existing ledger row and retained taxonomy used by tag_slices; tag present in existing tag_slices.csv
sqlglot_noop,sqlglot_noop_track_a_120_canonical_v0,spark,CONS,CONS_0036,rewrite_opportunity,predicate_pushdown,none,exact,true,true,true,true,true,,runs/user/sqlglot_noop_track_a_120_canonical_v0__spark/tag_slices.csv,diagnostic join from existing ledger row and retained taxonomy used by tag_slices; tag present in existing tag_slices.csv
sqlglot_noop,sqlglot_noop_track_a_120_canonical_v0,spark,CONS,CONS_0037,rewrite_opportunity,aggregation_rewrite,none,exact,true,true,true,true,true,,runs/user/sqlglot_noop_track_a_120_canonical_v0__spark/tag_slices.csv,diagnostic join from existing ledger row and retained taxonomy used by tag_slices; tag present in existing tag_slices.csv
sqlglot_noop,sqlglot_noop_track_a_120_canonical_v0,spark,CONS,CONS_0037,sql_feature,outer_join,none,exact,true,true,true,true,true,,runs/user/sqlglot_noop_track_a_120_canonical_v0__spark/tag_slices.csv,diagnostic join from existing ledger row and retained taxonomy used by tag_slices; tag present in existing tag_slices.csv
sqlglot_noop,sqlglot_noop_track_a_120_canonical_v0,spark,PORT,PORT_0003,portability_risk,identifier_quoting,candidate_execution_failed,not_exact_due_to_execution_failure,true,true,false,false,false,runs/user/sqlglot_noop_track_a_120_canonical_v0__spark/failures.csv,runs/user/sqlglot_noop_track_a_120_canonical_v0__spark/tag_slices.csv,diagnostic join from existing ledger row and retained taxonomy used by tag_slices; tag present in existing tag_slices.csv
sqlglot_noop,sqlglot_noop_track_a_120_canonical_v0,spark,PORT,PORT_0003,portability_risk,limit_fetch_gap,candidate_execution_failed,not_exact_due_to_execution_failure,true,true,false,false,false,runs/user/sqlglot_noop_track_a_120_canonical_v0__spark/failures.csv,runs/user/sqlglot_noop_track_a_120_canonical_v0__spark/tag_slices.csv,diagnostic join from existing ledger row and retained taxonomy used by tag_slices; tag present in existing tag_slices.csv
sqlglot_noop,sqlglot_noop_track_a_120_canonical_v0,spark,PORT,PORT_0003,portability_risk,null_semantics_gap,candidate_execution_failed,not_exact_due_to_execution_failure,true,true,false,false,false,runs/user/sqlglot_noop_track_a_120_canonical_v0__spark/failures.csv,runs/user/sqlglot_noop_track_a_120_canonical_v0__spark/tag_slices.csv,diagnostic join from existing ledger row and retained taxonomy used by tag_slices; tag present in existing tag_slices.csv
sqlglot_noop,sqlglot_noop_track_a_120_canonical_v0,spark,PORT,PORT_0003,rewrite_opportunity,dialect_adaptation,candidate_execution_failed,not_exact_due_to_execution_failure,true,true,false,false,false,runs/user/sqlglot_noop_track_a_120_canonical_v0__spark/failures.csv,runs/user/sqlglot_noop_track_a_120_canonical_v0__spark/tag_slices.csv,diagnostic join from existing ledger row and retained taxonomy used by tag_slices; tag present in existing tag_slices.csv
sqlglot_noop,sqlglot_noop_track_a_120_canonical_v0,spark,PORT,PORT_0003,rewrite_opportunity,order_limit_simplification,candidate_execution_failed,not_exact_due_to_execution_failure,true,true,false,false,false,runs/user/sqlglot_noop_track_a_120_canonical_v0__spark/failures.csv,runs/user/sqlglot_noop_track_a_120_canonical_v0__spark/tag_slices.csv,diagnostic join from existing ledger row and retained taxonomy used by tag_slices; tag present in existing tag_slices.csv
sqlglot_noop,sqlglot_noop_track_a_120_canonical_v0,spark,PORT,PORT_0004,portability_risk,date_filter_semantics,mismatch,mismatch,true,true,true,false,false,runs/user/sqlglot_noop_track_a_120_canonical_v0__spark/failures.csv,runs/user/sqlglot_noop_track_a_120_canonical_v0__spark/tag_slices.csv,diagnostic join from existing ledger row and retained taxonomy used by tag_slices; tag present in existing tag_slices.csv
sqlglot_noop,sqlglot_noop_track_a_120_canonical_v0,spark,PORT,PORT_0004,portability_risk,datetime_semantics_gap,mismatch,mismatch,true,true,true,false,false,runs/user/sqlglot_noop_track_a_120_canonical_v0__spark/failures.csv,runs/user/sqlglot_noop_track_a_120_canonical_v0__spark/tag_slices.csv,diagnostic join from existing ledger row and retained taxonomy used by tag_slices; tag present in existing tag_slices.csv
sqlglot_noop,sqlglot_noop_track_a_120_canonical_v0,spark,PORT,PORT_0004,portability_risk,identifier_quoting,mismatch,mismatch,true,true,true,false,false,runs/user/sqlglot_noop_track_a_120_canonical_v0__spark/failures.csv,runs/user/sqlglot_noop_track_a_120_canonical_v0__spark/tag_slices.csv,diagnostic join from existing ledger row and retained taxonomy used by tag_slices; tag present in existing tag_slices.csv
sqlglot_noop,sqlglot_noop_track_a_120_canonical_v0,spark,PORT,PORT_0004,portability_risk,literal_predicate_boundary,mismatch,mismatch,true,true,true,false,false,runs/user/sqlglot_noop_track_a_120_canonical_v0__spark/failures.csv,runs/user/sqlglot_noop_track_a_120_canonical_v0__spark/tag_slices.csv,diagnostic join from existing ledger row and retained taxonomy used by tag_slices; tag present in existing tag_slices.csv
sqlglot_noop,sqlglot_noop_track_a_120_canonical_v0,spark,PORT,PORT_0004,portability_risk,result_set_semantics,mismatch,mismatch,true,true,true,false,false,runs/user/sqlglot_noop_track_a_120_canonical_v0__spark/failures.csv,runs/user/sqlglot_noop_track_a_120_canonical_v0__spark/tag_slices.csv,diagnostic join from existing ledger row and retained taxonomy used by tag_slices; tag present in existing tag_slices.csv
sqlglot_noop,sqlglot_noop_track_a_120_canonical_v0,spark,PORT,PORT_0004,portability_risk,type_semantics_gap,mismatch,mismatch,true,true,true,false,false,runs/user/sqlglot_noop_track_a_120_canonical_v0__spark/failures.csv,runs/user/sqlglot_noop_track_a_120_canonical_v0__spark/tag_slices.csv,diagnostic join from existing ledger row and retained taxonomy used by tag_slices; tag present in existing tag_slices.csv
sqlglot_noop,sqlglot_noop_track_a_120_canonical_v0,spark,PORT,PORT_0004,rewrite_opportunity,dialect_adaptation,mismatch,mismatch,true,true,true,false,false,runs/user/sqlglot_noop_track_a_120_canonical_v0__spark/failures.csv,runs/user/sqlglot_noop_track_a_120_canonical_v0__spark/tag_slices.csv,diagnostic join from existing ledger row and retained taxonomy used by tag_slices; tag present in existing tag_slices.csv
sqlglot_noop,sqlglot_noop_track_a_120_canonical_v0,spark,PORT,PORT_0005,portability_risk,identifier_quoting,mismatch,mismatch,true,true,true,false,false,runs/user/sqlglot_noop_track_a_120_canonical_v0__spark/failures.csv,runs/user/sqlglot_noop_track_a_120_canonical_v0__spark/tag_slices.csv,diagnostic join from existing ledger row and retained taxonomy used by tag_slices; tag present in existing tag_slices.csv
sqlglot_noop,sqlglot_noop_track_a_120_canonical_v0,spark,PORT,PORT_0005,portability_risk,limit_fetch_gap,mismatch,mismatch,true,true,true,false,false,runs/user/sqlglot_noop_track_a_120_canonical_v0__spark/failures.csv,runs/user/sqlglot_noop_track_a_120_canonical_v0__spark/tag_slices.csv,diagnostic join from existing ledger row and retained taxonomy used by tag_slices; tag present in existing tag_slices.csv
sqlglot_noop,sqlglot_noop_track_a_120_canonical_v0,spark,PORT,PORT_0005,portability_risk,null_semantics_gap,mismatch,mismatch,true,true,true,false,false,runs/user/sqlglot_noop_track_a_120_canonical_v0__spark/failures.csv,runs/user/sqlglot_noop_track_a_120_canonical_v0__spark/tag_slices.csv,diagnostic join from existing ledger row and retained taxonomy used by tag_slices; tag present in existing tag_slices.csv
sqlglot_noop,sqlglot_noop_track_a_120_canonical_v0,spark,PORT,PORT_0005,portability_risk,order_direction_gap,mismatch,mismatch,true,true,true,false,false,runs/user/sqlglot_noop_track_a_120_canonical_v0__spark/failures.csv,runs/user/sqlglot_noop_track_a_120_canonical_v0__spark/tag_slices.csv,diagnostic join from existing ledger row and retained taxonomy used by tag_slices; tag present in existing tag_slices.csv
sqlglot_noop,sqlglot_noop_track_a_120_canonical_v0,spark,PORT,PORT_0005,rewrite_opportunity,dialect_adaptation,mismatch,mismatch,true,true,true,false,false,runs/user/sqlglot_noop_track_a_120_canonical_v0__spark/failures.csv,runs/user/sqlglot_noop_track_a_120_canonical_v0__spark/tag_slices.csv,diagnostic join from existing ledger row and retained taxonomy used by tag_slices; tag present in existing tag_slices.csv
sqlglot_noop,sqlglot_noop_track_a_120_canonical_v0,spark,PORT,PORT_0005,rewrite_opportunity,order_limit_simplification,mismatch,mismatch,true,true,true,false,false,runs/user/sqlglot_noop_track_a_120_canonical_v0__spark/failures.csv,runs/user/sqlglot_noop_track_a_120_canonical_v0__spark/tag_slices.csv,diagnostic join from existing ledger row and retained taxonomy used by tag_slices; tag present in existing tag_slices.csv
sqlglot_noop,sqlglot_noop_track_a_120_canonical_v0,spark,PORT,PORT_0008,portability_risk,date_time_semantics,unsupported_engine,not_exact_due_to_execution_failure,false,true,false,false,false,runs/user/sqlglot_noop_track_a_120_canonical_v0__spark/failures.csv,runs/user/sqlglot_noop_track_a_120_canonical_v0__spark/tag_slices.csv,diagnostic join from existing ledger row and retained taxonomy used by tag_slices; tag present in existing tag_slices.csv
sqlglot_noop,sqlglot_noop_track_a_120_canonical_v0,spark,PORT,PORT_0008,portability_risk,identifier_case_or_quoting,unsupported_engine,not_exact_due_to_execution_failure,false,true,false,false,false,runs/user/sqlglot_noop_track_a_120_canonical_v0__spark/failures.csv,runs/user/sqlglot_noop_track_a_120_canonical_v0__spark/tag_slices.csv,diagnostic join from existing ledger row and retained taxonomy used by tag_slices; tag present in existing tag_slices.csv
sqlglot_noop,sqlglot_noop_track_a_120_canonical_v0,spark,PORT,PORT_0008,portability_risk,type_coercion,unsupported_engine,not_exact_due_to_execution_failure,false,true,false,false,false,runs/user/sqlglot_noop_track_a_120_canonical_v0__spark/failures.csv,runs/user/sqlglot_noop_track_a_120_canonical_v0__spark/tag_slices.csv,diagnostic join from existing ledger row and retained taxonomy used by tag_slices; tag present in existing tag_slices.csv
sqlglot_noop,sqlglot_noop_track_a_120_canonical_v0,spark,PORT,PORT_0008,rewrite_opportunity,dialect_adaptation,unsupported_engine,not_exact_due_to_execution_failure,false,true,false,false,false,runs/user/sqlglot_noop_track_a_120_canonical_v0__spark/failures.csv,runs/user/sqlglot_noop_track_a_120_canonical_v0__spark/tag_slices.csv,diagnostic join from existing ledger row and retained taxonomy used by tag_slices; tag present in existing tag_slices.csv
sqlglot_noop,sqlglot_noop_track_a_120_canonical_v0,spark,PORT,PORT_0008,rewrite_opportunity,function_normalization,unsupported_engine,not_exact_due_to_execution_failure,false,true,false,false,false,runs/user/sqlglot_noop_track_a_120_canonical_v0__spark/failures.csv,runs/user/sqlglot_noop_track_a_120_canonical_v0__spark/tag_slices.csv,diagnostic join from existing ledger row and retained taxonomy used by tag_slices; tag present in existing tag_slices.csv
sqlglot_noop,sqlglot_noop_track_a_120_canonical_v0,spark,PORT,PORT_0008,sql_feature,date_time_function,unsupported_engine,not_exact_due_to_execution_failure,false,true,false,false,false,runs/user/sqlglot_noop_track_a_120_canonical_v0__spark/failures.csv,runs/user/sqlglot_noop_track_a_120_canonical_v0__spark/tag_slices.csv,diagnostic join from existing ledger row and retained taxonomy used by tag_slices; tag present in existing tag_slices.csv
sqlglot_noop,sqlglot_noop_track_a_120_canonical_v0,spark,PORT,PORT_0008,sql_feature,expression_complexity,unsupported_engine,not_exact_due_to_execution_failure,false,true,false,false,false,runs/user/sqlglot_noop_track_a_120_canonical_v0__spark/failures.csv,runs/user/sqlglot_noop_track_a_120_canonical_v0__spark/tag_slices.csv,diagnostic join from existing ledger row and retained taxonomy used by tag_slices; tag present in existing tag_slices.csv
sqlglot_noop,sqlglot_noop_track_a_120_canonical_v0,spark,PORT,PORT_0012,portability_risk,datetime_semantics_gap,unsupported_engine,not_exact_due_to_execution_failure,false,true,false,false,false,runs/user/sqlglot_noop_track_a_120_canonical_v0__spark/failures.csv,runs/user/sqlglot_noop_track_a_120_canonical_v0__spark/tag_slices.csv,diagnostic join from existing ledger row and retained taxonomy used by tag_slices; tag present in existing tag_slices.csv
sqlglot_noop,sqlglot_noop_track_a_120_canonical_v0,spark,PORT,PORT_0012,portability_risk,identifier_quoting,unsupported_engine,not_exact_due_to_execution_failure,false,true,false,false,false,runs/user/sqlglot_noop_track_a_120_canonical_v0__spark/failures.csv,runs/user/sqlglot_noop_track_a_120_canonical_v0__spark/tag_slices.csv,diagnostic join from existing ledger row and retained taxonomy used by tag_slices; tag present in existing tag_slices.csv
sqlglot_noop,sqlglot_noop_track_a_120_canonical_v0,spark,PORT,PORT_0012,portability_risk,type_semantics_gap,unsupported_engine,not_exact_due_to_execution_failure,false,true,false,false,false,runs/user/sqlglot_noop_track_a_120_canonical_v0__spark/failures.csv,runs/user/sqlglot_noop_track_a_120_canonical_v0__spark/tag_slices.csv,diagnostic join from existing ledger row and retained taxonomy used by tag_slices; tag present in existing tag_slices.csv
sqlglot_noop,sqlglot_noop_track_a_120_canonical_v0,spark,PORT,PORT_0012,rewrite_opportunity,dialect_adaptation,unsupported_engine,not_exact_due_to_execution_failure,false,true,false,false,false,runs/user/sqlglot_noop_track_a_120_canonical_v0__spark/failures.csv,runs/user/sqlglot_noop_track_a_120_canonical_v0__spark/tag_slices.csv,diagnostic join from existing ledger row and retained taxonomy used by tag_slices; tag present in existing tag_slices.csv
sqlglot_noop,sqlglot_noop_track_a_120_canonical_v0,spark,PORT,PORT_0012,rewrite_opportunity,expression_simplification,unsupported_engine,not_exact_due_to_execution_failure,false,true,false,false,false,runs/user/sqlglot_noop_track_a_120_canonical_v0__spark/failures.csv,runs/user/sqlglot_noop_track_a_120_canonical_v0__spark/tag_slices.csv,diagnostic join from existing ledger row and retained taxonomy used by tag_slices; tag present in existing tag_slices.csv
sqlglot_noop,sqlglot_noop_track_a_120_canonical_v0,spark,PORT,PORT_0012,rewrite_opportunity,function_normalization,unsupported_engine,not_exact_due_to_execution_failure,false,true,false,false,false,runs/user/sqlglot_noop_track_a_120_canonical_v0__spark/failures.csv,runs/user/sqlglot_noop_track_a_120_canonical_v0__spark/tag_slices.csv,diagnostic join from existing ledger row and retained taxonomy used by tag_slices; tag present in existing tag_slices.csv
sqlglot_noop,sqlglot_noop_track_a_120_canonical_v0,spark,PORT,PORT_0012,sql_feature,date_time_function,unsupported_engine,not_exact_due_to_execution_failure,false,true,false,false,false,runs/user/sqlglot_noop_track_a_120_canonical_v0__spark/failures.csv,runs/user/sqlglot_noop_track_a_120_canonical_v0__spark/tag_slices.csv,diagnostic join from existing ledger row and retained taxonomy used by tag_slices; tag present in existing tag_slices.csv
sqlglot_noop,sqlglot_noop_track_a_120_canonical_v0,spark,PORT,PORT_0012,sql_feature,expression_complexity,unsupported_engine,not_exact_due_to_execution_failure,false,true,false,false,false,runs/user/sqlglot_noop_track_a_120_canonical_v0__spark/failures.csv,runs/user/sqlglot_noop_track_a_120_canonical_v0__spark/tag_slices.csv,diagnostic join from existing ledger row and retained taxonomy used by tag_slices; tag present in existing tag_slices.csv
sqlglot_noop,sqlglot_noop_track_a_120_canonical_v0,spark,PORT,PORT_0013,portability_risk,boolean_semantics_gap,candidate_execution_failed,not_exact_due_to_execution_failure,true,true,false,false,false,runs/user/sqlglot_noop_track_a_120_canonical_v0__spark/failures.csv,runs/user/sqlglot_noop_track_a_120_canonical_v0__spark/tag_slices.csv,diagnostic join from existing ledger row and retained taxonomy used by tag_slices; tag present in existing tag_slices.csv
sqlglot_noop,sqlglot_noop_track_a_120_canonical_v0,spark,PORT,PORT_0013,portability_risk,complex_expression_density,candidate_execution_failed,not_exact_due_to_execution_failure,true,true,false,false,false,runs/user/sqlglot_noop_track_a_120_canonical_v0__spark/failures.csv,runs/user/sqlglot_noop_track_a_120_canonical_v0__spark/tag_slices.csv,diagnostic join from existing ledger row and retained taxonomy used by tag_slices; tag present in existing tag_slices.csv
sqlglot_noop,sqlglot_noop_track_a_120_canonical_v0,spark,PORT,PORT_0013,portability_risk,identifier_quoting,candidate_execution_failed,not_exact_due_to_execution_failure,true,true,false,false,false,runs/user/sqlglot_noop_track_a_120_canonical_v0__spark/failures.csv,runs/user/sqlglot_noop_track_a_120_canonical_v0__spark/tag_slices.csv,diagnostic join from existing ledger row and retained taxonomy used by tag_slices; tag present in existing tag_slices.csv
sqlglot_noop,sqlglot_noop_track_a_120_canonical_v0,spark,PORT,PORT_0013,portability_risk,type_semantics_gap,candidate_execution_failed,not_exact_due_to_execution_failure,true,true,false,false,false,runs/user/sqlglot_noop_track_a_120_canonical_v0__spark/failures.csv,runs/user/sqlglot_noop_track_a_120_canonical_v0__spark/tag_slices.csv,diagnostic join from existing ledger row and retained taxonomy used by tag_slices; tag present in existing tag_slices.csv
sqlglot_noop,sqlglot_noop_track_a_120_canonical_v0,spark,PORT,PORT_0013,rewrite_opportunity,dialect_adaptation,candidate_execution_failed,not_exact_due_to_execution_failure,true,true,false,false,false,runs/user/sqlglot_noop_track_a_120_canonical_v0__spark/failures.csv,runs/user/sqlglot_noop_track_a_120_canonical_v0__spark/tag_slices.csv,diagnostic join from existing ledger row and retained taxonomy used by tag_slices; tag present in existing tag_slices.csv
sqlglot_noop,sqlglot_noop_track_a_120_canonical_v0,spark,PORT,PORT_0013,rewrite_opportunity,expression_simplification,candidate_execution_failed,not_exact_due_to_execution_failure,true,true,false,false,false,runs/user/sqlglot_noop_track_a_120_canonical_v0__spark/failures.csv,runs/user/sqlglot_noop_track_a_120_canonical_v0__spark/tag_slices.csv,diagnostic join from existing ledger row and retained taxonomy used by tag_slices; tag present in existing tag_slices.csv
sqlglot_noop,sqlglot_noop_track_a_120_canonical_v0,spark,PORT,PORT_0013,sql_feature,expression_complexity,candidate_execution_failed,not_exact_due_to_execution_failure,true,true,false,false,false,runs/user/sqlglot_noop_track_a_120_canonical_v0__spark/failures.csv,runs/user/sqlglot_noop_track_a_120_canonical_v0__spark/tag_slices.csv,diagnostic join from existing ledger row and retained taxonomy used by tag_slices; tag present in existing tag_slices.csv
sqlglot_noop,sqlglot_noop_track_a_120_canonical_v0,spark,PORT,PORT_0022,portability_risk,date_filter_semantics,unsupported_engine,not_exact_due_to_execution_failure,false,true,false,false,false,runs/user/sqlglot_noop_track_a_120_canonical_v0__spark/failures.csv,runs/user/sqlglot_noop_track_a_120_canonical_v0__spark/tag_slices.csv,diagnostic join from existing ledger row and retained taxonomy used by tag_slices; tag present in existing tag_slices.csv
sqlglot_noop,sqlglot_noop_track_a_120_canonical_v0,spark,PORT,PORT_0022,portability_risk,date_time_semantics,unsupported_engine,not_exact_due_to_execution_failure,false,true,false,false,false,runs/user/sqlglot_noop_track_a_120_canonical_v0__spark/failures.csv,runs/user/sqlglot_noop_track_a_120_canonical_v0__spark/tag_slices.csv,diagnostic join from existing ledger row and retained taxonomy used by tag_slices; tag present in existing tag_slices.csv
sqlglot_noop,sqlglot_noop_track_a_120_canonical_v0,spark,PORT,PORT_0022,portability_risk,join_aggregate_input_boundary,unsupported_engine,not_exact_due_to_execution_failure,false,true,false,false,false,runs/user/sqlglot_noop_track_a_120_canonical_v0__spark/failures.csv,runs/user/sqlglot_noop_track_a_120_canonical_v0__spark/tag_slices.csv,diagnostic join from existing ledger row and retained taxonomy used by tag_slices; tag present in existing tag_slices.csv
sqlglot_noop,sqlglot_noop_track_a_120_canonical_v0,spark,PORT,PORT_0022,portability_risk,literal_predicate_boundary,unsupported_engine,not_exact_due_to_execution_failure,false,true,false,false,false,runs/user/sqlglot_noop_track_a_120_canonical_v0__spark/failures.csv,runs/user/sqlglot_noop_track_a_120_canonical_v0__spark/tag_slices.csv,diagnostic join from existing ledger row and retained taxonomy used by tag_slices; tag present in existing tag_slices.csv
sqlglot_noop,sqlglot_noop_track_a_120_canonical_v0,spark,PORT,PORT_0022,portability_risk,type_coercion,unsupported_engine,not_exact_due_to_execution_failure,false,true,false,false,false,runs/user/sqlglot_noop_track_a_120_canonical_v0__spark/failures.csv,runs/user/sqlglot_noop_track_a_120_canonical_v0__spark/tag_slices.csv,diagnostic join from existing ledger row and retained taxonomy used by tag_slices; tag present in existing tag_slices.csv
sqlglot_noop,sqlglot_noop_track_a_120_canonical_v0,spark,PORT,PORT_0022,rewrite_opportunity,dialect_adaptation,unsupported_engine,not_exact_due_to_execution_failure,false,true,false,false,false,runs/user/sqlglot_noop_track_a_120_canonical_v0__spark/failures.csv,runs/user/sqlglot_noop_track_a_120_canonical_v0__spark/tag_slices.csv,diagnostic join from existing ledger row and retained taxonomy used by tag_slices; tag present in existing tag_slices.csv
sqlglot_noop,sqlglot_noop_track_a_120_canonical_v0,spark,PORT,PORT_0024,portability_risk,aggregate_expression_semantics,unsupported_engine,not_exact_due_to_execution_failure,false,true,false,false,false,runs/user/sqlglot_noop_track_a_120_canonical_v0__spark/failures.csv,runs/user/sqlglot_noop_track_a_120_canonical_v0__spark/tag_slices.csv,diagnostic join from existing ledger row and retained taxonomy used by tag_slices; tag present in existing tag_slices.csv
sqlglot_noop,sqlglot_noop_track_a_120_canonical_v0,spark,PORT,PORT_0024,portability_risk,boolean_semantics,unsupported_engine,not_exact_due_to_execution_failure,false,true,false,false,false,runs/user/sqlglot_noop_track_a_120_canonical_v0__spark/failures.csv,runs/user/sqlglot_noop_track_a_120_canonical_v0__spark/tag_slices.csv,diagnostic join from existing ledger row and retained taxonomy used by tag_slices; tag present in existing tag_slices.csv
sqlglot_noop,sqlglot_noop_track_a_120_canonical_v0,spark,PORT,PORT_0024,portability_risk,literal_predicate_boundary,unsupported_engine,not_exact_due_to_execution_failure,false,true,false,false,false,runs/user/sqlglot_noop_track_a_120_canonical_v0__spark/failures.csv,runs/user/sqlglot_noop_track_a_120_canonical_v0__spark/tag_slices.csv,diagnostic join from existing ledger row and retained taxonomy used by tag_slices; tag present in existing tag_slices.csv
sqlglot_noop,sqlglot_noop_track_a_120_canonical_v0,spark,PORT,PORT_0024,portability_risk,type_coercion,unsupported_engine,not_exact_due_to_execution_failure,false,true,false,false,false,runs/user/sqlglot_noop_track_a_120_canonical_v0__spark/failures.csv,runs/user/sqlglot_noop_track_a_120_canonical_v0__spark/tag_slices.csv,diagnostic join from existing ledger row and retained taxonomy used by tag_slices; tag present in existing tag_slices.csv
sqlglot_noop,sqlglot_noop_track_a_120_canonical_v0,spark,PORT,PORT_0024,rewrite_opportunity,dialect_adaptation,unsupported_engine,not_exact_due_to_execution_failure,false,true,false,false,false,runs/user/sqlglot_noop_track_a_120_canonical_v0__spark/failures.csv,runs/user/sqlglot_noop_track_a_120_canonical_v0__spark/tag_slices.csv,diagnostic join from existing ledger row and retained taxonomy used by tag_slices; tag present in existing tag_slices.csv
sqlglot_noop,sqlglot_noop_track_a_120_canonical_v0,spark,PORT,PORT_0025,portability_risk,date_time_semantics,unsupported_engine,not_exact_due_to_execution_failure,false,true,false,false,false,runs/user/sqlglot_noop_track_a_120_canonical_v0__spark/failures.csv,runs/user/sqlglot_noop_track_a_120_canonical_v0__spark/tag_slices.csv,diagnostic join from existing ledger row and retained taxonomy used by tag_slices; tag present in existing tag_slices.csv
sqlglot_noop,sqlglot_noop_track_a_120_canonical_v0,spark,PORT,PORT_0025,portability_risk,order_direction_semantics,unsupported_engine,not_exact_due_to_execution_failure,false,true,false,false,false,runs/user/sqlglot_noop_track_a_120_canonical_v0__spark/failures.csv,runs/user/sqlglot_noop_track_a_120_canonical_v0__spark/tag_slices.csv,diagnostic join from existing ledger row and retained taxonomy used by tag_slices; tag present in existing tag_slices.csv
sqlglot_noop,sqlglot_noop_track_a_120_canonical_v0,spark,PORT,PORT_0025,portability_risk,order_limit_semantics,unsupported_engine,not_exact_due_to_execution_failure,false,true,false,false,false,runs/user/sqlglot_noop_track_a_120_canonical_v0__spark/failures.csv,runs/user/sqlglot_noop_track_a_120_canonical_v0__spark/tag_slices.csv,diagnostic join from existing ledger row and retained taxonomy used by tag_slices; tag present in existing tag_slices.csv
sqlglot_noop,sqlglot_noop_track_a_120_canonical_v0,spark,PORT,PORT_0025,portability_risk,pagination_or_limit_offset,unsupported_engine,not_exact_due_to_execution_failure,false,true,false,false,false,runs/user/sqlglot_noop_track_a_120_canonical_v0__spark/failures.csv,runs/user/sqlglot_noop_track_a_120_canonical_v0__spark/tag_slices.csv,diagnostic join from existing ledger row and retained taxonomy used by tag_slices; tag present in existing tag_slices.csv
sqlglot_noop,sqlglot_noop_track_a_120_canonical_v0,spark,PORT,PORT_0025,portability_risk,top_1_row_selection,unsupported_engine,not_exact_due_to_execution_failure,false,true,false,false,false,runs/user/sqlglot_noop_track_a_120_canonical_v0__spark/failures.csv,runs/user/sqlglot_noop_track_a_120_canonical_v0__spark/tag_slices.csv,diagnostic join from existing ledger row and retained taxonomy used by tag_slices; tag present in existing tag_slices.csv
sqlglot_noop,sqlglot_noop_track_a_120_canonical_v0,spark,PORT,PORT_0025,rewrite_opportunity,dialect_adaptation,unsupported_engine,not_exact_due_to_execution_failure,false,true,false,false,false,runs/user/sqlglot_noop_track_a_120_canonical_v0__spark/failures.csv,runs/user/sqlglot_noop_track_a_120_canonical_v0__spark/tag_slices.csv,diagnostic join from existing ledger row and retained taxonomy used by tag_slices; tag present in existing tag_slices.csv
sqlglot_noop,sqlglot_noop_track_a_120_canonical_v0,spark,LONGTAIL,LONGTAIL_0011,rewrite_opportunity,cte_strategy,none,exact,true,true,true,true,true,,runs/user/sqlglot_noop_track_a_120_canonical_v0__spark/tag_slices.csv,diagnostic join from existing ledger row and retained taxonomy used by tag_slices; tag present in existing tag_slices.csv
sqlglot_noop,sqlglot_noop_track_a_120_canonical_v0,spark,LONGTAIL,LONGTAIL_0011,rewrite_opportunity,expression_simplification,none,exact,true,true,true,true,true,,runs/user/sqlglot_noop_track_a_120_canonical_v0__spark/tag_slices.csv,diagnostic join from existing ledger row and retained taxonomy used by tag_slices; tag present in existing tag_slices.csv
sqlglot_noop,sqlglot_noop_track_a_120_canonical_v0,spark,LONGTAIL,LONGTAIL_0011,sql_feature,aggregate,none,exact,true,true,true,true,true,,runs/user/sqlglot_noop_track_a_120_canonical_v0__spark/tag_slices.csv,diagnostic join from existing ledger row and retained taxonomy used by tag_slices; tag present in existing tag_slices.csv
sqlglot_noop,sqlglot_noop_track_a_120_canonical_v0,spark,LONGTAIL,LONGTAIL_0011,sql_feature,cte,none,exact,true,true,true,true,true,,runs/user/sqlglot_noop_track_a_120_canonical_v0__spark/tag_slices.csv,diagnostic join from existing ledger row and retained taxonomy used by tag_slices; tag present in existing tag_slices.csv
sqlglot_noop,sqlglot_noop_track_a_120_canonical_v0,spark,LONGTAIL,LONGTAIL_0011,sql_feature,join,none,exact,true,true,true,true,true,,runs/user/sqlglot_noop_track_a_120_canonical_v0__spark/tag_slices.csv,diagnostic join from existing ledger row and retained taxonomy used by tag_slices; tag present in existing tag_slices.csv
sqlglot_noop,sqlglot_noop_track_a_120_canonical_v0,spark,LONGTAIL,LONGTAIL_0011,sql_feature,sort,none,exact,true,true,true,true,true,,runs/user/sqlglot_noop_track_a_120_canonical_v0__spark/tag_slices.csv,diagnostic join from existing ledger row and retained taxonomy used by tag_slices; tag present in existing tag_slices.csv
sqlglot_noop,sqlglot_noop_track_a_120_canonical_v0,spark,LONGTAIL,LONGTAIL_0011,sql_feature,window_function,none,exact,true,true,true,true,true,,runs/user/sqlglot_noop_track_a_120_canonical_v0__spark/tag_slices.csv,diagnostic join from existing ledger row and retained taxonomy used by tag_slices; tag present in existing tag_slices.csv
sqlglot_noop,sqlglot_noop_track_a_120_canonical_v0,spark,LONGTAIL,LONGTAIL_0012,sql_feature,aggregation,none,exact,true,true,true,true,true,,runs/user/sqlglot_noop_track_a_120_canonical_v0__spark/tag_slices.csv,diagnostic join from existing ledger row and retained taxonomy used by tag_slices; tag present in existing tag_slices.csv
sqlglot_noop,sqlglot_noop_track_a_120_canonical_v0,spark,LONGTAIL,LONGTAIL_0012,sql_feature,complex_expression,none,exact,true,true,true,true,true,,runs/user/sqlglot_noop_track_a_120_canonical_v0__spark/tag_slices.csv,diagnostic join from existing ledger row and retained taxonomy used by tag_slices; tag present in existing tag_slices.csv
sqlglot_noop,sqlglot_noop_track_a_120_canonical_v0,spark,LONGTAIL,LONGTAIL_0012,sql_feature,outer_join,none,exact,true,true,true,true,true,,runs/user/sqlglot_noop_track_a_120_canonical_v0__spark/tag_slices.csv,diagnostic join from existing ledger row and retained taxonomy used by tag_slices; tag present in existing tag_slices.csv
sqlglot_noop,sqlglot_noop_track_a_120_canonical_v0,spark,LONGTAIL,LONGTAIL_0012,sql_feature,sort_limit,none,exact,true,true,true,true,true,,runs/user/sqlglot_noop_track_a_120_canonical_v0__spark/tag_slices.csv,diagnostic join from existing ledger row and retained taxonomy used by tag_slices; tag present in existing tag_slices.csv
sqlglot_noop,sqlglot_noop_track_a_120_canonical_v0,spark,LONGTAIL,LONGTAIL_0012,sql_feature,subquery_in_from,none,exact,true,true,true,true,true,,runs/user/sqlglot_noop_track_a_120_canonical_v0__spark/tag_slices.csv,diagnostic join from existing ledger row and retained taxonomy used by tag_slices; tag present in existing tag_slices.csv
sqlglot_noop,sqlglot_noop_track_a_120_canonical_v0,spark,LONGTAIL,LONGTAIL_0012,sql_feature,window_function,none,exact,true,true,true,true,true,,runs/user/sqlglot_noop_track_a_120_canonical_v0__spark/tag_slices.csv,diagnostic join from existing ledger row and retained taxonomy used by tag_slices; tag present in existing tag_slices.csv
sqlglot_noop,sqlglot_noop_track_a_120_canonical_v0,spark,LONGTAIL,LONGTAIL_0013,sql_feature,aggregation,none,exact,true,true,true,true,true,,runs/user/sqlglot_noop_track_a_120_canonical_v0__spark/tag_slices.csv,diagnostic join from existing ledger row and retained taxonomy used by tag_slices; tag present in existing tag_slices.csv
sqlglot_noop,sqlglot_noop_track_a_120_canonical_v0,spark,LONGTAIL,LONGTAIL_0013,sql_feature,complex_expression,none,exact,true,true,true,true,true,,runs/user/sqlglot_noop_track_a_120_canonical_v0__spark/tag_slices.csv,diagnostic join from existing ledger row and retained taxonomy used by tag_slices; tag present in existing tag_slices.csv
sqlglot_noop,sqlglot_noop_track_a_120_canonical_v0,spark,LONGTAIL,LONGTAIL_0013,sql_feature,cte,none,exact,true,true,true,true,true,,runs/user/sqlglot_noop_track_a_120_canonical_v0__spark/tag_slices.csv,diagnostic join from existing ledger row and retained taxonomy used by tag_slices; tag present in existing tag_slices.csv
sqlglot_noop,sqlglot_noop_track_a_120_canonical_v0,spark,LONGTAIL,LONGTAIL_0013,sql_feature,outer_join,none,exact,true,true,true,true,true,,runs/user/sqlglot_noop_track_a_120_canonical_v0__spark/tag_slices.csv,diagnostic join from existing ledger row and retained taxonomy used by tag_slices; tag present in existing tag_slices.csv
sqlglot_noop,sqlglot_noop_track_a_120_canonical_v0,spark,LONGTAIL,LONGTAIL_0013,sql_feature,sort,none,exact,true,true,true,true,true,,runs/user/sqlglot_noop_track_a_120_canonical_v0__spark/tag_slices.csv,diagnostic join from existing ledger row and retained taxonomy used by tag_slices; tag present in existing tag_slices.csv
sqlglot_noop,sqlglot_noop_track_a_120_canonical_v0,spark,LONGTAIL,LONGTAIL_0013,sql_feature,window_function,none,exact,true,true,true,true,true,,runs/user/sqlglot_noop_track_a_120_canonical_v0__spark/tag_slices.csv,diagnostic join from existing ledger row and retained taxonomy used by tag_slices; tag present in existing tag_slices.csv
sqlglot_noop,sqlglot_noop_track_a_120_canonical_v0,spark,LONGTAIL,LONGTAIL_0022,sql_feature,aggregation,none,exact,true,true,true,true,true,,runs/user/sqlglot_noop_track_a_120_canonical_v0__spark/tag_slices.csv,diagnostic join from existing ledger row and retained taxonomy used by tag_slices; tag present in existing tag_slices.csv
sqlglot_noop,sqlglot_noop_track_a_120_canonical_v0,spark,LONGTAIL,LONGTAIL_0022,sql_feature,cte,none,exact,true,true,true,true,true,,runs/user/sqlglot_noop_track_a_120_canonical_v0__spark/tag_slices.csv,diagnostic join from existing ledger row and retained taxonomy used by tag_slices; tag present in existing tag_slices.csv
sqlglot_noop,sqlglot_noop_track_a_120_canonical_v0,spark,LONGTAIL,LONGTAIL_0022,sql_feature,join,none,exact,true,true,true,true,true,,runs/user/sqlglot_noop_track_a_120_canonical_v0__spark/tag_slices.csv,diagnostic join from existing ledger row and retained taxonomy used by tag_slices; tag present in existing tag_slices.csv
sqlglot_noop,sqlglot_noop_track_a_120_canonical_v0,spark,LONGTAIL,LONGTAIL_0022,sql_feature,outer_join,none,exact,true,true,true,true,true,,runs/user/sqlglot_noop_track_a_120_canonical_v0__spark/tag_slices.csv,diagnostic join from existing ledger row and retained taxonomy used by tag_slices; tag present in existing tag_slices.csv
sqlglot_noop,sqlglot_noop_track_a_120_canonical_v0,spark,LONGTAIL,LONGTAIL_0022,sql_feature,sort,none,exact,true,true,true,true,true,,runs/user/sqlglot_noop_track_a_120_canonical_v0__spark/tag_slices.csv,diagnostic join from existing ledger row and retained taxonomy used by tag_slices; tag present in existing tag_slices.csv
sqlglot_noop,sqlglot_noop_track_a_120_canonical_v0,spark,LONGTAIL,LONGTAIL_0023,sql_feature,aggregation,none,exact,true,true,true,true,true,,runs/user/sqlglot_noop_track_a_120_canonical_v0__spark/tag_slices.csv,diagnostic join from existing ledger row and retained taxonomy used by tag_slices; tag present in existing tag_slices.csv
sqlglot_noop,sqlglot_noop_track_a_120_canonical_v0,spark,LONGTAIL,LONGTAIL_0023,sql_feature,cte,none,exact,true,true,true,true,true,,runs/user/sqlglot_noop_track_a_120_canonical_v0__spark/tag_slices.csv,diagnostic join from existing ledger row and retained taxonomy used by tag_slices; tag present in existing tag_slices.csv
sqlglot_noop,sqlglot_noop_track_a_120_canonical_v0,spark,LONGTAIL,LONGTAIL_0023,sql_feature,directed_relation,none,exact,true,true,true,true,true,,runs/user/sqlglot_noop_track_a_120_canonical_v0__spark/tag_slices.csv,diagnostic join from existing ledger row and retained taxonomy used by tag_slices; tag present in existing tag_slices.csv
sqlglot_noop,sqlglot_noop_track_a_120_canonical_v0,spark,LONGTAIL,LONGTAIL_0023,sql_feature,outer_join,none,exact,true,true,true,true,true,,runs/user/sqlglot_noop_track_a_120_canonical_v0__spark/tag_slices.csv,diagnostic join from existing ledger row and retained taxonomy used by tag_slices; tag present in existing tag_slices.csv
sqlglot_noop,sqlglot_noop_track_a_120_canonical_v0,spark,LONGTAIL,LONGTAIL_0023,sql_feature,sort,none,exact,true,true,true,true,true,,runs/user/sqlglot_noop_track_a_120_canonical_v0__spark/tag_slices.csv,diagnostic join from existing ledger row and retained taxonomy used by tag_slices; tag present in existing tag_slices.csv
sqlglot_noop,sqlglot_noop_track_a_120_canonical_v0,spark,LONGTAIL,LONGTAIL_0024,sql_feature,aggregation,none,exact,true,true,true,true,true,,runs/user/sqlglot_noop_track_a_120_canonical_v0__spark/tag_slices.csv,diagnostic join from existing ledger row and retained taxonomy used by tag_slices; tag present in existing tag_slices.csv
sqlglot_noop,sqlglot_noop_track_a_120_canonical_v0,spark,LONGTAIL,LONGTAIL_0024,sql_feature,cte,none,exact,true,true,true,true,true,,runs/user/sqlglot_noop_track_a_120_canonical_v0__spark/tag_slices.csv,diagnostic join from existing ledger row and retained taxonomy used by tag_slices; tag present in existing tag_slices.csv
sqlglot_noop,sqlglot_noop_track_a_120_canonical_v0,spark,LONGTAIL,LONGTAIL_0024,sql_feature,join,none,exact,true,true,true,true,true,,runs/user/sqlglot_noop_track_a_120_canonical_v0__spark/tag_slices.csv,diagnostic join from existing ledger row and retained taxonomy used by tag_slices; tag present in existing tag_slices.csv
sqlglot_noop,sqlglot_noop_track_a_120_canonical_v0,spark,LONGTAIL,LONGTAIL_0024,sql_feature,sort,none,exact,true,true,true,true,true,,runs/user/sqlglot_noop_track_a_120_canonical_v0__spark/tag_slices.csv,diagnostic join from existing ledger row and retained taxonomy used by tag_slices; tag present in existing tag_slices.csv
sqlglot_noop,sqlglot_noop_track_a_120_canonical_v0,spark,LONGTAIL,LONGTAIL_0024,sql_feature,temporal_min_max,none,exact,true,true,true,true,true,,runs/user/sqlglot_noop_track_a_120_canonical_v0__spark/tag_slices.csv,diagnostic join from existing ledger row and retained taxonomy used by tag_slices; tag present in existing tag_slices.csv
sqlglot_optimize_schema_aware,sqlglot_optimize_schema_aware_track_a_120_canonical_v0,postgres,PERF,PERF_0006,rewrite_opportunity,materialization_strategy,none,exact,true,true,true,true,true,,runs/user/sqlglot_optimize_schema_aware_track_a_120_canonical_v0__postgres/tag_slices.csv,diagnostic join from existing ledger row and retained taxonomy used by tag_slices; tag present in existing tag_slices.csv
sqlglot_optimize_schema_aware,sqlglot_optimize_schema_aware_track_a_120_canonical_v0,postgres,PERF,PERF_0006,rewrite_opportunity,predicate_pushdown,none,exact,true,true,true,true,true,,runs/user/sqlglot_optimize_schema_aware_track_a_120_canonical_v0__postgres/tag_slices.csv,diagnostic join from existing ledger row and retained taxonomy used by tag_slices; tag present in existing tag_slices.csv
sqlglot_optimize_schema_aware,sqlglot_optimize_schema_aware_track_a_120_canonical_v0,postgres,PERF,PERF_0006,sql_feature,date_time_function,none,exact,true,true,true,true,true,,runs/user/sqlglot_optimize_schema_aware_track_a_120_canonical_v0__postgres/tag_slices.csv,diagnostic join from existing ledger row and retained taxonomy used by tag_slices; tag present in existing tag_slices.csv
sqlglot_optimize_schema_aware,sqlglot_optimize_schema_aware_track_a_120_canonical_v0,postgres,PERF,PERF_0006,sql_feature,expression_complexity,none,exact,true,true,true,true,true,,runs/user/sqlglot_optimize_schema_aware_track_a_120_canonical_v0__postgres/tag_slices.csv,diagnostic join from existing ledger row and retained taxonomy used by tag_slices; tag present in existing tag_slices.csv
sqlglot_optimize_schema_aware,sqlglot_optimize_schema_aware_track_a_120_canonical_v0,postgres,PERF,PERF_0007,rewrite_opportunity,materialization_strategy,none,exact,true,true,true,true,true,,runs/user/sqlglot_optimize_schema_aware_track_a_120_canonical_v0__postgres/tag_slices.csv,diagnostic join from existing ledger row and retained taxonomy used by tag_slices; tag present in existing tag_slices.csv
sqlglot_optimize_schema_aware,sqlglot_optimize_schema_aware_track_a_120_canonical_v0,postgres,PERF,PERF_0007,rewrite_opportunity,predicate_pushdown,none,exact,true,true,true,true,true,,runs/user/sqlglot_optimize_schema_aware_track_a_120_canonical_v0__postgres/tag_slices.csv,diagnostic join from existing ledger row and retained taxonomy used by tag_slices; tag present in existing tag_slices.csv
sqlglot_optimize_schema_aware,sqlglot_optimize_schema_aware_track_a_120_canonical_v0,postgres,PERF,PERF_0007,sql_feature,date_time_function,none,exact,true,true,true,true,true,,runs/user/sqlglot_optimize_schema_aware_track_a_120_canonical_v0__postgres/tag_slices.csv,diagnostic join from existing ledger row and retained taxonomy used by tag_slices; tag present in existing tag_slices.csv
sqlglot_optimize_schema_aware,sqlglot_optimize_schema_aware_track_a_120_canonical_v0,postgres,PERF,PERF_0008,rewrite_opportunity,materialization_strategy,none,exact,true,true,true,true,true,,runs/user/sqlglot_optimize_schema_aware_track_a_120_canonical_v0__postgres/tag_slices.csv,diagnostic join from existing ledger row and retained taxonomy used by tag_slices; tag present in existing tag_slices.csv
sqlglot_optimize_schema_aware,sqlglot_optimize_schema_aware_track_a_120_canonical_v0,postgres,PERF,PERF_0008,rewrite_opportunity,predicate_pushdown,none,exact,true,true,true,true,true,,runs/user/sqlglot_optimize_schema_aware_track_a_120_canonical_v0__postgres/tag_slices.csv,diagnostic join from existing ledger row and retained taxonomy used by tag_slices; tag present in existing tag_slices.csv
sqlglot_optimize_schema_aware,sqlglot_optimize_schema_aware_track_a_120_canonical_v0,postgres,PERF,PERF_0008,sql_feature,date_time_function,none,exact,true,true,true,true,true,,runs/user/sqlglot_optimize_schema_aware_track_a_120_canonical_v0__postgres/tag_slices.csv,diagnostic join from existing ledger row and retained taxonomy used by tag_slices; tag present in existing tag_slices.csv
sqlglot_optimize_schema_aware,sqlglot_optimize_schema_aware_track_a_120_canonical_v0,postgres,PERF,PERF_0008,sql_feature,subquery_in_from,none,exact,true,true,true,true,true,,runs/user/sqlglot_optimize_schema_aware_track_a_120_canonical_v0__postgres/tag_slices.csv,diagnostic join from existing ledger row and retained taxonomy used by tag_slices; tag present in existing tag_slices.csv
sqlglot_optimize_schema_aware,sqlglot_optimize_schema_aware_track_a_120_canonical_v0,postgres,PERF,PERF_0013,rewrite_opportunity,join_reorder,none,exact,true,true,true,true,true,,runs/user/sqlglot_optimize_schema_aware_track_a_120_canonical_v0__postgres/tag_slices.csv,diagnostic join from existing ledger row and retained taxonomy used by tag_slices; tag present in existing tag_slices.csv
sqlglot_optimize_schema_aware,sqlglot_optimize_schema_aware_track_a_120_canonical_v0,postgres,PERF,PERF_0013,rewrite_opportunity,predicate_pushdown,none,exact,true,true,true,true,true,,runs/user/sqlglot_optimize_schema_aware_track_a_120_canonical_v0__postgres/tag_slices.csv,diagnostic join from existing ledger row and retained taxonomy used by tag_slices; tag present in existing tag_slices.csv
sqlglot_optimize_schema_aware,sqlglot_optimize_schema_aware_track_a_120_canonical_v0,postgres,PERF,PERF_0013,sql_feature,date_time_function,none,exact,true,true,true,true,true,,runs/user/sqlglot_optimize_schema_aware_track_a_120_canonical_v0__postgres/tag_slices.csv,diagnostic join from existing ledger row and retained taxonomy used by tag_slices; tag present in existing tag_slices.csv
sqlglot_optimize_schema_aware,sqlglot_optimize_schema_aware_track_a_120_canonical_v0,postgres,PERF,PERF_0017,rewrite_opportunity,join_reorder,none,exact,true,true,true,true,true,,runs/user/sqlglot_optimize_schema_aware_track_a_120_canonical_v0__postgres/tag_slices.csv,diagnostic join from existing ledger row and retained taxonomy used by tag_slices; tag present in existing tag_slices.csv
sqlglot_optimize_schema_aware,sqlglot_optimize_schema_aware_track_a_120_canonical_v0,postgres,PERF,PERF_0017,rewrite_opportunity,predicate_pushdown,none,exact,true,true,true,true,true,,runs/user/sqlglot_optimize_schema_aware_track_a_120_canonical_v0__postgres/tag_slices.csv,diagnostic join from existing ledger row and retained taxonomy used by tag_slices; tag present in existing tag_slices.csv
sqlglot_optimize_schema_aware,sqlglot_optimize_schema_aware_track_a_120_canonical_v0,postgres,PERF,PERF_0017,sql_feature,date_time_function,none,exact,true,true,true,true,true,,runs/user/sqlglot_optimize_schema_aware_track_a_120_canonical_v0__postgres/tag_slices.csv,diagnostic join from existing ledger row and retained taxonomy used by tag_slices; tag present in existing tag_slices.csv
sqlglot_optimize_schema_aware,sqlglot_optimize_schema_aware_track_a_120_canonical_v0,postgres,PERF,PERF_0019,rewrite_opportunity,materialization_strategy,none,exact,true,true,true,true,true,,runs/user/sqlglot_optimize_schema_aware_track_a_120_canonical_v0__postgres/tag_slices.csv,diagnostic join from existing ledger row and retained taxonomy used by tag_slices; tag present in existing tag_slices.csv
sqlglot_optimize_schema_aware,sqlglot_optimize_schema_aware_track_a_120_canonical_v0,postgres,PERF,PERF_0019,rewrite_opportunity,predicate_pushdown,none,exact,true,true,true,true,true,,runs/user/sqlglot_optimize_schema_aware_track_a_120_canonical_v0__postgres/tag_slices.csv,diagnostic join from existing ledger row and retained taxonomy used by tag_slices; tag present in existing tag_slices.csv
sqlglot_optimize_schema_aware,sqlglot_optimize_schema_aware_track_a_120_canonical_v0,postgres,PERF,PERF_0019,sql_feature,outer_join,none,exact,true,true,true,true,true,,runs/user/sqlglot_optimize_schema_aware_track_a_120_canonical_v0__postgres/tag_slices.csv,diagnostic join from existing ledger row and retained taxonomy used by tag_slices; tag present in existing tag_slices.csv
sqlglot_optimize_schema_aware,sqlglot_optimize_schema_aware_track_a_120_canonical_v0,postgres,PERF,PERF_0019,sql_feature,subquery_in_from,none,exact,true,true,true,true,true,,runs/user/sqlglot_optimize_schema_aware_track_a_120_canonical_v0__postgres/tag_slices.csv,diagnostic join from existing ledger row and retained taxonomy used by tag_slices; tag present in existing tag_slices.csv
sqlglot_optimize_schema_aware,sqlglot_optimize_schema_aware_track_a_120_canonical_v0,postgres,PERF,PERF_0024,rewrite_opportunity,predicate_pushdown,none,exact,true,true,true,true,true,,runs/user/sqlglot_optimize_schema_aware_track_a_120_canonical_v0__postgres/tag_slices.csv,diagnostic join from existing ledger row and retained taxonomy used by tag_slices; tag present in existing tag_slices.csv
sqlglot_optimize_schema_aware,sqlglot_optimize_schema_aware_track_a_120_canonical_v0,postgres,PERF,PERF_0024,rewrite_opportunity,subquery_decorrelation,none,exact,true,true,true,true,true,,runs/user/sqlglot_optimize_schema_aware_track_a_120_canonical_v0__postgres/tag_slices.csv,diagnostic join from existing ledger row and retained taxonomy used by tag_slices; tag present in existing tag_slices.csv
sqlglot_optimize_schema_aware,sqlglot_optimize_schema_aware_track_a_120_canonical_v0,postgres,PERF,PERF_0024,sql_feature,correlated_subquery,none,exact,true,true,true,true,true,,runs/user/sqlglot_optimize_schema_aware_track_a_120_canonical_v0__postgres/tag_slices.csv,diagnostic join from existing ledger row and retained taxonomy used by tag_slices; tag present in existing tag_slices.csv
sqlglot_optimize_schema_aware,sqlglot_optimize_schema_aware_track_a_120_canonical_v0,postgres,PERF,PERF_0024,sql_feature,date_time_function,none,exact,true,true,true,true,true,,runs/user/sqlglot_optimize_schema_aware_track_a_120_canonical_v0__postgres/tag_slices.csv,diagnostic join from existing ledger row and retained taxonomy used by tag_slices; tag present in existing tag_slices.csv
sqlglot_optimize_schema_aware,sqlglot_optimize_schema_aware_track_a_120_canonical_v0,postgres,PERF,PERF_0033,portability_risk,limit_fetch_gap,none,exact,true,true,true,true,true,,runs/user/sqlglot_optimize_schema_aware_track_a_120_canonical_v0__postgres/tag_slices.csv,diagnostic join from existing ledger row and retained taxonomy used by tag_slices; tag present in existing tag_slices.csv
sqlglot_optimize_schema_aware,sqlglot_optimize_schema_aware_track_a_120_canonical_v0,postgres,PERF,PERF_0033,rewrite_opportunity,join_reorder,none,exact,true,true,true,true,true,,runs/user/sqlglot_optimize_schema_aware_track_a_120_canonical_v0__postgres/tag_slices.csv,diagnostic join from existing ledger row and retained taxonomy used by tag_slices; tag present in existing tag_slices.csv
sqlglot_optimize_schema_aware,sqlglot_optimize_schema_aware_track_a_120_canonical_v0,postgres,PERF,PERF_0033,rewrite_opportunity,predicate_pushdown,none,exact,true,true,true,true,true,,runs/user/sqlglot_optimize_schema_aware_track_a_120_canonical_v0__postgres/tag_slices.csv,diagnostic join from existing ledger row and retained taxonomy used by tag_slices; tag present in existing tag_slices.csv
sqlglot_optimize_schema_aware,sqlglot_optimize_schema_aware_track_a_120_canonical_v0,postgres,PERF,PERF_0033,sql_feature,aggregate,none,exact,true,true,true,true,true,,runs/user/sqlglot_optimize_schema_aware_track_a_120_canonical_v0__postgres/tag_slices.csv,diagnostic join from existing ledger row and retained taxonomy used by tag_slices; tag present in existing tag_slices.csv
sqlglot_optimize_schema_aware,sqlglot_optimize_schema_aware_track_a_120_canonical_v0,postgres,PERF,PERF_0033,sql_feature,group_by,none,exact,true,true,true,true,true,,runs/user/sqlglot_optimize_schema_aware_track_a_120_canonical_v0__postgres/tag_slices.csv,diagnostic join from existing ledger row and retained taxonomy used by tag_slices; tag present in existing tag_slices.csv
sqlglot_optimize_schema_aware,sqlglot_optimize_schema_aware_track_a_120_canonical_v0,postgres,PERF,PERF_0033,sql_feature,join,none,exact,true,true,true,true,true,,runs/user/sqlglot_optimize_schema_aware_track_a_120_canonical_v0__postgres/tag_slices.csv,diagnostic join from existing ledger row and retained taxonomy used by tag_slices; tag present in existing tag_slices.csv
sqlglot_optimize_schema_aware,sqlglot_optimize_schema_aware_track_a_120_canonical_v0,postgres,PERF,PERF_0033,sql_feature,limit,none,exact,true,true,true,true,true,,runs/user/sqlglot_optimize_schema_aware_track_a_120_canonical_v0__postgres/tag_slices.csv,diagnostic join from existing ledger row and retained taxonomy used by tag_slices; tag present in existing tag_slices.csv
sqlglot_optimize_schema_aware,sqlglot_optimize_schema_aware_track_a_120_canonical_v0,postgres,PERF,PERF_0033,sql_feature,order_by,none,exact,true,true,true,true,true,,runs/user/sqlglot_optimize_schema_aware_track_a_120_canonical_v0__postgres/tag_slices.csv,diagnostic join from existing ledger row and retained taxonomy used by tag_slices; tag present in existing tag_slices.csv
sqlglot_optimize_schema_aware,sqlglot_optimize_schema_aware_track_a_120_canonical_v0,postgres,PERF,PERF_0034,rewrite_opportunity,materialization_strategy,none,exact,true,true,true,true,true,,runs/user/sqlglot_optimize_schema_aware_track_a_120_canonical_v0__postgres/tag_slices.csv,diagnostic join from existing ledger row and retained taxonomy used by tag_slices; tag present in existing tag_slices.csv
sqlglot_optimize_schema_aware,sqlglot_optimize_schema_aware_track_a_120_canonical_v0,postgres,PERF,PERF_0034,rewrite_opportunity,predicate_pushdown,none,exact,true,true,true,true,true,,runs/user/sqlglot_optimize_schema_aware_track_a_120_canonical_v0__postgres/tag_slices.csv,diagnostic join from existing ledger row and retained taxonomy used by tag_slices; tag present in existing tag_slices.csv
sqlglot_optimize_schema_aware,sqlglot_optimize_schema_aware_track_a_120_canonical_v0,postgres,PERF,PERF_0034,sql_feature,cte,none,exact,true,true,true,true,true,,runs/user/sqlglot_optimize_schema_aware_track_a_120_canonical_v0__postgres/tag_slices.csv,diagnostic join from existing ledger row and retained taxonomy used by tag_slices; tag present in existing tag_slices.csv
sqlglot_optimize_schema_aware,sqlglot_optimize_schema_aware_track_a_120_canonical_v0,postgres,PERF,PERF_0034,sql_feature,set_operation,none,exact,true,true,true,true,true,,runs/user/sqlglot_optimize_schema_aware_track_a_120_canonical_v0__postgres/tag_slices.csv,diagnostic join from existing ledger row and retained taxonomy used by tag_slices; tag present in existing tag_slices.csv
sqlglot_optimize_schema_aware,sqlglot_optimize_schema_aware_track_a_120_canonical_v0,postgres,PERF,PERF_0035,portability_risk,type_semantics_gap,none,exact,true,true,true,true,true,,runs/user/sqlglot_optimize_schema_aware_track_a_120_canonical_v0__postgres/tag_slices.csv,diagnostic join from existing ledger row and retained taxonomy used by tag_slices; tag present in existing tag_slices.csv
sqlglot_optimize_schema_aware,sqlglot_optimize_schema_aware_track_a_120_canonical_v0,postgres,PERF,PERF_0035,rewrite_opportunity,aggregation_rewrite,none,exact,true,true,true,true,true,,runs/user/sqlglot_optimize_schema_aware_track_a_120_canonical_v0__postgres/tag_slices.csv,diagnostic join from existing ledger row and retained taxonomy used by tag_slices; tag present in existing tag_slices.csv
sqlglot_optimize_schema_aware,sqlglot_optimize_schema_aware_track_a_120_canonical_v0,postgres,PERF,PERF_0035,rewrite_opportunity,cte_strategy,none,exact,true,true,true,true,true,,runs/user/sqlglot_optimize_schema_aware_track_a_120_canonical_v0__postgres/tag_slices.csv,diagnostic join from existing ledger row and retained taxonomy used by tag_slices; tag present in existing tag_slices.csv
sqlglot_optimize_schema_aware,sqlglot_optimize_schema_aware_track_a_120_canonical_v0,postgres,PERF,PERF_0035,sql_feature,cte,none,exact,true,true,true,true,true,,runs/user/sqlglot_optimize_schema_aware_track_a_120_canonical_v0__postgres/tag_slices.csv,diagnostic join from existing ledger row and retained taxonomy used by tag_slices; tag present in existing tag_slices.csv
sqlglot_optimize_schema_aware,sqlglot_optimize_schema_aware_track_a_120_canonical_v0,postgres,PERF,PERF_0035,sql_feature,expression_complexity,none,exact,true,true,true,true,true,,runs/user/sqlglot_optimize_schema_aware_track_a_120_canonical_v0__postgres/tag_slices.csv,diagnostic join from existing ledger row and retained taxonomy used by tag_slices; tag present in existing tag_slices.csv
sqlglot_optimize_schema_aware,sqlglot_optimize_schema_aware_track_a_120_canonical_v0,postgres,PERF,PERF_0035,sql_feature,window_function,none,exact,true,true,true,true,true,,runs/user/sqlglot_optimize_schema_aware_track_a_120_canonical_v0__postgres/tag_slices.csv,diagnostic join from existing ledger row and retained taxonomy used by tag_slices; tag present in existing tag_slices.csv
sqlglot_optimize_schema_aware,sqlglot_optimize_schema_aware_track_a_120_canonical_v0,postgres,PERF,PERF_0052,sql_feature,aggregate,none,exact,true,true,true,true,true,,runs/user/sqlglot_optimize_schema_aware_track_a_120_canonical_v0__postgres/tag_slices.csv,diagnostic join from existing ledger row and retained taxonomy used by tag_slices; tag present in existing tag_slices.csv
sqlglot_optimize_schema_aware,sqlglot_optimize_schema_aware_track_a_120_canonical_v0,postgres,PERF,PERF_0052,sql_feature,correlated_subquery,none,exact,true,true,true,true,true,,runs/user/sqlglot_optimize_schema_aware_track_a_120_canonical_v0__postgres/tag_slices.csv,diagnostic join from existing ledger row and retained taxonomy used by tag_slices; tag present in existing tag_slices.csv
sqlglot_optimize_schema_aware,sqlglot_optimize_schema_aware_track_a_120_canonical_v0,postgres,PERF,PERF_0052,sql_feature,cte,none,exact,true,true,true,true,true,,runs/user/sqlglot_optimize_schema_aware_track_a_120_canonical_v0__postgres/tag_slices.csv,diagnostic join from existing ledger row and retained taxonomy used by tag_slices; tag present in existing tag_slices.csv
sqlglot_optimize_schema_aware,sqlglot_optimize_schema_aware_track_a_120_canonical_v0,postgres,PERF,PERF_0052,sql_feature,group_by,none,exact,true,true,true,true,true,,runs/user/sqlglot_optimize_schema_aware_track_a_120_canonical_v0__postgres/tag_slices.csv,diagnostic join from existing ledger row and retained taxonomy used by tag_slices; tag present in existing tag_slices.csv
sqlglot_optimize_schema_aware,sqlglot_optimize_schema_aware_track_a_120_canonical_v0,postgres,PERF,PERF_0052,sql_feature,limit,none,exact,true,true,true,true,true,,runs/user/sqlglot_optimize_schema_aware_track_a_120_canonical_v0__postgres/tag_slices.csv,diagnostic join from existing ledger row and retained taxonomy used by tag_slices; tag present in existing tag_slices.csv
sqlglot_optimize_schema_aware,sqlglot_optimize_schema_aware_track_a_120_canonical_v0,postgres,PERF,PERF_0052,sql_feature,order_by,none,exact,true,true,true,true,true,,runs/user/sqlglot_optimize_schema_aware_track_a_120_canonical_v0__postgres/tag_slices.csv,diagnostic join from existing ledger row and retained taxonomy used by tag_slices; tag present in existing tag_slices.csv
sqlglot_optimize_schema_aware,sqlglot_optimize_schema_aware_track_a_120_canonical_v0,postgres,PERF,PERF_0054,sql_feature,aggregate,none,exact,true,true,true,true,true,,runs/user/sqlglot_optimize_schema_aware_track_a_120_canonical_v0__postgres/tag_slices.csv,diagnostic join from existing ledger row and retained taxonomy used by tag_slices; tag present in existing tag_slices.csv
sqlglot_optimize_schema_aware,sqlglot_optimize_schema_aware_track_a_120_canonical_v0,postgres,PERF,PERF_0054,sql_feature,group_by,none,exact,true,true,true,true,true,,runs/user/sqlglot_optimize_schema_aware_track_a_120_canonical_v0__postgres/tag_slices.csv,diagnostic join from existing ledger row and retained taxonomy used by tag_slices; tag present in existing tag_slices.csv
sqlglot_optimize_schema_aware,sqlglot_optimize_schema_aware_track_a_120_canonical_v0,postgres,PERF,PERF_0054,sql_feature,join,none,exact,true,true,true,true,true,,runs/user/sqlglot_optimize_schema_aware_track_a_120_canonical_v0__postgres/tag_slices.csv,diagnostic join from existing ledger row and retained taxonomy used by tag_slices; tag present in existing tag_slices.csv
sqlglot_optimize_schema_aware,sqlglot_optimize_schema_aware_track_a_120_canonical_v0,postgres,PERF,PERF_0054,sql_feature,limit,none,exact,true,true,true,true,true,,runs/user/sqlglot_optimize_schema_aware_track_a_120_canonical_v0__postgres/tag_slices.csv,diagnostic join from existing ledger row and retained taxonomy used by tag_slices; tag present in existing tag_slices.csv
sqlglot_optimize_schema_aware,sqlglot_optimize_schema_aware_track_a_120_canonical_v0,postgres,PERF,PERF_0054,sql_feature,order_by,none,exact,true,true,true,true,true,,runs/user/sqlglot_optimize_schema_aware_track_a_120_canonical_v0__postgres/tag_slices.csv,diagnostic join from existing ledger row and retained taxonomy used by tag_slices; tag present in existing tag_slices.csv
sqlglot_optimize_schema_aware,sqlglot_optimize_schema_aware_track_a_120_canonical_v0,postgres,PERF,PERF_0056,sql_feature,aggregate,none,exact,true,true,true,true,true,,runs/user/sqlglot_optimize_schema_aware_track_a_120_canonical_v0__postgres/tag_slices.csv,diagnostic join from existing ledger row and retained taxonomy used by tag_slices; tag present in existing tag_slices.csv
sqlglot_optimize_schema_aware,sqlglot_optimize_schema_aware_track_a_120_canonical_v0,postgres,PERF,PERF_0056,sql_feature,group_by,none,exact,true,true,true,true,true,,runs/user/sqlglot_optimize_schema_aware_track_a_120_canonical_v0__postgres/tag_slices.csv,diagnostic join from existing ledger row and retained taxonomy used by tag_slices; tag present in existing tag_slices.csv
sqlglot_optimize_schema_aware,sqlglot_optimize_schema_aware_track_a_120_canonical_v0,postgres,PERF,PERF_0056,sql_feature,having,none,exact,true,true,true,true,true,,runs/user/sqlglot_optimize_schema_aware_track_a_120_canonical_v0__postgres/tag_slices.csv,diagnostic join from existing ledger row and retained taxonomy used by tag_slices; tag present in existing tag_slices.csv
sqlglot_optimize_schema_aware,sqlglot_optimize_schema_aware_track_a_120_canonical_v0,postgres,PERF,PERF_0056,sql_feature,limit,none,exact,true,true,true,true,true,,runs/user/sqlglot_optimize_schema_aware_track_a_120_canonical_v0__postgres/tag_slices.csv,diagnostic join from existing ledger row and retained taxonomy used by tag_slices; tag present in existing tag_slices.csv
sqlglot_optimize_schema_aware,sqlglot_optimize_schema_aware_track_a_120_canonical_v0,postgres,PERF,PERF_0056,sql_feature,order_by,none,exact,true,true,true,true,true,,runs/user/sqlglot_optimize_schema_aware_track_a_120_canonical_v0__postgres/tag_slices.csv,diagnostic join from existing ledger row and retained taxonomy used by tag_slices; tag present in existing tag_slices.csv
sqlglot_optimize_schema_aware,sqlglot_optimize_schema_aware_track_a_120_canonical_v0,postgres,PERF,PERF_0056,sql_feature,scalar_subquery,none,exact,true,true,true,true,true,,runs/user/sqlglot_optimize_schema_aware_track_a_120_canonical_v0__postgres/tag_slices.csv,diagnostic join from existing ledger row and retained taxonomy used by tag_slices; tag present in existing tag_slices.csv
sqlglot_optimize_schema_aware,sqlglot_optimize_schema_aware_track_a_120_canonical_v0,postgres,PERF,PERF_0062,sql_feature,aggregate,mismatch,mismatch,true,true,true,false,false,runs/user/sqlglot_optimize_schema_aware_track_a_120_canonical_v0__postgres/failures.csv,runs/user/sqlglot_optimize_schema_aware_track_a_120_canonical_v0__postgres/tag_slices.csv,diagnostic join from existing ledger row and retained taxonomy used by tag_slices; tag present in existing tag_slices.csv
sqlglot_optimize_schema_aware,sqlglot_optimize_schema_aware_track_a_120_canonical_v0,postgres,PERF,PERF_0062,sql_feature,disjunction,mismatch,mismatch,true,true,true,false,false,runs/user/sqlglot_optimize_schema_aware_track_a_120_canonical_v0__postgres/failures.csv,runs/user/sqlglot_optimize_schema_aware_track_a_120_canonical_v0__postgres/tag_slices.csv,diagnostic join from existing ledger row and retained taxonomy used by tag_slices; tag present in existing tag_slices.csv
sqlglot_optimize_schema_aware,sqlglot_optimize_schema_aware_track_a_120_canonical_v0,postgres,PERF,PERF_0062,sql_feature,join,mismatch,mismatch,true,true,true,false,false,runs/user/sqlglot_optimize_schema_aware_track_a_120_canonical_v0__postgres/failures.csv,runs/user/sqlglot_optimize_schema_aware_track_a_120_canonical_v0__postgres/tag_slices.csv,diagnostic join from existing ledger row and retained taxonomy used by tag_slices; tag present in existing tag_slices.csv
sqlglot_optimize_schema_aware,sqlglot_optimize_schema_aware_track_a_120_canonical_v0,postgres,PERF,PERF_0062,sql_feature,range_predicate,mismatch,mismatch,true,true,true,false,false,runs/user/sqlglot_optimize_schema_aware_track_a_120_canonical_v0__postgres/failures.csv,runs/user/sqlglot_optimize_schema_aware_track_a_120_canonical_v0__postgres/tag_slices.csv,diagnostic join from existing ledger row and retained taxonomy used by tag_slices; tag present in existing tag_slices.csv
sqlglot_optimize_schema_aware,sqlglot_optimize_schema_aware_track_a_120_canonical_v0,postgres,PERF,PERF_0077,sql_feature,aggregate,none,exact,true,true,true,true,true,,runs/user/sqlglot_optimize_schema_aware_track_a_120_canonical_v0__postgres/tag_slices.csv,diagnostic join from existing ledger row and retained taxonomy used by tag_slices; tag present in existing tag_slices.csv
sqlglot_optimize_schema_aware,sqlglot_optimize_schema_aware_track_a_120_canonical_v0,postgres,PERF,PERF_0077,sql_feature,filter,none,exact,true,true,true,true,true,,runs/user/sqlglot_optimize_schema_aware_track_a_120_canonical_v0__postgres/tag_slices.csv,diagnostic join from existing ledger row and retained taxonomy used by tag_slices; tag present in existing tag_slices.csv
sqlglot_optimize_schema_aware,sqlglot_optimize_schema_aware_track_a_120_canonical_v0,postgres,PERF,PERF_0077,sql_feature,join,none,exact,true,true,true,true,true,,runs/user/sqlglot_optimize_schema_aware_track_a_120_canonical_v0__postgres/tag_slices.csv,diagnostic join from existing ledger row and retained taxonomy used by tag_slices; tag present in existing tag_slices.csv
sqlglot_optimize_schema_aware,sqlglot_optimize_schema_aware_track_a_120_canonical_v0,postgres,PERF,PERF_0077,sql_feature,text_like_predicate,none,exact,true,true,true,true,true,,runs/user/sqlglot_optimize_schema_aware_track_a_120_canonical_v0__postgres/tag_slices.csv,diagnostic join from existing ledger row and retained taxonomy used by tag_slices; tag present in existing tag_slices.csv
sqlglot_optimize_schema_aware,sqlglot_optimize_schema_aware_track_a_120_canonical_v0,postgres,PERF,PERF_0082,sql_feature,aggregate,none,exact,true,true,true,true,true,,runs/user/sqlglot_optimize_schema_aware_track_a_120_canonical_v0__postgres/tag_slices.csv,diagnostic join from existing ledger row and retained taxonomy used by tag_slices; tag present in existing tag_slices.csv
sqlglot_optimize_schema_aware,sqlglot_optimize_schema_aware_track_a_120_canonical_v0,postgres,PERF,PERF_0082,sql_feature,filter,none,exact,true,true,true,true,true,,runs/user/sqlglot_optimize_schema_aware_track_a_120_canonical_v0__postgres/tag_slices.csv,diagnostic join from existing ledger row and retained taxonomy used by tag_slices; tag present in existing tag_slices.csv
sqlglot_optimize_schema_aware,sqlglot_optimize_schema_aware_track_a_120_canonical_v0,postgres,PERF,PERF_0082,sql_feature,join,none,exact,true,true,true,true,true,,runs/user/sqlglot_optimize_schema_aware_track_a_120_canonical_v0__postgres/tag_slices.csv,diagnostic join from existing ledger row and retained taxonomy used by tag_slices; tag present in existing tag_slices.csv
sqlglot_optimize_schema_aware,sqlglot_optimize_schema_aware_track_a_120_canonical_v0,postgres,PERF,PERF_0082,sql_feature,materialize,none,exact,true,true,true,true,true,,runs/user/sqlglot_optimize_schema_aware_track_a_120_canonical_v0__postgres/tag_slices.csv,diagnostic join from existing ledger row and retained taxonomy used by tag_slices; tag present in existing tag_slices.csv
sqlglot_optimize_schema_aware,sqlglot_optimize_schema_aware_track_a_120_canonical_v0,postgres,PERF,PERF_0082,sql_feature,text_like_predicate,none,exact,true,true,true,true,true,,runs/user/sqlglot_optimize_schema_aware_track_a_120_canonical_v0__postgres/tag_slices.csv,diagnostic join from existing ledger row and retained taxonomy used by tag_slices; tag present in existing tag_slices.csv
sqlglot_optimize_schema_aware,sqlglot_optimize_schema_aware_track_a_120_canonical_v0,postgres,CONS,CONS_0005,portability_risk,null_semantics_gap,none,exact,true,true,true,true,true,,runs/user/sqlglot_optimize_schema_aware_track_a_120_canonical_v0__postgres/tag_slices.csv,diagnostic join from existing ledger row and retained taxonomy used by tag_slices; tag present in existing tag_slices.csv
sqlglot_optimize_schema_aware,sqlglot_optimize_schema_aware_track_a_120_canonical_v0,postgres,CONS,CONS_0005,rewrite_opportunity,subquery_decorrelation,none,exact,true,true,true,true,true,,runs/user/sqlglot_optimize_schema_aware_track_a_120_canonical_v0__postgres/tag_slices.csv,diagnostic join from existing ledger row and retained taxonomy used by tag_slices; tag present in existing tag_slices.csv
sqlglot_optimize_schema_aware,sqlglot_optimize_schema_aware_track_a_120_canonical_v0,postgres,CONS,CONS_0005,sql_feature,correlated_subquery,none,exact,true,true,true,true,true,,runs/user/sqlglot_optimize_schema_aware_track_a_120_canonical_v0__postgres/tag_slices.csv,diagnostic join from existing ledger row and retained taxonomy used by tag_slices; tag present in existing tag_slices.csv
sqlglot_optimize_schema_aware,sqlglot_optimize_schema_aware_track_a_120_canonical_v0,postgres,CONS,CONS_0007,sql_feature,correlated_subquery,candidate_execution_failed,not_exact_due_to_execution_failure,true,true,false,false,false,runs/user/sqlglot_optimize_schema_aware_track_a_120_canonical_v0__postgres/failures.csv,runs/user/sqlglot_optimize_schema_aware_track_a_120_canonical_v0__postgres/tag_slices.csv,diagnostic join from existing ledger row and retained taxonomy used by tag_slices; tag present in existing tag_slices.csv
sqlglot_optimize_schema_aware,sqlglot_optimize_schema_aware_track_a_120_canonical_v0,postgres,CONS,CONS_0007,sql_feature,subquery_in_from,candidate_execution_failed,not_exact_due_to_execution_failure,true,true,false,false,false,runs/user/sqlglot_optimize_schema_aware_track_a_120_canonical_v0__postgres/failures.csv,runs/user/sqlglot_optimize_schema_aware_track_a_120_canonical_v0__postgres/tag_slices.csv,diagnostic join from existing ledger row and retained taxonomy used by tag_slices; tag present in existing tag_slices.csv
sqlglot_optimize_schema_aware,sqlglot_optimize_schema_aware_track_a_120_canonical_v0,postgres,CONS,CONS_0009,sql_feature,correlated_subquery,adapter_failed,not_evaluated_non_db_mvp,false,false,false,false,false,runs/user/sqlglot_optimize_schema_aware_track_a_120_canonical_v0__postgres/failures.csv,runs/user/sqlglot_optimize_schema_aware_track_a_120_canonical_v0__postgres/tag_slices.csv,diagnostic join from existing ledger row and retained taxonomy used by tag_slices; tag present in existing tag_slices.csv
sqlglot_optimize_schema_aware,sqlglot_optimize_schema_aware_track_a_120_canonical_v0,postgres,CONS,CONS_0009,sql_feature,set_operation,adapter_failed,not_evaluated_non_db_mvp,false,false,false,false,false,runs/user/sqlglot_optimize_schema_aware_track_a_120_canonical_v0__postgres/failures.csv,runs/user/sqlglot_optimize_schema_aware_track_a_120_canonical_v0__postgres/tag_slices.csv,diagnostic join from existing ledger row and retained taxonomy used by tag_slices; tag present in existing tag_slices.csv
sqlglot_optimize_schema_aware,sqlglot_optimize_schema_aware_track_a_120_canonical_v0,postgres,CONS,CONS_0010,sql_feature,correlated_subquery,none,exact,true,true,true,true,true,,runs/user/sqlglot_optimize_schema_aware_track_a_120_canonical_v0__postgres/tag_slices.csv,diagnostic join from existing ledger row and retained taxonomy used by tag_slices; tag present in existing tag_slices.csv
sqlglot_optimize_schema_aware,sqlglot_optimize_schema_aware_track_a_120_canonical_v0,postgres,CONS,CONS_0011,sql_feature,correlated_subquery,none,exact,true,true,true,true,true,,runs/user/sqlglot_optimize_schema_aware_track_a_120_canonical_v0__postgres/tag_slices.csv,diagnostic join from existing ledger row and retained taxonomy used by tag_slices; tag present in existing tag_slices.csv
sqlglot_optimize_schema_aware,sqlglot_optimize_schema_aware_track_a_120_canonical_v0,postgres,CONS,CONS_0011,sql_feature,outer_join,none,exact,true,true,true,true,true,,runs/user/sqlglot_optimize_schema_aware_track_a_120_canonical_v0__postgres/tag_slices.csv,diagnostic join from existing ledger row and retained taxonomy used by tag_slices; tag present in existing tag_slices.csv
sqlglot_optimize_schema_aware,sqlglot_optimize_schema_aware_track_a_120_canonical_v0,postgres,CONS,CONS_0012,portability_risk,limit_fetch_gap,none,exact,true,true,true,true,true,,runs/user/sqlglot_optimize_schema_aware_track_a_120_canonical_v0__postgres/tag_slices.csv,diagnostic join from existing ledger row and retained taxonomy used by tag_slices; tag present in existing tag_slices.csv
sqlglot_optimize_schema_aware,sqlglot_optimize_schema_aware_track_a_120_canonical_v0,postgres,CONS,CONS_0012,rewrite_opportunity,order_limit_simplification,none,exact,true,true,true,true,true,,runs/user/sqlglot_optimize_schema_aware_track_a_120_canonical_v0__postgres/tag_slices.csv,diagnostic join from existing ledger row and retained taxonomy used by tag_slices; tag present in existing tag_slices.csv
sqlglot_optimize_schema_aware,sqlglot_optimize_schema_aware_track_a_120_canonical_v0,postgres,CONS,CONS_0012,rewrite_opportunity,subquery_decorrelation,none,exact,true,true,true,true,true,,runs/user/sqlglot_optimize_schema_aware_track_a_120_canonical_v0__postgres/tag_slices.csv,diagnostic join from existing ledger row and retained taxonomy used by tag_slices; tag present in existing tag_slices.csv
sqlglot_optimize_schema_aware,sqlglot_optimize_schema_aware_track_a_120_canonical_v0,postgres,CONS,CONS_0012,sql_feature,correlated_subquery,none,exact,true,true,true,true,true,,runs/user/sqlglot_optimize_schema_aware_track_a_120_canonical_v0__postgres/tag_slices.csv,diagnostic join from existing ledger row and retained taxonomy used by tag_slices; tag present in existing tag_slices.csv
sqlglot_optimize_schema_aware,sqlglot_optimize_schema_aware_track_a_120_canonical_v0,postgres,CONS,CONS_0024,rewrite_opportunity,subquery_decorrelation,candidate_execution_failed,not_exact_due_to_execution_failure,true,true,false,false,false,runs/user/sqlglot_optimize_schema_aware_track_a_120_canonical_v0__postgres/failures.csv,runs/user/sqlglot_optimize_schema_aware_track_a_120_canonical_v0__postgres/tag_slices.csv,diagnostic join from existing ledger row and retained taxonomy used by tag_slices; tag present in existing tag_slices.csv
sqlglot_optimize_schema_aware,sqlglot_optimize_schema_aware_track_a_120_canonical_v0,postgres,CONS,CONS_0024,sql_feature,correlated_subquery,candidate_execution_failed,not_exact_due_to_execution_failure,true,true,false,false,false,runs/user/sqlglot_optimize_schema_aware_track_a_120_canonical_v0__postgres/failures.csv,runs/user/sqlglot_optimize_schema_aware_track_a_120_canonical_v0__postgres/tag_slices.csv,diagnostic join from existing ledger row and retained taxonomy used by tag_slices; tag present in existing tag_slices.csv
sqlglot_optimize_schema_aware,sqlglot_optimize_schema_aware_track_a_120_canonical_v0,postgres,CONS,CONS_0024,sql_feature,outer_join,candidate_execution_failed,not_exact_due_to_execution_failure,true,true,false,false,false,runs/user/sqlglot_optimize_schema_aware_track_a_120_canonical_v0__postgres/failures.csv,runs/user/sqlglot_optimize_schema_aware_track_a_120_canonical_v0__postgres/tag_slices.csv,diagnostic join from existing ledger row and retained taxonomy used by tag_slices; tag present in existing tag_slices.csv
sqlglot_optimize_schema_aware,sqlglot_optimize_schema_aware_track_a_120_canonical_v0,postgres,CONS,CONS_0036,rewrite_opportunity,aggregation_rewrite,none,exact,true,true,true,true,true,,runs/user/sqlglot_optimize_schema_aware_track_a_120_canonical_v0__postgres/tag_slices.csv,diagnostic join from existing ledger row and retained taxonomy used by tag_slices; tag present in existing tag_slices.csv
sqlglot_optimize_schema_aware,sqlglot_optimize_schema_aware_track_a_120_canonical_v0,postgres,CONS,CONS_0036,rewrite_opportunity,predicate_pushdown,none,exact,true,true,true,true,true,,runs/user/sqlglot_optimize_schema_aware_track_a_120_canonical_v0__postgres/tag_slices.csv,diagnostic join from existing ledger row and retained taxonomy used by tag_slices; tag present in existing tag_slices.csv
sqlglot_optimize_schema_aware,sqlglot_optimize_schema_aware_track_a_120_canonical_v0,postgres,CONS,CONS_0037,rewrite_opportunity,aggregation_rewrite,mismatch,mismatch,true,true,true,false,false,runs/user/sqlglot_optimize_schema_aware_track_a_120_canonical_v0__postgres/failures.csv,runs/user/sqlglot_optimize_schema_aware_track_a_120_canonical_v0__postgres/tag_slices.csv,diagnostic join from existing ledger row and retained taxonomy used by tag_slices; tag present in existing tag_slices.csv
sqlglot_optimize_schema_aware,sqlglot_optimize_schema_aware_track_a_120_canonical_v0,postgres,CONS,CONS_0037,sql_feature,outer_join,mismatch,mismatch,true,true,true,false,false,runs/user/sqlglot_optimize_schema_aware_track_a_120_canonical_v0__postgres/failures.csv,runs/user/sqlglot_optimize_schema_aware_track_a_120_canonical_v0__postgres/tag_slices.csv,diagnostic join from existing ledger row and retained taxonomy used by tag_slices; tag present in existing tag_slices.csv
sqlglot_optimize_schema_aware,sqlglot_optimize_schema_aware_track_a_120_canonical_v0,postgres,PORT,PORT_0003,portability_risk,identifier_quoting,none,exact,true,true,true,true,true,,runs/user/sqlglot_optimize_schema_aware_track_a_120_canonical_v0__postgres/tag_slices.csv,diagnostic join from existing ledger row and retained taxonomy used by tag_slices; tag present in existing tag_slices.csv
sqlglot_optimize_schema_aware,sqlglot_optimize_schema_aware_track_a_120_canonical_v0,postgres,PORT,PORT_0003,portability_risk,limit_fetch_gap,none,exact,true,true,true,true,true,,runs/user/sqlglot_optimize_schema_aware_track_a_120_canonical_v0__postgres/tag_slices.csv,diagnostic join from existing ledger row and retained taxonomy used by tag_slices; tag present in existing tag_slices.csv
sqlglot_optimize_schema_aware,sqlglot_optimize_schema_aware_track_a_120_canonical_v0,postgres,PORT,PORT_0003,portability_risk,null_semantics_gap,none,exact,true,true,true,true,true,,runs/user/sqlglot_optimize_schema_aware_track_a_120_canonical_v0__postgres/tag_slices.csv,diagnostic join from existing ledger row and retained taxonomy used by tag_slices; tag present in existing tag_slices.csv
sqlglot_optimize_schema_aware,sqlglot_optimize_schema_aware_track_a_120_canonical_v0,postgres,PORT,PORT_0003,rewrite_opportunity,dialect_adaptation,none,exact,true,true,true,true,true,,runs/user/sqlglot_optimize_schema_aware_track_a_120_canonical_v0__postgres/tag_slices.csv,diagnostic join from existing ledger row and retained taxonomy used by tag_slices; tag present in existing tag_slices.csv
sqlglot_optimize_schema_aware,sqlglot_optimize_schema_aware_track_a_120_canonical_v0,postgres,PORT,PORT_0003,rewrite_opportunity,order_limit_simplification,none,exact,true,true,true,true,true,,runs/user/sqlglot_optimize_schema_aware_track_a_120_canonical_v0__postgres/tag_slices.csv,diagnostic join from existing ledger row and retained taxonomy used by tag_slices; tag present in existing tag_slices.csv
sqlglot_optimize_schema_aware,sqlglot_optimize_schema_aware_track_a_120_canonical_v0,postgres,PORT,PORT_0004,portability_risk,date_filter_semantics,adapter_failed,not_evaluated_non_db_mvp,false,false,false,false,false,runs/user/sqlglot_optimize_schema_aware_track_a_120_canonical_v0__postgres/failures.csv,runs/user/sqlglot_optimize_schema_aware_track_a_120_canonical_v0__postgres/tag_slices.csv,diagnostic join from existing ledger row and retained taxonomy used by tag_slices; tag present in existing tag_slices.csv
sqlglot_optimize_schema_aware,sqlglot_optimize_schema_aware_track_a_120_canonical_v0,postgres,PORT,PORT_0004,portability_risk,datetime_semantics_gap,adapter_failed,not_evaluated_non_db_mvp,false,false,false,false,false,runs/user/sqlglot_optimize_schema_aware_track_a_120_canonical_v0__postgres/failures.csv,runs/user/sqlglot_optimize_schema_aware_track_a_120_canonical_v0__postgres/tag_slices.csv,diagnostic join from existing ledger row and retained taxonomy used by tag_slices; tag present in existing tag_slices.csv
sqlglot_optimize_schema_aware,sqlglot_optimize_schema_aware_track_a_120_canonical_v0,postgres,PORT,PORT_0004,portability_risk,identifier_quoting,adapter_failed,not_evaluated_non_db_mvp,false,false,false,false,false,runs/user/sqlglot_optimize_schema_aware_track_a_120_canonical_v0__postgres/failures.csv,runs/user/sqlglot_optimize_schema_aware_track_a_120_canonical_v0__postgres/tag_slices.csv,diagnostic join from existing ledger row and retained taxonomy used by tag_slices; tag present in existing tag_slices.csv
sqlglot_optimize_schema_aware,sqlglot_optimize_schema_aware_track_a_120_canonical_v0,postgres,PORT,PORT_0004,portability_risk,literal_predicate_boundary,adapter_failed,not_evaluated_non_db_mvp,false,false,false,false,false,runs/user/sqlglot_optimize_schema_aware_track_a_120_canonical_v0__postgres/failures.csv,runs/user/sqlglot_optimize_schema_aware_track_a_120_canonical_v0__postgres/tag_slices.csv,diagnostic join from existing ledger row and retained taxonomy used by tag_slices; tag present in existing tag_slices.csv
sqlglot_optimize_schema_aware,sqlglot_optimize_schema_aware_track_a_120_canonical_v0,postgres,PORT,PORT_0004,portability_risk,result_set_semantics,adapter_failed,not_evaluated_non_db_mvp,false,false,false,false,false,runs/user/sqlglot_optimize_schema_aware_track_a_120_canonical_v0__postgres/failures.csv,runs/user/sqlglot_optimize_schema_aware_track_a_120_canonical_v0__postgres/tag_slices.csv,diagnostic join from existing ledger row and retained taxonomy used by tag_slices; tag present in existing tag_slices.csv
sqlglot_optimize_schema_aware,sqlglot_optimize_schema_aware_track_a_120_canonical_v0,postgres,PORT,PORT_0004,portability_risk,type_semantics_gap,adapter_failed,not_evaluated_non_db_mvp,false,false,false,false,false,runs/user/sqlglot_optimize_schema_aware_track_a_120_canonical_v0__postgres/failures.csv,runs/user/sqlglot_optimize_schema_aware_track_a_120_canonical_v0__postgres/tag_slices.csv,diagnostic join from existing ledger row and retained taxonomy used by tag_slices; tag present in existing tag_slices.csv
sqlglot_optimize_schema_aware,sqlglot_optimize_schema_aware_track_a_120_canonical_v0,postgres,PORT,PORT_0004,rewrite_opportunity,dialect_adaptation,adapter_failed,not_evaluated_non_db_mvp,false,false,false,false,false,runs/user/sqlglot_optimize_schema_aware_track_a_120_canonical_v0__postgres/failures.csv,runs/user/sqlglot_optimize_schema_aware_track_a_120_canonical_v0__postgres/tag_slices.csv,diagnostic join from existing ledger row and retained taxonomy used by tag_slices; tag present in existing tag_slices.csv
sqlglot_optimize_schema_aware,sqlglot_optimize_schema_aware_track_a_120_canonical_v0,postgres,PORT,PORT_0005,portability_risk,identifier_quoting,none,exact,true,true,true,true,true,,runs/user/sqlglot_optimize_schema_aware_track_a_120_canonical_v0__postgres/tag_slices.csv,diagnostic join from existing ledger row and retained taxonomy used by tag_slices; tag present in existing tag_slices.csv
sqlglot_optimize_schema_aware,sqlglot_optimize_schema_aware_track_a_120_canonical_v0,postgres,PORT,PORT_0005,portability_risk,limit_fetch_gap,none,exact,true,true,true,true,true,,runs/user/sqlglot_optimize_schema_aware_track_a_120_canonical_v0__postgres/tag_slices.csv,diagnostic join from existing ledger row and retained taxonomy used by tag_slices; tag present in existing tag_slices.csv
sqlglot_optimize_schema_aware,sqlglot_optimize_schema_aware_track_a_120_canonical_v0,postgres,PORT,PORT_0005,portability_risk,null_semantics_gap,none,exact,true,true,true,true,true,,runs/user/sqlglot_optimize_schema_aware_track_a_120_canonical_v0__postgres/tag_slices.csv,diagnostic join from existing ledger row and retained taxonomy used by tag_slices; tag present in existing tag_slices.csv
sqlglot_optimize_schema_aware,sqlglot_optimize_schema_aware_track_a_120_canonical_v0,postgres,PORT,PORT_0005,portability_risk,order_direction_gap,none,exact,true,true,true,true,true,,runs/user/sqlglot_optimize_schema_aware_track_a_120_canonical_v0__postgres/tag_slices.csv,diagnostic join from existing ledger row and retained taxonomy used by tag_slices; tag present in existing tag_slices.csv
sqlglot_optimize_schema_aware,sqlglot_optimize_schema_aware_track_a_120_canonical_v0,postgres,PORT,PORT_0005,rewrite_opportunity,dialect_adaptation,none,exact,true,true,true,true,true,,runs/user/sqlglot_optimize_schema_aware_track_a_120_canonical_v0__postgres/tag_slices.csv,diagnostic join from existing ledger row and retained taxonomy used by tag_slices; tag present in existing tag_slices.csv
sqlglot_optimize_schema_aware,sqlglot_optimize_schema_aware_track_a_120_canonical_v0,postgres,PORT,PORT_0005,rewrite_opportunity,order_limit_simplification,none,exact,true,true,true,true,true,,runs/user/sqlglot_optimize_schema_aware_track_a_120_canonical_v0__postgres/tag_slices.csv,diagnostic join from existing ledger row and retained taxonomy used by tag_slices; tag present in existing tag_slices.csv
sqlglot_optimize_schema_aware,sqlglot_optimize_schema_aware_track_a_120_canonical_v0,postgres,PORT,PORT_0008,portability_risk,date_time_semantics,none,exact,true,true,true,true,true,,runs/user/sqlglot_optimize_schema_aware_track_a_120_canonical_v0__postgres/tag_slices.csv,diagnostic join from existing ledger row and retained taxonomy used by tag_slices; tag present in existing tag_slices.csv
sqlglot_optimize_schema_aware,sqlglot_optimize_schema_aware_track_a_120_canonical_v0,postgres,PORT,PORT_0008,portability_risk,identifier_case_or_quoting,none,exact,true,true,true,true,true,,runs/user/sqlglot_optimize_schema_aware_track_a_120_canonical_v0__postgres/tag_slices.csv,diagnostic join from existing ledger row and retained taxonomy used by tag_slices; tag present in existing tag_slices.csv
sqlglot_optimize_schema_aware,sqlglot_optimize_schema_aware_track_a_120_canonical_v0,postgres,PORT,PORT_0008,portability_risk,type_coercion,none,exact,true,true,true,true,true,,runs/user/sqlglot_optimize_schema_aware_track_a_120_canonical_v0__postgres/tag_slices.csv,diagnostic join from existing ledger row and retained taxonomy used by tag_slices; tag present in existing tag_slices.csv
sqlglot_optimize_schema_aware,sqlglot_optimize_schema_aware_track_a_120_canonical_v0,postgres,PORT,PORT_0008,rewrite_opportunity,dialect_adaptation,none,exact,true,true,true,true,true,,runs/user/sqlglot_optimize_schema_aware_track_a_120_canonical_v0__postgres/tag_slices.csv,diagnostic join from existing ledger row and retained taxonomy used by tag_slices; tag present in existing tag_slices.csv
sqlglot_optimize_schema_aware,sqlglot_optimize_schema_aware_track_a_120_canonical_v0,postgres,PORT,PORT_0008,rewrite_opportunity,function_normalization,none,exact,true,true,true,true,true,,runs/user/sqlglot_optimize_schema_aware_track_a_120_canonical_v0__postgres/tag_slices.csv,diagnostic join from existing ledger row and retained taxonomy used by tag_slices; tag present in existing tag_slices.csv
sqlglot_optimize_schema_aware,sqlglot_optimize_schema_aware_track_a_120_canonical_v0,postgres,PORT,PORT_0008,sql_feature,date_time_function,none,exact,true,true,true,true,true,,runs/user/sqlglot_optimize_schema_aware_track_a_120_canonical_v0__postgres/tag_slices.csv,diagnostic join from existing ledger row and retained taxonomy used by tag_slices; tag present in existing tag_slices.csv
sqlglot_optimize_schema_aware,sqlglot_optimize_schema_aware_track_a_120_canonical_v0,postgres,PORT,PORT_0008,sql_feature,expression_complexity,none,exact,true,true,true,true,true,,runs/user/sqlglot_optimize_schema_aware_track_a_120_canonical_v0__postgres/tag_slices.csv,diagnostic join from existing ledger row and retained taxonomy used by tag_slices; tag present in existing tag_slices.csv
sqlglot_optimize_schema_aware,sqlglot_optimize_schema_aware_track_a_120_canonical_v0,postgres,PORT,PORT_0012,portability_risk,datetime_semantics_gap,mismatch,mismatch,true,true,true,false,false,runs/user/sqlglot_optimize_schema_aware_track_a_120_canonical_v0__postgres/failures.csv,runs/user/sqlglot_optimize_schema_aware_track_a_120_canonical_v0__postgres/tag_slices.csv,diagnostic join from existing ledger row and retained taxonomy used by tag_slices; tag present in existing tag_slices.csv
sqlglot_optimize_schema_aware,sqlglot_optimize_schema_aware_track_a_120_canonical_v0,postgres,PORT,PORT_0012,portability_risk,identifier_quoting,mismatch,mismatch,true,true,true,false,false,runs/user/sqlglot_optimize_schema_aware_track_a_120_canonical_v0__postgres/failures.csv,runs/user/sqlglot_optimize_schema_aware_track_a_120_canonical_v0__postgres/tag_slices.csv,diagnostic join from existing ledger row and retained taxonomy used by tag_slices; tag present in existing tag_slices.csv
sqlglot_optimize_schema_aware,sqlglot_optimize_schema_aware_track_a_120_canonical_v0,postgres,PORT,PORT_0012,portability_risk,type_semantics_gap,mismatch,mismatch,true,true,true,false,false,runs/user/sqlglot_optimize_schema_aware_track_a_120_canonical_v0__postgres/failures.csv,runs/user/sqlglot_optimize_schema_aware_track_a_120_canonical_v0__postgres/tag_slices.csv,diagnostic join from existing ledger row and retained taxonomy used by tag_slices; tag present in existing tag_slices.csv
sqlglot_optimize_schema_aware,sqlglot_optimize_schema_aware_track_a_120_canonical_v0,postgres,PORT,PORT_0012,rewrite_opportunity,dialect_adaptation,mismatch,mismatch,true,true,true,false,false,runs/user/sqlglot_optimize_schema_aware_track_a_120_canonical_v0__postgres/failures.csv,runs/user/sqlglot_optimize_schema_aware_track_a_120_canonical_v0__postgres/tag_slices.csv,diagnostic join from existing ledger row and retained taxonomy used by tag_slices; tag present in existing tag_slices.csv
sqlglot_optimize_schema_aware,sqlglot_optimize_schema_aware_track_a_120_canonical_v0,postgres,PORT,PORT_0012,rewrite_opportunity,expression_simplification,mismatch,mismatch,true,true,true,false,false,runs/user/sqlglot_optimize_schema_aware_track_a_120_canonical_v0__postgres/failures.csv,runs/user/sqlglot_optimize_schema_aware_track_a_120_canonical_v0__postgres/tag_slices.csv,diagnostic join from existing ledger row and retained taxonomy used by tag_slices; tag present in existing tag_slices.csv
sqlglot_optimize_schema_aware,sqlglot_optimize_schema_aware_track_a_120_canonical_v0,postgres,PORT,PORT_0012,rewrite_opportunity,function_normalization,mismatch,mismatch,true,true,true,false,false,runs/user/sqlglot_optimize_schema_aware_track_a_120_canonical_v0__postgres/failures.csv,runs/user/sqlglot_optimize_schema_aware_track_a_120_canonical_v0__postgres/tag_slices.csv,diagnostic join from existing ledger row and retained taxonomy used by tag_slices; tag present in existing tag_slices.csv
sqlglot_optimize_schema_aware,sqlglot_optimize_schema_aware_track_a_120_canonical_v0,postgres,PORT,PORT_0012,sql_feature,date_time_function,mismatch,mismatch,true,true,true,false,false,runs/user/sqlglot_optimize_schema_aware_track_a_120_canonical_v0__postgres/failures.csv,runs/user/sqlglot_optimize_schema_aware_track_a_120_canonical_v0__postgres/tag_slices.csv,diagnostic join from existing ledger row and retained taxonomy used by tag_slices; tag present in existing tag_slices.csv
sqlglot_optimize_schema_aware,sqlglot_optimize_schema_aware_track_a_120_canonical_v0,postgres,PORT,PORT_0012,sql_feature,expression_complexity,mismatch,mismatch,true,true,true,false,false,runs/user/sqlglot_optimize_schema_aware_track_a_120_canonical_v0__postgres/failures.csv,runs/user/sqlglot_optimize_schema_aware_track_a_120_canonical_v0__postgres/tag_slices.csv,diagnostic join from existing ledger row and retained taxonomy used by tag_slices; tag present in existing tag_slices.csv
sqlglot_optimize_schema_aware,sqlglot_optimize_schema_aware_track_a_120_canonical_v0,postgres,PORT,PORT_0013,portability_risk,boolean_semantics_gap,adapter_failed,not_evaluated_non_db_mvp,false,false,false,false,false,runs/user/sqlglot_optimize_schema_aware_track_a_120_canonical_v0__postgres/failures.csv,runs/user/sqlglot_optimize_schema_aware_track_a_120_canonical_v0__postgres/tag_slices.csv,diagnostic join from existing ledger row and retained taxonomy used by tag_slices; tag present in existing tag_slices.csv
sqlglot_optimize_schema_aware,sqlglot_optimize_schema_aware_track_a_120_canonical_v0,postgres,PORT,PORT_0013,portability_risk,complex_expression_density,adapter_failed,not_evaluated_non_db_mvp,false,false,false,false,false,runs/user/sqlglot_optimize_schema_aware_track_a_120_canonical_v0__postgres/failures.csv,runs/user/sqlglot_optimize_schema_aware_track_a_120_canonical_v0__postgres/tag_slices.csv,diagnostic join from existing ledger row and retained taxonomy used by tag_slices; tag present in existing tag_slices.csv
sqlglot_optimize_schema_aware,sqlglot_optimize_schema_aware_track_a_120_canonical_v0,postgres,PORT,PORT_0013,portability_risk,identifier_quoting,adapter_failed,not_evaluated_non_db_mvp,false,false,false,false,false,runs/user/sqlglot_optimize_schema_aware_track_a_120_canonical_v0__postgres/failures.csv,runs/user/sqlglot_optimize_schema_aware_track_a_120_canonical_v0__postgres/tag_slices.csv,diagnostic join from existing ledger row and retained taxonomy used by tag_slices; tag present in existing tag_slices.csv
sqlglot_optimize_schema_aware,sqlglot_optimize_schema_aware_track_a_120_canonical_v0,postgres,PORT,PORT_0013,portability_risk,type_semantics_gap,adapter_failed,not_evaluated_non_db_mvp,false,false,false,false,false,runs/user/sqlglot_optimize_schema_aware_track_a_120_canonical_v0__postgres/failures.csv,runs/user/sqlglot_optimize_schema_aware_track_a_120_canonical_v0__postgres/tag_slices.csv,diagnostic join from existing ledger row and retained taxonomy used by tag_slices; tag present in existing tag_slices.csv
sqlglot_optimize_schema_aware,sqlglot_optimize_schema_aware_track_a_120_canonical_v0,postgres,PORT,PORT_0013,rewrite_opportunity,dialect_adaptation,adapter_failed,not_evaluated_non_db_mvp,false,false,false,false,false,runs/user/sqlglot_optimize_schema_aware_track_a_120_canonical_v0__postgres/failures.csv,runs/user/sqlglot_optimize_schema_aware_track_a_120_canonical_v0__postgres/tag_slices.csv,diagnostic join from existing ledger row and retained taxonomy used by tag_slices; tag present in existing tag_slices.csv
sqlglot_optimize_schema_aware,sqlglot_optimize_schema_aware_track_a_120_canonical_v0,postgres,PORT,PORT_0013,rewrite_opportunity,expression_simplification,adapter_failed,not_evaluated_non_db_mvp,false,false,false,false,false,runs/user/sqlglot_optimize_schema_aware_track_a_120_canonical_v0__postgres/failures.csv,runs/user/sqlglot_optimize_schema_aware_track_a_120_canonical_v0__postgres/tag_slices.csv,diagnostic join from existing ledger row and retained taxonomy used by tag_slices; tag present in existing tag_slices.csv
sqlglot_optimize_schema_aware,sqlglot_optimize_schema_aware_track_a_120_canonical_v0,postgres,PORT,PORT_0013,sql_feature,expression_complexity,adapter_failed,not_evaluated_non_db_mvp,false,false,false,false,false,runs/user/sqlglot_optimize_schema_aware_track_a_120_canonical_v0__postgres/failures.csv,runs/user/sqlglot_optimize_schema_aware_track_a_120_canonical_v0__postgres/tag_slices.csv,diagnostic join from existing ledger row and retained taxonomy used by tag_slices; tag present in existing tag_slices.csv
sqlglot_optimize_schema_aware,sqlglot_optimize_schema_aware_track_a_120_canonical_v0,postgres,PORT,PORT_0022,portability_risk,date_filter_semantics,adapter_failed,not_evaluated_non_db_mvp,false,false,false,false,false,runs/user/sqlglot_optimize_schema_aware_track_a_120_canonical_v0__postgres/failures.csv,runs/user/sqlglot_optimize_schema_aware_track_a_120_canonical_v0__postgres/tag_slices.csv,diagnostic join from existing ledger row and retained taxonomy used by tag_slices; tag present in existing tag_slices.csv
sqlglot_optimize_schema_aware,sqlglot_optimize_schema_aware_track_a_120_canonical_v0,postgres,PORT,PORT_0022,portability_risk,date_time_semantics,adapter_failed,not_evaluated_non_db_mvp,false,false,false,false,false,runs/user/sqlglot_optimize_schema_aware_track_a_120_canonical_v0__postgres/failures.csv,runs/user/sqlglot_optimize_schema_aware_track_a_120_canonical_v0__postgres/tag_slices.csv,diagnostic join from existing ledger row and retained taxonomy used by tag_slices; tag present in existing tag_slices.csv
sqlglot_optimize_schema_aware,sqlglot_optimize_schema_aware_track_a_120_canonical_v0,postgres,PORT,PORT_0022,portability_risk,join_aggregate_input_boundary,adapter_failed,not_evaluated_non_db_mvp,false,false,false,false,false,runs/user/sqlglot_optimize_schema_aware_track_a_120_canonical_v0__postgres/failures.csv,runs/user/sqlglot_optimize_schema_aware_track_a_120_canonical_v0__postgres/tag_slices.csv,diagnostic join from existing ledger row and retained taxonomy used by tag_slices; tag present in existing tag_slices.csv
sqlglot_optimize_schema_aware,sqlglot_optimize_schema_aware_track_a_120_canonical_v0,postgres,PORT,PORT_0022,portability_risk,literal_predicate_boundary,adapter_failed,not_evaluated_non_db_mvp,false,false,false,false,false,runs/user/sqlglot_optimize_schema_aware_track_a_120_canonical_v0__postgres/failures.csv,runs/user/sqlglot_optimize_schema_aware_track_a_120_canonical_v0__postgres/tag_slices.csv,diagnostic join from existing ledger row and retained taxonomy used by tag_slices; tag present in existing tag_slices.csv
sqlglot_optimize_schema_aware,sqlglot_optimize_schema_aware_track_a_120_canonical_v0,postgres,PORT,PORT_0022,portability_risk,type_coercion,adapter_failed,not_evaluated_non_db_mvp,false,false,false,false,false,runs/user/sqlglot_optimize_schema_aware_track_a_120_canonical_v0__postgres/failures.csv,runs/user/sqlglot_optimize_schema_aware_track_a_120_canonical_v0__postgres/tag_slices.csv,diagnostic join from existing ledger row and retained taxonomy used by tag_slices; tag present in existing tag_slices.csv
sqlglot_optimize_schema_aware,sqlglot_optimize_schema_aware_track_a_120_canonical_v0,postgres,PORT,PORT_0022,rewrite_opportunity,dialect_adaptation,adapter_failed,not_evaluated_non_db_mvp,false,false,false,false,false,runs/user/sqlglot_optimize_schema_aware_track_a_120_canonical_v0__postgres/failures.csv,runs/user/sqlglot_optimize_schema_aware_track_a_120_canonical_v0__postgres/tag_slices.csv,diagnostic join from existing ledger row and retained taxonomy used by tag_slices; tag present in existing tag_slices.csv
sqlglot_optimize_schema_aware,sqlglot_optimize_schema_aware_track_a_120_canonical_v0,postgres,PORT,PORT_0024,portability_risk,aggregate_expression_semantics,adapter_failed,not_evaluated_non_db_mvp,false,false,false,false,false,runs/user/sqlglot_optimize_schema_aware_track_a_120_canonical_v0__postgres/failures.csv,runs/user/sqlglot_optimize_schema_aware_track_a_120_canonical_v0__postgres/tag_slices.csv,diagnostic join from existing ledger row and retained taxonomy used by tag_slices; tag present in existing tag_slices.csv
sqlglot_optimize_schema_aware,sqlglot_optimize_schema_aware_track_a_120_canonical_v0,postgres,PORT,PORT_0024,portability_risk,boolean_semantics,adapter_failed,not_evaluated_non_db_mvp,false,false,false,false,false,runs/user/sqlglot_optimize_schema_aware_track_a_120_canonical_v0__postgres/failures.csv,runs/user/sqlglot_optimize_schema_aware_track_a_120_canonical_v0__postgres/tag_slices.csv,diagnostic join from existing ledger row and retained taxonomy used by tag_slices; tag present in existing tag_slices.csv
sqlglot_optimize_schema_aware,sqlglot_optimize_schema_aware_track_a_120_canonical_v0,postgres,PORT,PORT_0024,portability_risk,literal_predicate_boundary,adapter_failed,not_evaluated_non_db_mvp,false,false,false,false,false,runs/user/sqlglot_optimize_schema_aware_track_a_120_canonical_v0__postgres/failures.csv,runs/user/sqlglot_optimize_schema_aware_track_a_120_canonical_v0__postgres/tag_slices.csv,diagnostic join from existing ledger row and retained taxonomy used by tag_slices; tag present in existing tag_slices.csv
sqlglot_optimize_schema_aware,sqlglot_optimize_schema_aware_track_a_120_canonical_v0,postgres,PORT,PORT_0024,portability_risk,type_coercion,adapter_failed,not_evaluated_non_db_mvp,false,false,false,false,false,runs/user/sqlglot_optimize_schema_aware_track_a_120_canonical_v0__postgres/failures.csv,runs/user/sqlglot_optimize_schema_aware_track_a_120_canonical_v0__postgres/tag_slices.csv,diagnostic join from existing ledger row and retained taxonomy used by tag_slices; tag present in existing tag_slices.csv
sqlglot_optimize_schema_aware,sqlglot_optimize_schema_aware_track_a_120_canonical_v0,postgres,PORT,PORT_0024,rewrite_opportunity,dialect_adaptation,adapter_failed,not_evaluated_non_db_mvp,false,false,false,false,false,runs/user/sqlglot_optimize_schema_aware_track_a_120_canonical_v0__postgres/failures.csv,runs/user/sqlglot_optimize_schema_aware_track_a_120_canonical_v0__postgres/tag_slices.csv,diagnostic join from existing ledger row and retained taxonomy used by tag_slices; tag present in existing tag_slices.csv
sqlglot_optimize_schema_aware,sqlglot_optimize_schema_aware_track_a_120_canonical_v0,postgres,PORT,PORT_0025,portability_risk,date_time_semantics,adapter_failed,not_evaluated_non_db_mvp,false,false,false,false,false,runs/user/sqlglot_optimize_schema_aware_track_a_120_canonical_v0__postgres/failures.csv,runs/user/sqlglot_optimize_schema_aware_track_a_120_canonical_v0__postgres/tag_slices.csv,diagnostic join from existing ledger row and retained taxonomy used by tag_slices; tag present in existing tag_slices.csv
sqlglot_optimize_schema_aware,sqlglot_optimize_schema_aware_track_a_120_canonical_v0,postgres,PORT,PORT_0025,portability_risk,order_direction_semantics,adapter_failed,not_evaluated_non_db_mvp,false,false,false,false,false,runs/user/sqlglot_optimize_schema_aware_track_a_120_canonical_v0__postgres/failures.csv,runs/user/sqlglot_optimize_schema_aware_track_a_120_canonical_v0__postgres/tag_slices.csv,diagnostic join from existing ledger row and retained taxonomy used by tag_slices; tag present in existing tag_slices.csv
sqlglot_optimize_schema_aware,sqlglot_optimize_schema_aware_track_a_120_canonical_v0,postgres,PORT,PORT_0025,portability_risk,order_limit_semantics,adapter_failed,not_evaluated_non_db_mvp,false,false,false,false,false,runs/user/sqlglot_optimize_schema_aware_track_a_120_canonical_v0__postgres/failures.csv,runs/user/sqlglot_optimize_schema_aware_track_a_120_canonical_v0__postgres/tag_slices.csv,diagnostic join from existing ledger row and retained taxonomy used by tag_slices; tag present in existing tag_slices.csv
sqlglot_optimize_schema_aware,sqlglot_optimize_schema_aware_track_a_120_canonical_v0,postgres,PORT,PORT_0025,portability_risk,pagination_or_limit_offset,adapter_failed,not_evaluated_non_db_mvp,false,false,false,false,false,runs/user/sqlglot_optimize_schema_aware_track_a_120_canonical_v0__postgres/failures.csv,runs/user/sqlglot_optimize_schema_aware_track_a_120_canonical_v0__postgres/tag_slices.csv,diagnostic join from existing ledger row and retained taxonomy used by tag_slices; tag present in existing tag_slices.csv
sqlglot_optimize_schema_aware,sqlglot_optimize_schema_aware_track_a_120_canonical_v0,postgres,PORT,PORT_0025,portability_risk,top_1_row_selection,adapter_failed,not_evaluated_non_db_mvp,false,false,false,false,false,runs/user/sqlglot_optimize_schema_aware_track_a_120_canonical_v0__postgres/failures.csv,runs/user/sqlglot_optimize_schema_aware_track_a_120_canonical_v0__postgres/tag_slices.csv,diagnostic join from existing ledger row and retained taxonomy used by tag_slices; tag present in existing tag_slices.csv
sqlglot_optimize_schema_aware,sqlglot_optimize_schema_aware_track_a_120_canonical_v0,postgres,PORT,PORT_0025,rewrite_opportunity,dialect_adaptation,adapter_failed,not_evaluated_non_db_mvp,false,false,false,false,false,runs/user/sqlglot_optimize_schema_aware_track_a_120_canonical_v0__postgres/failures.csv,runs/user/sqlglot_optimize_schema_aware_track_a_120_canonical_v0__postgres/tag_slices.csv,diagnostic join from existing ledger row and retained taxonomy used by tag_slices; tag present in existing tag_slices.csv
sqlglot_optimize_schema_aware,sqlglot_optimize_schema_aware_track_a_120_canonical_v0,postgres,LONGTAIL,LONGTAIL_0011,rewrite_opportunity,cte_strategy,none,exact,true,true,true,true,true,,runs/user/sqlglot_optimize_schema_aware_track_a_120_canonical_v0__postgres/tag_slices.csv,diagnostic join from existing ledger row and retained taxonomy used by tag_slices; tag present in existing tag_slices.csv
sqlglot_optimize_schema_aware,sqlglot_optimize_schema_aware_track_a_120_canonical_v0,postgres,LONGTAIL,LONGTAIL_0011,rewrite_opportunity,expression_simplification,none,exact,true,true,true,true,true,,runs/user/sqlglot_optimize_schema_aware_track_a_120_canonical_v0__postgres/tag_slices.csv,diagnostic join from existing ledger row and retained taxonomy used by tag_slices; tag present in existing tag_slices.csv
sqlglot_optimize_schema_aware,sqlglot_optimize_schema_aware_track_a_120_canonical_v0,postgres,LONGTAIL,LONGTAIL_0011,sql_feature,aggregate,none,exact,true,true,true,true,true,,runs/user/sqlglot_optimize_schema_aware_track_a_120_canonical_v0__postgres/tag_slices.csv,diagnostic join from existing ledger row and retained taxonomy used by tag_slices; tag present in existing tag_slices.csv
sqlglot_optimize_schema_aware,sqlglot_optimize_schema_aware_track_a_120_canonical_v0,postgres,LONGTAIL,LONGTAIL_0011,sql_feature,cte,none,exact,true,true,true,true,true,,runs/user/sqlglot_optimize_schema_aware_track_a_120_canonical_v0__postgres/tag_slices.csv,diagnostic join from existing ledger row and retained taxonomy used by tag_slices; tag present in existing tag_slices.csv
sqlglot_optimize_schema_aware,sqlglot_optimize_schema_aware_track_a_120_canonical_v0,postgres,LONGTAIL,LONGTAIL_0011,sql_feature,join,none,exact,true,true,true,true,true,,runs/user/sqlglot_optimize_schema_aware_track_a_120_canonical_v0__postgres/tag_slices.csv,diagnostic join from existing ledger row and retained taxonomy used by tag_slices; tag present in existing tag_slices.csv
sqlglot_optimize_schema_aware,sqlglot_optimize_schema_aware_track_a_120_canonical_v0,postgres,LONGTAIL,LONGTAIL_0011,sql_feature,sort,none,exact,true,true,true,true,true,,runs/user/sqlglot_optimize_schema_aware_track_a_120_canonical_v0__postgres/tag_slices.csv,diagnostic join from existing ledger row and retained taxonomy used by tag_slices; tag present in existing tag_slices.csv
sqlglot_optimize_schema_aware,sqlglot_optimize_schema_aware_track_a_120_canonical_v0,postgres,LONGTAIL,LONGTAIL_0011,sql_feature,window_function,none,exact,true,true,true,true,true,,runs/user/sqlglot_optimize_schema_aware_track_a_120_canonical_v0__postgres/tag_slices.csv,diagnostic join from existing ledger row and retained taxonomy used by tag_slices; tag present in existing tag_slices.csv
sqlglot_optimize_schema_aware,sqlglot_optimize_schema_aware_track_a_120_canonical_v0,postgres,LONGTAIL,LONGTAIL_0012,sql_feature,aggregation,none,exact,true,true,true,true,true,,runs/user/sqlglot_optimize_schema_aware_track_a_120_canonical_v0__postgres/tag_slices.csv,diagnostic join from existing ledger row and retained taxonomy used by tag_slices; tag present in existing tag_slices.csv
sqlglot_optimize_schema_aware,sqlglot_optimize_schema_aware_track_a_120_canonical_v0,postgres,LONGTAIL,LONGTAIL_0012,sql_feature,complex_expression,none,exact,true,true,true,true,true,,runs/user/sqlglot_optimize_schema_aware_track_a_120_canonical_v0__postgres/tag_slices.csv,diagnostic join from existing ledger row and retained taxonomy used by tag_slices; tag present in existing tag_slices.csv
sqlglot_optimize_schema_aware,sqlglot_optimize_schema_aware_track_a_120_canonical_v0,postgres,LONGTAIL,LONGTAIL_0012,sql_feature,outer_join,none,exact,true,true,true,true,true,,runs/user/sqlglot_optimize_schema_aware_track_a_120_canonical_v0__postgres/tag_slices.csv,diagnostic join from existing ledger row and retained taxonomy used by tag_slices; tag present in existing tag_slices.csv
sqlglot_optimize_schema_aware,sqlglot_optimize_schema_aware_track_a_120_canonical_v0,postgres,LONGTAIL,LONGTAIL_0012,sql_feature,sort_limit,none,exact,true,true,true,true,true,,runs/user/sqlglot_optimize_schema_aware_track_a_120_canonical_v0__postgres/tag_slices.csv,diagnostic join from existing ledger row and retained taxonomy used by tag_slices; tag present in existing tag_slices.csv
sqlglot_optimize_schema_aware,sqlglot_optimize_schema_aware_track_a_120_canonical_v0,postgres,LONGTAIL,LONGTAIL_0012,sql_feature,subquery_in_from,none,exact,true,true,true,true,true,,runs/user/sqlglot_optimize_schema_aware_track_a_120_canonical_v0__postgres/tag_slices.csv,diagnostic join from existing ledger row and retained taxonomy used by tag_slices; tag present in existing tag_slices.csv
sqlglot_optimize_schema_aware,sqlglot_optimize_schema_aware_track_a_120_canonical_v0,postgres,LONGTAIL,LONGTAIL_0012,sql_feature,window_function,none,exact,true,true,true,true,true,,runs/user/sqlglot_optimize_schema_aware_track_a_120_canonical_v0__postgres/tag_slices.csv,diagnostic join from existing ledger row and retained taxonomy used by tag_slices; tag present in existing tag_slices.csv
sqlglot_optimize_schema_aware,sqlglot_optimize_schema_aware_track_a_120_canonical_v0,postgres,LONGTAIL,LONGTAIL_0013,sql_feature,aggregation,none,exact,true,true,true,true,true,,runs/user/sqlglot_optimize_schema_aware_track_a_120_canonical_v0__postgres/tag_slices.csv,diagnostic join from existing ledger row and retained taxonomy used by tag_slices; tag present in existing tag_slices.csv
sqlglot_optimize_schema_aware,sqlglot_optimize_schema_aware_track_a_120_canonical_v0,postgres,LONGTAIL,LONGTAIL_0013,sql_feature,complex_expression,none,exact,true,true,true,true,true,,runs/user/sqlglot_optimize_schema_aware_track_a_120_canonical_v0__postgres/tag_slices.csv,diagnostic join from existing ledger row and retained taxonomy used by tag_slices; tag present in existing tag_slices.csv
sqlglot_optimize_schema_aware,sqlglot_optimize_schema_aware_track_a_120_canonical_v0,postgres,LONGTAIL,LONGTAIL_0013,sql_feature,cte,none,exact,true,true,true,true,true,,runs/user/sqlglot_optimize_schema_aware_track_a_120_canonical_v0__postgres/tag_slices.csv,diagnostic join from existing ledger row and retained taxonomy used by tag_slices; tag present in existing tag_slices.csv
sqlglot_optimize_schema_aware,sqlglot_optimize_schema_aware_track_a_120_canonical_v0,postgres,LONGTAIL,LONGTAIL_0013,sql_feature,outer_join,none,exact,true,true,true,true,true,,runs/user/sqlglot_optimize_schema_aware_track_a_120_canonical_v0__postgres/tag_slices.csv,diagnostic join from existing ledger row and retained taxonomy used by tag_slices; tag present in existing tag_slices.csv
sqlglot_optimize_schema_aware,sqlglot_optimize_schema_aware_track_a_120_canonical_v0,postgres,LONGTAIL,LONGTAIL_0013,sql_feature,sort,none,exact,true,true,true,true,true,,runs/user/sqlglot_optimize_schema_aware_track_a_120_canonical_v0__postgres/tag_slices.csv,diagnostic join from existing ledger row and retained taxonomy used by tag_slices; tag present in existing tag_slices.csv
sqlglot_optimize_schema_aware,sqlglot_optimize_schema_aware_track_a_120_canonical_v0,postgres,LONGTAIL,LONGTAIL_0013,sql_feature,window_function,none,exact,true,true,true,true,true,,runs/user/sqlglot_optimize_schema_aware_track_a_120_canonical_v0__postgres/tag_slices.csv,diagnostic join from existing ledger row and retained taxonomy used by tag_slices; tag present in existing tag_slices.csv
sqlglot_optimize_schema_aware,sqlglot_optimize_schema_aware_track_a_120_canonical_v0,postgres,LONGTAIL,LONGTAIL_0022,sql_feature,aggregation,none,exact,true,true,true,true,true,,runs/user/sqlglot_optimize_schema_aware_track_a_120_canonical_v0__postgres/tag_slices.csv,diagnostic join from existing ledger row and retained taxonomy used by tag_slices; tag present in existing tag_slices.csv
sqlglot_optimize_schema_aware,sqlglot_optimize_schema_aware_track_a_120_canonical_v0,postgres,LONGTAIL,LONGTAIL_0022,sql_feature,cte,none,exact,true,true,true,true,true,,runs/user/sqlglot_optimize_schema_aware_track_a_120_canonical_v0__postgres/tag_slices.csv,diagnostic join from existing ledger row and retained taxonomy used by tag_slices; tag present in existing tag_slices.csv
sqlglot_optimize_schema_aware,sqlglot_optimize_schema_aware_track_a_120_canonical_v0,postgres,LONGTAIL,LONGTAIL_0022,sql_feature,join,none,exact,true,true,true,true,true,,runs/user/sqlglot_optimize_schema_aware_track_a_120_canonical_v0__postgres/tag_slices.csv,diagnostic join from existing ledger row and retained taxonomy used by tag_slices; tag present in existing tag_slices.csv
sqlglot_optimize_schema_aware,sqlglot_optimize_schema_aware_track_a_120_canonical_v0,postgres,LONGTAIL,LONGTAIL_0022,sql_feature,outer_join,none,exact,true,true,true,true,true,,runs/user/sqlglot_optimize_schema_aware_track_a_120_canonical_v0__postgres/tag_slices.csv,diagnostic join from existing ledger row and retained taxonomy used by tag_slices; tag present in existing tag_slices.csv
sqlglot_optimize_schema_aware,sqlglot_optimize_schema_aware_track_a_120_canonical_v0,postgres,LONGTAIL,LONGTAIL_0022,sql_feature,sort,none,exact,true,true,true,true,true,,runs/user/sqlglot_optimize_schema_aware_track_a_120_canonical_v0__postgres/tag_slices.csv,diagnostic join from existing ledger row and retained taxonomy used by tag_slices; tag present in existing tag_slices.csv
sqlglot_optimize_schema_aware,sqlglot_optimize_schema_aware_track_a_120_canonical_v0,postgres,LONGTAIL,LONGTAIL_0023,sql_feature,aggregation,none,exact,true,true,true,true,true,,runs/user/sqlglot_optimize_schema_aware_track_a_120_canonical_v0__postgres/tag_slices.csv,diagnostic join from existing ledger row and retained taxonomy used by tag_slices; tag present in existing tag_slices.csv
sqlglot_optimize_schema_aware,sqlglot_optimize_schema_aware_track_a_120_canonical_v0,postgres,LONGTAIL,LONGTAIL_0023,sql_feature,cte,none,exact,true,true,true,true,true,,runs/user/sqlglot_optimize_schema_aware_track_a_120_canonical_v0__postgres/tag_slices.csv,diagnostic join from existing ledger row and retained taxonomy used by tag_slices; tag present in existing tag_slices.csv
sqlglot_optimize_schema_aware,sqlglot_optimize_schema_aware_track_a_120_canonical_v0,postgres,LONGTAIL,LONGTAIL_0023,sql_feature,directed_relation,none,exact,true,true,true,true,true,,runs/user/sqlglot_optimize_schema_aware_track_a_120_canonical_v0__postgres/tag_slices.csv,diagnostic join from existing ledger row and retained taxonomy used by tag_slices; tag present in existing tag_slices.csv
sqlglot_optimize_schema_aware,sqlglot_optimize_schema_aware_track_a_120_canonical_v0,postgres,LONGTAIL,LONGTAIL_0023,sql_feature,outer_join,none,exact,true,true,true,true,true,,runs/user/sqlglot_optimize_schema_aware_track_a_120_canonical_v0__postgres/tag_slices.csv,diagnostic join from existing ledger row and retained taxonomy used by tag_slices; tag present in existing tag_slices.csv
sqlglot_optimize_schema_aware,sqlglot_optimize_schema_aware_track_a_120_canonical_v0,postgres,LONGTAIL,LONGTAIL_0023,sql_feature,sort,none,exact,true,true,true,true,true,,runs/user/sqlglot_optimize_schema_aware_track_a_120_canonical_v0__postgres/tag_slices.csv,diagnostic join from existing ledger row and retained taxonomy used by tag_slices; tag present in existing tag_slices.csv
sqlglot_optimize_schema_aware,sqlglot_optimize_schema_aware_track_a_120_canonical_v0,postgres,LONGTAIL,LONGTAIL_0024,sql_feature,aggregation,none,exact,true,true,true,true,true,,runs/user/sqlglot_optimize_schema_aware_track_a_120_canonical_v0__postgres/tag_slices.csv,diagnostic join from existing ledger row and retained taxonomy used by tag_slices; tag present in existing tag_slices.csv
sqlglot_optimize_schema_aware,sqlglot_optimize_schema_aware_track_a_120_canonical_v0,postgres,LONGTAIL,LONGTAIL_0024,sql_feature,cte,none,exact,true,true,true,true,true,,runs/user/sqlglot_optimize_schema_aware_track_a_120_canonical_v0__postgres/tag_slices.csv,diagnostic join from existing ledger row and retained taxonomy used by tag_slices; tag present in existing tag_slices.csv
sqlglot_optimize_schema_aware,sqlglot_optimize_schema_aware_track_a_120_canonical_v0,postgres,LONGTAIL,LONGTAIL_0024,sql_feature,join,none,exact,true,true,true,true,true,,runs/user/sqlglot_optimize_schema_aware_track_a_120_canonical_v0__postgres/tag_slices.csv,diagnostic join from existing ledger row and retained taxonomy used by tag_slices; tag present in existing tag_slices.csv
sqlglot_optimize_schema_aware,sqlglot_optimize_schema_aware_track_a_120_canonical_v0,postgres,LONGTAIL,LONGTAIL_0024,sql_feature,sort,none,exact,true,true,true,true,true,,runs/user/sqlglot_optimize_schema_aware_track_a_120_canonical_v0__postgres/tag_slices.csv,diagnostic join from existing ledger row and retained taxonomy used by tag_slices; tag present in existing tag_slices.csv
sqlglot_optimize_schema_aware,sqlglot_optimize_schema_aware_track_a_120_canonical_v0,postgres,LONGTAIL,LONGTAIL_0024,sql_feature,temporal_min_max,none,exact,true,true,true,true,true,,runs/user/sqlglot_optimize_schema_aware_track_a_120_canonical_v0__postgres/tag_slices.csv,diagnostic join from existing ledger row and retained taxonomy used by tag_slices; tag present in existing tag_slices.csv
sqlglot_optimize_schema_aware,sqlglot_optimize_schema_aware_track_a_120_canonical_v0,mysql,PERF,PERF_0006,rewrite_opportunity,materialization_strategy,none,exact,true,true,true,true,true,,runs/user/sqlglot_optimize_schema_aware_track_a_120_canonical_v0__mysql/tag_slices.csv,diagnostic join from existing ledger row and retained taxonomy used by tag_slices; tag present in existing tag_slices.csv
sqlglot_optimize_schema_aware,sqlglot_optimize_schema_aware_track_a_120_canonical_v0,mysql,PERF,PERF_0006,rewrite_opportunity,predicate_pushdown,none,exact,true,true,true,true,true,,runs/user/sqlglot_optimize_schema_aware_track_a_120_canonical_v0__mysql/tag_slices.csv,diagnostic join from existing ledger row and retained taxonomy used by tag_slices; tag present in existing tag_slices.csv
sqlglot_optimize_schema_aware,sqlglot_optimize_schema_aware_track_a_120_canonical_v0,mysql,PERF,PERF_0006,sql_feature,date_time_function,none,exact,true,true,true,true,true,,runs/user/sqlglot_optimize_schema_aware_track_a_120_canonical_v0__mysql/tag_slices.csv,diagnostic join from existing ledger row and retained taxonomy used by tag_slices; tag present in existing tag_slices.csv
sqlglot_optimize_schema_aware,sqlglot_optimize_schema_aware_track_a_120_canonical_v0,mysql,PERF,PERF_0006,sql_feature,expression_complexity,none,exact,true,true,true,true,true,,runs/user/sqlglot_optimize_schema_aware_track_a_120_canonical_v0__mysql/tag_slices.csv,diagnostic join from existing ledger row and retained taxonomy used by tag_slices; tag present in existing tag_slices.csv
sqlglot_optimize_schema_aware,sqlglot_optimize_schema_aware_track_a_120_canonical_v0,mysql,PERF,PERF_0007,rewrite_opportunity,materialization_strategy,none,exact,true,true,true,true,true,,runs/user/sqlglot_optimize_schema_aware_track_a_120_canonical_v0__mysql/tag_slices.csv,diagnostic join from existing ledger row and retained taxonomy used by tag_slices; tag present in existing tag_slices.csv
sqlglot_optimize_schema_aware,sqlglot_optimize_schema_aware_track_a_120_canonical_v0,mysql,PERF,PERF_0007,rewrite_opportunity,predicate_pushdown,none,exact,true,true,true,true,true,,runs/user/sqlglot_optimize_schema_aware_track_a_120_canonical_v0__mysql/tag_slices.csv,diagnostic join from existing ledger row and retained taxonomy used by tag_slices; tag present in existing tag_slices.csv
sqlglot_optimize_schema_aware,sqlglot_optimize_schema_aware_track_a_120_canonical_v0,mysql,PERF,PERF_0007,sql_feature,date_time_function,none,exact,true,true,true,true,true,,runs/user/sqlglot_optimize_schema_aware_track_a_120_canonical_v0__mysql/tag_slices.csv,diagnostic join from existing ledger row and retained taxonomy used by tag_slices; tag present in existing tag_slices.csv
sqlglot_optimize_schema_aware,sqlglot_optimize_schema_aware_track_a_120_canonical_v0,mysql,PERF,PERF_0008,rewrite_opportunity,materialization_strategy,adapter_failed,not_evaluated_non_db_mvp,false,false,false,false,false,runs/user/sqlglot_optimize_schema_aware_track_a_120_canonical_v0__mysql/failures.csv,runs/user/sqlglot_optimize_schema_aware_track_a_120_canonical_v0__mysql/tag_slices.csv,diagnostic join from existing ledger row and retained taxonomy used by tag_slices; tag present in existing tag_slices.csv
sqlglot_optimize_schema_aware,sqlglot_optimize_schema_aware_track_a_120_canonical_v0,mysql,PERF,PERF_0008,rewrite_opportunity,predicate_pushdown,adapter_failed,not_evaluated_non_db_mvp,false,false,false,false,false,runs/user/sqlglot_optimize_schema_aware_track_a_120_canonical_v0__mysql/failures.csv,runs/user/sqlglot_optimize_schema_aware_track_a_120_canonical_v0__mysql/tag_slices.csv,diagnostic join from existing ledger row and retained taxonomy used by tag_slices; tag present in existing tag_slices.csv
sqlglot_optimize_schema_aware,sqlglot_optimize_schema_aware_track_a_120_canonical_v0,mysql,PERF,PERF_0008,sql_feature,date_time_function,adapter_failed,not_evaluated_non_db_mvp,false,false,false,false,false,runs/user/sqlglot_optimize_schema_aware_track_a_120_canonical_v0__mysql/failures.csv,runs/user/sqlglot_optimize_schema_aware_track_a_120_canonical_v0__mysql/tag_slices.csv,diagnostic join from existing ledger row and retained taxonomy used by tag_slices; tag present in existing tag_slices.csv
sqlglot_optimize_schema_aware,sqlglot_optimize_schema_aware_track_a_120_canonical_v0,mysql,PERF,PERF_0008,sql_feature,subquery_in_from,adapter_failed,not_evaluated_non_db_mvp,false,false,false,false,false,runs/user/sqlglot_optimize_schema_aware_track_a_120_canonical_v0__mysql/failures.csv,runs/user/sqlglot_optimize_schema_aware_track_a_120_canonical_v0__mysql/tag_slices.csv,diagnostic join from existing ledger row and retained taxonomy used by tag_slices; tag present in existing tag_slices.csv
sqlglot_optimize_schema_aware,sqlglot_optimize_schema_aware_track_a_120_canonical_v0,mysql,PERF,PERF_0013,rewrite_opportunity,join_reorder,adapter_failed,not_evaluated_non_db_mvp,false,false,false,false,false,runs/user/sqlglot_optimize_schema_aware_track_a_120_canonical_v0__mysql/failures.csv,runs/user/sqlglot_optimize_schema_aware_track_a_120_canonical_v0__mysql/tag_slices.csv,diagnostic join from existing ledger row and retained taxonomy used by tag_slices; tag present in existing tag_slices.csv
sqlglot_optimize_schema_aware,sqlglot_optimize_schema_aware_track_a_120_canonical_v0,mysql,PERF,PERF_0013,rewrite_opportunity,predicate_pushdown,adapter_failed,not_evaluated_non_db_mvp,false,false,false,false,false,runs/user/sqlglot_optimize_schema_aware_track_a_120_canonical_v0__mysql/failures.csv,runs/user/sqlglot_optimize_schema_aware_track_a_120_canonical_v0__mysql/tag_slices.csv,diagnostic join from existing ledger row and retained taxonomy used by tag_slices; tag present in existing tag_slices.csv
sqlglot_optimize_schema_aware,sqlglot_optimize_schema_aware_track_a_120_canonical_v0,mysql,PERF,PERF_0013,sql_feature,date_time_function,adapter_failed,not_evaluated_non_db_mvp,false,false,false,false,false,runs/user/sqlglot_optimize_schema_aware_track_a_120_canonical_v0__mysql/failures.csv,runs/user/sqlglot_optimize_schema_aware_track_a_120_canonical_v0__mysql/tag_slices.csv,diagnostic join from existing ledger row and retained taxonomy used by tag_slices; tag present in existing tag_slices.csv
sqlglot_optimize_schema_aware,sqlglot_optimize_schema_aware_track_a_120_canonical_v0,mysql,PERF,PERF_0017,rewrite_opportunity,join_reorder,adapter_failed,not_evaluated_non_db_mvp,false,false,false,false,false,runs/user/sqlglot_optimize_schema_aware_track_a_120_canonical_v0__mysql/failures.csv,runs/user/sqlglot_optimize_schema_aware_track_a_120_canonical_v0__mysql/tag_slices.csv,diagnostic join from existing ledger row and retained taxonomy used by tag_slices; tag present in existing tag_slices.csv
sqlglot_optimize_schema_aware,sqlglot_optimize_schema_aware_track_a_120_canonical_v0,mysql,PERF,PERF_0017,rewrite_opportunity,predicate_pushdown,adapter_failed,not_evaluated_non_db_mvp,false,false,false,false,false,runs/user/sqlglot_optimize_schema_aware_track_a_120_canonical_v0__mysql/failures.csv,runs/user/sqlglot_optimize_schema_aware_track_a_120_canonical_v0__mysql/tag_slices.csv,diagnostic join from existing ledger row and retained taxonomy used by tag_slices; tag present in existing tag_slices.csv
sqlglot_optimize_schema_aware,sqlglot_optimize_schema_aware_track_a_120_canonical_v0,mysql,PERF,PERF_0017,sql_feature,date_time_function,adapter_failed,not_evaluated_non_db_mvp,false,false,false,false,false,runs/user/sqlglot_optimize_schema_aware_track_a_120_canonical_v0__mysql/failures.csv,runs/user/sqlglot_optimize_schema_aware_track_a_120_canonical_v0__mysql/tag_slices.csv,diagnostic join from existing ledger row and retained taxonomy used by tag_slices; tag present in existing tag_slices.csv
sqlglot_optimize_schema_aware,sqlglot_optimize_schema_aware_track_a_120_canonical_v0,mysql,PERF,PERF_0019,rewrite_opportunity,materialization_strategy,adapter_failed,not_evaluated_non_db_mvp,false,false,false,false,false,runs/user/sqlglot_optimize_schema_aware_track_a_120_canonical_v0__mysql/failures.csv,runs/user/sqlglot_optimize_schema_aware_track_a_120_canonical_v0__mysql/tag_slices.csv,diagnostic join from existing ledger row and retained taxonomy used by tag_slices; tag present in existing tag_slices.csv
sqlglot_optimize_schema_aware,sqlglot_optimize_schema_aware_track_a_120_canonical_v0,mysql,PERF,PERF_0019,rewrite_opportunity,predicate_pushdown,adapter_failed,not_evaluated_non_db_mvp,false,false,false,false,false,runs/user/sqlglot_optimize_schema_aware_track_a_120_canonical_v0__mysql/failures.csv,runs/user/sqlglot_optimize_schema_aware_track_a_120_canonical_v0__mysql/tag_slices.csv,diagnostic join from existing ledger row and retained taxonomy used by tag_slices; tag present in existing tag_slices.csv
sqlglot_optimize_schema_aware,sqlglot_optimize_schema_aware_track_a_120_canonical_v0,mysql,PERF,PERF_0019,sql_feature,outer_join,adapter_failed,not_evaluated_non_db_mvp,false,false,false,false,false,runs/user/sqlglot_optimize_schema_aware_track_a_120_canonical_v0__mysql/failures.csv,runs/user/sqlglot_optimize_schema_aware_track_a_120_canonical_v0__mysql/tag_slices.csv,diagnostic join from existing ledger row and retained taxonomy used by tag_slices; tag present in existing tag_slices.csv
sqlglot_optimize_schema_aware,sqlglot_optimize_schema_aware_track_a_120_canonical_v0,mysql,PERF,PERF_0019,sql_feature,subquery_in_from,adapter_failed,not_evaluated_non_db_mvp,false,false,false,false,false,runs/user/sqlglot_optimize_schema_aware_track_a_120_canonical_v0__mysql/failures.csv,runs/user/sqlglot_optimize_schema_aware_track_a_120_canonical_v0__mysql/tag_slices.csv,diagnostic join from existing ledger row and retained taxonomy used by tag_slices; tag present in existing tag_slices.csv
sqlglot_optimize_schema_aware,sqlglot_optimize_schema_aware_track_a_120_canonical_v0,mysql,PERF,PERF_0024,rewrite_opportunity,predicate_pushdown,none,exact,true,true,true,true,true,,runs/user/sqlglot_optimize_schema_aware_track_a_120_canonical_v0__mysql/tag_slices.csv,diagnostic join from existing ledger row and retained taxonomy used by tag_slices; tag present in existing tag_slices.csv
sqlglot_optimize_schema_aware,sqlglot_optimize_schema_aware_track_a_120_canonical_v0,mysql,PERF,PERF_0024,rewrite_opportunity,subquery_decorrelation,none,exact,true,true,true,true,true,,runs/user/sqlglot_optimize_schema_aware_track_a_120_canonical_v0__mysql/tag_slices.csv,diagnostic join from existing ledger row and retained taxonomy used by tag_slices; tag present in existing tag_slices.csv
sqlglot_optimize_schema_aware,sqlglot_optimize_schema_aware_track_a_120_canonical_v0,mysql,PERF,PERF_0024,sql_feature,correlated_subquery,none,exact,true,true,true,true,true,,runs/user/sqlglot_optimize_schema_aware_track_a_120_canonical_v0__mysql/tag_slices.csv,diagnostic join from existing ledger row and retained taxonomy used by tag_slices; tag present in existing tag_slices.csv
sqlglot_optimize_schema_aware,sqlglot_optimize_schema_aware_track_a_120_canonical_v0,mysql,PERF,PERF_0024,sql_feature,date_time_function,none,exact,true,true,true,true,true,,runs/user/sqlglot_optimize_schema_aware_track_a_120_canonical_v0__mysql/tag_slices.csv,diagnostic join from existing ledger row and retained taxonomy used by tag_slices; tag present in existing tag_slices.csv
sqlglot_optimize_schema_aware,sqlglot_optimize_schema_aware_track_a_120_canonical_v0,mysql,PERF,PERF_0033,portability_risk,limit_fetch_gap,none,exact,true,true,true,true,true,,runs/user/sqlglot_optimize_schema_aware_track_a_120_canonical_v0__mysql/tag_slices.csv,diagnostic join from existing ledger row and retained taxonomy used by tag_slices; tag present in existing tag_slices.csv
sqlglot_optimize_schema_aware,sqlglot_optimize_schema_aware_track_a_120_canonical_v0,mysql,PERF,PERF_0033,rewrite_opportunity,join_reorder,none,exact,true,true,true,true,true,,runs/user/sqlglot_optimize_schema_aware_track_a_120_canonical_v0__mysql/tag_slices.csv,diagnostic join from existing ledger row and retained taxonomy used by tag_slices; tag present in existing tag_slices.csv
sqlglot_optimize_schema_aware,sqlglot_optimize_schema_aware_track_a_120_canonical_v0,mysql,PERF,PERF_0033,rewrite_opportunity,predicate_pushdown,none,exact,true,true,true,true,true,,runs/user/sqlglot_optimize_schema_aware_track_a_120_canonical_v0__mysql/tag_slices.csv,diagnostic join from existing ledger row and retained taxonomy used by tag_slices; tag present in existing tag_slices.csv
sqlglot_optimize_schema_aware,sqlglot_optimize_schema_aware_track_a_120_canonical_v0,mysql,PERF,PERF_0033,sql_feature,aggregate,none,exact,true,true,true,true,true,,runs/user/sqlglot_optimize_schema_aware_track_a_120_canonical_v0__mysql/tag_slices.csv,diagnostic join from existing ledger row and retained taxonomy used by tag_slices; tag present in existing tag_slices.csv
sqlglot_optimize_schema_aware,sqlglot_optimize_schema_aware_track_a_120_canonical_v0,mysql,PERF,PERF_0033,sql_feature,group_by,none,exact,true,true,true,true,true,,runs/user/sqlglot_optimize_schema_aware_track_a_120_canonical_v0__mysql/tag_slices.csv,diagnostic join from existing ledger row and retained taxonomy used by tag_slices; tag present in existing tag_slices.csv
sqlglot_optimize_schema_aware,sqlglot_optimize_schema_aware_track_a_120_canonical_v0,mysql,PERF,PERF_0033,sql_feature,join,none,exact,true,true,true,true,true,,runs/user/sqlglot_optimize_schema_aware_track_a_120_canonical_v0__mysql/tag_slices.csv,diagnostic join from existing ledger row and retained taxonomy used by tag_slices; tag present in existing tag_slices.csv
sqlglot_optimize_schema_aware,sqlglot_optimize_schema_aware_track_a_120_canonical_v0,mysql,PERF,PERF_0033,sql_feature,limit,none,exact,true,true,true,true,true,,runs/user/sqlglot_optimize_schema_aware_track_a_120_canonical_v0__mysql/tag_slices.csv,diagnostic join from existing ledger row and retained taxonomy used by tag_slices; tag present in existing tag_slices.csv
sqlglot_optimize_schema_aware,sqlglot_optimize_schema_aware_track_a_120_canonical_v0,mysql,PERF,PERF_0033,sql_feature,order_by,none,exact,true,true,true,true,true,,runs/user/sqlglot_optimize_schema_aware_track_a_120_canonical_v0__mysql/tag_slices.csv,diagnostic join from existing ledger row and retained taxonomy used by tag_slices; tag present in existing tag_slices.csv
sqlglot_optimize_schema_aware,sqlglot_optimize_schema_aware_track_a_120_canonical_v0,mysql,PERF,PERF_0034,rewrite_opportunity,materialization_strategy,none,exact,true,true,true,true,true,,runs/user/sqlglot_optimize_schema_aware_track_a_120_canonical_v0__mysql/tag_slices.csv,diagnostic join from existing ledger row and retained taxonomy used by tag_slices; tag present in existing tag_slices.csv
sqlglot_optimize_schema_aware,sqlglot_optimize_schema_aware_track_a_120_canonical_v0,mysql,PERF,PERF_0034,rewrite_opportunity,predicate_pushdown,none,exact,true,true,true,true,true,,runs/user/sqlglot_optimize_schema_aware_track_a_120_canonical_v0__mysql/tag_slices.csv,diagnostic join from existing ledger row and retained taxonomy used by tag_slices; tag present in existing tag_slices.csv
sqlglot_optimize_schema_aware,sqlglot_optimize_schema_aware_track_a_120_canonical_v0,mysql,PERF,PERF_0034,sql_feature,cte,none,exact,true,true,true,true,true,,runs/user/sqlglot_optimize_schema_aware_track_a_120_canonical_v0__mysql/tag_slices.csv,diagnostic join from existing ledger row and retained taxonomy used by tag_slices; tag present in existing tag_slices.csv
sqlglot_optimize_schema_aware,sqlglot_optimize_schema_aware_track_a_120_canonical_v0,mysql,PERF,PERF_0034,sql_feature,set_operation,none,exact,true,true,true,true,true,,runs/user/sqlglot_optimize_schema_aware_track_a_120_canonical_v0__mysql/tag_slices.csv,diagnostic join from existing ledger row and retained taxonomy used by tag_slices; tag present in existing tag_slices.csv
sqlglot_optimize_schema_aware,sqlglot_optimize_schema_aware_track_a_120_canonical_v0,mysql,PERF,PERF_0035,portability_risk,type_semantics_gap,none,exact,true,true,true,true,true,,runs/user/sqlglot_optimize_schema_aware_track_a_120_canonical_v0__mysql/tag_slices.csv,diagnostic join from existing ledger row and retained taxonomy used by tag_slices; tag present in existing tag_slices.csv
sqlglot_optimize_schema_aware,sqlglot_optimize_schema_aware_track_a_120_canonical_v0,mysql,PERF,PERF_0035,rewrite_opportunity,aggregation_rewrite,none,exact,true,true,true,true,true,,runs/user/sqlglot_optimize_schema_aware_track_a_120_canonical_v0__mysql/tag_slices.csv,diagnostic join from existing ledger row and retained taxonomy used by tag_slices; tag present in existing tag_slices.csv
sqlglot_optimize_schema_aware,sqlglot_optimize_schema_aware_track_a_120_canonical_v0,mysql,PERF,PERF_0035,rewrite_opportunity,cte_strategy,none,exact,true,true,true,true,true,,runs/user/sqlglot_optimize_schema_aware_track_a_120_canonical_v0__mysql/tag_slices.csv,diagnostic join from existing ledger row and retained taxonomy used by tag_slices; tag present in existing tag_slices.csv
sqlglot_optimize_schema_aware,sqlglot_optimize_schema_aware_track_a_120_canonical_v0,mysql,PERF,PERF_0035,sql_feature,cte,none,exact,true,true,true,true,true,,runs/user/sqlglot_optimize_schema_aware_track_a_120_canonical_v0__mysql/tag_slices.csv,diagnostic join from existing ledger row and retained taxonomy used by tag_slices; tag present in existing tag_slices.csv
sqlglot_optimize_schema_aware,sqlglot_optimize_schema_aware_track_a_120_canonical_v0,mysql,PERF,PERF_0035,sql_feature,expression_complexity,none,exact,true,true,true,true,true,,runs/user/sqlglot_optimize_schema_aware_track_a_120_canonical_v0__mysql/tag_slices.csv,diagnostic join from existing ledger row and retained taxonomy used by tag_slices; tag present in existing tag_slices.csv
sqlglot_optimize_schema_aware,sqlglot_optimize_schema_aware_track_a_120_canonical_v0,mysql,PERF,PERF_0035,sql_feature,window_function,none,exact,true,true,true,true,true,,runs/user/sqlglot_optimize_schema_aware_track_a_120_canonical_v0__mysql/tag_slices.csv,diagnostic join from existing ledger row and retained taxonomy used by tag_slices; tag present in existing tag_slices.csv
sqlglot_optimize_schema_aware,sqlglot_optimize_schema_aware_track_a_120_canonical_v0,mysql,PERF,PERF_0052,sql_feature,aggregate,none,exact,true,true,true,true,true,,runs/user/sqlglot_optimize_schema_aware_track_a_120_canonical_v0__mysql/tag_slices.csv,diagnostic join from existing ledger row and retained taxonomy used by tag_slices; tag present in existing tag_slices.csv
sqlglot_optimize_schema_aware,sqlglot_optimize_schema_aware_track_a_120_canonical_v0,mysql,PERF,PERF_0052,sql_feature,correlated_subquery,none,exact,true,true,true,true,true,,runs/user/sqlglot_optimize_schema_aware_track_a_120_canonical_v0__mysql/tag_slices.csv,diagnostic join from existing ledger row and retained taxonomy used by tag_slices; tag present in existing tag_slices.csv
sqlglot_optimize_schema_aware,sqlglot_optimize_schema_aware_track_a_120_canonical_v0,mysql,PERF,PERF_0052,sql_feature,cte,none,exact,true,true,true,true,true,,runs/user/sqlglot_optimize_schema_aware_track_a_120_canonical_v0__mysql/tag_slices.csv,diagnostic join from existing ledger row and retained taxonomy used by tag_slices; tag present in existing tag_slices.csv
sqlglot_optimize_schema_aware,sqlglot_optimize_schema_aware_track_a_120_canonical_v0,mysql,PERF,PERF_0052,sql_feature,group_by,none,exact,true,true,true,true,true,,runs/user/sqlglot_optimize_schema_aware_track_a_120_canonical_v0__mysql/tag_slices.csv,diagnostic join from existing ledger row and retained taxonomy used by tag_slices; tag present in existing tag_slices.csv
sqlglot_optimize_schema_aware,sqlglot_optimize_schema_aware_track_a_120_canonical_v0,mysql,PERF,PERF_0052,sql_feature,limit,none,exact,true,true,true,true,true,,runs/user/sqlglot_optimize_schema_aware_track_a_120_canonical_v0__mysql/tag_slices.csv,diagnostic join from existing ledger row and retained taxonomy used by tag_slices; tag present in existing tag_slices.csv
sqlglot_optimize_schema_aware,sqlglot_optimize_schema_aware_track_a_120_canonical_v0,mysql,PERF,PERF_0052,sql_feature,order_by,none,exact,true,true,true,true,true,,runs/user/sqlglot_optimize_schema_aware_track_a_120_canonical_v0__mysql/tag_slices.csv,diagnostic join from existing ledger row and retained taxonomy used by tag_slices; tag present in existing tag_slices.csv
sqlglot_optimize_schema_aware,sqlglot_optimize_schema_aware_track_a_120_canonical_v0,mysql,PERF,PERF_0054,sql_feature,aggregate,none,exact,true,true,true,true,true,,runs/user/sqlglot_optimize_schema_aware_track_a_120_canonical_v0__mysql/tag_slices.csv,diagnostic join from existing ledger row and retained taxonomy used by tag_slices; tag present in existing tag_slices.csv
sqlglot_optimize_schema_aware,sqlglot_optimize_schema_aware_track_a_120_canonical_v0,mysql,PERF,PERF_0054,sql_feature,group_by,none,exact,true,true,true,true,true,,runs/user/sqlglot_optimize_schema_aware_track_a_120_canonical_v0__mysql/tag_slices.csv,diagnostic join from existing ledger row and retained taxonomy used by tag_slices; tag present in existing tag_slices.csv
sqlglot_optimize_schema_aware,sqlglot_optimize_schema_aware_track_a_120_canonical_v0,mysql,PERF,PERF_0054,sql_feature,join,none,exact,true,true,true,true,true,,runs/user/sqlglot_optimize_schema_aware_track_a_120_canonical_v0__mysql/tag_slices.csv,diagnostic join from existing ledger row and retained taxonomy used by tag_slices; tag present in existing tag_slices.csv
sqlglot_optimize_schema_aware,sqlglot_optimize_schema_aware_track_a_120_canonical_v0,mysql,PERF,PERF_0054,sql_feature,limit,none,exact,true,true,true,true,true,,runs/user/sqlglot_optimize_schema_aware_track_a_120_canonical_v0__mysql/tag_slices.csv,diagnostic join from existing ledger row and retained taxonomy used by tag_slices; tag present in existing tag_slices.csv
sqlglot_optimize_schema_aware,sqlglot_optimize_schema_aware_track_a_120_canonical_v0,mysql,PERF,PERF_0054,sql_feature,order_by,none,exact,true,true,true,true,true,,runs/user/sqlglot_optimize_schema_aware_track_a_120_canonical_v0__mysql/tag_slices.csv,diagnostic join from existing ledger row and retained taxonomy used by tag_slices; tag present in existing tag_slices.csv
sqlglot_optimize_schema_aware,sqlglot_optimize_schema_aware_track_a_120_canonical_v0,mysql,PERF,PERF_0056,sql_feature,aggregate,none,exact,true,true,true,true,true,,runs/user/sqlglot_optimize_schema_aware_track_a_120_canonical_v0__mysql/tag_slices.csv,diagnostic join from existing ledger row and retained taxonomy used by tag_slices; tag present in existing tag_slices.csv
sqlglot_optimize_schema_aware,sqlglot_optimize_schema_aware_track_a_120_canonical_v0,mysql,PERF,PERF_0056,sql_feature,group_by,none,exact,true,true,true,true,true,,runs/user/sqlglot_optimize_schema_aware_track_a_120_canonical_v0__mysql/tag_slices.csv,diagnostic join from existing ledger row and retained taxonomy used by tag_slices; tag present in existing tag_slices.csv
sqlglot_optimize_schema_aware,sqlglot_optimize_schema_aware_track_a_120_canonical_v0,mysql,PERF,PERF_0056,sql_feature,having,none,exact,true,true,true,true,true,,runs/user/sqlglot_optimize_schema_aware_track_a_120_canonical_v0__mysql/tag_slices.csv,diagnostic join from existing ledger row and retained taxonomy used by tag_slices; tag present in existing tag_slices.csv
sqlglot_optimize_schema_aware,sqlglot_optimize_schema_aware_track_a_120_canonical_v0,mysql,PERF,PERF_0056,sql_feature,limit,none,exact,true,true,true,true,true,,runs/user/sqlglot_optimize_schema_aware_track_a_120_canonical_v0__mysql/tag_slices.csv,diagnostic join from existing ledger row and retained taxonomy used by tag_slices; tag present in existing tag_slices.csv
sqlglot_optimize_schema_aware,sqlglot_optimize_schema_aware_track_a_120_canonical_v0,mysql,PERF,PERF_0056,sql_feature,order_by,none,exact,true,true,true,true,true,,runs/user/sqlglot_optimize_schema_aware_track_a_120_canonical_v0__mysql/tag_slices.csv,diagnostic join from existing ledger row and retained taxonomy used by tag_slices; tag present in existing tag_slices.csv
sqlglot_optimize_schema_aware,sqlglot_optimize_schema_aware_track_a_120_canonical_v0,mysql,PERF,PERF_0056,sql_feature,scalar_subquery,none,exact,true,true,true,true,true,,runs/user/sqlglot_optimize_schema_aware_track_a_120_canonical_v0__mysql/tag_slices.csv,diagnostic join from existing ledger row and retained taxonomy used by tag_slices; tag present in existing tag_slices.csv
sqlglot_optimize_schema_aware,sqlglot_optimize_schema_aware_track_a_120_canonical_v0,mysql,PERF,PERF_0062,sql_feature,aggregate,mismatch,mismatch,true,true,true,false,false,runs/user/sqlglot_optimize_schema_aware_track_a_120_canonical_v0__mysql/failures.csv,runs/user/sqlglot_optimize_schema_aware_track_a_120_canonical_v0__mysql/tag_slices.csv,diagnostic join from existing ledger row and retained taxonomy used by tag_slices; tag present in existing tag_slices.csv
sqlglot_optimize_schema_aware,sqlglot_optimize_schema_aware_track_a_120_canonical_v0,mysql,PERF,PERF_0062,sql_feature,disjunction,mismatch,mismatch,true,true,true,false,false,runs/user/sqlglot_optimize_schema_aware_track_a_120_canonical_v0__mysql/failures.csv,runs/user/sqlglot_optimize_schema_aware_track_a_120_canonical_v0__mysql/tag_slices.csv,diagnostic join from existing ledger row and retained taxonomy used by tag_slices; tag present in existing tag_slices.csv
sqlglot_optimize_schema_aware,sqlglot_optimize_schema_aware_track_a_120_canonical_v0,mysql,PERF,PERF_0062,sql_feature,join,mismatch,mismatch,true,true,true,false,false,runs/user/sqlglot_optimize_schema_aware_track_a_120_canonical_v0__mysql/failures.csv,runs/user/sqlglot_optimize_schema_aware_track_a_120_canonical_v0__mysql/tag_slices.csv,diagnostic join from existing ledger row and retained taxonomy used by tag_slices; tag present in existing tag_slices.csv
sqlglot_optimize_schema_aware,sqlglot_optimize_schema_aware_track_a_120_canonical_v0,mysql,PERF,PERF_0062,sql_feature,range_predicate,mismatch,mismatch,true,true,true,false,false,runs/user/sqlglot_optimize_schema_aware_track_a_120_canonical_v0__mysql/failures.csv,runs/user/sqlglot_optimize_schema_aware_track_a_120_canonical_v0__mysql/tag_slices.csv,diagnostic join from existing ledger row and retained taxonomy used by tag_slices; tag present in existing tag_slices.csv
sqlglot_optimize_schema_aware,sqlglot_optimize_schema_aware_track_a_120_canonical_v0,mysql,PERF,PERF_0077,sql_feature,aggregate,none,exact,true,true,true,true,true,,runs/user/sqlglot_optimize_schema_aware_track_a_120_canonical_v0__mysql/tag_slices.csv,diagnostic join from existing ledger row and retained taxonomy used by tag_slices; tag present in existing tag_slices.csv
sqlglot_optimize_schema_aware,sqlglot_optimize_schema_aware_track_a_120_canonical_v0,mysql,PERF,PERF_0077,sql_feature,filter,none,exact,true,true,true,true,true,,runs/user/sqlglot_optimize_schema_aware_track_a_120_canonical_v0__mysql/tag_slices.csv,diagnostic join from existing ledger row and retained taxonomy used by tag_slices; tag present in existing tag_slices.csv
sqlglot_optimize_schema_aware,sqlglot_optimize_schema_aware_track_a_120_canonical_v0,mysql,PERF,PERF_0077,sql_feature,join,none,exact,true,true,true,true,true,,runs/user/sqlglot_optimize_schema_aware_track_a_120_canonical_v0__mysql/tag_slices.csv,diagnostic join from existing ledger row and retained taxonomy used by tag_slices; tag present in existing tag_slices.csv
sqlglot_optimize_schema_aware,sqlglot_optimize_schema_aware_track_a_120_canonical_v0,mysql,PERF,PERF_0077,sql_feature,text_like_predicate,none,exact,true,true,true,true,true,,runs/user/sqlglot_optimize_schema_aware_track_a_120_canonical_v0__mysql/tag_slices.csv,diagnostic join from existing ledger row and retained taxonomy used by tag_slices; tag present in existing tag_slices.csv
sqlglot_optimize_schema_aware,sqlglot_optimize_schema_aware_track_a_120_canonical_v0,mysql,PERF,PERF_0082,sql_feature,aggregate,none,exact,true,true,true,true,true,,runs/user/sqlglot_optimize_schema_aware_track_a_120_canonical_v0__mysql/tag_slices.csv,diagnostic join from existing ledger row and retained taxonomy used by tag_slices; tag present in existing tag_slices.csv
sqlglot_optimize_schema_aware,sqlglot_optimize_schema_aware_track_a_120_canonical_v0,mysql,PERF,PERF_0082,sql_feature,filter,none,exact,true,true,true,true,true,,runs/user/sqlglot_optimize_schema_aware_track_a_120_canonical_v0__mysql/tag_slices.csv,diagnostic join from existing ledger row and retained taxonomy used by tag_slices; tag present in existing tag_slices.csv
sqlglot_optimize_schema_aware,sqlglot_optimize_schema_aware_track_a_120_canonical_v0,mysql,PERF,PERF_0082,sql_feature,join,none,exact,true,true,true,true,true,,runs/user/sqlglot_optimize_schema_aware_track_a_120_canonical_v0__mysql/tag_slices.csv,diagnostic join from existing ledger row and retained taxonomy used by tag_slices; tag present in existing tag_slices.csv
sqlglot_optimize_schema_aware,sqlglot_optimize_schema_aware_track_a_120_canonical_v0,mysql,PERF,PERF_0082,sql_feature,materialize,none,exact,true,true,true,true,true,,runs/user/sqlglot_optimize_schema_aware_track_a_120_canonical_v0__mysql/tag_slices.csv,diagnostic join from existing ledger row and retained taxonomy used by tag_slices; tag present in existing tag_slices.csv
sqlglot_optimize_schema_aware,sqlglot_optimize_schema_aware_track_a_120_canonical_v0,mysql,PERF,PERF_0082,sql_feature,text_like_predicate,none,exact,true,true,true,true,true,,runs/user/sqlglot_optimize_schema_aware_track_a_120_canonical_v0__mysql/tag_slices.csv,diagnostic join from existing ledger row and retained taxonomy used by tag_slices; tag present in existing tag_slices.csv
sqlglot_optimize_schema_aware,sqlglot_optimize_schema_aware_track_a_120_canonical_v0,mysql,CONS,CONS_0005,portability_risk,null_semantics_gap,no_candidate_sql,not_evaluated_non_db_mvp,false,false,false,false,false,runs/user/sqlglot_optimize_schema_aware_track_a_120_canonical_v0__mysql/failures.csv,runs/user/sqlglot_optimize_schema_aware_track_a_120_canonical_v0__mysql/tag_slices.csv,diagnostic join from existing ledger row and retained taxonomy used by tag_slices; tag present in existing tag_slices.csv
sqlglot_optimize_schema_aware,sqlglot_optimize_schema_aware_track_a_120_canonical_v0,mysql,CONS,CONS_0005,rewrite_opportunity,subquery_decorrelation,no_candidate_sql,not_evaluated_non_db_mvp,false,false,false,false,false,runs/user/sqlglot_optimize_schema_aware_track_a_120_canonical_v0__mysql/failures.csv,runs/user/sqlglot_optimize_schema_aware_track_a_120_canonical_v0__mysql/tag_slices.csv,diagnostic join from existing ledger row and retained taxonomy used by tag_slices; tag present in existing tag_slices.csv
sqlglot_optimize_schema_aware,sqlglot_optimize_schema_aware_track_a_120_canonical_v0,mysql,CONS,CONS_0005,sql_feature,correlated_subquery,no_candidate_sql,not_evaluated_non_db_mvp,false,false,false,false,false,runs/user/sqlglot_optimize_schema_aware_track_a_120_canonical_v0__mysql/failures.csv,runs/user/sqlglot_optimize_schema_aware_track_a_120_canonical_v0__mysql/tag_slices.csv,diagnostic join from existing ledger row and retained taxonomy used by tag_slices; tag present in existing tag_slices.csv
sqlglot_optimize_schema_aware,sqlglot_optimize_schema_aware_track_a_120_canonical_v0,mysql,CONS,CONS_0007,sql_feature,correlated_subquery,candidate_execution_failed,not_exact_due_to_execution_failure,true,true,false,false,false,runs/user/sqlglot_optimize_schema_aware_track_a_120_canonical_v0__mysql/failures.csv,runs/user/sqlglot_optimize_schema_aware_track_a_120_canonical_v0__mysql/tag_slices.csv,diagnostic join from existing ledger row and retained taxonomy used by tag_slices; tag present in existing tag_slices.csv
sqlglot_optimize_schema_aware,sqlglot_optimize_schema_aware_track_a_120_canonical_v0,mysql,CONS,CONS_0007,sql_feature,subquery_in_from,candidate_execution_failed,not_exact_due_to_execution_failure,true,true,false,false,false,runs/user/sqlglot_optimize_schema_aware_track_a_120_canonical_v0__mysql/failures.csv,runs/user/sqlglot_optimize_schema_aware_track_a_120_canonical_v0__mysql/tag_slices.csv,diagnostic join from existing ledger row and retained taxonomy used by tag_slices; tag present in existing tag_slices.csv
sqlglot_optimize_schema_aware,sqlglot_optimize_schema_aware_track_a_120_canonical_v0,mysql,CONS,CONS_0009,sql_feature,correlated_subquery,adapter_failed,not_evaluated_non_db_mvp,false,false,false,false,false,runs/user/sqlglot_optimize_schema_aware_track_a_120_canonical_v0__mysql/failures.csv,runs/user/sqlglot_optimize_schema_aware_track_a_120_canonical_v0__mysql/tag_slices.csv,diagnostic join from existing ledger row and retained taxonomy used by tag_slices; tag present in existing tag_slices.csv
sqlglot_optimize_schema_aware,sqlglot_optimize_schema_aware_track_a_120_canonical_v0,mysql,CONS,CONS_0009,sql_feature,set_operation,adapter_failed,not_evaluated_non_db_mvp,false,false,false,false,false,runs/user/sqlglot_optimize_schema_aware_track_a_120_canonical_v0__mysql/failures.csv,runs/user/sqlglot_optimize_schema_aware_track_a_120_canonical_v0__mysql/tag_slices.csv,diagnostic join from existing ledger row and retained taxonomy used by tag_slices; tag present in existing tag_slices.csv
sqlglot_optimize_schema_aware,sqlglot_optimize_schema_aware_track_a_120_canonical_v0,mysql,CONS,CONS_0010,sql_feature,correlated_subquery,adapter_failed,not_evaluated_non_db_mvp,false,false,false,false,false,runs/user/sqlglot_optimize_schema_aware_track_a_120_canonical_v0__mysql/failures.csv,runs/user/sqlglot_optimize_schema_aware_track_a_120_canonical_v0__mysql/tag_slices.csv,diagnostic join from existing ledger row and retained taxonomy used by tag_slices; tag present in existing tag_slices.csv
sqlglot_optimize_schema_aware,sqlglot_optimize_schema_aware_track_a_120_canonical_v0,mysql,CONS,CONS_0011,sql_feature,correlated_subquery,adapter_failed,not_evaluated_non_db_mvp,false,false,false,false,false,runs/user/sqlglot_optimize_schema_aware_track_a_120_canonical_v0__mysql/failures.csv,runs/user/sqlglot_optimize_schema_aware_track_a_120_canonical_v0__mysql/tag_slices.csv,diagnostic join from existing ledger row and retained taxonomy used by tag_slices; tag present in existing tag_slices.csv
sqlglot_optimize_schema_aware,sqlglot_optimize_schema_aware_track_a_120_canonical_v0,mysql,CONS,CONS_0011,sql_feature,outer_join,adapter_failed,not_evaluated_non_db_mvp,false,false,false,false,false,runs/user/sqlglot_optimize_schema_aware_track_a_120_canonical_v0__mysql/failures.csv,runs/user/sqlglot_optimize_schema_aware_track_a_120_canonical_v0__mysql/tag_slices.csv,diagnostic join from existing ledger row and retained taxonomy used by tag_slices; tag present in existing tag_slices.csv
sqlglot_optimize_schema_aware,sqlglot_optimize_schema_aware_track_a_120_canonical_v0,mysql,CONS,CONS_0012,portability_risk,limit_fetch_gap,none,exact,true,true,true,true,true,,runs/user/sqlglot_optimize_schema_aware_track_a_120_canonical_v0__mysql/tag_slices.csv,diagnostic join from existing ledger row and retained taxonomy used by tag_slices; tag present in existing tag_slices.csv
sqlglot_optimize_schema_aware,sqlglot_optimize_schema_aware_track_a_120_canonical_v0,mysql,CONS,CONS_0012,rewrite_opportunity,order_limit_simplification,none,exact,true,true,true,true,true,,runs/user/sqlglot_optimize_schema_aware_track_a_120_canonical_v0__mysql/tag_slices.csv,diagnostic join from existing ledger row and retained taxonomy used by tag_slices; tag present in existing tag_slices.csv
sqlglot_optimize_schema_aware,sqlglot_optimize_schema_aware_track_a_120_canonical_v0,mysql,CONS,CONS_0012,rewrite_opportunity,subquery_decorrelation,none,exact,true,true,true,true,true,,runs/user/sqlglot_optimize_schema_aware_track_a_120_canonical_v0__mysql/tag_slices.csv,diagnostic join from existing ledger row and retained taxonomy used by tag_slices; tag present in existing tag_slices.csv
sqlglot_optimize_schema_aware,sqlglot_optimize_schema_aware_track_a_120_canonical_v0,mysql,CONS,CONS_0012,sql_feature,correlated_subquery,none,exact,true,true,true,true,true,,runs/user/sqlglot_optimize_schema_aware_track_a_120_canonical_v0__mysql/tag_slices.csv,diagnostic join from existing ledger row and retained taxonomy used by tag_slices; tag present in existing tag_slices.csv
sqlglot_optimize_schema_aware,sqlglot_optimize_schema_aware_track_a_120_canonical_v0,mysql,CONS,CONS_0024,rewrite_opportunity,subquery_decorrelation,candidate_execution_failed,not_exact_due_to_execution_failure,true,true,false,false,false,runs/user/sqlglot_optimize_schema_aware_track_a_120_canonical_v0__mysql/failures.csv,runs/user/sqlglot_optimize_schema_aware_track_a_120_canonical_v0__mysql/tag_slices.csv,diagnostic join from existing ledger row and retained taxonomy used by tag_slices; tag present in existing tag_slices.csv
sqlglot_optimize_schema_aware,sqlglot_optimize_schema_aware_track_a_120_canonical_v0,mysql,CONS,CONS_0024,sql_feature,correlated_subquery,candidate_execution_failed,not_exact_due_to_execution_failure,true,true,false,false,false,runs/user/sqlglot_optimize_schema_aware_track_a_120_canonical_v0__mysql/failures.csv,runs/user/sqlglot_optimize_schema_aware_track_a_120_canonical_v0__mysql/tag_slices.csv,diagnostic join from existing ledger row and retained taxonomy used by tag_slices; tag present in existing tag_slices.csv
sqlglot_optimize_schema_aware,sqlglot_optimize_schema_aware_track_a_120_canonical_v0,mysql,CONS,CONS_0024,sql_feature,outer_join,candidate_execution_failed,not_exact_due_to_execution_failure,true,true,false,false,false,runs/user/sqlglot_optimize_schema_aware_track_a_120_canonical_v0__mysql/failures.csv,runs/user/sqlglot_optimize_schema_aware_track_a_120_canonical_v0__mysql/tag_slices.csv,diagnostic join from existing ledger row and retained taxonomy used by tag_slices; tag present in existing tag_slices.csv
sqlglot_optimize_schema_aware,sqlglot_optimize_schema_aware_track_a_120_canonical_v0,mysql,CONS,CONS_0036,rewrite_opportunity,aggregation_rewrite,none,exact,true,true,true,true,true,,runs/user/sqlglot_optimize_schema_aware_track_a_120_canonical_v0__mysql/tag_slices.csv,diagnostic join from existing ledger row and retained taxonomy used by tag_slices; tag present in existing tag_slices.csv
sqlglot_optimize_schema_aware,sqlglot_optimize_schema_aware_track_a_120_canonical_v0,mysql,CONS,CONS_0036,rewrite_opportunity,predicate_pushdown,none,exact,true,true,true,true,true,,runs/user/sqlglot_optimize_schema_aware_track_a_120_canonical_v0__mysql/tag_slices.csv,diagnostic join from existing ledger row and retained taxonomy used by tag_slices; tag present in existing tag_slices.csv
sqlglot_optimize_schema_aware,sqlglot_optimize_schema_aware_track_a_120_canonical_v0,mysql,CONS,CONS_0037,rewrite_opportunity,aggregation_rewrite,mismatch,mismatch,true,true,true,false,false,runs/user/sqlglot_optimize_schema_aware_track_a_120_canonical_v0__mysql/failures.csv,runs/user/sqlglot_optimize_schema_aware_track_a_120_canonical_v0__mysql/tag_slices.csv,diagnostic join from existing ledger row and retained taxonomy used by tag_slices; tag present in existing tag_slices.csv
sqlglot_optimize_schema_aware,sqlglot_optimize_schema_aware_track_a_120_canonical_v0,mysql,CONS,CONS_0037,sql_feature,outer_join,mismatch,mismatch,true,true,true,false,false,runs/user/sqlglot_optimize_schema_aware_track_a_120_canonical_v0__mysql/failures.csv,runs/user/sqlglot_optimize_schema_aware_track_a_120_canonical_v0__mysql/tag_slices.csv,diagnostic join from existing ledger row and retained taxonomy used by tag_slices; tag present in existing tag_slices.csv
sqlglot_optimize_schema_aware,sqlglot_optimize_schema_aware_track_a_120_canonical_v0,mysql,PORT,PORT_0003,portability_risk,identifier_quoting,mismatch,mismatch,true,true,true,false,false,runs/user/sqlglot_optimize_schema_aware_track_a_120_canonical_v0__mysql/failures.csv,runs/user/sqlglot_optimize_schema_aware_track_a_120_canonical_v0__mysql/tag_slices.csv,diagnostic join from existing ledger row and retained taxonomy used by tag_slices; tag present in existing tag_slices.csv
sqlglot_optimize_schema_aware,sqlglot_optimize_schema_aware_track_a_120_canonical_v0,mysql,PORT,PORT_0003,portability_risk,limit_fetch_gap,mismatch,mismatch,true,true,true,false,false,runs/user/sqlglot_optimize_schema_aware_track_a_120_canonical_v0__mysql/failures.csv,runs/user/sqlglot_optimize_schema_aware_track_a_120_canonical_v0__mysql/tag_slices.csv,diagnostic join from existing ledger row and retained taxonomy used by tag_slices; tag present in existing tag_slices.csv
sqlglot_optimize_schema_aware,sqlglot_optimize_schema_aware_track_a_120_canonical_v0,mysql,PORT,PORT_0003,portability_risk,null_semantics_gap,mismatch,mismatch,true,true,true,false,false,runs/user/sqlglot_optimize_schema_aware_track_a_120_canonical_v0__mysql/failures.csv,runs/user/sqlglot_optimize_schema_aware_track_a_120_canonical_v0__mysql/tag_slices.csv,diagnostic join from existing ledger row and retained taxonomy used by tag_slices; tag present in existing tag_slices.csv
sqlglot_optimize_schema_aware,sqlglot_optimize_schema_aware_track_a_120_canonical_v0,mysql,PORT,PORT_0003,rewrite_opportunity,dialect_adaptation,mismatch,mismatch,true,true,true,false,false,runs/user/sqlglot_optimize_schema_aware_track_a_120_canonical_v0__mysql/failures.csv,runs/user/sqlglot_optimize_schema_aware_track_a_120_canonical_v0__mysql/tag_slices.csv,diagnostic join from existing ledger row and retained taxonomy used by tag_slices; tag present in existing tag_slices.csv
sqlglot_optimize_schema_aware,sqlglot_optimize_schema_aware_track_a_120_canonical_v0,mysql,PORT,PORT_0003,rewrite_opportunity,order_limit_simplification,mismatch,mismatch,true,true,true,false,false,runs/user/sqlglot_optimize_schema_aware_track_a_120_canonical_v0__mysql/failures.csv,runs/user/sqlglot_optimize_schema_aware_track_a_120_canonical_v0__mysql/tag_slices.csv,diagnostic join from existing ledger row and retained taxonomy used by tag_slices; tag present in existing tag_slices.csv
sqlglot_optimize_schema_aware,sqlglot_optimize_schema_aware_track_a_120_canonical_v0,mysql,PORT,PORT_0004,portability_risk,date_filter_semantics,mismatch,mismatch,true,true,true,false,false,runs/user/sqlglot_optimize_schema_aware_track_a_120_canonical_v0__mysql/failures.csv,runs/user/sqlglot_optimize_schema_aware_track_a_120_canonical_v0__mysql/tag_slices.csv,diagnostic join from existing ledger row and retained taxonomy used by tag_slices; tag present in existing tag_slices.csv
sqlglot_optimize_schema_aware,sqlglot_optimize_schema_aware_track_a_120_canonical_v0,mysql,PORT,PORT_0004,portability_risk,datetime_semantics_gap,mismatch,mismatch,true,true,true,false,false,runs/user/sqlglot_optimize_schema_aware_track_a_120_canonical_v0__mysql/failures.csv,runs/user/sqlglot_optimize_schema_aware_track_a_120_canonical_v0__mysql/tag_slices.csv,diagnostic join from existing ledger row and retained taxonomy used by tag_slices; tag present in existing tag_slices.csv
sqlglot_optimize_schema_aware,sqlglot_optimize_schema_aware_track_a_120_canonical_v0,mysql,PORT,PORT_0004,portability_risk,identifier_quoting,mismatch,mismatch,true,true,true,false,false,runs/user/sqlglot_optimize_schema_aware_track_a_120_canonical_v0__mysql/failures.csv,runs/user/sqlglot_optimize_schema_aware_track_a_120_canonical_v0__mysql/tag_slices.csv,diagnostic join from existing ledger row and retained taxonomy used by tag_slices; tag present in existing tag_slices.csv
sqlglot_optimize_schema_aware,sqlglot_optimize_schema_aware_track_a_120_canonical_v0,mysql,PORT,PORT_0004,portability_risk,literal_predicate_boundary,mismatch,mismatch,true,true,true,false,false,runs/user/sqlglot_optimize_schema_aware_track_a_120_canonical_v0__mysql/failures.csv,runs/user/sqlglot_optimize_schema_aware_track_a_120_canonical_v0__mysql/tag_slices.csv,diagnostic join from existing ledger row and retained taxonomy used by tag_slices; tag present in existing tag_slices.csv
sqlglot_optimize_schema_aware,sqlglot_optimize_schema_aware_track_a_120_canonical_v0,mysql,PORT,PORT_0004,portability_risk,result_set_semantics,mismatch,mismatch,true,true,true,false,false,runs/user/sqlglot_optimize_schema_aware_track_a_120_canonical_v0__mysql/failures.csv,runs/user/sqlglot_optimize_schema_aware_track_a_120_canonical_v0__mysql/tag_slices.csv,diagnostic join from existing ledger row and retained taxonomy used by tag_slices; tag present in existing tag_slices.csv
sqlglot_optimize_schema_aware,sqlglot_optimize_schema_aware_track_a_120_canonical_v0,mysql,PORT,PORT_0004,portability_risk,type_semantics_gap,mismatch,mismatch,true,true,true,false,false,runs/user/sqlglot_optimize_schema_aware_track_a_120_canonical_v0__mysql/failures.csv,runs/user/sqlglot_optimize_schema_aware_track_a_120_canonical_v0__mysql/tag_slices.csv,diagnostic join from existing ledger row and retained taxonomy used by tag_slices; tag present in existing tag_slices.csv
sqlglot_optimize_schema_aware,sqlglot_optimize_schema_aware_track_a_120_canonical_v0,mysql,PORT,PORT_0004,rewrite_opportunity,dialect_adaptation,mismatch,mismatch,true,true,true,false,false,runs/user/sqlglot_optimize_schema_aware_track_a_120_canonical_v0__mysql/failures.csv,runs/user/sqlglot_optimize_schema_aware_track_a_120_canonical_v0__mysql/tag_slices.csv,diagnostic join from existing ledger row and retained taxonomy used by tag_slices; tag present in existing tag_slices.csv
sqlglot_optimize_schema_aware,sqlglot_optimize_schema_aware_track_a_120_canonical_v0,mysql,PORT,PORT_0005,portability_risk,identifier_quoting,mismatch,mismatch,true,true,true,false,false,runs/user/sqlglot_optimize_schema_aware_track_a_120_canonical_v0__mysql/failures.csv,runs/user/sqlglot_optimize_schema_aware_track_a_120_canonical_v0__mysql/tag_slices.csv,diagnostic join from existing ledger row and retained taxonomy used by tag_slices; tag present in existing tag_slices.csv
sqlglot_optimize_schema_aware,sqlglot_optimize_schema_aware_track_a_120_canonical_v0,mysql,PORT,PORT_0005,portability_risk,limit_fetch_gap,mismatch,mismatch,true,true,true,false,false,runs/user/sqlglot_optimize_schema_aware_track_a_120_canonical_v0__mysql/failures.csv,runs/user/sqlglot_optimize_schema_aware_track_a_120_canonical_v0__mysql/tag_slices.csv,diagnostic join from existing ledger row and retained taxonomy used by tag_slices; tag present in existing tag_slices.csv
sqlglot_optimize_schema_aware,sqlglot_optimize_schema_aware_track_a_120_canonical_v0,mysql,PORT,PORT_0005,portability_risk,null_semantics_gap,mismatch,mismatch,true,true,true,false,false,runs/user/sqlglot_optimize_schema_aware_track_a_120_canonical_v0__mysql/failures.csv,runs/user/sqlglot_optimize_schema_aware_track_a_120_canonical_v0__mysql/tag_slices.csv,diagnostic join from existing ledger row and retained taxonomy used by tag_slices; tag present in existing tag_slices.csv
sqlglot_optimize_schema_aware,sqlglot_optimize_schema_aware_track_a_120_canonical_v0,mysql,PORT,PORT_0005,portability_risk,order_direction_gap,mismatch,mismatch,true,true,true,false,false,runs/user/sqlglot_optimize_schema_aware_track_a_120_canonical_v0__mysql/failures.csv,runs/user/sqlglot_optimize_schema_aware_track_a_120_canonical_v0__mysql/tag_slices.csv,diagnostic join from existing ledger row and retained taxonomy used by tag_slices; tag present in existing tag_slices.csv
sqlglot_optimize_schema_aware,sqlglot_optimize_schema_aware_track_a_120_canonical_v0,mysql,PORT,PORT_0005,rewrite_opportunity,dialect_adaptation,mismatch,mismatch,true,true,true,false,false,runs/user/sqlglot_optimize_schema_aware_track_a_120_canonical_v0__mysql/failures.csv,runs/user/sqlglot_optimize_schema_aware_track_a_120_canonical_v0__mysql/tag_slices.csv,diagnostic join from existing ledger row and retained taxonomy used by tag_slices; tag present in existing tag_slices.csv
sqlglot_optimize_schema_aware,sqlglot_optimize_schema_aware_track_a_120_canonical_v0,mysql,PORT,PORT_0005,rewrite_opportunity,order_limit_simplification,mismatch,mismatch,true,true,true,false,false,runs/user/sqlglot_optimize_schema_aware_track_a_120_canonical_v0__mysql/failures.csv,runs/user/sqlglot_optimize_schema_aware_track_a_120_canonical_v0__mysql/tag_slices.csv,diagnostic join from existing ledger row and retained taxonomy used by tag_slices; tag present in existing tag_slices.csv
sqlglot_optimize_schema_aware,sqlglot_optimize_schema_aware_track_a_120_canonical_v0,mysql,PORT,PORT_0008,portability_risk,date_time_semantics,candidate_execution_failed,not_exact_due_to_execution_failure,true,true,false,false,false,runs/user/sqlglot_optimize_schema_aware_track_a_120_canonical_v0__mysql/failures.csv,runs/user/sqlglot_optimize_schema_aware_track_a_120_canonical_v0__mysql/tag_slices.csv,diagnostic join from existing ledger row and retained taxonomy used by tag_slices; tag present in existing tag_slices.csv
sqlglot_optimize_schema_aware,sqlglot_optimize_schema_aware_track_a_120_canonical_v0,mysql,PORT,PORT_0008,portability_risk,identifier_case_or_quoting,candidate_execution_failed,not_exact_due_to_execution_failure,true,true,false,false,false,runs/user/sqlglot_optimize_schema_aware_track_a_120_canonical_v0__mysql/failures.csv,runs/user/sqlglot_optimize_schema_aware_track_a_120_canonical_v0__mysql/tag_slices.csv,diagnostic join from existing ledger row and retained taxonomy used by tag_slices; tag present in existing tag_slices.csv
sqlglot_optimize_schema_aware,sqlglot_optimize_schema_aware_track_a_120_canonical_v0,mysql,PORT,PORT_0008,portability_risk,type_coercion,candidate_execution_failed,not_exact_due_to_execution_failure,true,true,false,false,false,runs/user/sqlglot_optimize_schema_aware_track_a_120_canonical_v0__mysql/failures.csv,runs/user/sqlglot_optimize_schema_aware_track_a_120_canonical_v0__mysql/tag_slices.csv,diagnostic join from existing ledger row and retained taxonomy used by tag_slices; tag present in existing tag_slices.csv
sqlglot_optimize_schema_aware,sqlglot_optimize_schema_aware_track_a_120_canonical_v0,mysql,PORT,PORT_0008,rewrite_opportunity,dialect_adaptation,candidate_execution_failed,not_exact_due_to_execution_failure,true,true,false,false,false,runs/user/sqlglot_optimize_schema_aware_track_a_120_canonical_v0__mysql/failures.csv,runs/user/sqlglot_optimize_schema_aware_track_a_120_canonical_v0__mysql/tag_slices.csv,diagnostic join from existing ledger row and retained taxonomy used by tag_slices; tag present in existing tag_slices.csv
sqlglot_optimize_schema_aware,sqlglot_optimize_schema_aware_track_a_120_canonical_v0,mysql,PORT,PORT_0008,rewrite_opportunity,function_normalization,candidate_execution_failed,not_exact_due_to_execution_failure,true,true,false,false,false,runs/user/sqlglot_optimize_schema_aware_track_a_120_canonical_v0__mysql/failures.csv,runs/user/sqlglot_optimize_schema_aware_track_a_120_canonical_v0__mysql/tag_slices.csv,diagnostic join from existing ledger row and retained taxonomy used by tag_slices; tag present in existing tag_slices.csv
sqlglot_optimize_schema_aware,sqlglot_optimize_schema_aware_track_a_120_canonical_v0,mysql,PORT,PORT_0008,sql_feature,date_time_function,candidate_execution_failed,not_exact_due_to_execution_failure,true,true,false,false,false,runs/user/sqlglot_optimize_schema_aware_track_a_120_canonical_v0__mysql/failures.csv,runs/user/sqlglot_optimize_schema_aware_track_a_120_canonical_v0__mysql/tag_slices.csv,diagnostic join from existing ledger row and retained taxonomy used by tag_slices; tag present in existing tag_slices.csv
sqlglot_optimize_schema_aware,sqlglot_optimize_schema_aware_track_a_120_canonical_v0,mysql,PORT,PORT_0008,sql_feature,expression_complexity,candidate_execution_failed,not_exact_due_to_execution_failure,true,true,false,false,false,runs/user/sqlglot_optimize_schema_aware_track_a_120_canonical_v0__mysql/failures.csv,runs/user/sqlglot_optimize_schema_aware_track_a_120_canonical_v0__mysql/tag_slices.csv,diagnostic join from existing ledger row and retained taxonomy used by tag_slices; tag present in existing tag_slices.csv
sqlglot_optimize_schema_aware,sqlglot_optimize_schema_aware_track_a_120_canonical_v0,mysql,PORT,PORT_0012,portability_risk,datetime_semantics_gap,mismatch,mismatch,true,true,true,false,false,runs/user/sqlglot_optimize_schema_aware_track_a_120_canonical_v0__mysql/failures.csv,runs/user/sqlglot_optimize_schema_aware_track_a_120_canonical_v0__mysql/tag_slices.csv,diagnostic join from existing ledger row and retained taxonomy used by tag_slices; tag present in existing tag_slices.csv
sqlglot_optimize_schema_aware,sqlglot_optimize_schema_aware_track_a_120_canonical_v0,mysql,PORT,PORT_0012,portability_risk,identifier_quoting,mismatch,mismatch,true,true,true,false,false,runs/user/sqlglot_optimize_schema_aware_track_a_120_canonical_v0__mysql/failures.csv,runs/user/sqlglot_optimize_schema_aware_track_a_120_canonical_v0__mysql/tag_slices.csv,diagnostic join from existing ledger row and retained taxonomy used by tag_slices; tag present in existing tag_slices.csv
sqlglot_optimize_schema_aware,sqlglot_optimize_schema_aware_track_a_120_canonical_v0,mysql,PORT,PORT_0012,portability_risk,type_semantics_gap,mismatch,mismatch,true,true,true,false,false,runs/user/sqlglot_optimize_schema_aware_track_a_120_canonical_v0__mysql/failures.csv,runs/user/sqlglot_optimize_schema_aware_track_a_120_canonical_v0__mysql/tag_slices.csv,diagnostic join from existing ledger row and retained taxonomy used by tag_slices; tag present in existing tag_slices.csv
sqlglot_optimize_schema_aware,sqlglot_optimize_schema_aware_track_a_120_canonical_v0,mysql,PORT,PORT_0012,rewrite_opportunity,dialect_adaptation,mismatch,mismatch,true,true,true,false,false,runs/user/sqlglot_optimize_schema_aware_track_a_120_canonical_v0__mysql/failures.csv,runs/user/sqlglot_optimize_schema_aware_track_a_120_canonical_v0__mysql/tag_slices.csv,diagnostic join from existing ledger row and retained taxonomy used by tag_slices; tag present in existing tag_slices.csv
sqlglot_optimize_schema_aware,sqlglot_optimize_schema_aware_track_a_120_canonical_v0,mysql,PORT,PORT_0012,rewrite_opportunity,expression_simplification,mismatch,mismatch,true,true,true,false,false,runs/user/sqlglot_optimize_schema_aware_track_a_120_canonical_v0__mysql/failures.csv,runs/user/sqlglot_optimize_schema_aware_track_a_120_canonical_v0__mysql/tag_slices.csv,diagnostic join from existing ledger row and retained taxonomy used by tag_slices; tag present in existing tag_slices.csv
sqlglot_optimize_schema_aware,sqlglot_optimize_schema_aware_track_a_120_canonical_v0,mysql,PORT,PORT_0012,rewrite_opportunity,function_normalization,mismatch,mismatch,true,true,true,false,false,runs/user/sqlglot_optimize_schema_aware_track_a_120_canonical_v0__mysql/failures.csv,runs/user/sqlglot_optimize_schema_aware_track_a_120_canonical_v0__mysql/tag_slices.csv,diagnostic join from existing ledger row and retained taxonomy used by tag_slices; tag present in existing tag_slices.csv
sqlglot_optimize_schema_aware,sqlglot_optimize_schema_aware_track_a_120_canonical_v0,mysql,PORT,PORT_0012,sql_feature,date_time_function,mismatch,mismatch,true,true,true,false,false,runs/user/sqlglot_optimize_schema_aware_track_a_120_canonical_v0__mysql/failures.csv,runs/user/sqlglot_optimize_schema_aware_track_a_120_canonical_v0__mysql/tag_slices.csv,diagnostic join from existing ledger row and retained taxonomy used by tag_slices; tag present in existing tag_slices.csv
sqlglot_optimize_schema_aware,sqlglot_optimize_schema_aware_track_a_120_canonical_v0,mysql,PORT,PORT_0012,sql_feature,expression_complexity,mismatch,mismatch,true,true,true,false,false,runs/user/sqlglot_optimize_schema_aware_track_a_120_canonical_v0__mysql/failures.csv,runs/user/sqlglot_optimize_schema_aware_track_a_120_canonical_v0__mysql/tag_slices.csv,diagnostic join from existing ledger row and retained taxonomy used by tag_slices; tag present in existing tag_slices.csv
sqlglot_optimize_schema_aware,sqlglot_optimize_schema_aware_track_a_120_canonical_v0,mysql,PORT,PORT_0013,portability_risk,boolean_semantics_gap,mismatch,mismatch,true,true,true,false,false,runs/user/sqlglot_optimize_schema_aware_track_a_120_canonical_v0__mysql/failures.csv,runs/user/sqlglot_optimize_schema_aware_track_a_120_canonical_v0__mysql/tag_slices.csv,diagnostic join from existing ledger row and retained taxonomy used by tag_slices; tag present in existing tag_slices.csv
sqlglot_optimize_schema_aware,sqlglot_optimize_schema_aware_track_a_120_canonical_v0,mysql,PORT,PORT_0013,portability_risk,complex_expression_density,mismatch,mismatch,true,true,true,false,false,runs/user/sqlglot_optimize_schema_aware_track_a_120_canonical_v0__mysql/failures.csv,runs/user/sqlglot_optimize_schema_aware_track_a_120_canonical_v0__mysql/tag_slices.csv,diagnostic join from existing ledger row and retained taxonomy used by tag_slices; tag present in existing tag_slices.csv
sqlglot_optimize_schema_aware,sqlglot_optimize_schema_aware_track_a_120_canonical_v0,mysql,PORT,PORT_0013,portability_risk,identifier_quoting,mismatch,mismatch,true,true,true,false,false,runs/user/sqlglot_optimize_schema_aware_track_a_120_canonical_v0__mysql/failures.csv,runs/user/sqlglot_optimize_schema_aware_track_a_120_canonical_v0__mysql/tag_slices.csv,diagnostic join from existing ledger row and retained taxonomy used by tag_slices; tag present in existing tag_slices.csv
sqlglot_optimize_schema_aware,sqlglot_optimize_schema_aware_track_a_120_canonical_v0,mysql,PORT,PORT_0013,portability_risk,type_semantics_gap,mismatch,mismatch,true,true,true,false,false,runs/user/sqlglot_optimize_schema_aware_track_a_120_canonical_v0__mysql/failures.csv,runs/user/sqlglot_optimize_schema_aware_track_a_120_canonical_v0__mysql/tag_slices.csv,diagnostic join from existing ledger row and retained taxonomy used by tag_slices; tag present in existing tag_slices.csv
sqlglot_optimize_schema_aware,sqlglot_optimize_schema_aware_track_a_120_canonical_v0,mysql,PORT,PORT_0013,rewrite_opportunity,dialect_adaptation,mismatch,mismatch,true,true,true,false,false,runs/user/sqlglot_optimize_schema_aware_track_a_120_canonical_v0__mysql/failures.csv,runs/user/sqlglot_optimize_schema_aware_track_a_120_canonical_v0__mysql/tag_slices.csv,diagnostic join from existing ledger row and retained taxonomy used by tag_slices; tag present in existing tag_slices.csv
sqlglot_optimize_schema_aware,sqlglot_optimize_schema_aware_track_a_120_canonical_v0,mysql,PORT,PORT_0013,rewrite_opportunity,expression_simplification,mismatch,mismatch,true,true,true,false,false,runs/user/sqlglot_optimize_schema_aware_track_a_120_canonical_v0__mysql/failures.csv,runs/user/sqlglot_optimize_schema_aware_track_a_120_canonical_v0__mysql/tag_slices.csv,diagnostic join from existing ledger row and retained taxonomy used by tag_slices; tag present in existing tag_slices.csv
sqlglot_optimize_schema_aware,sqlglot_optimize_schema_aware_track_a_120_canonical_v0,mysql,PORT,PORT_0013,sql_feature,expression_complexity,mismatch,mismatch,true,true,true,false,false,runs/user/sqlglot_optimize_schema_aware_track_a_120_canonical_v0__mysql/failures.csv,runs/user/sqlglot_optimize_schema_aware_track_a_120_canonical_v0__mysql/tag_slices.csv,diagnostic join from existing ledger row and retained taxonomy used by tag_slices; tag present in existing tag_slices.csv
sqlglot_optimize_schema_aware,sqlglot_optimize_schema_aware_track_a_120_canonical_v0,mysql,PORT,PORT_0022,portability_risk,date_filter_semantics,mismatch,mismatch,true,true,true,false,false,runs/user/sqlglot_optimize_schema_aware_track_a_120_canonical_v0__mysql/failures.csv,runs/user/sqlglot_optimize_schema_aware_track_a_120_canonical_v0__mysql/tag_slices.csv,diagnostic join from existing ledger row and retained taxonomy used by tag_slices; tag present in existing tag_slices.csv
sqlglot_optimize_schema_aware,sqlglot_optimize_schema_aware_track_a_120_canonical_v0,mysql,PORT,PORT_0022,portability_risk,date_time_semantics,mismatch,mismatch,true,true,true,false,false,runs/user/sqlglot_optimize_schema_aware_track_a_120_canonical_v0__mysql/failures.csv,runs/user/sqlglot_optimize_schema_aware_track_a_120_canonical_v0__mysql/tag_slices.csv,diagnostic join from existing ledger row and retained taxonomy used by tag_slices; tag present in existing tag_slices.csv
sqlglot_optimize_schema_aware,sqlglot_optimize_schema_aware_track_a_120_canonical_v0,mysql,PORT,PORT_0022,portability_risk,join_aggregate_input_boundary,mismatch,mismatch,true,true,true,false,false,runs/user/sqlglot_optimize_schema_aware_track_a_120_canonical_v0__mysql/failures.csv,runs/user/sqlglot_optimize_schema_aware_track_a_120_canonical_v0__mysql/tag_slices.csv,diagnostic join from existing ledger row and retained taxonomy used by tag_slices; tag present in existing tag_slices.csv
sqlglot_optimize_schema_aware,sqlglot_optimize_schema_aware_track_a_120_canonical_v0,mysql,PORT,PORT_0022,portability_risk,literal_predicate_boundary,mismatch,mismatch,true,true,true,false,false,runs/user/sqlglot_optimize_schema_aware_track_a_120_canonical_v0__mysql/failures.csv,runs/user/sqlglot_optimize_schema_aware_track_a_120_canonical_v0__mysql/tag_slices.csv,diagnostic join from existing ledger row and retained taxonomy used by tag_slices; tag present in existing tag_slices.csv
sqlglot_optimize_schema_aware,sqlglot_optimize_schema_aware_track_a_120_canonical_v0,mysql,PORT,PORT_0022,portability_risk,type_coercion,mismatch,mismatch,true,true,true,false,false,runs/user/sqlglot_optimize_schema_aware_track_a_120_canonical_v0__mysql/failures.csv,runs/user/sqlglot_optimize_schema_aware_track_a_120_canonical_v0__mysql/tag_slices.csv,diagnostic join from existing ledger row and retained taxonomy used by tag_slices; tag present in existing tag_slices.csv
sqlglot_optimize_schema_aware,sqlglot_optimize_schema_aware_track_a_120_canonical_v0,mysql,PORT,PORT_0022,rewrite_opportunity,dialect_adaptation,mismatch,mismatch,true,true,true,false,false,runs/user/sqlglot_optimize_schema_aware_track_a_120_canonical_v0__mysql/failures.csv,runs/user/sqlglot_optimize_schema_aware_track_a_120_canonical_v0__mysql/tag_slices.csv,diagnostic join from existing ledger row and retained taxonomy used by tag_slices; tag present in existing tag_slices.csv
sqlglot_optimize_schema_aware,sqlglot_optimize_schema_aware_track_a_120_canonical_v0,mysql,PORT,PORT_0024,portability_risk,aggregate_expression_semantics,mismatch,mismatch,true,true,true,false,false,runs/user/sqlglot_optimize_schema_aware_track_a_120_canonical_v0__mysql/failures.csv,runs/user/sqlglot_optimize_schema_aware_track_a_120_canonical_v0__mysql/tag_slices.csv,diagnostic join from existing ledger row and retained taxonomy used by tag_slices; tag present in existing tag_slices.csv
sqlglot_optimize_schema_aware,sqlglot_optimize_schema_aware_track_a_120_canonical_v0,mysql,PORT,PORT_0024,portability_risk,boolean_semantics,mismatch,mismatch,true,true,true,false,false,runs/user/sqlglot_optimize_schema_aware_track_a_120_canonical_v0__mysql/failures.csv,runs/user/sqlglot_optimize_schema_aware_track_a_120_canonical_v0__mysql/tag_slices.csv,diagnostic join from existing ledger row and retained taxonomy used by tag_slices; tag present in existing tag_slices.csv
sqlglot_optimize_schema_aware,sqlglot_optimize_schema_aware_track_a_120_canonical_v0,mysql,PORT,PORT_0024,portability_risk,literal_predicate_boundary,mismatch,mismatch,true,true,true,false,false,runs/user/sqlglot_optimize_schema_aware_track_a_120_canonical_v0__mysql/failures.csv,runs/user/sqlglot_optimize_schema_aware_track_a_120_canonical_v0__mysql/tag_slices.csv,diagnostic join from existing ledger row and retained taxonomy used by tag_slices; tag present in existing tag_slices.csv
sqlglot_optimize_schema_aware,sqlglot_optimize_schema_aware_track_a_120_canonical_v0,mysql,PORT,PORT_0024,portability_risk,type_coercion,mismatch,mismatch,true,true,true,false,false,runs/user/sqlglot_optimize_schema_aware_track_a_120_canonical_v0__mysql/failures.csv,runs/user/sqlglot_optimize_schema_aware_track_a_120_canonical_v0__mysql/tag_slices.csv,diagnostic join from existing ledger row and retained taxonomy used by tag_slices; tag present in existing tag_slices.csv
sqlglot_optimize_schema_aware,sqlglot_optimize_schema_aware_track_a_120_canonical_v0,mysql,PORT,PORT_0024,rewrite_opportunity,dialect_adaptation,mismatch,mismatch,true,true,true,false,false,runs/user/sqlglot_optimize_schema_aware_track_a_120_canonical_v0__mysql/failures.csv,runs/user/sqlglot_optimize_schema_aware_track_a_120_canonical_v0__mysql/tag_slices.csv,diagnostic join from existing ledger row and retained taxonomy used by tag_slices; tag present in existing tag_slices.csv
sqlglot_optimize_schema_aware,sqlglot_optimize_schema_aware_track_a_120_canonical_v0,mysql,PORT,PORT_0025,portability_risk,date_time_semantics,none,exact,true,true,true,true,true,,runs/user/sqlglot_optimize_schema_aware_track_a_120_canonical_v0__mysql/tag_slices.csv,diagnostic join from existing ledger row and retained taxonomy used by tag_slices; tag present in existing tag_slices.csv
sqlglot_optimize_schema_aware,sqlglot_optimize_schema_aware_track_a_120_canonical_v0,mysql,PORT,PORT_0025,portability_risk,order_direction_semantics,none,exact,true,true,true,true,true,,runs/user/sqlglot_optimize_schema_aware_track_a_120_canonical_v0__mysql/tag_slices.csv,diagnostic join from existing ledger row and retained taxonomy used by tag_slices; tag present in existing tag_slices.csv
sqlglot_optimize_schema_aware,sqlglot_optimize_schema_aware_track_a_120_canonical_v0,mysql,PORT,PORT_0025,portability_risk,order_limit_semantics,none,exact,true,true,true,true,true,,runs/user/sqlglot_optimize_schema_aware_track_a_120_canonical_v0__mysql/tag_slices.csv,diagnostic join from existing ledger row and retained taxonomy used by tag_slices; tag present in existing tag_slices.csv
sqlglot_optimize_schema_aware,sqlglot_optimize_schema_aware_track_a_120_canonical_v0,mysql,PORT,PORT_0025,portability_risk,pagination_or_limit_offset,none,exact,true,true,true,true,true,,runs/user/sqlglot_optimize_schema_aware_track_a_120_canonical_v0__mysql/tag_slices.csv,diagnostic join from existing ledger row and retained taxonomy used by tag_slices; tag present in existing tag_slices.csv
sqlglot_optimize_schema_aware,sqlglot_optimize_schema_aware_track_a_120_canonical_v0,mysql,PORT,PORT_0025,portability_risk,top_1_row_selection,none,exact,true,true,true,true,true,,runs/user/sqlglot_optimize_schema_aware_track_a_120_canonical_v0__mysql/tag_slices.csv,diagnostic join from existing ledger row and retained taxonomy used by tag_slices; tag present in existing tag_slices.csv
sqlglot_optimize_schema_aware,sqlglot_optimize_schema_aware_track_a_120_canonical_v0,mysql,PORT,PORT_0025,rewrite_opportunity,dialect_adaptation,none,exact,true,true,true,true,true,,runs/user/sqlglot_optimize_schema_aware_track_a_120_canonical_v0__mysql/tag_slices.csv,diagnostic join from existing ledger row and retained taxonomy used by tag_slices; tag present in existing tag_slices.csv
sqlglot_optimize_schema_aware,sqlglot_optimize_schema_aware_track_a_120_canonical_v0,mysql,LONGTAIL,LONGTAIL_0011,rewrite_opportunity,cte_strategy,none,exact,true,true,true,true,true,,runs/user/sqlglot_optimize_schema_aware_track_a_120_canonical_v0__mysql/tag_slices.csv,diagnostic join from existing ledger row and retained taxonomy used by tag_slices; tag present in existing tag_slices.csv
sqlglot_optimize_schema_aware,sqlglot_optimize_schema_aware_track_a_120_canonical_v0,mysql,LONGTAIL,LONGTAIL_0011,rewrite_opportunity,expression_simplification,none,exact,true,true,true,true,true,,runs/user/sqlglot_optimize_schema_aware_track_a_120_canonical_v0__mysql/tag_slices.csv,diagnostic join from existing ledger row and retained taxonomy used by tag_slices; tag present in existing tag_slices.csv
sqlglot_optimize_schema_aware,sqlglot_optimize_schema_aware_track_a_120_canonical_v0,mysql,LONGTAIL,LONGTAIL_0011,sql_feature,aggregate,none,exact,true,true,true,true,true,,runs/user/sqlglot_optimize_schema_aware_track_a_120_canonical_v0__mysql/tag_slices.csv,diagnostic join from existing ledger row and retained taxonomy used by tag_slices; tag present in existing tag_slices.csv
sqlglot_optimize_schema_aware,sqlglot_optimize_schema_aware_track_a_120_canonical_v0,mysql,LONGTAIL,LONGTAIL_0011,sql_feature,cte,none,exact,true,true,true,true,true,,runs/user/sqlglot_optimize_schema_aware_track_a_120_canonical_v0__mysql/tag_slices.csv,diagnostic join from existing ledger row and retained taxonomy used by tag_slices; tag present in existing tag_slices.csv
sqlglot_optimize_schema_aware,sqlglot_optimize_schema_aware_track_a_120_canonical_v0,mysql,LONGTAIL,LONGTAIL_0011,sql_feature,join,none,exact,true,true,true,true,true,,runs/user/sqlglot_optimize_schema_aware_track_a_120_canonical_v0__mysql/tag_slices.csv,diagnostic join from existing ledger row and retained taxonomy used by tag_slices; tag present in existing tag_slices.csv
sqlglot_optimize_schema_aware,sqlglot_optimize_schema_aware_track_a_120_canonical_v0,mysql,LONGTAIL,LONGTAIL_0011,sql_feature,sort,none,exact,true,true,true,true,true,,runs/user/sqlglot_optimize_schema_aware_track_a_120_canonical_v0__mysql/tag_slices.csv,diagnostic join from existing ledger row and retained taxonomy used by tag_slices; tag present in existing tag_slices.csv
sqlglot_optimize_schema_aware,sqlglot_optimize_schema_aware_track_a_120_canonical_v0,mysql,LONGTAIL,LONGTAIL_0011,sql_feature,window_function,none,exact,true,true,true,true,true,,runs/user/sqlglot_optimize_schema_aware_track_a_120_canonical_v0__mysql/tag_slices.csv,diagnostic join from existing ledger row and retained taxonomy used by tag_slices; tag present in existing tag_slices.csv
sqlglot_optimize_schema_aware,sqlglot_optimize_schema_aware_track_a_120_canonical_v0,mysql,LONGTAIL,LONGTAIL_0012,sql_feature,aggregation,none,exact,true,true,true,true,true,,runs/user/sqlglot_optimize_schema_aware_track_a_120_canonical_v0__mysql/tag_slices.csv,diagnostic join from existing ledger row and retained taxonomy used by tag_slices; tag present in existing tag_slices.csv
sqlglot_optimize_schema_aware,sqlglot_optimize_schema_aware_track_a_120_canonical_v0,mysql,LONGTAIL,LONGTAIL_0012,sql_feature,complex_expression,none,exact,true,true,true,true,true,,runs/user/sqlglot_optimize_schema_aware_track_a_120_canonical_v0__mysql/tag_slices.csv,diagnostic join from existing ledger row and retained taxonomy used by tag_slices; tag present in existing tag_slices.csv
sqlglot_optimize_schema_aware,sqlglot_optimize_schema_aware_track_a_120_canonical_v0,mysql,LONGTAIL,LONGTAIL_0012,sql_feature,outer_join,none,exact,true,true,true,true,true,,runs/user/sqlglot_optimize_schema_aware_track_a_120_canonical_v0__mysql/tag_slices.csv,diagnostic join from existing ledger row and retained taxonomy used by tag_slices; tag present in existing tag_slices.csv
sqlglot_optimize_schema_aware,sqlglot_optimize_schema_aware_track_a_120_canonical_v0,mysql,LONGTAIL,LONGTAIL_0012,sql_feature,sort_limit,none,exact,true,true,true,true,true,,runs/user/sqlglot_optimize_schema_aware_track_a_120_canonical_v0__mysql/tag_slices.csv,diagnostic join from existing ledger row and retained taxonomy used by tag_slices; tag present in existing tag_slices.csv
sqlglot_optimize_schema_aware,sqlglot_optimize_schema_aware_track_a_120_canonical_v0,mysql,LONGTAIL,LONGTAIL_0012,sql_feature,subquery_in_from,none,exact,true,true,true,true,true,,runs/user/sqlglot_optimize_schema_aware_track_a_120_canonical_v0__mysql/tag_slices.csv,diagnostic join from existing ledger row and retained taxonomy used by tag_slices; tag present in existing tag_slices.csv
sqlglot_optimize_schema_aware,sqlglot_optimize_schema_aware_track_a_120_canonical_v0,mysql,LONGTAIL,LONGTAIL_0012,sql_feature,window_function,none,exact,true,true,true,true,true,,runs/user/sqlglot_optimize_schema_aware_track_a_120_canonical_v0__mysql/tag_slices.csv,diagnostic join from existing ledger row and retained taxonomy used by tag_slices; tag present in existing tag_slices.csv
sqlglot_optimize_schema_aware,sqlglot_optimize_schema_aware_track_a_120_canonical_v0,mysql,LONGTAIL,LONGTAIL_0013,sql_feature,aggregation,none,exact,true,true,true,true,true,,runs/user/sqlglot_optimize_schema_aware_track_a_120_canonical_v0__mysql/tag_slices.csv,diagnostic join from existing ledger row and retained taxonomy used by tag_slices; tag present in existing tag_slices.csv
sqlglot_optimize_schema_aware,sqlglot_optimize_schema_aware_track_a_120_canonical_v0,mysql,LONGTAIL,LONGTAIL_0013,sql_feature,complex_expression,none,exact,true,true,true,true,true,,runs/user/sqlglot_optimize_schema_aware_track_a_120_canonical_v0__mysql/tag_slices.csv,diagnostic join from existing ledger row and retained taxonomy used by tag_slices; tag present in existing tag_slices.csv
sqlglot_optimize_schema_aware,sqlglot_optimize_schema_aware_track_a_120_canonical_v0,mysql,LONGTAIL,LONGTAIL_0013,sql_feature,cte,none,exact,true,true,true,true,true,,runs/user/sqlglot_optimize_schema_aware_track_a_120_canonical_v0__mysql/tag_slices.csv,diagnostic join from existing ledger row and retained taxonomy used by tag_slices; tag present in existing tag_slices.csv
sqlglot_optimize_schema_aware,sqlglot_optimize_schema_aware_track_a_120_canonical_v0,mysql,LONGTAIL,LONGTAIL_0013,sql_feature,outer_join,none,exact,true,true,true,true,true,,runs/user/sqlglot_optimize_schema_aware_track_a_120_canonical_v0__mysql/tag_slices.csv,diagnostic join from existing ledger row and retained taxonomy used by tag_slices; tag present in existing tag_slices.csv
sqlglot_optimize_schema_aware,sqlglot_optimize_schema_aware_track_a_120_canonical_v0,mysql,LONGTAIL,LONGTAIL_0013,sql_feature,sort,none,exact,true,true,true,true,true,,runs/user/sqlglot_optimize_schema_aware_track_a_120_canonical_v0__mysql/tag_slices.csv,diagnostic join from existing ledger row and retained taxonomy used by tag_slices; tag present in existing tag_slices.csv
sqlglot_optimize_schema_aware,sqlglot_optimize_schema_aware_track_a_120_canonical_v0,mysql,LONGTAIL,LONGTAIL_0013,sql_feature,window_function,none,exact,true,true,true,true,true,,runs/user/sqlglot_optimize_schema_aware_track_a_120_canonical_v0__mysql/tag_slices.csv,diagnostic join from existing ledger row and retained taxonomy used by tag_slices; tag present in existing tag_slices.csv
sqlglot_optimize_schema_aware,sqlglot_optimize_schema_aware_track_a_120_canonical_v0,mysql,LONGTAIL,LONGTAIL_0022,sql_feature,aggregation,none,exact,true,true,true,true,true,,runs/user/sqlglot_optimize_schema_aware_track_a_120_canonical_v0__mysql/tag_slices.csv,diagnostic join from existing ledger row and retained taxonomy used by tag_slices; tag present in existing tag_slices.csv
sqlglot_optimize_schema_aware,sqlglot_optimize_schema_aware_track_a_120_canonical_v0,mysql,LONGTAIL,LONGTAIL_0022,sql_feature,cte,none,exact,true,true,true,true,true,,runs/user/sqlglot_optimize_schema_aware_track_a_120_canonical_v0__mysql/tag_slices.csv,diagnostic join from existing ledger row and retained taxonomy used by tag_slices; tag present in existing tag_slices.csv
sqlglot_optimize_schema_aware,sqlglot_optimize_schema_aware_track_a_120_canonical_v0,mysql,LONGTAIL,LONGTAIL_0022,sql_feature,join,none,exact,true,true,true,true,true,,runs/user/sqlglot_optimize_schema_aware_track_a_120_canonical_v0__mysql/tag_slices.csv,diagnostic join from existing ledger row and retained taxonomy used by tag_slices; tag present in existing tag_slices.csv
sqlglot_optimize_schema_aware,sqlglot_optimize_schema_aware_track_a_120_canonical_v0,mysql,LONGTAIL,LONGTAIL_0022,sql_feature,outer_join,none,exact,true,true,true,true,true,,runs/user/sqlglot_optimize_schema_aware_track_a_120_canonical_v0__mysql/tag_slices.csv,diagnostic join from existing ledger row and retained taxonomy used by tag_slices; tag present in existing tag_slices.csv
sqlglot_optimize_schema_aware,sqlglot_optimize_schema_aware_track_a_120_canonical_v0,mysql,LONGTAIL,LONGTAIL_0022,sql_feature,sort,none,exact,true,true,true,true,true,,runs/user/sqlglot_optimize_schema_aware_track_a_120_canonical_v0__mysql/tag_slices.csv,diagnostic join from existing ledger row and retained taxonomy used by tag_slices; tag present in existing tag_slices.csv
sqlglot_optimize_schema_aware,sqlglot_optimize_schema_aware_track_a_120_canonical_v0,mysql,LONGTAIL,LONGTAIL_0023,sql_feature,aggregation,none,exact,true,true,true,true,true,,runs/user/sqlglot_optimize_schema_aware_track_a_120_canonical_v0__mysql/tag_slices.csv,diagnostic join from existing ledger row and retained taxonomy used by tag_slices; tag present in existing tag_slices.csv
sqlglot_optimize_schema_aware,sqlglot_optimize_schema_aware_track_a_120_canonical_v0,mysql,LONGTAIL,LONGTAIL_0023,sql_feature,cte,none,exact,true,true,true,true,true,,runs/user/sqlglot_optimize_schema_aware_track_a_120_canonical_v0__mysql/tag_slices.csv,diagnostic join from existing ledger row and retained taxonomy used by tag_slices; tag present in existing tag_slices.csv
sqlglot_optimize_schema_aware,sqlglot_optimize_schema_aware_track_a_120_canonical_v0,mysql,LONGTAIL,LONGTAIL_0023,sql_feature,directed_relation,none,exact,true,true,true,true,true,,runs/user/sqlglot_optimize_schema_aware_track_a_120_canonical_v0__mysql/tag_slices.csv,diagnostic join from existing ledger row and retained taxonomy used by tag_slices; tag present in existing tag_slices.csv
sqlglot_optimize_schema_aware,sqlglot_optimize_schema_aware_track_a_120_canonical_v0,mysql,LONGTAIL,LONGTAIL_0023,sql_feature,outer_join,none,exact,true,true,true,true,true,,runs/user/sqlglot_optimize_schema_aware_track_a_120_canonical_v0__mysql/tag_slices.csv,diagnostic join from existing ledger row and retained taxonomy used by tag_slices; tag present in existing tag_slices.csv
sqlglot_optimize_schema_aware,sqlglot_optimize_schema_aware_track_a_120_canonical_v0,mysql,LONGTAIL,LONGTAIL_0023,sql_feature,sort,none,exact,true,true,true,true,true,,runs/user/sqlglot_optimize_schema_aware_track_a_120_canonical_v0__mysql/tag_slices.csv,diagnostic join from existing ledger row and retained taxonomy used by tag_slices; tag present in existing tag_slices.csv
sqlglot_optimize_schema_aware,sqlglot_optimize_schema_aware_track_a_120_canonical_v0,mysql,LONGTAIL,LONGTAIL_0024,sql_feature,aggregation,none,exact,true,true,true,true,true,,runs/user/sqlglot_optimize_schema_aware_track_a_120_canonical_v0__mysql/tag_slices.csv,diagnostic join from existing ledger row and retained taxonomy used by tag_slices; tag present in existing tag_slices.csv
sqlglot_optimize_schema_aware,sqlglot_optimize_schema_aware_track_a_120_canonical_v0,mysql,LONGTAIL,LONGTAIL_0024,sql_feature,cte,none,exact,true,true,true,true,true,,runs/user/sqlglot_optimize_schema_aware_track_a_120_canonical_v0__mysql/tag_slices.csv,diagnostic join from existing ledger row and retained taxonomy used by tag_slices; tag present in existing tag_slices.csv
sqlglot_optimize_schema_aware,sqlglot_optimize_schema_aware_track_a_120_canonical_v0,mysql,LONGTAIL,LONGTAIL_0024,sql_feature,join,none,exact,true,true,true,true,true,,runs/user/sqlglot_optimize_schema_aware_track_a_120_canonical_v0__mysql/tag_slices.csv,diagnostic join from existing ledger row and retained taxonomy used by tag_slices; tag present in existing tag_slices.csv
sqlglot_optimize_schema_aware,sqlglot_optimize_schema_aware_track_a_120_canonical_v0,mysql,LONGTAIL,LONGTAIL_0024,sql_feature,sort,none,exact,true,true,true,true,true,,runs/user/sqlglot_optimize_schema_aware_track_a_120_canonical_v0__mysql/tag_slices.csv,diagnostic join from existing ledger row and retained taxonomy used by tag_slices; tag present in existing tag_slices.csv
sqlglot_optimize_schema_aware,sqlglot_optimize_schema_aware_track_a_120_canonical_v0,mysql,LONGTAIL,LONGTAIL_0024,sql_feature,temporal_min_max,none,exact,true,true,true,true,true,,runs/user/sqlglot_optimize_schema_aware_track_a_120_canonical_v0__mysql/tag_slices.csv,diagnostic join from existing ledger row and retained taxonomy used by tag_slices; tag present in existing tag_slices.csv
sqlglot_optimize_schema_aware,sqlglot_optimize_schema_aware_track_a_120_canonical_v0,spark,PERF,PERF_0006,rewrite_opportunity,materialization_strategy,none,exact,true,true,true,true,true,,runs/user/sqlglot_optimize_schema_aware_track_a_120_canonical_v0__spark/tag_slices.csv,diagnostic join from existing ledger row and retained taxonomy used by tag_slices; tag present in existing tag_slices.csv
sqlglot_optimize_schema_aware,sqlglot_optimize_schema_aware_track_a_120_canonical_v0,spark,PERF,PERF_0006,rewrite_opportunity,predicate_pushdown,none,exact,true,true,true,true,true,,runs/user/sqlglot_optimize_schema_aware_track_a_120_canonical_v0__spark/tag_slices.csv,diagnostic join from existing ledger row and retained taxonomy used by tag_slices; tag present in existing tag_slices.csv
sqlglot_optimize_schema_aware,sqlglot_optimize_schema_aware_track_a_120_canonical_v0,spark,PERF,PERF_0006,sql_feature,date_time_function,none,exact,true,true,true,true,true,,runs/user/sqlglot_optimize_schema_aware_track_a_120_canonical_v0__spark/tag_slices.csv,diagnostic join from existing ledger row and retained taxonomy used by tag_slices; tag present in existing tag_slices.csv
sqlglot_optimize_schema_aware,sqlglot_optimize_schema_aware_track_a_120_canonical_v0,spark,PERF,PERF_0006,sql_feature,expression_complexity,none,exact,true,true,true,true,true,,runs/user/sqlglot_optimize_schema_aware_track_a_120_canonical_v0__spark/tag_slices.csv,diagnostic join from existing ledger row and retained taxonomy used by tag_slices; tag present in existing tag_slices.csv
sqlglot_optimize_schema_aware,sqlglot_optimize_schema_aware_track_a_120_canonical_v0,spark,PERF,PERF_0007,rewrite_opportunity,materialization_strategy,none,exact,true,true,true,true,true,,runs/user/sqlglot_optimize_schema_aware_track_a_120_canonical_v0__spark/tag_slices.csv,diagnostic join from existing ledger row and retained taxonomy used by tag_slices; tag present in existing tag_slices.csv
sqlglot_optimize_schema_aware,sqlglot_optimize_schema_aware_track_a_120_canonical_v0,spark,PERF,PERF_0007,rewrite_opportunity,predicate_pushdown,none,exact,true,true,true,true,true,,runs/user/sqlglot_optimize_schema_aware_track_a_120_canonical_v0__spark/tag_slices.csv,diagnostic join from existing ledger row and retained taxonomy used by tag_slices; tag present in existing tag_slices.csv
sqlglot_optimize_schema_aware,sqlglot_optimize_schema_aware_track_a_120_canonical_v0,spark,PERF,PERF_0007,sql_feature,date_time_function,none,exact,true,true,true,true,true,,runs/user/sqlglot_optimize_schema_aware_track_a_120_canonical_v0__spark/tag_slices.csv,diagnostic join from existing ledger row and retained taxonomy used by tag_slices; tag present in existing tag_slices.csv
sqlglot_optimize_schema_aware,sqlglot_optimize_schema_aware_track_a_120_canonical_v0,spark,PERF,PERF_0008,rewrite_opportunity,materialization_strategy,none,exact,true,true,true,true,true,,runs/user/sqlglot_optimize_schema_aware_track_a_120_canonical_v0__spark/tag_slices.csv,diagnostic join from existing ledger row and retained taxonomy used by tag_slices; tag present in existing tag_slices.csv
sqlglot_optimize_schema_aware,sqlglot_optimize_schema_aware_track_a_120_canonical_v0,spark,PERF,PERF_0008,rewrite_opportunity,predicate_pushdown,none,exact,true,true,true,true,true,,runs/user/sqlglot_optimize_schema_aware_track_a_120_canonical_v0__spark/tag_slices.csv,diagnostic join from existing ledger row and retained taxonomy used by tag_slices; tag present in existing tag_slices.csv
sqlglot_optimize_schema_aware,sqlglot_optimize_schema_aware_track_a_120_canonical_v0,spark,PERF,PERF_0008,sql_feature,date_time_function,none,exact,true,true,true,true,true,,runs/user/sqlglot_optimize_schema_aware_track_a_120_canonical_v0__spark/tag_slices.csv,diagnostic join from existing ledger row and retained taxonomy used by tag_slices; tag present in existing tag_slices.csv
sqlglot_optimize_schema_aware,sqlglot_optimize_schema_aware_track_a_120_canonical_v0,spark,PERF,PERF_0008,sql_feature,subquery_in_from,none,exact,true,true,true,true,true,,runs/user/sqlglot_optimize_schema_aware_track_a_120_canonical_v0__spark/tag_slices.csv,diagnostic join from existing ledger row and retained taxonomy used by tag_slices; tag present in existing tag_slices.csv
sqlglot_optimize_schema_aware,sqlglot_optimize_schema_aware_track_a_120_canonical_v0,spark,PERF,PERF_0013,rewrite_opportunity,join_reorder,none,exact,true,true,true,true,true,,runs/user/sqlglot_optimize_schema_aware_track_a_120_canonical_v0__spark/tag_slices.csv,diagnostic join from existing ledger row and retained taxonomy used by tag_slices; tag present in existing tag_slices.csv
sqlglot_optimize_schema_aware,sqlglot_optimize_schema_aware_track_a_120_canonical_v0,spark,PERF,PERF_0013,rewrite_opportunity,predicate_pushdown,none,exact,true,true,true,true,true,,runs/user/sqlglot_optimize_schema_aware_track_a_120_canonical_v0__spark/tag_slices.csv,diagnostic join from existing ledger row and retained taxonomy used by tag_slices; tag present in existing tag_slices.csv
sqlglot_optimize_schema_aware,sqlglot_optimize_schema_aware_track_a_120_canonical_v0,spark,PERF,PERF_0013,sql_feature,date_time_function,none,exact,true,true,true,true,true,,runs/user/sqlglot_optimize_schema_aware_track_a_120_canonical_v0__spark/tag_slices.csv,diagnostic join from existing ledger row and retained taxonomy used by tag_slices; tag present in existing tag_slices.csv
sqlglot_optimize_schema_aware,sqlglot_optimize_schema_aware_track_a_120_canonical_v0,spark,PERF,PERF_0017,rewrite_opportunity,join_reorder,none,exact,true,true,true,true,true,,runs/user/sqlglot_optimize_schema_aware_track_a_120_canonical_v0__spark/tag_slices.csv,diagnostic join from existing ledger row and retained taxonomy used by tag_slices; tag present in existing tag_slices.csv
sqlglot_optimize_schema_aware,sqlglot_optimize_schema_aware_track_a_120_canonical_v0,spark,PERF,PERF_0017,rewrite_opportunity,predicate_pushdown,none,exact,true,true,true,true,true,,runs/user/sqlglot_optimize_schema_aware_track_a_120_canonical_v0__spark/tag_slices.csv,diagnostic join from existing ledger row and retained taxonomy used by tag_slices; tag present in existing tag_slices.csv
sqlglot_optimize_schema_aware,sqlglot_optimize_schema_aware_track_a_120_canonical_v0,spark,PERF,PERF_0017,sql_feature,date_time_function,none,exact,true,true,true,true,true,,runs/user/sqlglot_optimize_schema_aware_track_a_120_canonical_v0__spark/tag_slices.csv,diagnostic join from existing ledger row and retained taxonomy used by tag_slices; tag present in existing tag_slices.csv
sqlglot_optimize_schema_aware,sqlglot_optimize_schema_aware_track_a_120_canonical_v0,spark,PERF,PERF_0019,rewrite_opportunity,materialization_strategy,none,exact,true,true,true,true,true,,runs/user/sqlglot_optimize_schema_aware_track_a_120_canonical_v0__spark/tag_slices.csv,diagnostic join from existing ledger row and retained taxonomy used by tag_slices; tag present in existing tag_slices.csv
sqlglot_optimize_schema_aware,sqlglot_optimize_schema_aware_track_a_120_canonical_v0,spark,PERF,PERF_0019,rewrite_opportunity,predicate_pushdown,none,exact,true,true,true,true,true,,runs/user/sqlglot_optimize_schema_aware_track_a_120_canonical_v0__spark/tag_slices.csv,diagnostic join from existing ledger row and retained taxonomy used by tag_slices; tag present in existing tag_slices.csv
sqlglot_optimize_schema_aware,sqlglot_optimize_schema_aware_track_a_120_canonical_v0,spark,PERF,PERF_0019,sql_feature,outer_join,none,exact,true,true,true,true,true,,runs/user/sqlglot_optimize_schema_aware_track_a_120_canonical_v0__spark/tag_slices.csv,diagnostic join from existing ledger row and retained taxonomy used by tag_slices; tag present in existing tag_slices.csv
sqlglot_optimize_schema_aware,sqlglot_optimize_schema_aware_track_a_120_canonical_v0,spark,PERF,PERF_0019,sql_feature,subquery_in_from,none,exact,true,true,true,true,true,,runs/user/sqlglot_optimize_schema_aware_track_a_120_canonical_v0__spark/tag_slices.csv,diagnostic join from existing ledger row and retained taxonomy used by tag_slices; tag present in existing tag_slices.csv
sqlglot_optimize_schema_aware,sqlglot_optimize_schema_aware_track_a_120_canonical_v0,spark,PERF,PERF_0024,rewrite_opportunity,predicate_pushdown,none,exact,true,true,true,true,true,,runs/user/sqlglot_optimize_schema_aware_track_a_120_canonical_v0__spark/tag_slices.csv,diagnostic join from existing ledger row and retained taxonomy used by tag_slices; tag present in existing tag_slices.csv
sqlglot_optimize_schema_aware,sqlglot_optimize_schema_aware_track_a_120_canonical_v0,spark,PERF,PERF_0024,rewrite_opportunity,subquery_decorrelation,none,exact,true,true,true,true,true,,runs/user/sqlglot_optimize_schema_aware_track_a_120_canonical_v0__spark/tag_slices.csv,diagnostic join from existing ledger row and retained taxonomy used by tag_slices; tag present in existing tag_slices.csv
sqlglot_optimize_schema_aware,sqlglot_optimize_schema_aware_track_a_120_canonical_v0,spark,PERF,PERF_0024,sql_feature,correlated_subquery,none,exact,true,true,true,true,true,,runs/user/sqlglot_optimize_schema_aware_track_a_120_canonical_v0__spark/tag_slices.csv,diagnostic join from existing ledger row and retained taxonomy used by tag_slices; tag present in existing tag_slices.csv
sqlglot_optimize_schema_aware,sqlglot_optimize_schema_aware_track_a_120_canonical_v0,spark,PERF,PERF_0024,sql_feature,date_time_function,none,exact,true,true,true,true,true,,runs/user/sqlglot_optimize_schema_aware_track_a_120_canonical_v0__spark/tag_slices.csv,diagnostic join from existing ledger row and retained taxonomy used by tag_slices; tag present in existing tag_slices.csv
sqlglot_optimize_schema_aware,sqlglot_optimize_schema_aware_track_a_120_canonical_v0,spark,PERF,PERF_0033,portability_risk,limit_fetch_gap,none,exact,true,true,true,true,true,,runs/user/sqlglot_optimize_schema_aware_track_a_120_canonical_v0__spark/tag_slices.csv,diagnostic join from existing ledger row and retained taxonomy used by tag_slices; tag present in existing tag_slices.csv
sqlglot_optimize_schema_aware,sqlglot_optimize_schema_aware_track_a_120_canonical_v0,spark,PERF,PERF_0033,rewrite_opportunity,join_reorder,none,exact,true,true,true,true,true,,runs/user/sqlglot_optimize_schema_aware_track_a_120_canonical_v0__spark/tag_slices.csv,diagnostic join from existing ledger row and retained taxonomy used by tag_slices; tag present in existing tag_slices.csv
sqlglot_optimize_schema_aware,sqlglot_optimize_schema_aware_track_a_120_canonical_v0,spark,PERF,PERF_0033,rewrite_opportunity,predicate_pushdown,none,exact,true,true,true,true,true,,runs/user/sqlglot_optimize_schema_aware_track_a_120_canonical_v0__spark/tag_slices.csv,diagnostic join from existing ledger row and retained taxonomy used by tag_slices; tag present in existing tag_slices.csv
sqlglot_optimize_schema_aware,sqlglot_optimize_schema_aware_track_a_120_canonical_v0,spark,PERF,PERF_0033,sql_feature,aggregate,none,exact,true,true,true,true,true,,runs/user/sqlglot_optimize_schema_aware_track_a_120_canonical_v0__spark/tag_slices.csv,diagnostic join from existing ledger row and retained taxonomy used by tag_slices; tag present in existing tag_slices.csv
sqlglot_optimize_schema_aware,sqlglot_optimize_schema_aware_track_a_120_canonical_v0,spark,PERF,PERF_0033,sql_feature,group_by,none,exact,true,true,true,true,true,,runs/user/sqlglot_optimize_schema_aware_track_a_120_canonical_v0__spark/tag_slices.csv,diagnostic join from existing ledger row and retained taxonomy used by tag_slices; tag present in existing tag_slices.csv
sqlglot_optimize_schema_aware,sqlglot_optimize_schema_aware_track_a_120_canonical_v0,spark,PERF,PERF_0033,sql_feature,join,none,exact,true,true,true,true,true,,runs/user/sqlglot_optimize_schema_aware_track_a_120_canonical_v0__spark/tag_slices.csv,diagnostic join from existing ledger row and retained taxonomy used by tag_slices; tag present in existing tag_slices.csv
sqlglot_optimize_schema_aware,sqlglot_optimize_schema_aware_track_a_120_canonical_v0,spark,PERF,PERF_0033,sql_feature,limit,none,exact,true,true,true,true,true,,runs/user/sqlglot_optimize_schema_aware_track_a_120_canonical_v0__spark/tag_slices.csv,diagnostic join from existing ledger row and retained taxonomy used by tag_slices; tag present in existing tag_slices.csv
sqlglot_optimize_schema_aware,sqlglot_optimize_schema_aware_track_a_120_canonical_v0,spark,PERF,PERF_0033,sql_feature,order_by,none,exact,true,true,true,true,true,,runs/user/sqlglot_optimize_schema_aware_track_a_120_canonical_v0__spark/tag_slices.csv,diagnostic join from existing ledger row and retained taxonomy used by tag_slices; tag present in existing tag_slices.csv
sqlglot_optimize_schema_aware,sqlglot_optimize_schema_aware_track_a_120_canonical_v0,spark,PERF,PERF_0034,rewrite_opportunity,materialization_strategy,none,exact,true,true,true,true,true,,runs/user/sqlglot_optimize_schema_aware_track_a_120_canonical_v0__spark/tag_slices.csv,diagnostic join from existing ledger row and retained taxonomy used by tag_slices; tag present in existing tag_slices.csv
sqlglot_optimize_schema_aware,sqlglot_optimize_schema_aware_track_a_120_canonical_v0,spark,PERF,PERF_0034,rewrite_opportunity,predicate_pushdown,none,exact,true,true,true,true,true,,runs/user/sqlglot_optimize_schema_aware_track_a_120_canonical_v0__spark/tag_slices.csv,diagnostic join from existing ledger row and retained taxonomy used by tag_slices; tag present in existing tag_slices.csv
sqlglot_optimize_schema_aware,sqlglot_optimize_schema_aware_track_a_120_canonical_v0,spark,PERF,PERF_0034,sql_feature,cte,none,exact,true,true,true,true,true,,runs/user/sqlglot_optimize_schema_aware_track_a_120_canonical_v0__spark/tag_slices.csv,diagnostic join from existing ledger row and retained taxonomy used by tag_slices; tag present in existing tag_slices.csv
sqlglot_optimize_schema_aware,sqlglot_optimize_schema_aware_track_a_120_canonical_v0,spark,PERF,PERF_0034,sql_feature,set_operation,none,exact,true,true,true,true,true,,runs/user/sqlglot_optimize_schema_aware_track_a_120_canonical_v0__spark/tag_slices.csv,diagnostic join from existing ledger row and retained taxonomy used by tag_slices; tag present in existing tag_slices.csv
sqlglot_optimize_schema_aware,sqlglot_optimize_schema_aware_track_a_120_canonical_v0,spark,PERF,PERF_0035,portability_risk,type_semantics_gap,none,exact,true,true,true,true,true,,runs/user/sqlglot_optimize_schema_aware_track_a_120_canonical_v0__spark/tag_slices.csv,diagnostic join from existing ledger row and retained taxonomy used by tag_slices; tag present in existing tag_slices.csv
sqlglot_optimize_schema_aware,sqlglot_optimize_schema_aware_track_a_120_canonical_v0,spark,PERF,PERF_0035,rewrite_opportunity,aggregation_rewrite,none,exact,true,true,true,true,true,,runs/user/sqlglot_optimize_schema_aware_track_a_120_canonical_v0__spark/tag_slices.csv,diagnostic join from existing ledger row and retained taxonomy used by tag_slices; tag present in existing tag_slices.csv
sqlglot_optimize_schema_aware,sqlglot_optimize_schema_aware_track_a_120_canonical_v0,spark,PERF,PERF_0035,rewrite_opportunity,cte_strategy,none,exact,true,true,true,true,true,,runs/user/sqlglot_optimize_schema_aware_track_a_120_canonical_v0__spark/tag_slices.csv,diagnostic join from existing ledger row and retained taxonomy used by tag_slices; tag present in existing tag_slices.csv
sqlglot_optimize_schema_aware,sqlglot_optimize_schema_aware_track_a_120_canonical_v0,spark,PERF,PERF_0035,sql_feature,cte,none,exact,true,true,true,true,true,,runs/user/sqlglot_optimize_schema_aware_track_a_120_canonical_v0__spark/tag_slices.csv,diagnostic join from existing ledger row and retained taxonomy used by tag_slices; tag present in existing tag_slices.csv
sqlglot_optimize_schema_aware,sqlglot_optimize_schema_aware_track_a_120_canonical_v0,spark,PERF,PERF_0035,sql_feature,expression_complexity,none,exact,true,true,true,true,true,,runs/user/sqlglot_optimize_schema_aware_track_a_120_canonical_v0__spark/tag_slices.csv,diagnostic join from existing ledger row and retained taxonomy used by tag_slices; tag present in existing tag_slices.csv
sqlglot_optimize_schema_aware,sqlglot_optimize_schema_aware_track_a_120_canonical_v0,spark,PERF,PERF_0035,sql_feature,window_function,none,exact,true,true,true,true,true,,runs/user/sqlglot_optimize_schema_aware_track_a_120_canonical_v0__spark/tag_slices.csv,diagnostic join from existing ledger row and retained taxonomy used by tag_slices; tag present in existing tag_slices.csv
sqlglot_optimize_schema_aware,sqlglot_optimize_schema_aware_track_a_120_canonical_v0,spark,PERF,PERF_0052,sql_feature,aggregate,none,exact,true,true,true,true,true,,runs/user/sqlglot_optimize_schema_aware_track_a_120_canonical_v0__spark/tag_slices.csv,diagnostic join from existing ledger row and retained taxonomy used by tag_slices; tag present in existing tag_slices.csv
sqlglot_optimize_schema_aware,sqlglot_optimize_schema_aware_track_a_120_canonical_v0,spark,PERF,PERF_0052,sql_feature,correlated_subquery,none,exact,true,true,true,true,true,,runs/user/sqlglot_optimize_schema_aware_track_a_120_canonical_v0__spark/tag_slices.csv,diagnostic join from existing ledger row and retained taxonomy used by tag_slices; tag present in existing tag_slices.csv
sqlglot_optimize_schema_aware,sqlglot_optimize_schema_aware_track_a_120_canonical_v0,spark,PERF,PERF_0052,sql_feature,cte,none,exact,true,true,true,true,true,,runs/user/sqlglot_optimize_schema_aware_track_a_120_canonical_v0__spark/tag_slices.csv,diagnostic join from existing ledger row and retained taxonomy used by tag_slices; tag present in existing tag_slices.csv
sqlglot_optimize_schema_aware,sqlglot_optimize_schema_aware_track_a_120_canonical_v0,spark,PERF,PERF_0052,sql_feature,group_by,none,exact,true,true,true,true,true,,runs/user/sqlglot_optimize_schema_aware_track_a_120_canonical_v0__spark/tag_slices.csv,diagnostic join from existing ledger row and retained taxonomy used by tag_slices; tag present in existing tag_slices.csv
sqlglot_optimize_schema_aware,sqlglot_optimize_schema_aware_track_a_120_canonical_v0,spark,PERF,PERF_0052,sql_feature,limit,none,exact,true,true,true,true,true,,runs/user/sqlglot_optimize_schema_aware_track_a_120_canonical_v0__spark/tag_slices.csv,diagnostic join from existing ledger row and retained taxonomy used by tag_slices; tag present in existing tag_slices.csv
sqlglot_optimize_schema_aware,sqlglot_optimize_schema_aware_track_a_120_canonical_v0,spark,PERF,PERF_0052,sql_feature,order_by,none,exact,true,true,true,true,true,,runs/user/sqlglot_optimize_schema_aware_track_a_120_canonical_v0__spark/tag_slices.csv,diagnostic join from existing ledger row and retained taxonomy used by tag_slices; tag present in existing tag_slices.csv
sqlglot_optimize_schema_aware,sqlglot_optimize_schema_aware_track_a_120_canonical_v0,spark,PERF,PERF_0054,sql_feature,aggregate,none,exact,true,true,true,true,true,,runs/user/sqlglot_optimize_schema_aware_track_a_120_canonical_v0__spark/tag_slices.csv,diagnostic join from existing ledger row and retained taxonomy used by tag_slices; tag present in existing tag_slices.csv
sqlglot_optimize_schema_aware,sqlglot_optimize_schema_aware_track_a_120_canonical_v0,spark,PERF,PERF_0054,sql_feature,group_by,none,exact,true,true,true,true,true,,runs/user/sqlglot_optimize_schema_aware_track_a_120_canonical_v0__spark/tag_slices.csv,diagnostic join from existing ledger row and retained taxonomy used by tag_slices; tag present in existing tag_slices.csv
sqlglot_optimize_schema_aware,sqlglot_optimize_schema_aware_track_a_120_canonical_v0,spark,PERF,PERF_0054,sql_feature,join,none,exact,true,true,true,true,true,,runs/user/sqlglot_optimize_schema_aware_track_a_120_canonical_v0__spark/tag_slices.csv,diagnostic join from existing ledger row and retained taxonomy used by tag_slices; tag present in existing tag_slices.csv
sqlglot_optimize_schema_aware,sqlglot_optimize_schema_aware_track_a_120_canonical_v0,spark,PERF,PERF_0054,sql_feature,limit,none,exact,true,true,true,true,true,,runs/user/sqlglot_optimize_schema_aware_track_a_120_canonical_v0__spark/tag_slices.csv,diagnostic join from existing ledger row and retained taxonomy used by tag_slices; tag present in existing tag_slices.csv
sqlglot_optimize_schema_aware,sqlglot_optimize_schema_aware_track_a_120_canonical_v0,spark,PERF,PERF_0054,sql_feature,order_by,none,exact,true,true,true,true,true,,runs/user/sqlglot_optimize_schema_aware_track_a_120_canonical_v0__spark/tag_slices.csv,diagnostic join from existing ledger row and retained taxonomy used by tag_slices; tag present in existing tag_slices.csv
sqlglot_optimize_schema_aware,sqlglot_optimize_schema_aware_track_a_120_canonical_v0,spark,PERF,PERF_0056,sql_feature,aggregate,none,exact,true,true,true,true,true,,runs/user/sqlglot_optimize_schema_aware_track_a_120_canonical_v0__spark/tag_slices.csv,diagnostic join from existing ledger row and retained taxonomy used by tag_slices; tag present in existing tag_slices.csv
sqlglot_optimize_schema_aware,sqlglot_optimize_schema_aware_track_a_120_canonical_v0,spark,PERF,PERF_0056,sql_feature,group_by,none,exact,true,true,true,true,true,,runs/user/sqlglot_optimize_schema_aware_track_a_120_canonical_v0__spark/tag_slices.csv,diagnostic join from existing ledger row and retained taxonomy used by tag_slices; tag present in existing tag_slices.csv
sqlglot_optimize_schema_aware,sqlglot_optimize_schema_aware_track_a_120_canonical_v0,spark,PERF,PERF_0056,sql_feature,having,none,exact,true,true,true,true,true,,runs/user/sqlglot_optimize_schema_aware_track_a_120_canonical_v0__spark/tag_slices.csv,diagnostic join from existing ledger row and retained taxonomy used by tag_slices; tag present in existing tag_slices.csv
sqlglot_optimize_schema_aware,sqlglot_optimize_schema_aware_track_a_120_canonical_v0,spark,PERF,PERF_0056,sql_feature,limit,none,exact,true,true,true,true,true,,runs/user/sqlglot_optimize_schema_aware_track_a_120_canonical_v0__spark/tag_slices.csv,diagnostic join from existing ledger row and retained taxonomy used by tag_slices; tag present in existing tag_slices.csv
sqlglot_optimize_schema_aware,sqlglot_optimize_schema_aware_track_a_120_canonical_v0,spark,PERF,PERF_0056,sql_feature,order_by,none,exact,true,true,true,true,true,,runs/user/sqlglot_optimize_schema_aware_track_a_120_canonical_v0__spark/tag_slices.csv,diagnostic join from existing ledger row and retained taxonomy used by tag_slices; tag present in existing tag_slices.csv
sqlglot_optimize_schema_aware,sqlglot_optimize_schema_aware_track_a_120_canonical_v0,spark,PERF,PERF_0056,sql_feature,scalar_subquery,none,exact,true,true,true,true,true,,runs/user/sqlglot_optimize_schema_aware_track_a_120_canonical_v0__spark/tag_slices.csv,diagnostic join from existing ledger row and retained taxonomy used by tag_slices; tag present in existing tag_slices.csv
sqlglot_optimize_schema_aware,sqlglot_optimize_schema_aware_track_a_120_canonical_v0,spark,PERF,PERF_0062,sql_feature,aggregate,mismatch,mismatch,true,true,true,false,false,runs/user/sqlglot_optimize_schema_aware_track_a_120_canonical_v0__spark/failures.csv,runs/user/sqlglot_optimize_schema_aware_track_a_120_canonical_v0__spark/tag_slices.csv,diagnostic join from existing ledger row and retained taxonomy used by tag_slices; tag present in existing tag_slices.csv
sqlglot_optimize_schema_aware,sqlglot_optimize_schema_aware_track_a_120_canonical_v0,spark,PERF,PERF_0062,sql_feature,disjunction,mismatch,mismatch,true,true,true,false,false,runs/user/sqlglot_optimize_schema_aware_track_a_120_canonical_v0__spark/failures.csv,runs/user/sqlglot_optimize_schema_aware_track_a_120_canonical_v0__spark/tag_slices.csv,diagnostic join from existing ledger row and retained taxonomy used by tag_slices; tag present in existing tag_slices.csv
sqlglot_optimize_schema_aware,sqlglot_optimize_schema_aware_track_a_120_canonical_v0,spark,PERF,PERF_0062,sql_feature,join,mismatch,mismatch,true,true,true,false,false,runs/user/sqlglot_optimize_schema_aware_track_a_120_canonical_v0__spark/failures.csv,runs/user/sqlglot_optimize_schema_aware_track_a_120_canonical_v0__spark/tag_slices.csv,diagnostic join from existing ledger row and retained taxonomy used by tag_slices; tag present in existing tag_slices.csv
sqlglot_optimize_schema_aware,sqlglot_optimize_schema_aware_track_a_120_canonical_v0,spark,PERF,PERF_0062,sql_feature,range_predicate,mismatch,mismatch,true,true,true,false,false,runs/user/sqlglot_optimize_schema_aware_track_a_120_canonical_v0__spark/failures.csv,runs/user/sqlglot_optimize_schema_aware_track_a_120_canonical_v0__spark/tag_slices.csv,diagnostic join from existing ledger row and retained taxonomy used by tag_slices; tag present in existing tag_slices.csv
sqlglot_optimize_schema_aware,sqlglot_optimize_schema_aware_track_a_120_canonical_v0,spark,PERF,PERF_0077,sql_feature,aggregate,none,exact,true,true,true,true,true,,runs/user/sqlglot_optimize_schema_aware_track_a_120_canonical_v0__spark/tag_slices.csv,diagnostic join from existing ledger row and retained taxonomy used by tag_slices; tag present in existing tag_slices.csv
sqlglot_optimize_schema_aware,sqlglot_optimize_schema_aware_track_a_120_canonical_v0,spark,PERF,PERF_0077,sql_feature,filter,none,exact,true,true,true,true,true,,runs/user/sqlglot_optimize_schema_aware_track_a_120_canonical_v0__spark/tag_slices.csv,diagnostic join from existing ledger row and retained taxonomy used by tag_slices; tag present in existing tag_slices.csv
sqlglot_optimize_schema_aware,sqlglot_optimize_schema_aware_track_a_120_canonical_v0,spark,PERF,PERF_0077,sql_feature,join,none,exact,true,true,true,true,true,,runs/user/sqlglot_optimize_schema_aware_track_a_120_canonical_v0__spark/tag_slices.csv,diagnostic join from existing ledger row and retained taxonomy used by tag_slices; tag present in existing tag_slices.csv
sqlglot_optimize_schema_aware,sqlglot_optimize_schema_aware_track_a_120_canonical_v0,spark,PERF,PERF_0077,sql_feature,text_like_predicate,none,exact,true,true,true,true,true,,runs/user/sqlglot_optimize_schema_aware_track_a_120_canonical_v0__spark/tag_slices.csv,diagnostic join from existing ledger row and retained taxonomy used by tag_slices; tag present in existing tag_slices.csv
sqlglot_optimize_schema_aware,sqlglot_optimize_schema_aware_track_a_120_canonical_v0,spark,PERF,PERF_0082,sql_feature,aggregate,none,exact,true,true,true,true,true,,runs/user/sqlglot_optimize_schema_aware_track_a_120_canonical_v0__spark/tag_slices.csv,diagnostic join from existing ledger row and retained taxonomy used by tag_slices; tag present in existing tag_slices.csv
sqlglot_optimize_schema_aware,sqlglot_optimize_schema_aware_track_a_120_canonical_v0,spark,PERF,PERF_0082,sql_feature,filter,none,exact,true,true,true,true,true,,runs/user/sqlglot_optimize_schema_aware_track_a_120_canonical_v0__spark/tag_slices.csv,diagnostic join from existing ledger row and retained taxonomy used by tag_slices; tag present in existing tag_slices.csv
sqlglot_optimize_schema_aware,sqlglot_optimize_schema_aware_track_a_120_canonical_v0,spark,PERF,PERF_0082,sql_feature,join,none,exact,true,true,true,true,true,,runs/user/sqlglot_optimize_schema_aware_track_a_120_canonical_v0__spark/tag_slices.csv,diagnostic join from existing ledger row and retained taxonomy used by tag_slices; tag present in existing tag_slices.csv
sqlglot_optimize_schema_aware,sqlglot_optimize_schema_aware_track_a_120_canonical_v0,spark,PERF,PERF_0082,sql_feature,materialize,none,exact,true,true,true,true,true,,runs/user/sqlglot_optimize_schema_aware_track_a_120_canonical_v0__spark/tag_slices.csv,diagnostic join from existing ledger row and retained taxonomy used by tag_slices; tag present in existing tag_slices.csv
sqlglot_optimize_schema_aware,sqlglot_optimize_schema_aware_track_a_120_canonical_v0,spark,PERF,PERF_0082,sql_feature,text_like_predicate,none,exact,true,true,true,true,true,,runs/user/sqlglot_optimize_schema_aware_track_a_120_canonical_v0__spark/tag_slices.csv,diagnostic join from existing ledger row and retained taxonomy used by tag_slices; tag present in existing tag_slices.csv
sqlglot_optimize_schema_aware,sqlglot_optimize_schema_aware_track_a_120_canonical_v0,spark,CONS,CONS_0005,portability_risk,null_semantics_gap,mismatch,mismatch,true,true,true,false,false,runs/user/sqlglot_optimize_schema_aware_track_a_120_canonical_v0__spark/failures.csv,runs/user/sqlglot_optimize_schema_aware_track_a_120_canonical_v0__spark/tag_slices.csv,diagnostic join from existing ledger row and retained taxonomy used by tag_slices; tag present in existing tag_slices.csv
sqlglot_optimize_schema_aware,sqlglot_optimize_schema_aware_track_a_120_canonical_v0,spark,CONS,CONS_0005,rewrite_opportunity,subquery_decorrelation,mismatch,mismatch,true,true,true,false,false,runs/user/sqlglot_optimize_schema_aware_track_a_120_canonical_v0__spark/failures.csv,runs/user/sqlglot_optimize_schema_aware_track_a_120_canonical_v0__spark/tag_slices.csv,diagnostic join from existing ledger row and retained taxonomy used by tag_slices; tag present in existing tag_slices.csv
sqlglot_optimize_schema_aware,sqlglot_optimize_schema_aware_track_a_120_canonical_v0,spark,CONS,CONS_0005,sql_feature,correlated_subquery,mismatch,mismatch,true,true,true,false,false,runs/user/sqlglot_optimize_schema_aware_track_a_120_canonical_v0__spark/failures.csv,runs/user/sqlglot_optimize_schema_aware_track_a_120_canonical_v0__spark/tag_slices.csv,diagnostic join from existing ledger row and retained taxonomy used by tag_slices; tag present in existing tag_slices.csv
sqlglot_optimize_schema_aware,sqlglot_optimize_schema_aware_track_a_120_canonical_v0,spark,CONS,CONS_0007,sql_feature,correlated_subquery,candidate_execution_failed,not_exact_due_to_execution_failure,true,true,false,false,false,runs/user/sqlglot_optimize_schema_aware_track_a_120_canonical_v0__spark/failures.csv,runs/user/sqlglot_optimize_schema_aware_track_a_120_canonical_v0__spark/tag_slices.csv,diagnostic join from existing ledger row and retained taxonomy used by tag_slices; tag present in existing tag_slices.csv
sqlglot_optimize_schema_aware,sqlglot_optimize_schema_aware_track_a_120_canonical_v0,spark,CONS,CONS_0007,sql_feature,subquery_in_from,candidate_execution_failed,not_exact_due_to_execution_failure,true,true,false,false,false,runs/user/sqlglot_optimize_schema_aware_track_a_120_canonical_v0__spark/failures.csv,runs/user/sqlglot_optimize_schema_aware_track_a_120_canonical_v0__spark/tag_slices.csv,diagnostic join from existing ledger row and retained taxonomy used by tag_slices; tag present in existing tag_slices.csv
sqlglot_optimize_schema_aware,sqlglot_optimize_schema_aware_track_a_120_canonical_v0,spark,CONS,CONS_0009,sql_feature,correlated_subquery,adapter_failed,not_evaluated_non_db_mvp,false,false,false,false,false,runs/user/sqlglot_optimize_schema_aware_track_a_120_canonical_v0__spark/failures.csv,runs/user/sqlglot_optimize_schema_aware_track_a_120_canonical_v0__spark/tag_slices.csv,diagnostic join from existing ledger row and retained taxonomy used by tag_slices; tag present in existing tag_slices.csv
sqlglot_optimize_schema_aware,sqlglot_optimize_schema_aware_track_a_120_canonical_v0,spark,CONS,CONS_0009,sql_feature,set_operation,adapter_failed,not_evaluated_non_db_mvp,false,false,false,false,false,runs/user/sqlglot_optimize_schema_aware_track_a_120_canonical_v0__spark/failures.csv,runs/user/sqlglot_optimize_schema_aware_track_a_120_canonical_v0__spark/tag_slices.csv,diagnostic join from existing ledger row and retained taxonomy used by tag_slices; tag present in existing tag_slices.csv
sqlglot_optimize_schema_aware,sqlglot_optimize_schema_aware_track_a_120_canonical_v0,spark,CONS,CONS_0010,sql_feature,correlated_subquery,none,exact,true,true,true,true,true,,runs/user/sqlglot_optimize_schema_aware_track_a_120_canonical_v0__spark/tag_slices.csv,diagnostic join from existing ledger row and retained taxonomy used by tag_slices; tag present in existing tag_slices.csv
sqlglot_optimize_schema_aware,sqlglot_optimize_schema_aware_track_a_120_canonical_v0,spark,CONS,CONS_0011,sql_feature,correlated_subquery,mismatch,mismatch,true,true,true,false,false,runs/user/sqlglot_optimize_schema_aware_track_a_120_canonical_v0__spark/failures.csv,runs/user/sqlglot_optimize_schema_aware_track_a_120_canonical_v0__spark/tag_slices.csv,diagnostic join from existing ledger row and retained taxonomy used by tag_slices; tag present in existing tag_slices.csv
sqlglot_optimize_schema_aware,sqlglot_optimize_schema_aware_track_a_120_canonical_v0,spark,CONS,CONS_0011,sql_feature,outer_join,mismatch,mismatch,true,true,true,false,false,runs/user/sqlglot_optimize_schema_aware_track_a_120_canonical_v0__spark/failures.csv,runs/user/sqlglot_optimize_schema_aware_track_a_120_canonical_v0__spark/tag_slices.csv,diagnostic join from existing ledger row and retained taxonomy used by tag_slices; tag present in existing tag_slices.csv
sqlglot_optimize_schema_aware,sqlglot_optimize_schema_aware_track_a_120_canonical_v0,spark,CONS,CONS_0012,portability_risk,limit_fetch_gap,none,exact,true,true,true,true,true,,runs/user/sqlglot_optimize_schema_aware_track_a_120_canonical_v0__spark/tag_slices.csv,diagnostic join from existing ledger row and retained taxonomy used by tag_slices; tag present in existing tag_slices.csv
sqlglot_optimize_schema_aware,sqlglot_optimize_schema_aware_track_a_120_canonical_v0,spark,CONS,CONS_0012,rewrite_opportunity,order_limit_simplification,none,exact,true,true,true,true,true,,runs/user/sqlglot_optimize_schema_aware_track_a_120_canonical_v0__spark/tag_slices.csv,diagnostic join from existing ledger row and retained taxonomy used by tag_slices; tag present in existing tag_slices.csv
sqlglot_optimize_schema_aware,sqlglot_optimize_schema_aware_track_a_120_canonical_v0,spark,CONS,CONS_0012,rewrite_opportunity,subquery_decorrelation,none,exact,true,true,true,true,true,,runs/user/sqlglot_optimize_schema_aware_track_a_120_canonical_v0__spark/tag_slices.csv,diagnostic join from existing ledger row and retained taxonomy used by tag_slices; tag present in existing tag_slices.csv
sqlglot_optimize_schema_aware,sqlglot_optimize_schema_aware_track_a_120_canonical_v0,spark,CONS,CONS_0012,sql_feature,correlated_subquery,none,exact,true,true,true,true,true,,runs/user/sqlglot_optimize_schema_aware_track_a_120_canonical_v0__spark/tag_slices.csv,diagnostic join from existing ledger row and retained taxonomy used by tag_slices; tag present in existing tag_slices.csv
sqlglot_optimize_schema_aware,sqlglot_optimize_schema_aware_track_a_120_canonical_v0,spark,CONS,CONS_0024,rewrite_opportunity,subquery_decorrelation,candidate_execution_failed,not_exact_due_to_execution_failure,true,true,false,false,false,runs/user/sqlglot_optimize_schema_aware_track_a_120_canonical_v0__spark/failures.csv,runs/user/sqlglot_optimize_schema_aware_track_a_120_canonical_v0__spark/tag_slices.csv,diagnostic join from existing ledger row and retained taxonomy used by tag_slices; tag present in existing tag_slices.csv
sqlglot_optimize_schema_aware,sqlglot_optimize_schema_aware_track_a_120_canonical_v0,spark,CONS,CONS_0024,sql_feature,correlated_subquery,candidate_execution_failed,not_exact_due_to_execution_failure,true,true,false,false,false,runs/user/sqlglot_optimize_schema_aware_track_a_120_canonical_v0__spark/failures.csv,runs/user/sqlglot_optimize_schema_aware_track_a_120_canonical_v0__spark/tag_slices.csv,diagnostic join from existing ledger row and retained taxonomy used by tag_slices; tag present in existing tag_slices.csv
sqlglot_optimize_schema_aware,sqlglot_optimize_schema_aware_track_a_120_canonical_v0,spark,CONS,CONS_0024,sql_feature,outer_join,candidate_execution_failed,not_exact_due_to_execution_failure,true,true,false,false,false,runs/user/sqlglot_optimize_schema_aware_track_a_120_canonical_v0__spark/failures.csv,runs/user/sqlglot_optimize_schema_aware_track_a_120_canonical_v0__spark/tag_slices.csv,diagnostic join from existing ledger row and retained taxonomy used by tag_slices; tag present in existing tag_slices.csv
sqlglot_optimize_schema_aware,sqlglot_optimize_schema_aware_track_a_120_canonical_v0,spark,CONS,CONS_0036,rewrite_opportunity,aggregation_rewrite,mismatch,mismatch,true,true,true,false,false,runs/user/sqlglot_optimize_schema_aware_track_a_120_canonical_v0__spark/failures.csv,runs/user/sqlglot_optimize_schema_aware_track_a_120_canonical_v0__spark/tag_slices.csv,diagnostic join from existing ledger row and retained taxonomy used by tag_slices; tag present in existing tag_slices.csv
sqlglot_optimize_schema_aware,sqlglot_optimize_schema_aware_track_a_120_canonical_v0,spark,CONS,CONS_0036,rewrite_opportunity,predicate_pushdown,mismatch,mismatch,true,true,true,false,false,runs/user/sqlglot_optimize_schema_aware_track_a_120_canonical_v0__spark/failures.csv,runs/user/sqlglot_optimize_schema_aware_track_a_120_canonical_v0__spark/tag_slices.csv,diagnostic join from existing ledger row and retained taxonomy used by tag_slices; tag present in existing tag_slices.csv
sqlglot_optimize_schema_aware,sqlglot_optimize_schema_aware_track_a_120_canonical_v0,spark,CONS,CONS_0037,rewrite_opportunity,aggregation_rewrite,mismatch,mismatch,true,true,true,false,false,runs/user/sqlglot_optimize_schema_aware_track_a_120_canonical_v0__spark/failures.csv,runs/user/sqlglot_optimize_schema_aware_track_a_120_canonical_v0__spark/tag_slices.csv,diagnostic join from existing ledger row and retained taxonomy used by tag_slices; tag present in existing tag_slices.csv
sqlglot_optimize_schema_aware,sqlglot_optimize_schema_aware_track_a_120_canonical_v0,spark,CONS,CONS_0037,sql_feature,outer_join,mismatch,mismatch,true,true,true,false,false,runs/user/sqlglot_optimize_schema_aware_track_a_120_canonical_v0__spark/failures.csv,runs/user/sqlglot_optimize_schema_aware_track_a_120_canonical_v0__spark/tag_slices.csv,diagnostic join from existing ledger row and retained taxonomy used by tag_slices; tag present in existing tag_slices.csv
sqlglot_optimize_schema_aware,sqlglot_optimize_schema_aware_track_a_120_canonical_v0,spark,PORT,PORT_0003,portability_risk,identifier_quoting,candidate_execution_failed,not_exact_due_to_execution_failure,true,true,false,false,false,runs/user/sqlglot_optimize_schema_aware_track_a_120_canonical_v0__spark/failures.csv,runs/user/sqlglot_optimize_schema_aware_track_a_120_canonical_v0__spark/tag_slices.csv,diagnostic join from existing ledger row and retained taxonomy used by tag_slices; tag present in existing tag_slices.csv
sqlglot_optimize_schema_aware,sqlglot_optimize_schema_aware_track_a_120_canonical_v0,spark,PORT,PORT_0003,portability_risk,limit_fetch_gap,candidate_execution_failed,not_exact_due_to_execution_failure,true,true,false,false,false,runs/user/sqlglot_optimize_schema_aware_track_a_120_canonical_v0__spark/failures.csv,runs/user/sqlglot_optimize_schema_aware_track_a_120_canonical_v0__spark/tag_slices.csv,diagnostic join from existing ledger row and retained taxonomy used by tag_slices; tag present in existing tag_slices.csv
sqlglot_optimize_schema_aware,sqlglot_optimize_schema_aware_track_a_120_canonical_v0,spark,PORT,PORT_0003,portability_risk,null_semantics_gap,candidate_execution_failed,not_exact_due_to_execution_failure,true,true,false,false,false,runs/user/sqlglot_optimize_schema_aware_track_a_120_canonical_v0__spark/failures.csv,runs/user/sqlglot_optimize_schema_aware_track_a_120_canonical_v0__spark/tag_slices.csv,diagnostic join from existing ledger row and retained taxonomy used by tag_slices; tag present in existing tag_slices.csv
sqlglot_optimize_schema_aware,sqlglot_optimize_schema_aware_track_a_120_canonical_v0,spark,PORT,PORT_0003,rewrite_opportunity,dialect_adaptation,candidate_execution_failed,not_exact_due_to_execution_failure,true,true,false,false,false,runs/user/sqlglot_optimize_schema_aware_track_a_120_canonical_v0__spark/failures.csv,runs/user/sqlglot_optimize_schema_aware_track_a_120_canonical_v0__spark/tag_slices.csv,diagnostic join from existing ledger row and retained taxonomy used by tag_slices; tag present in existing tag_slices.csv
sqlglot_optimize_schema_aware,sqlglot_optimize_schema_aware_track_a_120_canonical_v0,spark,PORT,PORT_0003,rewrite_opportunity,order_limit_simplification,candidate_execution_failed,not_exact_due_to_execution_failure,true,true,false,false,false,runs/user/sqlglot_optimize_schema_aware_track_a_120_canonical_v0__spark/failures.csv,runs/user/sqlglot_optimize_schema_aware_track_a_120_canonical_v0__spark/tag_slices.csv,diagnostic join from existing ledger row and retained taxonomy used by tag_slices; tag present in existing tag_slices.csv
sqlglot_optimize_schema_aware,sqlglot_optimize_schema_aware_track_a_120_canonical_v0,spark,PORT,PORT_0004,portability_risk,date_filter_semantics,mismatch,mismatch,true,true,true,false,false,runs/user/sqlglot_optimize_schema_aware_track_a_120_canonical_v0__spark/failures.csv,runs/user/sqlglot_optimize_schema_aware_track_a_120_canonical_v0__spark/tag_slices.csv,diagnostic join from existing ledger row and retained taxonomy used by tag_slices; tag present in existing tag_slices.csv
sqlglot_optimize_schema_aware,sqlglot_optimize_schema_aware_track_a_120_canonical_v0,spark,PORT,PORT_0004,portability_risk,datetime_semantics_gap,mismatch,mismatch,true,true,true,false,false,runs/user/sqlglot_optimize_schema_aware_track_a_120_canonical_v0__spark/failures.csv,runs/user/sqlglot_optimize_schema_aware_track_a_120_canonical_v0__spark/tag_slices.csv,diagnostic join from existing ledger row and retained taxonomy used by tag_slices; tag present in existing tag_slices.csv
sqlglot_optimize_schema_aware,sqlglot_optimize_schema_aware_track_a_120_canonical_v0,spark,PORT,PORT_0004,portability_risk,identifier_quoting,mismatch,mismatch,true,true,true,false,false,runs/user/sqlglot_optimize_schema_aware_track_a_120_canonical_v0__spark/failures.csv,runs/user/sqlglot_optimize_schema_aware_track_a_120_canonical_v0__spark/tag_slices.csv,diagnostic join from existing ledger row and retained taxonomy used by tag_slices; tag present in existing tag_slices.csv
sqlglot_optimize_schema_aware,sqlglot_optimize_schema_aware_track_a_120_canonical_v0,spark,PORT,PORT_0004,portability_risk,literal_predicate_boundary,mismatch,mismatch,true,true,true,false,false,runs/user/sqlglot_optimize_schema_aware_track_a_120_canonical_v0__spark/failures.csv,runs/user/sqlglot_optimize_schema_aware_track_a_120_canonical_v0__spark/tag_slices.csv,diagnostic join from existing ledger row and retained taxonomy used by tag_slices; tag present in existing tag_slices.csv
sqlglot_optimize_schema_aware,sqlglot_optimize_schema_aware_track_a_120_canonical_v0,spark,PORT,PORT_0004,portability_risk,result_set_semantics,mismatch,mismatch,true,true,true,false,false,runs/user/sqlglot_optimize_schema_aware_track_a_120_canonical_v0__spark/failures.csv,runs/user/sqlglot_optimize_schema_aware_track_a_120_canonical_v0__spark/tag_slices.csv,diagnostic join from existing ledger row and retained taxonomy used by tag_slices; tag present in existing tag_slices.csv
sqlglot_optimize_schema_aware,sqlglot_optimize_schema_aware_track_a_120_canonical_v0,spark,PORT,PORT_0004,portability_risk,type_semantics_gap,mismatch,mismatch,true,true,true,false,false,runs/user/sqlglot_optimize_schema_aware_track_a_120_canonical_v0__spark/failures.csv,runs/user/sqlglot_optimize_schema_aware_track_a_120_canonical_v0__spark/tag_slices.csv,diagnostic join from existing ledger row and retained taxonomy used by tag_slices; tag present in existing tag_slices.csv
sqlglot_optimize_schema_aware,sqlglot_optimize_schema_aware_track_a_120_canonical_v0,spark,PORT,PORT_0004,rewrite_opportunity,dialect_adaptation,mismatch,mismatch,true,true,true,false,false,runs/user/sqlglot_optimize_schema_aware_track_a_120_canonical_v0__spark/failures.csv,runs/user/sqlglot_optimize_schema_aware_track_a_120_canonical_v0__spark/tag_slices.csv,diagnostic join from existing ledger row and retained taxonomy used by tag_slices; tag present in existing tag_slices.csv
sqlglot_optimize_schema_aware,sqlglot_optimize_schema_aware_track_a_120_canonical_v0,spark,PORT,PORT_0005,portability_risk,identifier_quoting,mismatch,mismatch,true,true,true,false,false,runs/user/sqlglot_optimize_schema_aware_track_a_120_canonical_v0__spark/failures.csv,runs/user/sqlglot_optimize_schema_aware_track_a_120_canonical_v0__spark/tag_slices.csv,diagnostic join from existing ledger row and retained taxonomy used by tag_slices; tag present in existing tag_slices.csv
sqlglot_optimize_schema_aware,sqlglot_optimize_schema_aware_track_a_120_canonical_v0,spark,PORT,PORT_0005,portability_risk,limit_fetch_gap,mismatch,mismatch,true,true,true,false,false,runs/user/sqlglot_optimize_schema_aware_track_a_120_canonical_v0__spark/failures.csv,runs/user/sqlglot_optimize_schema_aware_track_a_120_canonical_v0__spark/tag_slices.csv,diagnostic join from existing ledger row and retained taxonomy used by tag_slices; tag present in existing tag_slices.csv
sqlglot_optimize_schema_aware,sqlglot_optimize_schema_aware_track_a_120_canonical_v0,spark,PORT,PORT_0005,portability_risk,null_semantics_gap,mismatch,mismatch,true,true,true,false,false,runs/user/sqlglot_optimize_schema_aware_track_a_120_canonical_v0__spark/failures.csv,runs/user/sqlglot_optimize_schema_aware_track_a_120_canonical_v0__spark/tag_slices.csv,diagnostic join from existing ledger row and retained taxonomy used by tag_slices; tag present in existing tag_slices.csv
sqlglot_optimize_schema_aware,sqlglot_optimize_schema_aware_track_a_120_canonical_v0,spark,PORT,PORT_0005,portability_risk,order_direction_gap,mismatch,mismatch,true,true,true,false,false,runs/user/sqlglot_optimize_schema_aware_track_a_120_canonical_v0__spark/failures.csv,runs/user/sqlglot_optimize_schema_aware_track_a_120_canonical_v0__spark/tag_slices.csv,diagnostic join from existing ledger row and retained taxonomy used by tag_slices; tag present in existing tag_slices.csv
sqlglot_optimize_schema_aware,sqlglot_optimize_schema_aware_track_a_120_canonical_v0,spark,PORT,PORT_0005,rewrite_opportunity,dialect_adaptation,mismatch,mismatch,true,true,true,false,false,runs/user/sqlglot_optimize_schema_aware_track_a_120_canonical_v0__spark/failures.csv,runs/user/sqlglot_optimize_schema_aware_track_a_120_canonical_v0__spark/tag_slices.csv,diagnostic join from existing ledger row and retained taxonomy used by tag_slices; tag present in existing tag_slices.csv
sqlglot_optimize_schema_aware,sqlglot_optimize_schema_aware_track_a_120_canonical_v0,spark,PORT,PORT_0005,rewrite_opportunity,order_limit_simplification,mismatch,mismatch,true,true,true,false,false,runs/user/sqlglot_optimize_schema_aware_track_a_120_canonical_v0__spark/failures.csv,runs/user/sqlglot_optimize_schema_aware_track_a_120_canonical_v0__spark/tag_slices.csv,diagnostic join from existing ledger row and retained taxonomy used by tag_slices; tag present in existing tag_slices.csv
sqlglot_optimize_schema_aware,sqlglot_optimize_schema_aware_track_a_120_canonical_v0,spark,PORT,PORT_0008,portability_risk,date_time_semantics,unsupported_engine,not_exact_due_to_execution_failure,false,true,false,false,false,runs/user/sqlglot_optimize_schema_aware_track_a_120_canonical_v0__spark/failures.csv,runs/user/sqlglot_optimize_schema_aware_track_a_120_canonical_v0__spark/tag_slices.csv,diagnostic join from existing ledger row and retained taxonomy used by tag_slices; tag present in existing tag_slices.csv
sqlglot_optimize_schema_aware,sqlglot_optimize_schema_aware_track_a_120_canonical_v0,spark,PORT,PORT_0008,portability_risk,identifier_case_or_quoting,unsupported_engine,not_exact_due_to_execution_failure,false,true,false,false,false,runs/user/sqlglot_optimize_schema_aware_track_a_120_canonical_v0__spark/failures.csv,runs/user/sqlglot_optimize_schema_aware_track_a_120_canonical_v0__spark/tag_slices.csv,diagnostic join from existing ledger row and retained taxonomy used by tag_slices; tag present in existing tag_slices.csv
sqlglot_optimize_schema_aware,sqlglot_optimize_schema_aware_track_a_120_canonical_v0,spark,PORT,PORT_0008,portability_risk,type_coercion,unsupported_engine,not_exact_due_to_execution_failure,false,true,false,false,false,runs/user/sqlglot_optimize_schema_aware_track_a_120_canonical_v0__spark/failures.csv,runs/user/sqlglot_optimize_schema_aware_track_a_120_canonical_v0__spark/tag_slices.csv,diagnostic join from existing ledger row and retained taxonomy used by tag_slices; tag present in existing tag_slices.csv
sqlglot_optimize_schema_aware,sqlglot_optimize_schema_aware_track_a_120_canonical_v0,spark,PORT,PORT_0008,rewrite_opportunity,dialect_adaptation,unsupported_engine,not_exact_due_to_execution_failure,false,true,false,false,false,runs/user/sqlglot_optimize_schema_aware_track_a_120_canonical_v0__spark/failures.csv,runs/user/sqlglot_optimize_schema_aware_track_a_120_canonical_v0__spark/tag_slices.csv,diagnostic join from existing ledger row and retained taxonomy used by tag_slices; tag present in existing tag_slices.csv
sqlglot_optimize_schema_aware,sqlglot_optimize_schema_aware_track_a_120_canonical_v0,spark,PORT,PORT_0008,rewrite_opportunity,function_normalization,unsupported_engine,not_exact_due_to_execution_failure,false,true,false,false,false,runs/user/sqlglot_optimize_schema_aware_track_a_120_canonical_v0__spark/failures.csv,runs/user/sqlglot_optimize_schema_aware_track_a_120_canonical_v0__spark/tag_slices.csv,diagnostic join from existing ledger row and retained taxonomy used by tag_slices; tag present in existing tag_slices.csv
sqlglot_optimize_schema_aware,sqlglot_optimize_schema_aware_track_a_120_canonical_v0,spark,PORT,PORT_0008,sql_feature,date_time_function,unsupported_engine,not_exact_due_to_execution_failure,false,true,false,false,false,runs/user/sqlglot_optimize_schema_aware_track_a_120_canonical_v0__spark/failures.csv,runs/user/sqlglot_optimize_schema_aware_track_a_120_canonical_v0__spark/tag_slices.csv,diagnostic join from existing ledger row and retained taxonomy used by tag_slices; tag present in existing tag_slices.csv
sqlglot_optimize_schema_aware,sqlglot_optimize_schema_aware_track_a_120_canonical_v0,spark,PORT,PORT_0008,sql_feature,expression_complexity,unsupported_engine,not_exact_due_to_execution_failure,false,true,false,false,false,runs/user/sqlglot_optimize_schema_aware_track_a_120_canonical_v0__spark/failures.csv,runs/user/sqlglot_optimize_schema_aware_track_a_120_canonical_v0__spark/tag_slices.csv,diagnostic join from existing ledger row and retained taxonomy used by tag_slices; tag present in existing tag_slices.csv
sqlglot_optimize_schema_aware,sqlglot_optimize_schema_aware_track_a_120_canonical_v0,spark,PORT,PORT_0012,portability_risk,datetime_semantics_gap,unsupported_engine,not_exact_due_to_execution_failure,false,true,false,false,false,runs/user/sqlglot_optimize_schema_aware_track_a_120_canonical_v0__spark/failures.csv,runs/user/sqlglot_optimize_schema_aware_track_a_120_canonical_v0__spark/tag_slices.csv,diagnostic join from existing ledger row and retained taxonomy used by tag_slices; tag present in existing tag_slices.csv
sqlglot_optimize_schema_aware,sqlglot_optimize_schema_aware_track_a_120_canonical_v0,spark,PORT,PORT_0012,portability_risk,identifier_quoting,unsupported_engine,not_exact_due_to_execution_failure,false,true,false,false,false,runs/user/sqlglot_optimize_schema_aware_track_a_120_canonical_v0__spark/failures.csv,runs/user/sqlglot_optimize_schema_aware_track_a_120_canonical_v0__spark/tag_slices.csv,diagnostic join from existing ledger row and retained taxonomy used by tag_slices; tag present in existing tag_slices.csv
sqlglot_optimize_schema_aware,sqlglot_optimize_schema_aware_track_a_120_canonical_v0,spark,PORT,PORT_0012,portability_risk,type_semantics_gap,unsupported_engine,not_exact_due_to_execution_failure,false,true,false,false,false,runs/user/sqlglot_optimize_schema_aware_track_a_120_canonical_v0__spark/failures.csv,runs/user/sqlglot_optimize_schema_aware_track_a_120_canonical_v0__spark/tag_slices.csv,diagnostic join from existing ledger row and retained taxonomy used by tag_slices; tag present in existing tag_slices.csv
sqlglot_optimize_schema_aware,sqlglot_optimize_schema_aware_track_a_120_canonical_v0,spark,PORT,PORT_0012,rewrite_opportunity,dialect_adaptation,unsupported_engine,not_exact_due_to_execution_failure,false,true,false,false,false,runs/user/sqlglot_optimize_schema_aware_track_a_120_canonical_v0__spark/failures.csv,runs/user/sqlglot_optimize_schema_aware_track_a_120_canonical_v0__spark/tag_slices.csv,diagnostic join from existing ledger row and retained taxonomy used by tag_slices; tag present in existing tag_slices.csv
sqlglot_optimize_schema_aware,sqlglot_optimize_schema_aware_track_a_120_canonical_v0,spark,PORT,PORT_0012,rewrite_opportunity,expression_simplification,unsupported_engine,not_exact_due_to_execution_failure,false,true,false,false,false,runs/user/sqlglot_optimize_schema_aware_track_a_120_canonical_v0__spark/failures.csv,runs/user/sqlglot_optimize_schema_aware_track_a_120_canonical_v0__spark/tag_slices.csv,diagnostic join from existing ledger row and retained taxonomy used by tag_slices; tag present in existing tag_slices.csv
sqlglot_optimize_schema_aware,sqlglot_optimize_schema_aware_track_a_120_canonical_v0,spark,PORT,PORT_0012,rewrite_opportunity,function_normalization,unsupported_engine,not_exact_due_to_execution_failure,false,true,false,false,false,runs/user/sqlglot_optimize_schema_aware_track_a_120_canonical_v0__spark/failures.csv,runs/user/sqlglot_optimize_schema_aware_track_a_120_canonical_v0__spark/tag_slices.csv,diagnostic join from existing ledger row and retained taxonomy used by tag_slices; tag present in existing tag_slices.csv
sqlglot_optimize_schema_aware,sqlglot_optimize_schema_aware_track_a_120_canonical_v0,spark,PORT,PORT_0012,sql_feature,date_time_function,unsupported_engine,not_exact_due_to_execution_failure,false,true,false,false,false,runs/user/sqlglot_optimize_schema_aware_track_a_120_canonical_v0__spark/failures.csv,runs/user/sqlglot_optimize_schema_aware_track_a_120_canonical_v0__spark/tag_slices.csv,diagnostic join from existing ledger row and retained taxonomy used by tag_slices; tag present in existing tag_slices.csv
sqlglot_optimize_schema_aware,sqlglot_optimize_schema_aware_track_a_120_canonical_v0,spark,PORT,PORT_0012,sql_feature,expression_complexity,unsupported_engine,not_exact_due_to_execution_failure,false,true,false,false,false,runs/user/sqlglot_optimize_schema_aware_track_a_120_canonical_v0__spark/failures.csv,runs/user/sqlglot_optimize_schema_aware_track_a_120_canonical_v0__spark/tag_slices.csv,diagnostic join from existing ledger row and retained taxonomy used by tag_slices; tag present in existing tag_slices.csv
sqlglot_optimize_schema_aware,sqlglot_optimize_schema_aware_track_a_120_canonical_v0,spark,PORT,PORT_0013,portability_risk,boolean_semantics_gap,candidate_execution_failed,not_exact_due_to_execution_failure,true,true,false,false,false,runs/user/sqlglot_optimize_schema_aware_track_a_120_canonical_v0__spark/failures.csv,runs/user/sqlglot_optimize_schema_aware_track_a_120_canonical_v0__spark/tag_slices.csv,diagnostic join from existing ledger row and retained taxonomy used by tag_slices; tag present in existing tag_slices.csv
sqlglot_optimize_schema_aware,sqlglot_optimize_schema_aware_track_a_120_canonical_v0,spark,PORT,PORT_0013,portability_risk,complex_expression_density,candidate_execution_failed,not_exact_due_to_execution_failure,true,true,false,false,false,runs/user/sqlglot_optimize_schema_aware_track_a_120_canonical_v0__spark/failures.csv,runs/user/sqlglot_optimize_schema_aware_track_a_120_canonical_v0__spark/tag_slices.csv,diagnostic join from existing ledger row and retained taxonomy used by tag_slices; tag present in existing tag_slices.csv
sqlglot_optimize_schema_aware,sqlglot_optimize_schema_aware_track_a_120_canonical_v0,spark,PORT,PORT_0013,portability_risk,identifier_quoting,candidate_execution_failed,not_exact_due_to_execution_failure,true,true,false,false,false,runs/user/sqlglot_optimize_schema_aware_track_a_120_canonical_v0__spark/failures.csv,runs/user/sqlglot_optimize_schema_aware_track_a_120_canonical_v0__spark/tag_slices.csv,diagnostic join from existing ledger row and retained taxonomy used by tag_slices; tag present in existing tag_slices.csv
sqlglot_optimize_schema_aware,sqlglot_optimize_schema_aware_track_a_120_canonical_v0,spark,PORT,PORT_0013,portability_risk,type_semantics_gap,candidate_execution_failed,not_exact_due_to_execution_failure,true,true,false,false,false,runs/user/sqlglot_optimize_schema_aware_track_a_120_canonical_v0__spark/failures.csv,runs/user/sqlglot_optimize_schema_aware_track_a_120_canonical_v0__spark/tag_slices.csv,diagnostic join from existing ledger row and retained taxonomy used by tag_slices; tag present in existing tag_slices.csv
sqlglot_optimize_schema_aware,sqlglot_optimize_schema_aware_track_a_120_canonical_v0,spark,PORT,PORT_0013,rewrite_opportunity,dialect_adaptation,candidate_execution_failed,not_exact_due_to_execution_failure,true,true,false,false,false,runs/user/sqlglot_optimize_schema_aware_track_a_120_canonical_v0__spark/failures.csv,runs/user/sqlglot_optimize_schema_aware_track_a_120_canonical_v0__spark/tag_slices.csv,diagnostic join from existing ledger row and retained taxonomy used by tag_slices; tag present in existing tag_slices.csv
sqlglot_optimize_schema_aware,sqlglot_optimize_schema_aware_track_a_120_canonical_v0,spark,PORT,PORT_0013,rewrite_opportunity,expression_simplification,candidate_execution_failed,not_exact_due_to_execution_failure,true,true,false,false,false,runs/user/sqlglot_optimize_schema_aware_track_a_120_canonical_v0__spark/failures.csv,runs/user/sqlglot_optimize_schema_aware_track_a_120_canonical_v0__spark/tag_slices.csv,diagnostic join from existing ledger row and retained taxonomy used by tag_slices; tag present in existing tag_slices.csv
sqlglot_optimize_schema_aware,sqlglot_optimize_schema_aware_track_a_120_canonical_v0,spark,PORT,PORT_0013,sql_feature,expression_complexity,candidate_execution_failed,not_exact_due_to_execution_failure,true,true,false,false,false,runs/user/sqlglot_optimize_schema_aware_track_a_120_canonical_v0__spark/failures.csv,runs/user/sqlglot_optimize_schema_aware_track_a_120_canonical_v0__spark/tag_slices.csv,diagnostic join from existing ledger row and retained taxonomy used by tag_slices; tag present in existing tag_slices.csv
sqlglot_optimize_schema_aware,sqlglot_optimize_schema_aware_track_a_120_canonical_v0,spark,PORT,PORT_0022,portability_risk,date_filter_semantics,unsupported_engine,not_exact_due_to_execution_failure,false,true,false,false,false,runs/user/sqlglot_optimize_schema_aware_track_a_120_canonical_v0__spark/failures.csv,runs/user/sqlglot_optimize_schema_aware_track_a_120_canonical_v0__spark/tag_slices.csv,diagnostic join from existing ledger row and retained taxonomy used by tag_slices; tag present in existing tag_slices.csv
sqlglot_optimize_schema_aware,sqlglot_optimize_schema_aware_track_a_120_canonical_v0,spark,PORT,PORT_0022,portability_risk,date_time_semantics,unsupported_engine,not_exact_due_to_execution_failure,false,true,false,false,false,runs/user/sqlglot_optimize_schema_aware_track_a_120_canonical_v0__spark/failures.csv,runs/user/sqlglot_optimize_schema_aware_track_a_120_canonical_v0__spark/tag_slices.csv,diagnostic join from existing ledger row and retained taxonomy used by tag_slices; tag present in existing tag_slices.csv
sqlglot_optimize_schema_aware,sqlglot_optimize_schema_aware_track_a_120_canonical_v0,spark,PORT,PORT_0022,portability_risk,join_aggregate_input_boundary,unsupported_engine,not_exact_due_to_execution_failure,false,true,false,false,false,runs/user/sqlglot_optimize_schema_aware_track_a_120_canonical_v0__spark/failures.csv,runs/user/sqlglot_optimize_schema_aware_track_a_120_canonical_v0__spark/tag_slices.csv,diagnostic join from existing ledger row and retained taxonomy used by tag_slices; tag present in existing tag_slices.csv
sqlglot_optimize_schema_aware,sqlglot_optimize_schema_aware_track_a_120_canonical_v0,spark,PORT,PORT_0022,portability_risk,literal_predicate_boundary,unsupported_engine,not_exact_due_to_execution_failure,false,true,false,false,false,runs/user/sqlglot_optimize_schema_aware_track_a_120_canonical_v0__spark/failures.csv,runs/user/sqlglot_optimize_schema_aware_track_a_120_canonical_v0__spark/tag_slices.csv,diagnostic join from existing ledger row and retained taxonomy used by tag_slices; tag present in existing tag_slices.csv
sqlglot_optimize_schema_aware,sqlglot_optimize_schema_aware_track_a_120_canonical_v0,spark,PORT,PORT_0022,portability_risk,type_coercion,unsupported_engine,not_exact_due_to_execution_failure,false,true,false,false,false,runs/user/sqlglot_optimize_schema_aware_track_a_120_canonical_v0__spark/failures.csv,runs/user/sqlglot_optimize_schema_aware_track_a_120_canonical_v0__spark/tag_slices.csv,diagnostic join from existing ledger row and retained taxonomy used by tag_slices; tag present in existing tag_slices.csv
sqlglot_optimize_schema_aware,sqlglot_optimize_schema_aware_track_a_120_canonical_v0,spark,PORT,PORT_0022,rewrite_opportunity,dialect_adaptation,unsupported_engine,not_exact_due_to_execution_failure,false,true,false,false,false,runs/user/sqlglot_optimize_schema_aware_track_a_120_canonical_v0__spark/failures.csv,runs/user/sqlglot_optimize_schema_aware_track_a_120_canonical_v0__spark/tag_slices.csv,diagnostic join from existing ledger row and retained taxonomy used by tag_slices; tag present in existing tag_slices.csv
sqlglot_optimize_schema_aware,sqlglot_optimize_schema_aware_track_a_120_canonical_v0,spark,PORT,PORT_0024,portability_risk,aggregate_expression_semantics,unsupported_engine,not_exact_due_to_execution_failure,false,true,false,false,false,runs/user/sqlglot_optimize_schema_aware_track_a_120_canonical_v0__spark/failures.csv,runs/user/sqlglot_optimize_schema_aware_track_a_120_canonical_v0__spark/tag_slices.csv,diagnostic join from existing ledger row and retained taxonomy used by tag_slices; tag present in existing tag_slices.csv
sqlglot_optimize_schema_aware,sqlglot_optimize_schema_aware_track_a_120_canonical_v0,spark,PORT,PORT_0024,portability_risk,boolean_semantics,unsupported_engine,not_exact_due_to_execution_failure,false,true,false,false,false,runs/user/sqlglot_optimize_schema_aware_track_a_120_canonical_v0__spark/failures.csv,runs/user/sqlglot_optimize_schema_aware_track_a_120_canonical_v0__spark/tag_slices.csv,diagnostic join from existing ledger row and retained taxonomy used by tag_slices; tag present in existing tag_slices.csv
sqlglot_optimize_schema_aware,sqlglot_optimize_schema_aware_track_a_120_canonical_v0,spark,PORT,PORT_0024,portability_risk,literal_predicate_boundary,unsupported_engine,not_exact_due_to_execution_failure,false,true,false,false,false,runs/user/sqlglot_optimize_schema_aware_track_a_120_canonical_v0__spark/failures.csv,runs/user/sqlglot_optimize_schema_aware_track_a_120_canonical_v0__spark/tag_slices.csv,diagnostic join from existing ledger row and retained taxonomy used by tag_slices; tag present in existing tag_slices.csv
sqlglot_optimize_schema_aware,sqlglot_optimize_schema_aware_track_a_120_canonical_v0,spark,PORT,PORT_0024,portability_risk,type_coercion,unsupported_engine,not_exact_due_to_execution_failure,false,true,false,false,false,runs/user/sqlglot_optimize_schema_aware_track_a_120_canonical_v0__spark/failures.csv,runs/user/sqlglot_optimize_schema_aware_track_a_120_canonical_v0__spark/tag_slices.csv,diagnostic join from existing ledger row and retained taxonomy used by tag_slices; tag present in existing tag_slices.csv
sqlglot_optimize_schema_aware,sqlglot_optimize_schema_aware_track_a_120_canonical_v0,spark,PORT,PORT_0024,rewrite_opportunity,dialect_adaptation,unsupported_engine,not_exact_due_to_execution_failure,false,true,false,false,false,runs/user/sqlglot_optimize_schema_aware_track_a_120_canonical_v0__spark/failures.csv,runs/user/sqlglot_optimize_schema_aware_track_a_120_canonical_v0__spark/tag_slices.csv,diagnostic join from existing ledger row and retained taxonomy used by tag_slices; tag present in existing tag_slices.csv
sqlglot_optimize_schema_aware,sqlglot_optimize_schema_aware_track_a_120_canonical_v0,spark,PORT,PORT_0025,portability_risk,date_time_semantics,unsupported_engine,not_exact_due_to_execution_failure,false,true,false,false,false,runs/user/sqlglot_optimize_schema_aware_track_a_120_canonical_v0__spark/failures.csv,runs/user/sqlglot_optimize_schema_aware_track_a_120_canonical_v0__spark/tag_slices.csv,diagnostic join from existing ledger row and retained taxonomy used by tag_slices; tag present in existing tag_slices.csv
sqlglot_optimize_schema_aware,sqlglot_optimize_schema_aware_track_a_120_canonical_v0,spark,PORT,PORT_0025,portability_risk,order_direction_semantics,unsupported_engine,not_exact_due_to_execution_failure,false,true,false,false,false,runs/user/sqlglot_optimize_schema_aware_track_a_120_canonical_v0__spark/failures.csv,runs/user/sqlglot_optimize_schema_aware_track_a_120_canonical_v0__spark/tag_slices.csv,diagnostic join from existing ledger row and retained taxonomy used by tag_slices; tag present in existing tag_slices.csv
sqlglot_optimize_schema_aware,sqlglot_optimize_schema_aware_track_a_120_canonical_v0,spark,PORT,PORT_0025,portability_risk,order_limit_semantics,unsupported_engine,not_exact_due_to_execution_failure,false,true,false,false,false,runs/user/sqlglot_optimize_schema_aware_track_a_120_canonical_v0__spark/failures.csv,runs/user/sqlglot_optimize_schema_aware_track_a_120_canonical_v0__spark/tag_slices.csv,diagnostic join from existing ledger row and retained taxonomy used by tag_slices; tag present in existing tag_slices.csv
sqlglot_optimize_schema_aware,sqlglot_optimize_schema_aware_track_a_120_canonical_v0,spark,PORT,PORT_0025,portability_risk,pagination_or_limit_offset,unsupported_engine,not_exact_due_to_execution_failure,false,true,false,false,false,runs/user/sqlglot_optimize_schema_aware_track_a_120_canonical_v0__spark/failures.csv,runs/user/sqlglot_optimize_schema_aware_track_a_120_canonical_v0__spark/tag_slices.csv,diagnostic join from existing ledger row and retained taxonomy used by tag_slices; tag present in existing tag_slices.csv
sqlglot_optimize_schema_aware,sqlglot_optimize_schema_aware_track_a_120_canonical_v0,spark,PORT,PORT_0025,portability_risk,top_1_row_selection,unsupported_engine,not_exact_due_to_execution_failure,false,true,false,false,false,runs/user/sqlglot_optimize_schema_aware_track_a_120_canonical_v0__spark/failures.csv,runs/user/sqlglot_optimize_schema_aware_track_a_120_canonical_v0__spark/tag_slices.csv,diagnostic join from existing ledger row and retained taxonomy used by tag_slices; tag present in existing tag_slices.csv
sqlglot_optimize_schema_aware,sqlglot_optimize_schema_aware_track_a_120_canonical_v0,spark,PORT,PORT_0025,rewrite_opportunity,dialect_adaptation,unsupported_engine,not_exact_due_to_execution_failure,false,true,false,false,false,runs/user/sqlglot_optimize_schema_aware_track_a_120_canonical_v0__spark/failures.csv,runs/user/sqlglot_optimize_schema_aware_track_a_120_canonical_v0__spark/tag_slices.csv,diagnostic join from existing ledger row and retained taxonomy used by tag_slices; tag present in existing tag_slices.csv
sqlglot_optimize_schema_aware,sqlglot_optimize_schema_aware_track_a_120_canonical_v0,spark,LONGTAIL,LONGTAIL_0011,rewrite_opportunity,cte_strategy,mismatch,mismatch,true,true,true,false,false,runs/user/sqlglot_optimize_schema_aware_track_a_120_canonical_v0__spark/failures.csv,runs/user/sqlglot_optimize_schema_aware_track_a_120_canonical_v0__spark/tag_slices.csv,diagnostic join from existing ledger row and retained taxonomy used by tag_slices; tag present in existing tag_slices.csv
sqlglot_optimize_schema_aware,sqlglot_optimize_schema_aware_track_a_120_canonical_v0,spark,LONGTAIL,LONGTAIL_0011,rewrite_opportunity,expression_simplification,mismatch,mismatch,true,true,true,false,false,runs/user/sqlglot_optimize_schema_aware_track_a_120_canonical_v0__spark/failures.csv,runs/user/sqlglot_optimize_schema_aware_track_a_120_canonical_v0__spark/tag_slices.csv,diagnostic join from existing ledger row and retained taxonomy used by tag_slices; tag present in existing tag_slices.csv
sqlglot_optimize_schema_aware,sqlglot_optimize_schema_aware_track_a_120_canonical_v0,spark,LONGTAIL,LONGTAIL_0011,sql_feature,aggregate,mismatch,mismatch,true,true,true,false,false,runs/user/sqlglot_optimize_schema_aware_track_a_120_canonical_v0__spark/failures.csv,runs/user/sqlglot_optimize_schema_aware_track_a_120_canonical_v0__spark/tag_slices.csv,diagnostic join from existing ledger row and retained taxonomy used by tag_slices; tag present in existing tag_slices.csv
sqlglot_optimize_schema_aware,sqlglot_optimize_schema_aware_track_a_120_canonical_v0,spark,LONGTAIL,LONGTAIL_0011,sql_feature,cte,mismatch,mismatch,true,true,true,false,false,runs/user/sqlglot_optimize_schema_aware_track_a_120_canonical_v0__spark/failures.csv,runs/user/sqlglot_optimize_schema_aware_track_a_120_canonical_v0__spark/tag_slices.csv,diagnostic join from existing ledger row and retained taxonomy used by tag_slices; tag present in existing tag_slices.csv
sqlglot_optimize_schema_aware,sqlglot_optimize_schema_aware_track_a_120_canonical_v0,spark,LONGTAIL,LONGTAIL_0011,sql_feature,join,mismatch,mismatch,true,true,true,false,false,runs/user/sqlglot_optimize_schema_aware_track_a_120_canonical_v0__spark/failures.csv,runs/user/sqlglot_optimize_schema_aware_track_a_120_canonical_v0__spark/tag_slices.csv,diagnostic join from existing ledger row and retained taxonomy used by tag_slices; tag present in existing tag_slices.csv
sqlglot_optimize_schema_aware,sqlglot_optimize_schema_aware_track_a_120_canonical_v0,spark,LONGTAIL,LONGTAIL_0011,sql_feature,sort,mismatch,mismatch,true,true,true,false,false,runs/user/sqlglot_optimize_schema_aware_track_a_120_canonical_v0__spark/failures.csv,runs/user/sqlglot_optimize_schema_aware_track_a_120_canonical_v0__spark/tag_slices.csv,diagnostic join from existing ledger row and retained taxonomy used by tag_slices; tag present in existing tag_slices.csv
sqlglot_optimize_schema_aware,sqlglot_optimize_schema_aware_track_a_120_canonical_v0,spark,LONGTAIL,LONGTAIL_0011,sql_feature,window_function,mismatch,mismatch,true,true,true,false,false,runs/user/sqlglot_optimize_schema_aware_track_a_120_canonical_v0__spark/failures.csv,runs/user/sqlglot_optimize_schema_aware_track_a_120_canonical_v0__spark/tag_slices.csv,diagnostic join from existing ledger row and retained taxonomy used by tag_slices; tag present in existing tag_slices.csv
sqlglot_optimize_schema_aware,sqlglot_optimize_schema_aware_track_a_120_canonical_v0,spark,LONGTAIL,LONGTAIL_0012,sql_feature,aggregation,mismatch,mismatch,true,true,true,false,false,runs/user/sqlglot_optimize_schema_aware_track_a_120_canonical_v0__spark/failures.csv,runs/user/sqlglot_optimize_schema_aware_track_a_120_canonical_v0__spark/tag_slices.csv,diagnostic join from existing ledger row and retained taxonomy used by tag_slices; tag present in existing tag_slices.csv
sqlglot_optimize_schema_aware,sqlglot_optimize_schema_aware_track_a_120_canonical_v0,spark,LONGTAIL,LONGTAIL_0012,sql_feature,complex_expression,mismatch,mismatch,true,true,true,false,false,runs/user/sqlglot_optimize_schema_aware_track_a_120_canonical_v0__spark/failures.csv,runs/user/sqlglot_optimize_schema_aware_track_a_120_canonical_v0__spark/tag_slices.csv,diagnostic join from existing ledger row and retained taxonomy used by tag_slices; tag present in existing tag_slices.csv
sqlglot_optimize_schema_aware,sqlglot_optimize_schema_aware_track_a_120_canonical_v0,spark,LONGTAIL,LONGTAIL_0012,sql_feature,outer_join,mismatch,mismatch,true,true,true,false,false,runs/user/sqlglot_optimize_schema_aware_track_a_120_canonical_v0__spark/failures.csv,runs/user/sqlglot_optimize_schema_aware_track_a_120_canonical_v0__spark/tag_slices.csv,diagnostic join from existing ledger row and retained taxonomy used by tag_slices; tag present in existing tag_slices.csv
sqlglot_optimize_schema_aware,sqlglot_optimize_schema_aware_track_a_120_canonical_v0,spark,LONGTAIL,LONGTAIL_0012,sql_feature,sort_limit,mismatch,mismatch,true,true,true,false,false,runs/user/sqlglot_optimize_schema_aware_track_a_120_canonical_v0__spark/failures.csv,runs/user/sqlglot_optimize_schema_aware_track_a_120_canonical_v0__spark/tag_slices.csv,diagnostic join from existing ledger row and retained taxonomy used by tag_slices; tag present in existing tag_slices.csv
sqlglot_optimize_schema_aware,sqlglot_optimize_schema_aware_track_a_120_canonical_v0,spark,LONGTAIL,LONGTAIL_0012,sql_feature,subquery_in_from,mismatch,mismatch,true,true,true,false,false,runs/user/sqlglot_optimize_schema_aware_track_a_120_canonical_v0__spark/failures.csv,runs/user/sqlglot_optimize_schema_aware_track_a_120_canonical_v0__spark/tag_slices.csv,diagnostic join from existing ledger row and retained taxonomy used by tag_slices; tag present in existing tag_slices.csv
sqlglot_optimize_schema_aware,sqlglot_optimize_schema_aware_track_a_120_canonical_v0,spark,LONGTAIL,LONGTAIL_0012,sql_feature,window_function,mismatch,mismatch,true,true,true,false,false,runs/user/sqlglot_optimize_schema_aware_track_a_120_canonical_v0__spark/failures.csv,runs/user/sqlglot_optimize_schema_aware_track_a_120_canonical_v0__spark/tag_slices.csv,diagnostic join from existing ledger row and retained taxonomy used by tag_slices; tag present in existing tag_slices.csv
sqlglot_optimize_schema_aware,sqlglot_optimize_schema_aware_track_a_120_canonical_v0,spark,LONGTAIL,LONGTAIL_0013,sql_feature,aggregation,mismatch,mismatch,true,true,true,false,false,runs/user/sqlglot_optimize_schema_aware_track_a_120_canonical_v0__spark/failures.csv,runs/user/sqlglot_optimize_schema_aware_track_a_120_canonical_v0__spark/tag_slices.csv,diagnostic join from existing ledger row and retained taxonomy used by tag_slices; tag present in existing tag_slices.csv
sqlglot_optimize_schema_aware,sqlglot_optimize_schema_aware_track_a_120_canonical_v0,spark,LONGTAIL,LONGTAIL_0013,sql_feature,complex_expression,mismatch,mismatch,true,true,true,false,false,runs/user/sqlglot_optimize_schema_aware_track_a_120_canonical_v0__spark/failures.csv,runs/user/sqlglot_optimize_schema_aware_track_a_120_canonical_v0__spark/tag_slices.csv,diagnostic join from existing ledger row and retained taxonomy used by tag_slices; tag present in existing tag_slices.csv
sqlglot_optimize_schema_aware,sqlglot_optimize_schema_aware_track_a_120_canonical_v0,spark,LONGTAIL,LONGTAIL_0013,sql_feature,cte,mismatch,mismatch,true,true,true,false,false,runs/user/sqlglot_optimize_schema_aware_track_a_120_canonical_v0__spark/failures.csv,runs/user/sqlglot_optimize_schema_aware_track_a_120_canonical_v0__spark/tag_slices.csv,diagnostic join from existing ledger row and retained taxonomy used by tag_slices; tag present in existing tag_slices.csv
sqlglot_optimize_schema_aware,sqlglot_optimize_schema_aware_track_a_120_canonical_v0,spark,LONGTAIL,LONGTAIL_0013,sql_feature,outer_join,mismatch,mismatch,true,true,true,false,false,runs/user/sqlglot_optimize_schema_aware_track_a_120_canonical_v0__spark/failures.csv,runs/user/sqlglot_optimize_schema_aware_track_a_120_canonical_v0__spark/tag_slices.csv,diagnostic join from existing ledger row and retained taxonomy used by tag_slices; tag present in existing tag_slices.csv
sqlglot_optimize_schema_aware,sqlglot_optimize_schema_aware_track_a_120_canonical_v0,spark,LONGTAIL,LONGTAIL_0013,sql_feature,sort,mismatch,mismatch,true,true,true,false,false,runs/user/sqlglot_optimize_schema_aware_track_a_120_canonical_v0__spark/failures.csv,runs/user/sqlglot_optimize_schema_aware_track_a_120_canonical_v0__spark/tag_slices.csv,diagnostic join from existing ledger row and retained taxonomy used by tag_slices; tag present in existing tag_slices.csv
sqlglot_optimize_schema_aware,sqlglot_optimize_schema_aware_track_a_120_canonical_v0,spark,LONGTAIL,LONGTAIL_0013,sql_feature,window_function,mismatch,mismatch,true,true,true,false,false,runs/user/sqlglot_optimize_schema_aware_track_a_120_canonical_v0__spark/failures.csv,runs/user/sqlglot_optimize_schema_aware_track_a_120_canonical_v0__spark/tag_slices.csv,diagnostic join from existing ledger row and retained taxonomy used by tag_slices; tag present in existing tag_slices.csv
sqlglot_optimize_schema_aware,sqlglot_optimize_schema_aware_track_a_120_canonical_v0,spark,LONGTAIL,LONGTAIL_0022,sql_feature,aggregation,mismatch,mismatch,true,true,true,false,false,runs/user/sqlglot_optimize_schema_aware_track_a_120_canonical_v0__spark/failures.csv,runs/user/sqlglot_optimize_schema_aware_track_a_120_canonical_v0__spark/tag_slices.csv,diagnostic join from existing ledger row and retained taxonomy used by tag_slices; tag present in existing tag_slices.csv
sqlglot_optimize_schema_aware,sqlglot_optimize_schema_aware_track_a_120_canonical_v0,spark,LONGTAIL,LONGTAIL_0022,sql_feature,cte,mismatch,mismatch,true,true,true,false,false,runs/user/sqlglot_optimize_schema_aware_track_a_120_canonical_v0__spark/failures.csv,runs/user/sqlglot_optimize_schema_aware_track_a_120_canonical_v0__spark/tag_slices.csv,diagnostic join from existing ledger row and retained taxonomy used by tag_slices; tag present in existing tag_slices.csv
sqlglot_optimize_schema_aware,sqlglot_optimize_schema_aware_track_a_120_canonical_v0,spark,LONGTAIL,LONGTAIL_0022,sql_feature,join,mismatch,mismatch,true,true,true,false,false,runs/user/sqlglot_optimize_schema_aware_track_a_120_canonical_v0__spark/failures.csv,runs/user/sqlglot_optimize_schema_aware_track_a_120_canonical_v0__spark/tag_slices.csv,diagnostic join from existing ledger row and retained taxonomy used by tag_slices; tag present in existing tag_slices.csv
sqlglot_optimize_schema_aware,sqlglot_optimize_schema_aware_track_a_120_canonical_v0,spark,LONGTAIL,LONGTAIL_0022,sql_feature,outer_join,mismatch,mismatch,true,true,true,false,false,runs/user/sqlglot_optimize_schema_aware_track_a_120_canonical_v0__spark/failures.csv,runs/user/sqlglot_optimize_schema_aware_track_a_120_canonical_v0__spark/tag_slices.csv,diagnostic join from existing ledger row and retained taxonomy used by tag_slices; tag present in existing tag_slices.csv
sqlglot_optimize_schema_aware,sqlglot_optimize_schema_aware_track_a_120_canonical_v0,spark,LONGTAIL,LONGTAIL_0022,sql_feature,sort,mismatch,mismatch,true,true,true,false,false,runs/user/sqlglot_optimize_schema_aware_track_a_120_canonical_v0__spark/failures.csv,runs/user/sqlglot_optimize_schema_aware_track_a_120_canonical_v0__spark/tag_slices.csv,diagnostic join from existing ledger row and retained taxonomy used by tag_slices; tag present in existing tag_slices.csv
sqlglot_optimize_schema_aware,sqlglot_optimize_schema_aware_track_a_120_canonical_v0,spark,LONGTAIL,LONGTAIL_0023,sql_feature,aggregation,mismatch,mismatch,true,true,true,false,false,runs/user/sqlglot_optimize_schema_aware_track_a_120_canonical_v0__spark/failures.csv,runs/user/sqlglot_optimize_schema_aware_track_a_120_canonical_v0__spark/tag_slices.csv,diagnostic join from existing ledger row and retained taxonomy used by tag_slices; tag present in existing tag_slices.csv
sqlglot_optimize_schema_aware,sqlglot_optimize_schema_aware_track_a_120_canonical_v0,spark,LONGTAIL,LONGTAIL_0023,sql_feature,cte,mismatch,mismatch,true,true,true,false,false,runs/user/sqlglot_optimize_schema_aware_track_a_120_canonical_v0__spark/failures.csv,runs/user/sqlglot_optimize_schema_aware_track_a_120_canonical_v0__spark/tag_slices.csv,diagnostic join from existing ledger row and retained taxonomy used by tag_slices; tag present in existing tag_slices.csv
sqlglot_optimize_schema_aware,sqlglot_optimize_schema_aware_track_a_120_canonical_v0,spark,LONGTAIL,LONGTAIL_0023,sql_feature,directed_relation,mismatch,mismatch,true,true,true,false,false,runs/user/sqlglot_optimize_schema_aware_track_a_120_canonical_v0__spark/failures.csv,runs/user/sqlglot_optimize_schema_aware_track_a_120_canonical_v0__spark/tag_slices.csv,diagnostic join from existing ledger row and retained taxonomy used by tag_slices; tag present in existing tag_slices.csv
sqlglot_optimize_schema_aware,sqlglot_optimize_schema_aware_track_a_120_canonical_v0,spark,LONGTAIL,LONGTAIL_0023,sql_feature,outer_join,mismatch,mismatch,true,true,true,false,false,runs/user/sqlglot_optimize_schema_aware_track_a_120_canonical_v0__spark/failures.csv,runs/user/sqlglot_optimize_schema_aware_track_a_120_canonical_v0__spark/tag_slices.csv,diagnostic join from existing ledger row and retained taxonomy used by tag_slices; tag present in existing tag_slices.csv
sqlglot_optimize_schema_aware,sqlglot_optimize_schema_aware_track_a_120_canonical_v0,spark,LONGTAIL,LONGTAIL_0023,sql_feature,sort,mismatch,mismatch,true,true,true,false,false,runs/user/sqlglot_optimize_schema_aware_track_a_120_canonical_v0__spark/failures.csv,runs/user/sqlglot_optimize_schema_aware_track_a_120_canonical_v0__spark/tag_slices.csv,diagnostic join from existing ledger row and retained taxonomy used by tag_slices; tag present in existing tag_slices.csv
sqlglot_optimize_schema_aware,sqlglot_optimize_schema_aware_track_a_120_canonical_v0,spark,LONGTAIL,LONGTAIL_0024,sql_feature,aggregation,mismatch,mismatch,true,true,true,false,false,runs/user/sqlglot_optimize_schema_aware_track_a_120_canonical_v0__spark/failures.csv,runs/user/sqlglot_optimize_schema_aware_track_a_120_canonical_v0__spark/tag_slices.csv,diagnostic join from existing ledger row and retained taxonomy used by tag_slices; tag present in existing tag_slices.csv
sqlglot_optimize_schema_aware,sqlglot_optimize_schema_aware_track_a_120_canonical_v0,spark,LONGTAIL,LONGTAIL_0024,sql_feature,cte,mismatch,mismatch,true,true,true,false,false,runs/user/sqlglot_optimize_schema_aware_track_a_120_canonical_v0__spark/failures.csv,runs/user/sqlglot_optimize_schema_aware_track_a_120_canonical_v0__spark/tag_slices.csv,diagnostic join from existing ledger row and retained taxonomy used by tag_slices; tag present in existing tag_slices.csv
sqlglot_optimize_schema_aware,sqlglot_optimize_schema_aware_track_a_120_canonical_v0,spark,LONGTAIL,LONGTAIL_0024,sql_feature,join,mismatch,mismatch,true,true,true,false,false,runs/user/sqlglot_optimize_schema_aware_track_a_120_canonical_v0__spark/failures.csv,runs/user/sqlglot_optimize_schema_aware_track_a_120_canonical_v0__spark/tag_slices.csv,diagnostic join from existing ledger row and retained taxonomy used by tag_slices; tag present in existing tag_slices.csv
sqlglot_optimize_schema_aware,sqlglot_optimize_schema_aware_track_a_120_canonical_v0,spark,LONGTAIL,LONGTAIL_0024,sql_feature,sort,mismatch,mismatch,true,true,true,false,false,runs/user/sqlglot_optimize_schema_aware_track_a_120_canonical_v0__spark/failures.csv,runs/user/sqlglot_optimize_schema_aware_track_a_120_canonical_v0__spark/tag_slices.csv,diagnostic join from existing ledger row and retained taxonomy used by tag_slices; tag present in existing tag_slices.csv
sqlglot_optimize_schema_aware,sqlglot_optimize_schema_aware_track_a_120_canonical_v0,spark,LONGTAIL,LONGTAIL_0024,sql_feature,temporal_min_max,mismatch,mismatch,true,true,true,false,false,runs/user/sqlglot_optimize_schema_aware_track_a_120_canonical_v0__spark/failures.csv,runs/user/sqlglot_optimize_schema_aware_track_a_120_canonical_v0__spark/tag_slices.csv,diagnostic join from existing ledger row and retained taxonomy used by tag_slices; tag present in existing tag_slices.csv
calcite_hep_fail_closed,calcite_hep_track_a_120_canonical_v0,postgres,PERF,PERF_0006,rewrite_opportunity,materialization_strategy,none,exact,true,true,true,true,true,,runs/user/calcite_hep_track_a_120_canonical_v0__postgres/tag_slices.csv,diagnostic join from existing ledger row and retained taxonomy used by tag_slices; tag present in existing tag_slices.csv
calcite_hep_fail_closed,calcite_hep_track_a_120_canonical_v0,postgres,PERF,PERF_0006,rewrite_opportunity,predicate_pushdown,none,exact,true,true,true,true,true,,runs/user/calcite_hep_track_a_120_canonical_v0__postgres/tag_slices.csv,diagnostic join from existing ledger row and retained taxonomy used by tag_slices; tag present in existing tag_slices.csv
calcite_hep_fail_closed,calcite_hep_track_a_120_canonical_v0,postgres,PERF,PERF_0006,sql_feature,date_time_function,none,exact,true,true,true,true,true,,runs/user/calcite_hep_track_a_120_canonical_v0__postgres/tag_slices.csv,diagnostic join from existing ledger row and retained taxonomy used by tag_slices; tag present in existing tag_slices.csv
calcite_hep_fail_closed,calcite_hep_track_a_120_canonical_v0,postgres,PERF,PERF_0006,sql_feature,expression_complexity,none,exact,true,true,true,true,true,,runs/user/calcite_hep_track_a_120_canonical_v0__postgres/tag_slices.csv,diagnostic join from existing ledger row and retained taxonomy used by tag_slices; tag present in existing tag_slices.csv
calcite_hep_fail_closed,calcite_hep_track_a_120_canonical_v0,postgres,PERF,PERF_0007,rewrite_opportunity,materialization_strategy,none,exact,true,true,true,true,true,,runs/user/calcite_hep_track_a_120_canonical_v0__postgres/tag_slices.csv,diagnostic join from existing ledger row and retained taxonomy used by tag_slices; tag present in existing tag_slices.csv
calcite_hep_fail_closed,calcite_hep_track_a_120_canonical_v0,postgres,PERF,PERF_0007,rewrite_opportunity,predicate_pushdown,none,exact,true,true,true,true,true,,runs/user/calcite_hep_track_a_120_canonical_v0__postgres/tag_slices.csv,diagnostic join from existing ledger row and retained taxonomy used by tag_slices; tag present in existing tag_slices.csv
calcite_hep_fail_closed,calcite_hep_track_a_120_canonical_v0,postgres,PERF,PERF_0007,sql_feature,date_time_function,none,exact,true,true,true,true,true,,runs/user/calcite_hep_track_a_120_canonical_v0__postgres/tag_slices.csv,diagnostic join from existing ledger row and retained taxonomy used by tag_slices; tag present in existing tag_slices.csv
calcite_hep_fail_closed,calcite_hep_track_a_120_canonical_v0,postgres,PERF,PERF_0008,rewrite_opportunity,materialization_strategy,none,exact,true,true,true,true,true,,runs/user/calcite_hep_track_a_120_canonical_v0__postgres/tag_slices.csv,diagnostic join from existing ledger row and retained taxonomy used by tag_slices; tag present in existing tag_slices.csv
calcite_hep_fail_closed,calcite_hep_track_a_120_canonical_v0,postgres,PERF,PERF_0008,rewrite_opportunity,predicate_pushdown,none,exact,true,true,true,true,true,,runs/user/calcite_hep_track_a_120_canonical_v0__postgres/tag_slices.csv,diagnostic join from existing ledger row and retained taxonomy used by tag_slices; tag present in existing tag_slices.csv
calcite_hep_fail_closed,calcite_hep_track_a_120_canonical_v0,postgres,PERF,PERF_0008,sql_feature,date_time_function,none,exact,true,true,true,true,true,,runs/user/calcite_hep_track_a_120_canonical_v0__postgres/tag_slices.csv,diagnostic join from existing ledger row and retained taxonomy used by tag_slices; tag present in existing tag_slices.csv
calcite_hep_fail_closed,calcite_hep_track_a_120_canonical_v0,postgres,PERF,PERF_0008,sql_feature,subquery_in_from,none,exact,true,true,true,true,true,,runs/user/calcite_hep_track_a_120_canonical_v0__postgres/tag_slices.csv,diagnostic join from existing ledger row and retained taxonomy used by tag_slices; tag present in existing tag_slices.csv
calcite_hep_fail_closed,calcite_hep_track_a_120_canonical_v0,postgres,PERF,PERF_0013,rewrite_opportunity,join_reorder,none,exact,true,true,true,true,true,,runs/user/calcite_hep_track_a_120_canonical_v0__postgres/tag_slices.csv,diagnostic join from existing ledger row and retained taxonomy used by tag_slices; tag present in existing tag_slices.csv
calcite_hep_fail_closed,calcite_hep_track_a_120_canonical_v0,postgres,PERF,PERF_0013,rewrite_opportunity,predicate_pushdown,none,exact,true,true,true,true,true,,runs/user/calcite_hep_track_a_120_canonical_v0__postgres/tag_slices.csv,diagnostic join from existing ledger row and retained taxonomy used by tag_slices; tag present in existing tag_slices.csv
calcite_hep_fail_closed,calcite_hep_track_a_120_canonical_v0,postgres,PERF,PERF_0013,sql_feature,date_time_function,none,exact,true,true,true,true,true,,runs/user/calcite_hep_track_a_120_canonical_v0__postgres/tag_slices.csv,diagnostic join from existing ledger row and retained taxonomy used by tag_slices; tag present in existing tag_slices.csv
calcite_hep_fail_closed,calcite_hep_track_a_120_canonical_v0,postgres,PERF,PERF_0017,rewrite_opportunity,join_reorder,none,exact,true,true,true,true,true,,runs/user/calcite_hep_track_a_120_canonical_v0__postgres/tag_slices.csv,diagnostic join from existing ledger row and retained taxonomy used by tag_slices; tag present in existing tag_slices.csv
calcite_hep_fail_closed,calcite_hep_track_a_120_canonical_v0,postgres,PERF,PERF_0017,rewrite_opportunity,predicate_pushdown,none,exact,true,true,true,true,true,,runs/user/calcite_hep_track_a_120_canonical_v0__postgres/tag_slices.csv,diagnostic join from existing ledger row and retained taxonomy used by tag_slices; tag present in existing tag_slices.csv
calcite_hep_fail_closed,calcite_hep_track_a_120_canonical_v0,postgres,PERF,PERF_0017,sql_feature,date_time_function,none,exact,true,true,true,true,true,,runs/user/calcite_hep_track_a_120_canonical_v0__postgres/tag_slices.csv,diagnostic join from existing ledger row and retained taxonomy used by tag_slices; tag present in existing tag_slices.csv
calcite_hep_fail_closed,calcite_hep_track_a_120_canonical_v0,postgres,PERF,PERF_0019,rewrite_opportunity,materialization_strategy,none,exact,true,true,true,true,true,,runs/user/calcite_hep_track_a_120_canonical_v0__postgres/tag_slices.csv,diagnostic join from existing ledger row and retained taxonomy used by tag_slices; tag present in existing tag_slices.csv
calcite_hep_fail_closed,calcite_hep_track_a_120_canonical_v0,postgres,PERF,PERF_0019,rewrite_opportunity,predicate_pushdown,none,exact,true,true,true,true,true,,runs/user/calcite_hep_track_a_120_canonical_v0__postgres/tag_slices.csv,diagnostic join from existing ledger row and retained taxonomy used by tag_slices; tag present in existing tag_slices.csv
calcite_hep_fail_closed,calcite_hep_track_a_120_canonical_v0,postgres,PERF,PERF_0019,sql_feature,outer_join,none,exact,true,true,true,true,true,,runs/user/calcite_hep_track_a_120_canonical_v0__postgres/tag_slices.csv,diagnostic join from existing ledger row and retained taxonomy used by tag_slices; tag present in existing tag_slices.csv
calcite_hep_fail_closed,calcite_hep_track_a_120_canonical_v0,postgres,PERF,PERF_0019,sql_feature,subquery_in_from,none,exact,true,true,true,true,true,,runs/user/calcite_hep_track_a_120_canonical_v0__postgres/tag_slices.csv,diagnostic join from existing ledger row and retained taxonomy used by tag_slices; tag present in existing tag_slices.csv
calcite_hep_fail_closed,calcite_hep_track_a_120_canonical_v0,postgres,PERF,PERF_0024,rewrite_opportunity,predicate_pushdown,none,exact,true,true,true,true,true,,runs/user/calcite_hep_track_a_120_canonical_v0__postgres/tag_slices.csv,diagnostic join from existing ledger row and retained taxonomy used by tag_slices; tag present in existing tag_slices.csv
calcite_hep_fail_closed,calcite_hep_track_a_120_canonical_v0,postgres,PERF,PERF_0024,rewrite_opportunity,subquery_decorrelation,none,exact,true,true,true,true,true,,runs/user/calcite_hep_track_a_120_canonical_v0__postgres/tag_slices.csv,diagnostic join from existing ledger row and retained taxonomy used by tag_slices; tag present in existing tag_slices.csv
calcite_hep_fail_closed,calcite_hep_track_a_120_canonical_v0,postgres,PERF,PERF_0024,sql_feature,correlated_subquery,none,exact,true,true,true,true,true,,runs/user/calcite_hep_track_a_120_canonical_v0__postgres/tag_slices.csv,diagnostic join from existing ledger row and retained taxonomy used by tag_slices; tag present in existing tag_slices.csv
calcite_hep_fail_closed,calcite_hep_track_a_120_canonical_v0,postgres,PERF,PERF_0024,sql_feature,date_time_function,none,exact,true,true,true,true,true,,runs/user/calcite_hep_track_a_120_canonical_v0__postgres/tag_slices.csv,diagnostic join from existing ledger row and retained taxonomy used by tag_slices; tag present in existing tag_slices.csv
calcite_hep_fail_closed,calcite_hep_track_a_120_canonical_v0,postgres,PERF,PERF_0033,portability_risk,limit_fetch_gap,none,exact,true,true,true,true,true,,runs/user/calcite_hep_track_a_120_canonical_v0__postgres/tag_slices.csv,diagnostic join from existing ledger row and retained taxonomy used by tag_slices; tag present in existing tag_slices.csv
calcite_hep_fail_closed,calcite_hep_track_a_120_canonical_v0,postgres,PERF,PERF_0033,rewrite_opportunity,join_reorder,none,exact,true,true,true,true,true,,runs/user/calcite_hep_track_a_120_canonical_v0__postgres/tag_slices.csv,diagnostic join from existing ledger row and retained taxonomy used by tag_slices; tag present in existing tag_slices.csv
calcite_hep_fail_closed,calcite_hep_track_a_120_canonical_v0,postgres,PERF,PERF_0033,rewrite_opportunity,predicate_pushdown,none,exact,true,true,true,true,true,,runs/user/calcite_hep_track_a_120_canonical_v0__postgres/tag_slices.csv,diagnostic join from existing ledger row and retained taxonomy used by tag_slices; tag present in existing tag_slices.csv
calcite_hep_fail_closed,calcite_hep_track_a_120_canonical_v0,postgres,PERF,PERF_0033,sql_feature,aggregate,none,exact,true,true,true,true,true,,runs/user/calcite_hep_track_a_120_canonical_v0__postgres/tag_slices.csv,diagnostic join from existing ledger row and retained taxonomy used by tag_slices; tag present in existing tag_slices.csv
calcite_hep_fail_closed,calcite_hep_track_a_120_canonical_v0,postgres,PERF,PERF_0033,sql_feature,group_by,none,exact,true,true,true,true,true,,runs/user/calcite_hep_track_a_120_canonical_v0__postgres/tag_slices.csv,diagnostic join from existing ledger row and retained taxonomy used by tag_slices; tag present in existing tag_slices.csv
calcite_hep_fail_closed,calcite_hep_track_a_120_canonical_v0,postgres,PERF,PERF_0033,sql_feature,join,none,exact,true,true,true,true,true,,runs/user/calcite_hep_track_a_120_canonical_v0__postgres/tag_slices.csv,diagnostic join from existing ledger row and retained taxonomy used by tag_slices; tag present in existing tag_slices.csv
calcite_hep_fail_closed,calcite_hep_track_a_120_canonical_v0,postgres,PERF,PERF_0033,sql_feature,limit,none,exact,true,true,true,true,true,,runs/user/calcite_hep_track_a_120_canonical_v0__postgres/tag_slices.csv,diagnostic join from existing ledger row and retained taxonomy used by tag_slices; tag present in existing tag_slices.csv
calcite_hep_fail_closed,calcite_hep_track_a_120_canonical_v0,postgres,PERF,PERF_0033,sql_feature,order_by,none,exact,true,true,true,true,true,,runs/user/calcite_hep_track_a_120_canonical_v0__postgres/tag_slices.csv,diagnostic join from existing ledger row and retained taxonomy used by tag_slices; tag present in existing tag_slices.csv
calcite_hep_fail_closed,calcite_hep_track_a_120_canonical_v0,postgres,PERF,PERF_0034,rewrite_opportunity,materialization_strategy,none,exact,true,true,true,true,true,,runs/user/calcite_hep_track_a_120_canonical_v0__postgres/tag_slices.csv,diagnostic join from existing ledger row and retained taxonomy used by tag_slices; tag present in existing tag_slices.csv
calcite_hep_fail_closed,calcite_hep_track_a_120_canonical_v0,postgres,PERF,PERF_0034,rewrite_opportunity,predicate_pushdown,none,exact,true,true,true,true,true,,runs/user/calcite_hep_track_a_120_canonical_v0__postgres/tag_slices.csv,diagnostic join from existing ledger row and retained taxonomy used by tag_slices; tag present in existing tag_slices.csv
calcite_hep_fail_closed,calcite_hep_track_a_120_canonical_v0,postgres,PERF,PERF_0034,sql_feature,cte,none,exact,true,true,true,true,true,,runs/user/calcite_hep_track_a_120_canonical_v0__postgres/tag_slices.csv,diagnostic join from existing ledger row and retained taxonomy used by tag_slices; tag present in existing tag_slices.csv
calcite_hep_fail_closed,calcite_hep_track_a_120_canonical_v0,postgres,PERF,PERF_0034,sql_feature,set_operation,none,exact,true,true,true,true,true,,runs/user/calcite_hep_track_a_120_canonical_v0__postgres/tag_slices.csv,diagnostic join from existing ledger row and retained taxonomy used by tag_slices; tag present in existing tag_slices.csv
calcite_hep_fail_closed,calcite_hep_track_a_120_canonical_v0,postgres,PERF,PERF_0035,portability_risk,type_semantics_gap,mismatch,mismatch,true,true,true,false,false,runs/user/calcite_hep_track_a_120_canonical_v0__postgres/failures.csv,runs/user/calcite_hep_track_a_120_canonical_v0__postgres/tag_slices.csv,diagnostic join from existing ledger row and retained taxonomy used by tag_slices; tag present in existing tag_slices.csv
calcite_hep_fail_closed,calcite_hep_track_a_120_canonical_v0,postgres,PERF,PERF_0035,rewrite_opportunity,aggregation_rewrite,mismatch,mismatch,true,true,true,false,false,runs/user/calcite_hep_track_a_120_canonical_v0__postgres/failures.csv,runs/user/calcite_hep_track_a_120_canonical_v0__postgres/tag_slices.csv,diagnostic join from existing ledger row and retained taxonomy used by tag_slices; tag present in existing tag_slices.csv
calcite_hep_fail_closed,calcite_hep_track_a_120_canonical_v0,postgres,PERF,PERF_0035,rewrite_opportunity,cte_strategy,mismatch,mismatch,true,true,true,false,false,runs/user/calcite_hep_track_a_120_canonical_v0__postgres/failures.csv,runs/user/calcite_hep_track_a_120_canonical_v0__postgres/tag_slices.csv,diagnostic join from existing ledger row and retained taxonomy used by tag_slices; tag present in existing tag_slices.csv
calcite_hep_fail_closed,calcite_hep_track_a_120_canonical_v0,postgres,PERF,PERF_0035,sql_feature,cte,mismatch,mismatch,true,true,true,false,false,runs/user/calcite_hep_track_a_120_canonical_v0__postgres/failures.csv,runs/user/calcite_hep_track_a_120_canonical_v0__postgres/tag_slices.csv,diagnostic join from existing ledger row and retained taxonomy used by tag_slices; tag present in existing tag_slices.csv
calcite_hep_fail_closed,calcite_hep_track_a_120_canonical_v0,postgres,PERF,PERF_0035,sql_feature,expression_complexity,mismatch,mismatch,true,true,true,false,false,runs/user/calcite_hep_track_a_120_canonical_v0__postgres/failures.csv,runs/user/calcite_hep_track_a_120_canonical_v0__postgres/tag_slices.csv,diagnostic join from existing ledger row and retained taxonomy used by tag_slices; tag present in existing tag_slices.csv
calcite_hep_fail_closed,calcite_hep_track_a_120_canonical_v0,postgres,PERF,PERF_0035,sql_feature,window_function,mismatch,mismatch,true,true,true,false,false,runs/user/calcite_hep_track_a_120_canonical_v0__postgres/failures.csv,runs/user/calcite_hep_track_a_120_canonical_v0__postgres/tag_slices.csv,diagnostic join from existing ledger row and retained taxonomy used by tag_slices; tag present in existing tag_slices.csv
calcite_hep_fail_closed,calcite_hep_track_a_120_canonical_v0,postgres,PERF,PERF_0052,sql_feature,aggregate,none,exact,true,true,true,true,true,,runs/user/calcite_hep_track_a_120_canonical_v0__postgres/tag_slices.csv,diagnostic join from existing ledger row and retained taxonomy used by tag_slices; tag present in existing tag_slices.csv
calcite_hep_fail_closed,calcite_hep_track_a_120_canonical_v0,postgres,PERF,PERF_0052,sql_feature,correlated_subquery,none,exact,true,true,true,true,true,,runs/user/calcite_hep_track_a_120_canonical_v0__postgres/tag_slices.csv,diagnostic join from existing ledger row and retained taxonomy used by tag_slices; tag present in existing tag_slices.csv
calcite_hep_fail_closed,calcite_hep_track_a_120_canonical_v0,postgres,PERF,PERF_0052,sql_feature,cte,none,exact,true,true,true,true,true,,runs/user/calcite_hep_track_a_120_canonical_v0__postgres/tag_slices.csv,diagnostic join from existing ledger row and retained taxonomy used by tag_slices; tag present in existing tag_slices.csv
calcite_hep_fail_closed,calcite_hep_track_a_120_canonical_v0,postgres,PERF,PERF_0052,sql_feature,group_by,none,exact,true,true,true,true,true,,runs/user/calcite_hep_track_a_120_canonical_v0__postgres/tag_slices.csv,diagnostic join from existing ledger row and retained taxonomy used by tag_slices; tag present in existing tag_slices.csv
calcite_hep_fail_closed,calcite_hep_track_a_120_canonical_v0,postgres,PERF,PERF_0052,sql_feature,limit,none,exact,true,true,true,true,true,,runs/user/calcite_hep_track_a_120_canonical_v0__postgres/tag_slices.csv,diagnostic join from existing ledger row and retained taxonomy used by tag_slices; tag present in existing tag_slices.csv
calcite_hep_fail_closed,calcite_hep_track_a_120_canonical_v0,postgres,PERF,PERF_0052,sql_feature,order_by,none,exact,true,true,true,true,true,,runs/user/calcite_hep_track_a_120_canonical_v0__postgres/tag_slices.csv,diagnostic join from existing ledger row and retained taxonomy used by tag_slices; tag present in existing tag_slices.csv
calcite_hep_fail_closed,calcite_hep_track_a_120_canonical_v0,postgres,PERF,PERF_0054,sql_feature,aggregate,none,exact,true,true,true,true,true,,runs/user/calcite_hep_track_a_120_canonical_v0__postgres/tag_slices.csv,diagnostic join from existing ledger row and retained taxonomy used by tag_slices; tag present in existing tag_slices.csv
calcite_hep_fail_closed,calcite_hep_track_a_120_canonical_v0,postgres,PERF,PERF_0054,sql_feature,group_by,none,exact,true,true,true,true,true,,runs/user/calcite_hep_track_a_120_canonical_v0__postgres/tag_slices.csv,diagnostic join from existing ledger row and retained taxonomy used by tag_slices; tag present in existing tag_slices.csv
calcite_hep_fail_closed,calcite_hep_track_a_120_canonical_v0,postgres,PERF,PERF_0054,sql_feature,join,none,exact,true,true,true,true,true,,runs/user/calcite_hep_track_a_120_canonical_v0__postgres/tag_slices.csv,diagnostic join from existing ledger row and retained taxonomy used by tag_slices; tag present in existing tag_slices.csv
calcite_hep_fail_closed,calcite_hep_track_a_120_canonical_v0,postgres,PERF,PERF_0054,sql_feature,limit,none,exact,true,true,true,true,true,,runs/user/calcite_hep_track_a_120_canonical_v0__postgres/tag_slices.csv,diagnostic join from existing ledger row and retained taxonomy used by tag_slices; tag present in existing tag_slices.csv
calcite_hep_fail_closed,calcite_hep_track_a_120_canonical_v0,postgres,PERF,PERF_0054,sql_feature,order_by,none,exact,true,true,true,true,true,,runs/user/calcite_hep_track_a_120_canonical_v0__postgres/tag_slices.csv,diagnostic join from existing ledger row and retained taxonomy used by tag_slices; tag present in existing tag_slices.csv
calcite_hep_fail_closed,calcite_hep_track_a_120_canonical_v0,postgres,PERF,PERF_0056,sql_feature,aggregate,none,exact,true,true,true,true,true,,runs/user/calcite_hep_track_a_120_canonical_v0__postgres/tag_slices.csv,diagnostic join from existing ledger row and retained taxonomy used by tag_slices; tag present in existing tag_slices.csv
calcite_hep_fail_closed,calcite_hep_track_a_120_canonical_v0,postgres,PERF,PERF_0056,sql_feature,group_by,none,exact,true,true,true,true,true,,runs/user/calcite_hep_track_a_120_canonical_v0__postgres/tag_slices.csv,diagnostic join from existing ledger row and retained taxonomy used by tag_slices; tag present in existing tag_slices.csv
calcite_hep_fail_closed,calcite_hep_track_a_120_canonical_v0,postgres,PERF,PERF_0056,sql_feature,having,none,exact,true,true,true,true,true,,runs/user/calcite_hep_track_a_120_canonical_v0__postgres/tag_slices.csv,diagnostic join from existing ledger row and retained taxonomy used by tag_slices; tag present in existing tag_slices.csv
calcite_hep_fail_closed,calcite_hep_track_a_120_canonical_v0,postgres,PERF,PERF_0056,sql_feature,limit,none,exact,true,true,true,true,true,,runs/user/calcite_hep_track_a_120_canonical_v0__postgres/tag_slices.csv,diagnostic join from existing ledger row and retained taxonomy used by tag_slices; tag present in existing tag_slices.csv
calcite_hep_fail_closed,calcite_hep_track_a_120_canonical_v0,postgres,PERF,PERF_0056,sql_feature,order_by,none,exact,true,true,true,true,true,,runs/user/calcite_hep_track_a_120_canonical_v0__postgres/tag_slices.csv,diagnostic join from existing ledger row and retained taxonomy used by tag_slices; tag present in existing tag_slices.csv
calcite_hep_fail_closed,calcite_hep_track_a_120_canonical_v0,postgres,PERF,PERF_0056,sql_feature,scalar_subquery,none,exact,true,true,true,true,true,,runs/user/calcite_hep_track_a_120_canonical_v0__postgres/tag_slices.csv,diagnostic join from existing ledger row and retained taxonomy used by tag_slices; tag present in existing tag_slices.csv
calcite_hep_fail_closed,calcite_hep_track_a_120_canonical_v0,postgres,PERF,PERF_0062,sql_feature,aggregate,mismatch,mismatch,true,true,true,false,false,runs/user/calcite_hep_track_a_120_canonical_v0__postgres/failures.csv,runs/user/calcite_hep_track_a_120_canonical_v0__postgres/tag_slices.csv,diagnostic join from existing ledger row and retained taxonomy used by tag_slices; tag present in existing tag_slices.csv
calcite_hep_fail_closed,calcite_hep_track_a_120_canonical_v0,postgres,PERF,PERF_0062,sql_feature,disjunction,mismatch,mismatch,true,true,true,false,false,runs/user/calcite_hep_track_a_120_canonical_v0__postgres/failures.csv,runs/user/calcite_hep_track_a_120_canonical_v0__postgres/tag_slices.csv,diagnostic join from existing ledger row and retained taxonomy used by tag_slices; tag present in existing tag_slices.csv
calcite_hep_fail_closed,calcite_hep_track_a_120_canonical_v0,postgres,PERF,PERF_0062,sql_feature,join,mismatch,mismatch,true,true,true,false,false,runs/user/calcite_hep_track_a_120_canonical_v0__postgres/failures.csv,runs/user/calcite_hep_track_a_120_canonical_v0__postgres/tag_slices.csv,diagnostic join from existing ledger row and retained taxonomy used by tag_slices; tag present in existing tag_slices.csv
calcite_hep_fail_closed,calcite_hep_track_a_120_canonical_v0,postgres,PERF,PERF_0062,sql_feature,range_predicate,mismatch,mismatch,true,true,true,false,false,runs/user/calcite_hep_track_a_120_canonical_v0__postgres/failures.csv,runs/user/calcite_hep_track_a_120_canonical_v0__postgres/tag_slices.csv,diagnostic join from existing ledger row and retained taxonomy used by tag_slices; tag present in existing tag_slices.csv
calcite_hep_fail_closed,calcite_hep_track_a_120_canonical_v0,postgres,PERF,PERF_0077,sql_feature,aggregate,none,exact,true,true,true,true,true,,runs/user/calcite_hep_track_a_120_canonical_v0__postgres/tag_slices.csv,diagnostic join from existing ledger row and retained taxonomy used by tag_slices; tag present in existing tag_slices.csv
calcite_hep_fail_closed,calcite_hep_track_a_120_canonical_v0,postgres,PERF,PERF_0077,sql_feature,filter,none,exact,true,true,true,true,true,,runs/user/calcite_hep_track_a_120_canonical_v0__postgres/tag_slices.csv,diagnostic join from existing ledger row and retained taxonomy used by tag_slices; tag present in existing tag_slices.csv
calcite_hep_fail_closed,calcite_hep_track_a_120_canonical_v0,postgres,PERF,PERF_0077,sql_feature,join,none,exact,true,true,true,true,true,,runs/user/calcite_hep_track_a_120_canonical_v0__postgres/tag_slices.csv,diagnostic join from existing ledger row and retained taxonomy used by tag_slices; tag present in existing tag_slices.csv
calcite_hep_fail_closed,calcite_hep_track_a_120_canonical_v0,postgres,PERF,PERF_0077,sql_feature,text_like_predicate,none,exact,true,true,true,true,true,,runs/user/calcite_hep_track_a_120_canonical_v0__postgres/tag_slices.csv,diagnostic join from existing ledger row and retained taxonomy used by tag_slices; tag present in existing tag_slices.csv
calcite_hep_fail_closed,calcite_hep_track_a_120_canonical_v0,postgres,PERF,PERF_0082,sql_feature,aggregate,none,exact,true,true,true,true,true,,runs/user/calcite_hep_track_a_120_canonical_v0__postgres/tag_slices.csv,diagnostic join from existing ledger row and retained taxonomy used by tag_slices; tag present in existing tag_slices.csv
calcite_hep_fail_closed,calcite_hep_track_a_120_canonical_v0,postgres,PERF,PERF_0082,sql_feature,filter,none,exact,true,true,true,true,true,,runs/user/calcite_hep_track_a_120_canonical_v0__postgres/tag_slices.csv,diagnostic join from existing ledger row and retained taxonomy used by tag_slices; tag present in existing tag_slices.csv
calcite_hep_fail_closed,calcite_hep_track_a_120_canonical_v0,postgres,PERF,PERF_0082,sql_feature,join,none,exact,true,true,true,true,true,,runs/user/calcite_hep_track_a_120_canonical_v0__postgres/tag_slices.csv,diagnostic join from existing ledger row and retained taxonomy used by tag_slices; tag present in existing tag_slices.csv
calcite_hep_fail_closed,calcite_hep_track_a_120_canonical_v0,postgres,PERF,PERF_0082,sql_feature,materialize,none,exact,true,true,true,true,true,,runs/user/calcite_hep_track_a_120_canonical_v0__postgres/tag_slices.csv,diagnostic join from existing ledger row and retained taxonomy used by tag_slices; tag present in existing tag_slices.csv
calcite_hep_fail_closed,calcite_hep_track_a_120_canonical_v0,postgres,PERF,PERF_0082,sql_feature,text_like_predicate,none,exact,true,true,true,true,true,,runs/user/calcite_hep_track_a_120_canonical_v0__postgres/tag_slices.csv,diagnostic join from existing ledger row and retained taxonomy used by tag_slices; tag present in existing tag_slices.csv
calcite_hep_fail_closed,calcite_hep_track_a_120_canonical_v0,postgres,CONS,CONS_0005,portability_risk,null_semantics_gap,none,exact,true,true,true,true,true,,runs/user/calcite_hep_track_a_120_canonical_v0__postgres/tag_slices.csv,diagnostic join from existing ledger row and retained taxonomy used by tag_slices; tag present in existing tag_slices.csv
calcite_hep_fail_closed,calcite_hep_track_a_120_canonical_v0,postgres,CONS,CONS_0005,rewrite_opportunity,subquery_decorrelation,none,exact,true,true,true,true,true,,runs/user/calcite_hep_track_a_120_canonical_v0__postgres/tag_slices.csv,diagnostic join from existing ledger row and retained taxonomy used by tag_slices; tag present in existing tag_slices.csv
calcite_hep_fail_closed,calcite_hep_track_a_120_canonical_v0,postgres,CONS,CONS_0005,sql_feature,correlated_subquery,none,exact,true,true,true,true,true,,runs/user/calcite_hep_track_a_120_canonical_v0__postgres/tag_slices.csv,diagnostic join from existing ledger row and retained taxonomy used by tag_slices; tag present in existing tag_slices.csv
calcite_hep_fail_closed,calcite_hep_track_a_120_canonical_v0,postgres,CONS,CONS_0007,sql_feature,correlated_subquery,none,exact,true,true,true,true,true,,runs/user/calcite_hep_track_a_120_canonical_v0__postgres/tag_slices.csv,diagnostic join from existing ledger row and retained taxonomy used by tag_slices; tag present in existing tag_slices.csv
calcite_hep_fail_closed,calcite_hep_track_a_120_canonical_v0,postgres,CONS,CONS_0007,sql_feature,subquery_in_from,none,exact,true,true,true,true,true,,runs/user/calcite_hep_track_a_120_canonical_v0__postgres/tag_slices.csv,diagnostic join from existing ledger row and retained taxonomy used by tag_slices; tag present in existing tag_slices.csv
calcite_hep_fail_closed,calcite_hep_track_a_120_canonical_v0,postgres,CONS,CONS_0009,sql_feature,correlated_subquery,none,exact,true,true,true,true,true,,runs/user/calcite_hep_track_a_120_canonical_v0__postgres/tag_slices.csv,diagnostic join from existing ledger row and retained taxonomy used by tag_slices; tag present in existing tag_slices.csv
calcite_hep_fail_closed,calcite_hep_track_a_120_canonical_v0,postgres,CONS,CONS_0009,sql_feature,set_operation,none,exact,true,true,true,true,true,,runs/user/calcite_hep_track_a_120_canonical_v0__postgres/tag_slices.csv,diagnostic join from existing ledger row and retained taxonomy used by tag_slices; tag present in existing tag_slices.csv
calcite_hep_fail_closed,calcite_hep_track_a_120_canonical_v0,postgres,CONS,CONS_0010,sql_feature,correlated_subquery,none,exact,true,true,true,true,true,,runs/user/calcite_hep_track_a_120_canonical_v0__postgres/tag_slices.csv,diagnostic join from existing ledger row and retained taxonomy used by tag_slices; tag present in existing tag_slices.csv
calcite_hep_fail_closed,calcite_hep_track_a_120_canonical_v0,postgres,CONS,CONS_0011,sql_feature,correlated_subquery,none,exact,true,true,true,true,true,,runs/user/calcite_hep_track_a_120_canonical_v0__postgres/tag_slices.csv,diagnostic join from existing ledger row and retained taxonomy used by tag_slices; tag present in existing tag_slices.csv
calcite_hep_fail_closed,calcite_hep_track_a_120_canonical_v0,postgres,CONS,CONS_0011,sql_feature,outer_join,none,exact,true,true,true,true,true,,runs/user/calcite_hep_track_a_120_canonical_v0__postgres/tag_slices.csv,diagnostic join from existing ledger row and retained taxonomy used by tag_slices; tag present in existing tag_slices.csv
calcite_hep_fail_closed,calcite_hep_track_a_120_canonical_v0,postgres,CONS,CONS_0012,portability_risk,limit_fetch_gap,none,exact,true,true,true,true,true,,runs/user/calcite_hep_track_a_120_canonical_v0__postgres/tag_slices.csv,diagnostic join from existing ledger row and retained taxonomy used by tag_slices; tag present in existing tag_slices.csv
calcite_hep_fail_closed,calcite_hep_track_a_120_canonical_v0,postgres,CONS,CONS_0012,rewrite_opportunity,order_limit_simplification,none,exact,true,true,true,true,true,,runs/user/calcite_hep_track_a_120_canonical_v0__postgres/tag_slices.csv,diagnostic join from existing ledger row and retained taxonomy used by tag_slices; tag present in existing tag_slices.csv
calcite_hep_fail_closed,calcite_hep_track_a_120_canonical_v0,postgres,CONS,CONS_0012,rewrite_opportunity,subquery_decorrelation,none,exact,true,true,true,true,true,,runs/user/calcite_hep_track_a_120_canonical_v0__postgres/tag_slices.csv,diagnostic join from existing ledger row and retained taxonomy used by tag_slices; tag present in existing tag_slices.csv
calcite_hep_fail_closed,calcite_hep_track_a_120_canonical_v0,postgres,CONS,CONS_0012,sql_feature,correlated_subquery,none,exact,true,true,true,true,true,,runs/user/calcite_hep_track_a_120_canonical_v0__postgres/tag_slices.csv,diagnostic join from existing ledger row and retained taxonomy used by tag_slices; tag present in existing tag_slices.csv
calcite_hep_fail_closed,calcite_hep_track_a_120_canonical_v0,postgres,CONS,CONS_0024,rewrite_opportunity,subquery_decorrelation,none,exact,true,true,true,true,true,,runs/user/calcite_hep_track_a_120_canonical_v0__postgres/tag_slices.csv,diagnostic join from existing ledger row and retained taxonomy used by tag_slices; tag present in existing tag_slices.csv
calcite_hep_fail_closed,calcite_hep_track_a_120_canonical_v0,postgres,CONS,CONS_0024,sql_feature,correlated_subquery,none,exact,true,true,true,true,true,,runs/user/calcite_hep_track_a_120_canonical_v0__postgres/tag_slices.csv,diagnostic join from existing ledger row and retained taxonomy used by tag_slices; tag present in existing tag_slices.csv
calcite_hep_fail_closed,calcite_hep_track_a_120_canonical_v0,postgres,CONS,CONS_0024,sql_feature,outer_join,none,exact,true,true,true,true,true,,runs/user/calcite_hep_track_a_120_canonical_v0__postgres/tag_slices.csv,diagnostic join from existing ledger row and retained taxonomy used by tag_slices; tag present in existing tag_slices.csv
calcite_hep_fail_closed,calcite_hep_track_a_120_canonical_v0,postgres,CONS,CONS_0036,rewrite_opportunity,aggregation_rewrite,mismatch,mismatch,true,true,true,false,false,runs/user/calcite_hep_track_a_120_canonical_v0__postgres/failures.csv,runs/user/calcite_hep_track_a_120_canonical_v0__postgres/tag_slices.csv,diagnostic join from existing ledger row and retained taxonomy used by tag_slices; tag present in existing tag_slices.csv
calcite_hep_fail_closed,calcite_hep_track_a_120_canonical_v0,postgres,CONS,CONS_0036,rewrite_opportunity,predicate_pushdown,mismatch,mismatch,true,true,true,false,false,runs/user/calcite_hep_track_a_120_canonical_v0__postgres/failures.csv,runs/user/calcite_hep_track_a_120_canonical_v0__postgres/tag_slices.csv,diagnostic join from existing ledger row and retained taxonomy used by tag_slices; tag present in existing tag_slices.csv
calcite_hep_fail_closed,calcite_hep_track_a_120_canonical_v0,postgres,CONS,CONS_0037,rewrite_opportunity,aggregation_rewrite,none,exact,true,true,true,true,true,,runs/user/calcite_hep_track_a_120_canonical_v0__postgres/tag_slices.csv,diagnostic join from existing ledger row and retained taxonomy used by tag_slices; tag present in existing tag_slices.csv
calcite_hep_fail_closed,calcite_hep_track_a_120_canonical_v0,postgres,CONS,CONS_0037,sql_feature,outer_join,none,exact,true,true,true,true,true,,runs/user/calcite_hep_track_a_120_canonical_v0__postgres/tag_slices.csv,diagnostic join from existing ledger row and retained taxonomy used by tag_slices; tag present in existing tag_slices.csv
calcite_hep_fail_closed,calcite_hep_track_a_120_canonical_v0,postgres,PORT,PORT_0003,portability_risk,identifier_quoting,no_candidate_sql,not_evaluated_non_db_mvp,false,false,false,false,false,runs/user/calcite_hep_track_a_120_canonical_v0__postgres/failures.csv,runs/user/calcite_hep_track_a_120_canonical_v0__postgres/tag_slices.csv,diagnostic join from existing ledger row and retained taxonomy used by tag_slices; tag present in existing tag_slices.csv
calcite_hep_fail_closed,calcite_hep_track_a_120_canonical_v0,postgres,PORT,PORT_0003,portability_risk,limit_fetch_gap,no_candidate_sql,not_evaluated_non_db_mvp,false,false,false,false,false,runs/user/calcite_hep_track_a_120_canonical_v0__postgres/failures.csv,runs/user/calcite_hep_track_a_120_canonical_v0__postgres/tag_slices.csv,diagnostic join from existing ledger row and retained taxonomy used by tag_slices; tag present in existing tag_slices.csv
calcite_hep_fail_closed,calcite_hep_track_a_120_canonical_v0,postgres,PORT,PORT_0003,portability_risk,null_semantics_gap,no_candidate_sql,not_evaluated_non_db_mvp,false,false,false,false,false,runs/user/calcite_hep_track_a_120_canonical_v0__postgres/failures.csv,runs/user/calcite_hep_track_a_120_canonical_v0__postgres/tag_slices.csv,diagnostic join from existing ledger row and retained taxonomy used by tag_slices; tag present in existing tag_slices.csv
calcite_hep_fail_closed,calcite_hep_track_a_120_canonical_v0,postgres,PORT,PORT_0003,rewrite_opportunity,dialect_adaptation,no_candidate_sql,not_evaluated_non_db_mvp,false,false,false,false,false,runs/user/calcite_hep_track_a_120_canonical_v0__postgres/failures.csv,runs/user/calcite_hep_track_a_120_canonical_v0__postgres/tag_slices.csv,diagnostic join from existing ledger row and retained taxonomy used by tag_slices; tag present in existing tag_slices.csv
calcite_hep_fail_closed,calcite_hep_track_a_120_canonical_v0,postgres,PORT,PORT_0003,rewrite_opportunity,order_limit_simplification,no_candidate_sql,not_evaluated_non_db_mvp,false,false,false,false,false,runs/user/calcite_hep_track_a_120_canonical_v0__postgres/failures.csv,runs/user/calcite_hep_track_a_120_canonical_v0__postgres/tag_slices.csv,diagnostic join from existing ledger row and retained taxonomy used by tag_slices; tag present in existing tag_slices.csv
calcite_hep_fail_closed,calcite_hep_track_a_120_canonical_v0,postgres,PORT,PORT_0004,portability_risk,date_filter_semantics,no_candidate_sql,not_evaluated_non_db_mvp,false,false,false,false,false,runs/user/calcite_hep_track_a_120_canonical_v0__postgres/failures.csv,runs/user/calcite_hep_track_a_120_canonical_v0__postgres/tag_slices.csv,diagnostic join from existing ledger row and retained taxonomy used by tag_slices; tag present in existing tag_slices.csv
calcite_hep_fail_closed,calcite_hep_track_a_120_canonical_v0,postgres,PORT,PORT_0004,portability_risk,datetime_semantics_gap,no_candidate_sql,not_evaluated_non_db_mvp,false,false,false,false,false,runs/user/calcite_hep_track_a_120_canonical_v0__postgres/failures.csv,runs/user/calcite_hep_track_a_120_canonical_v0__postgres/tag_slices.csv,diagnostic join from existing ledger row and retained taxonomy used by tag_slices; tag present in existing tag_slices.csv
calcite_hep_fail_closed,calcite_hep_track_a_120_canonical_v0,postgres,PORT,PORT_0004,portability_risk,identifier_quoting,no_candidate_sql,not_evaluated_non_db_mvp,false,false,false,false,false,runs/user/calcite_hep_track_a_120_canonical_v0__postgres/failures.csv,runs/user/calcite_hep_track_a_120_canonical_v0__postgres/tag_slices.csv,diagnostic join from existing ledger row and retained taxonomy used by tag_slices; tag present in existing tag_slices.csv
calcite_hep_fail_closed,calcite_hep_track_a_120_canonical_v0,postgres,PORT,PORT_0004,portability_risk,literal_predicate_boundary,no_candidate_sql,not_evaluated_non_db_mvp,false,false,false,false,false,runs/user/calcite_hep_track_a_120_canonical_v0__postgres/failures.csv,runs/user/calcite_hep_track_a_120_canonical_v0__postgres/tag_slices.csv,diagnostic join from existing ledger row and retained taxonomy used by tag_slices; tag present in existing tag_slices.csv
calcite_hep_fail_closed,calcite_hep_track_a_120_canonical_v0,postgres,PORT,PORT_0004,portability_risk,result_set_semantics,no_candidate_sql,not_evaluated_non_db_mvp,false,false,false,false,false,runs/user/calcite_hep_track_a_120_canonical_v0__postgres/failures.csv,runs/user/calcite_hep_track_a_120_canonical_v0__postgres/tag_slices.csv,diagnostic join from existing ledger row and retained taxonomy used by tag_slices; tag present in existing tag_slices.csv
calcite_hep_fail_closed,calcite_hep_track_a_120_canonical_v0,postgres,PORT,PORT_0004,portability_risk,type_semantics_gap,no_candidate_sql,not_evaluated_non_db_mvp,false,false,false,false,false,runs/user/calcite_hep_track_a_120_canonical_v0__postgres/failures.csv,runs/user/calcite_hep_track_a_120_canonical_v0__postgres/tag_slices.csv,diagnostic join from existing ledger row and retained taxonomy used by tag_slices; tag present in existing tag_slices.csv
calcite_hep_fail_closed,calcite_hep_track_a_120_canonical_v0,postgres,PORT,PORT_0004,rewrite_opportunity,dialect_adaptation,no_candidate_sql,not_evaluated_non_db_mvp,false,false,false,false,false,runs/user/calcite_hep_track_a_120_canonical_v0__postgres/failures.csv,runs/user/calcite_hep_track_a_120_canonical_v0__postgres/tag_slices.csv,diagnostic join from existing ledger row and retained taxonomy used by tag_slices; tag present in existing tag_slices.csv
calcite_hep_fail_closed,calcite_hep_track_a_120_canonical_v0,postgres,PORT,PORT_0005,portability_risk,identifier_quoting,no_candidate_sql,not_evaluated_non_db_mvp,false,false,false,false,false,runs/user/calcite_hep_track_a_120_canonical_v0__postgres/failures.csv,runs/user/calcite_hep_track_a_120_canonical_v0__postgres/tag_slices.csv,diagnostic join from existing ledger row and retained taxonomy used by tag_slices; tag present in existing tag_slices.csv
calcite_hep_fail_closed,calcite_hep_track_a_120_canonical_v0,postgres,PORT,PORT_0005,portability_risk,limit_fetch_gap,no_candidate_sql,not_evaluated_non_db_mvp,false,false,false,false,false,runs/user/calcite_hep_track_a_120_canonical_v0__postgres/failures.csv,runs/user/calcite_hep_track_a_120_canonical_v0__postgres/tag_slices.csv,diagnostic join from existing ledger row and retained taxonomy used by tag_slices; tag present in existing tag_slices.csv
calcite_hep_fail_closed,calcite_hep_track_a_120_canonical_v0,postgres,PORT,PORT_0005,portability_risk,null_semantics_gap,no_candidate_sql,not_evaluated_non_db_mvp,false,false,false,false,false,runs/user/calcite_hep_track_a_120_canonical_v0__postgres/failures.csv,runs/user/calcite_hep_track_a_120_canonical_v0__postgres/tag_slices.csv,diagnostic join from existing ledger row and retained taxonomy used by tag_slices; tag present in existing tag_slices.csv
calcite_hep_fail_closed,calcite_hep_track_a_120_canonical_v0,postgres,PORT,PORT_0005,portability_risk,order_direction_gap,no_candidate_sql,not_evaluated_non_db_mvp,false,false,false,false,false,runs/user/calcite_hep_track_a_120_canonical_v0__postgres/failures.csv,runs/user/calcite_hep_track_a_120_canonical_v0__postgres/tag_slices.csv,diagnostic join from existing ledger row and retained taxonomy used by tag_slices; tag present in existing tag_slices.csv
calcite_hep_fail_closed,calcite_hep_track_a_120_canonical_v0,postgres,PORT,PORT_0005,rewrite_opportunity,dialect_adaptation,no_candidate_sql,not_evaluated_non_db_mvp,false,false,false,false,false,runs/user/calcite_hep_track_a_120_canonical_v0__postgres/failures.csv,runs/user/calcite_hep_track_a_120_canonical_v0__postgres/tag_slices.csv,diagnostic join from existing ledger row and retained taxonomy used by tag_slices; tag present in existing tag_slices.csv
calcite_hep_fail_closed,calcite_hep_track_a_120_canonical_v0,postgres,PORT,PORT_0005,rewrite_opportunity,order_limit_simplification,no_candidate_sql,not_evaluated_non_db_mvp,false,false,false,false,false,runs/user/calcite_hep_track_a_120_canonical_v0__postgres/failures.csv,runs/user/calcite_hep_track_a_120_canonical_v0__postgres/tag_slices.csv,diagnostic join from existing ledger row and retained taxonomy used by tag_slices; tag present in existing tag_slices.csv
calcite_hep_fail_closed,calcite_hep_track_a_120_canonical_v0,postgres,PORT,PORT_0008,portability_risk,date_time_semantics,no_candidate_sql,not_evaluated_non_db_mvp,false,false,false,false,false,runs/user/calcite_hep_track_a_120_canonical_v0__postgres/failures.csv,runs/user/calcite_hep_track_a_120_canonical_v0__postgres/tag_slices.csv,diagnostic join from existing ledger row and retained taxonomy used by tag_slices; tag present in existing tag_slices.csv
calcite_hep_fail_closed,calcite_hep_track_a_120_canonical_v0,postgres,PORT,PORT_0008,portability_risk,identifier_case_or_quoting,no_candidate_sql,not_evaluated_non_db_mvp,false,false,false,false,false,runs/user/calcite_hep_track_a_120_canonical_v0__postgres/failures.csv,runs/user/calcite_hep_track_a_120_canonical_v0__postgres/tag_slices.csv,diagnostic join from existing ledger row and retained taxonomy used by tag_slices; tag present in existing tag_slices.csv
calcite_hep_fail_closed,calcite_hep_track_a_120_canonical_v0,postgres,PORT,PORT_0008,portability_risk,type_coercion,no_candidate_sql,not_evaluated_non_db_mvp,false,false,false,false,false,runs/user/calcite_hep_track_a_120_canonical_v0__postgres/failures.csv,runs/user/calcite_hep_track_a_120_canonical_v0__postgres/tag_slices.csv,diagnostic join from existing ledger row and retained taxonomy used by tag_slices; tag present in existing tag_slices.csv
calcite_hep_fail_closed,calcite_hep_track_a_120_canonical_v0,postgres,PORT,PORT_0008,rewrite_opportunity,dialect_adaptation,no_candidate_sql,not_evaluated_non_db_mvp,false,false,false,false,false,runs/user/calcite_hep_track_a_120_canonical_v0__postgres/failures.csv,runs/user/calcite_hep_track_a_120_canonical_v0__postgres/tag_slices.csv,diagnostic join from existing ledger row and retained taxonomy used by tag_slices; tag present in existing tag_slices.csv
calcite_hep_fail_closed,calcite_hep_track_a_120_canonical_v0,postgres,PORT,PORT_0008,rewrite_opportunity,function_normalization,no_candidate_sql,not_evaluated_non_db_mvp,false,false,false,false,false,runs/user/calcite_hep_track_a_120_canonical_v0__postgres/failures.csv,runs/user/calcite_hep_track_a_120_canonical_v0__postgres/tag_slices.csv,diagnostic join from existing ledger row and retained taxonomy used by tag_slices; tag present in existing tag_slices.csv
calcite_hep_fail_closed,calcite_hep_track_a_120_canonical_v0,postgres,PORT,PORT_0008,sql_feature,date_time_function,no_candidate_sql,not_evaluated_non_db_mvp,false,false,false,false,false,runs/user/calcite_hep_track_a_120_canonical_v0__postgres/failures.csv,runs/user/calcite_hep_track_a_120_canonical_v0__postgres/tag_slices.csv,diagnostic join from existing ledger row and retained taxonomy used by tag_slices; tag present in existing tag_slices.csv
calcite_hep_fail_closed,calcite_hep_track_a_120_canonical_v0,postgres,PORT,PORT_0008,sql_feature,expression_complexity,no_candidate_sql,not_evaluated_non_db_mvp,false,false,false,false,false,runs/user/calcite_hep_track_a_120_canonical_v0__postgres/failures.csv,runs/user/calcite_hep_track_a_120_canonical_v0__postgres/tag_slices.csv,diagnostic join from existing ledger row and retained taxonomy used by tag_slices; tag present in existing tag_slices.csv
calcite_hep_fail_closed,calcite_hep_track_a_120_canonical_v0,postgres,PORT,PORT_0012,portability_risk,datetime_semantics_gap,no_candidate_sql,not_evaluated_non_db_mvp,false,false,false,false,false,runs/user/calcite_hep_track_a_120_canonical_v0__postgres/failures.csv,runs/user/calcite_hep_track_a_120_canonical_v0__postgres/tag_slices.csv,diagnostic join from existing ledger row and retained taxonomy used by tag_slices; tag present in existing tag_slices.csv
calcite_hep_fail_closed,calcite_hep_track_a_120_canonical_v0,postgres,PORT,PORT_0012,portability_risk,identifier_quoting,no_candidate_sql,not_evaluated_non_db_mvp,false,false,false,false,false,runs/user/calcite_hep_track_a_120_canonical_v0__postgres/failures.csv,runs/user/calcite_hep_track_a_120_canonical_v0__postgres/tag_slices.csv,diagnostic join from existing ledger row and retained taxonomy used by tag_slices; tag present in existing tag_slices.csv
calcite_hep_fail_closed,calcite_hep_track_a_120_canonical_v0,postgres,PORT,PORT_0012,portability_risk,type_semantics_gap,no_candidate_sql,not_evaluated_non_db_mvp,false,false,false,false,false,runs/user/calcite_hep_track_a_120_canonical_v0__postgres/failures.csv,runs/user/calcite_hep_track_a_120_canonical_v0__postgres/tag_slices.csv,diagnostic join from existing ledger row and retained taxonomy used by tag_slices; tag present in existing tag_slices.csv
calcite_hep_fail_closed,calcite_hep_track_a_120_canonical_v0,postgres,PORT,PORT_0012,rewrite_opportunity,dialect_adaptation,no_candidate_sql,not_evaluated_non_db_mvp,false,false,false,false,false,runs/user/calcite_hep_track_a_120_canonical_v0__postgres/failures.csv,runs/user/calcite_hep_track_a_120_canonical_v0__postgres/tag_slices.csv,diagnostic join from existing ledger row and retained taxonomy used by tag_slices; tag present in existing tag_slices.csv
calcite_hep_fail_closed,calcite_hep_track_a_120_canonical_v0,postgres,PORT,PORT_0012,rewrite_opportunity,expression_simplification,no_candidate_sql,not_evaluated_non_db_mvp,false,false,false,false,false,runs/user/calcite_hep_track_a_120_canonical_v0__postgres/failures.csv,runs/user/calcite_hep_track_a_120_canonical_v0__postgres/tag_slices.csv,diagnostic join from existing ledger row and retained taxonomy used by tag_slices; tag present in existing tag_slices.csv
calcite_hep_fail_closed,calcite_hep_track_a_120_canonical_v0,postgres,PORT,PORT_0012,rewrite_opportunity,function_normalization,no_candidate_sql,not_evaluated_non_db_mvp,false,false,false,false,false,runs/user/calcite_hep_track_a_120_canonical_v0__postgres/failures.csv,runs/user/calcite_hep_track_a_120_canonical_v0__postgres/tag_slices.csv,diagnostic join from existing ledger row and retained taxonomy used by tag_slices; tag present in existing tag_slices.csv
calcite_hep_fail_closed,calcite_hep_track_a_120_canonical_v0,postgres,PORT,PORT_0012,sql_feature,date_time_function,no_candidate_sql,not_evaluated_non_db_mvp,false,false,false,false,false,runs/user/calcite_hep_track_a_120_canonical_v0__postgres/failures.csv,runs/user/calcite_hep_track_a_120_canonical_v0__postgres/tag_slices.csv,diagnostic join from existing ledger row and retained taxonomy used by tag_slices; tag present in existing tag_slices.csv
calcite_hep_fail_closed,calcite_hep_track_a_120_canonical_v0,postgres,PORT,PORT_0012,sql_feature,expression_complexity,no_candidate_sql,not_evaluated_non_db_mvp,false,false,false,false,false,runs/user/calcite_hep_track_a_120_canonical_v0__postgres/failures.csv,runs/user/calcite_hep_track_a_120_canonical_v0__postgres/tag_slices.csv,diagnostic join from existing ledger row and retained taxonomy used by tag_slices; tag present in existing tag_slices.csv
calcite_hep_fail_closed,calcite_hep_track_a_120_canonical_v0,postgres,PORT,PORT_0013,portability_risk,boolean_semantics_gap,candidate_execution_failed,not_exact_due_to_execution_failure,true,true,false,false,false,runs/user/calcite_hep_track_a_120_canonical_v0__postgres/failures.csv,runs/user/calcite_hep_track_a_120_canonical_v0__postgres/tag_slices.csv,diagnostic join from existing ledger row and retained taxonomy used by tag_slices; tag present in existing tag_slices.csv
calcite_hep_fail_closed,calcite_hep_track_a_120_canonical_v0,postgres,PORT,PORT_0013,portability_risk,complex_expression_density,candidate_execution_failed,not_exact_due_to_execution_failure,true,true,false,false,false,runs/user/calcite_hep_track_a_120_canonical_v0__postgres/failures.csv,runs/user/calcite_hep_track_a_120_canonical_v0__postgres/tag_slices.csv,diagnostic join from existing ledger row and retained taxonomy used by tag_slices; tag present in existing tag_slices.csv
calcite_hep_fail_closed,calcite_hep_track_a_120_canonical_v0,postgres,PORT,PORT_0013,portability_risk,identifier_quoting,candidate_execution_failed,not_exact_due_to_execution_failure,true,true,false,false,false,runs/user/calcite_hep_track_a_120_canonical_v0__postgres/failures.csv,runs/user/calcite_hep_track_a_120_canonical_v0__postgres/tag_slices.csv,diagnostic join from existing ledger row and retained taxonomy used by tag_slices; tag present in existing tag_slices.csv
calcite_hep_fail_closed,calcite_hep_track_a_120_canonical_v0,postgres,PORT,PORT_0013,portability_risk,type_semantics_gap,candidate_execution_failed,not_exact_due_to_execution_failure,true,true,false,false,false,runs/user/calcite_hep_track_a_120_canonical_v0__postgres/failures.csv,runs/user/calcite_hep_track_a_120_canonical_v0__postgres/tag_slices.csv,diagnostic join from existing ledger row and retained taxonomy used by tag_slices; tag present in existing tag_slices.csv
calcite_hep_fail_closed,calcite_hep_track_a_120_canonical_v0,postgres,PORT,PORT_0013,rewrite_opportunity,dialect_adaptation,candidate_execution_failed,not_exact_due_to_execution_failure,true,true,false,false,false,runs/user/calcite_hep_track_a_120_canonical_v0__postgres/failures.csv,runs/user/calcite_hep_track_a_120_canonical_v0__postgres/tag_slices.csv,diagnostic join from existing ledger row and retained taxonomy used by tag_slices; tag present in existing tag_slices.csv
calcite_hep_fail_closed,calcite_hep_track_a_120_canonical_v0,postgres,PORT,PORT_0013,rewrite_opportunity,expression_simplification,candidate_execution_failed,not_exact_due_to_execution_failure,true,true,false,false,false,runs/user/calcite_hep_track_a_120_canonical_v0__postgres/failures.csv,runs/user/calcite_hep_track_a_120_canonical_v0__postgres/tag_slices.csv,diagnostic join from existing ledger row and retained taxonomy used by tag_slices; tag present in existing tag_slices.csv
calcite_hep_fail_closed,calcite_hep_track_a_120_canonical_v0,postgres,PORT,PORT_0013,sql_feature,expression_complexity,candidate_execution_failed,not_exact_due_to_execution_failure,true,true,false,false,false,runs/user/calcite_hep_track_a_120_canonical_v0__postgres/failures.csv,runs/user/calcite_hep_track_a_120_canonical_v0__postgres/tag_slices.csv,diagnostic join from existing ledger row and retained taxonomy used by tag_slices; tag present in existing tag_slices.csv
calcite_hep_fail_closed,calcite_hep_track_a_120_canonical_v0,postgres,PORT,PORT_0022,portability_risk,date_filter_semantics,no_candidate_sql,not_evaluated_non_db_mvp,false,false,false,false,false,runs/user/calcite_hep_track_a_120_canonical_v0__postgres/failures.csv,runs/user/calcite_hep_track_a_120_canonical_v0__postgres/tag_slices.csv,diagnostic join from existing ledger row and retained taxonomy used by tag_slices; tag present in existing tag_slices.csv
calcite_hep_fail_closed,calcite_hep_track_a_120_canonical_v0,postgres,PORT,PORT_0022,portability_risk,date_time_semantics,no_candidate_sql,not_evaluated_non_db_mvp,false,false,false,false,false,runs/user/calcite_hep_track_a_120_canonical_v0__postgres/failures.csv,runs/user/calcite_hep_track_a_120_canonical_v0__postgres/tag_slices.csv,diagnostic join from existing ledger row and retained taxonomy used by tag_slices; tag present in existing tag_slices.csv
calcite_hep_fail_closed,calcite_hep_track_a_120_canonical_v0,postgres,PORT,PORT_0022,portability_risk,join_aggregate_input_boundary,no_candidate_sql,not_evaluated_non_db_mvp,false,false,false,false,false,runs/user/calcite_hep_track_a_120_canonical_v0__postgres/failures.csv,runs/user/calcite_hep_track_a_120_canonical_v0__postgres/tag_slices.csv,diagnostic join from existing ledger row and retained taxonomy used by tag_slices; tag present in existing tag_slices.csv
calcite_hep_fail_closed,calcite_hep_track_a_120_canonical_v0,postgres,PORT,PORT_0022,portability_risk,literal_predicate_boundary,no_candidate_sql,not_evaluated_non_db_mvp,false,false,false,false,false,runs/user/calcite_hep_track_a_120_canonical_v0__postgres/failures.csv,runs/user/calcite_hep_track_a_120_canonical_v0__postgres/tag_slices.csv,diagnostic join from existing ledger row and retained taxonomy used by tag_slices; tag present in existing tag_slices.csv
calcite_hep_fail_closed,calcite_hep_track_a_120_canonical_v0,postgres,PORT,PORT_0022,portability_risk,type_coercion,no_candidate_sql,not_evaluated_non_db_mvp,false,false,false,false,false,runs/user/calcite_hep_track_a_120_canonical_v0__postgres/failures.csv,runs/user/calcite_hep_track_a_120_canonical_v0__postgres/tag_slices.csv,diagnostic join from existing ledger row and retained taxonomy used by tag_slices; tag present in existing tag_slices.csv
calcite_hep_fail_closed,calcite_hep_track_a_120_canonical_v0,postgres,PORT,PORT_0022,rewrite_opportunity,dialect_adaptation,no_candidate_sql,not_evaluated_non_db_mvp,false,false,false,false,false,runs/user/calcite_hep_track_a_120_canonical_v0__postgres/failures.csv,runs/user/calcite_hep_track_a_120_canonical_v0__postgres/tag_slices.csv,diagnostic join from existing ledger row and retained taxonomy used by tag_slices; tag present in existing tag_slices.csv
calcite_hep_fail_closed,calcite_hep_track_a_120_canonical_v0,postgres,PORT,PORT_0024,portability_risk,aggregate_expression_semantics,none,exact,true,true,true,true,false,,runs/user/calcite_hep_track_a_120_canonical_v0__postgres/tag_slices.csv,diagnostic join from existing ledger row and retained taxonomy used by tag_slices; tag present in existing tag_slices.csv
calcite_hep_fail_closed,calcite_hep_track_a_120_canonical_v0,postgres,PORT,PORT_0024,portability_risk,boolean_semantics,none,exact,true,true,true,true,false,,runs/user/calcite_hep_track_a_120_canonical_v0__postgres/tag_slices.csv,diagnostic join from existing ledger row and retained taxonomy used by tag_slices; tag present in existing tag_slices.csv
calcite_hep_fail_closed,calcite_hep_track_a_120_canonical_v0,postgres,PORT,PORT_0024,portability_risk,literal_predicate_boundary,none,exact,true,true,true,true,false,,runs/user/calcite_hep_track_a_120_canonical_v0__postgres/tag_slices.csv,diagnostic join from existing ledger row and retained taxonomy used by tag_slices; tag present in existing tag_slices.csv
calcite_hep_fail_closed,calcite_hep_track_a_120_canonical_v0,postgres,PORT,PORT_0024,portability_risk,type_coercion,none,exact,true,true,true,true,false,,runs/user/calcite_hep_track_a_120_canonical_v0__postgres/tag_slices.csv,diagnostic join from existing ledger row and retained taxonomy used by tag_slices; tag present in existing tag_slices.csv
calcite_hep_fail_closed,calcite_hep_track_a_120_canonical_v0,postgres,PORT,PORT_0024,rewrite_opportunity,dialect_adaptation,none,exact,true,true,true,true,false,,runs/user/calcite_hep_track_a_120_canonical_v0__postgres/tag_slices.csv,diagnostic join from existing ledger row and retained taxonomy used by tag_slices; tag present in existing tag_slices.csv
calcite_hep_fail_closed,calcite_hep_track_a_120_canonical_v0,postgres,PORT,PORT_0025,portability_risk,date_time_semantics,no_candidate_sql,not_evaluated_non_db_mvp,false,false,false,false,false,runs/user/calcite_hep_track_a_120_canonical_v0__postgres/failures.csv,runs/user/calcite_hep_track_a_120_canonical_v0__postgres/tag_slices.csv,diagnostic join from existing ledger row and retained taxonomy used by tag_slices; tag present in existing tag_slices.csv
calcite_hep_fail_closed,calcite_hep_track_a_120_canonical_v0,postgres,PORT,PORT_0025,portability_risk,order_direction_semantics,no_candidate_sql,not_evaluated_non_db_mvp,false,false,false,false,false,runs/user/calcite_hep_track_a_120_canonical_v0__postgres/failures.csv,runs/user/calcite_hep_track_a_120_canonical_v0__postgres/tag_slices.csv,diagnostic join from existing ledger row and retained taxonomy used by tag_slices; tag present in existing tag_slices.csv
calcite_hep_fail_closed,calcite_hep_track_a_120_canonical_v0,postgres,PORT,PORT_0025,portability_risk,order_limit_semantics,no_candidate_sql,not_evaluated_non_db_mvp,false,false,false,false,false,runs/user/calcite_hep_track_a_120_canonical_v0__postgres/failures.csv,runs/user/calcite_hep_track_a_120_canonical_v0__postgres/tag_slices.csv,diagnostic join from existing ledger row and retained taxonomy used by tag_slices; tag present in existing tag_slices.csv
calcite_hep_fail_closed,calcite_hep_track_a_120_canonical_v0,postgres,PORT,PORT_0025,portability_risk,pagination_or_limit_offset,no_candidate_sql,not_evaluated_non_db_mvp,false,false,false,false,false,runs/user/calcite_hep_track_a_120_canonical_v0__postgres/failures.csv,runs/user/calcite_hep_track_a_120_canonical_v0__postgres/tag_slices.csv,diagnostic join from existing ledger row and retained taxonomy used by tag_slices; tag present in existing tag_slices.csv
calcite_hep_fail_closed,calcite_hep_track_a_120_canonical_v0,postgres,PORT,PORT_0025,portability_risk,top_1_row_selection,no_candidate_sql,not_evaluated_non_db_mvp,false,false,false,false,false,runs/user/calcite_hep_track_a_120_canonical_v0__postgres/failures.csv,runs/user/calcite_hep_track_a_120_canonical_v0__postgres/tag_slices.csv,diagnostic join from existing ledger row and retained taxonomy used by tag_slices; tag present in existing tag_slices.csv
calcite_hep_fail_closed,calcite_hep_track_a_120_canonical_v0,postgres,PORT,PORT_0025,rewrite_opportunity,dialect_adaptation,no_candidate_sql,not_evaluated_non_db_mvp,false,false,false,false,false,runs/user/calcite_hep_track_a_120_canonical_v0__postgres/failures.csv,runs/user/calcite_hep_track_a_120_canonical_v0__postgres/tag_slices.csv,diagnostic join from existing ledger row and retained taxonomy used by tag_slices; tag present in existing tag_slices.csv
calcite_hep_fail_closed,calcite_hep_track_a_120_canonical_v0,postgres,LONGTAIL,LONGTAIL_0011,rewrite_opportunity,cte_strategy,mismatch,mismatch,true,true,true,false,false,runs/user/calcite_hep_track_a_120_canonical_v0__postgres/failures.csv,runs/user/calcite_hep_track_a_120_canonical_v0__postgres/tag_slices.csv,diagnostic join from existing ledger row and retained taxonomy used by tag_slices; tag present in existing tag_slices.csv
calcite_hep_fail_closed,calcite_hep_track_a_120_canonical_v0,postgres,LONGTAIL,LONGTAIL_0011,rewrite_opportunity,expression_simplification,mismatch,mismatch,true,true,true,false,false,runs/user/calcite_hep_track_a_120_canonical_v0__postgres/failures.csv,runs/user/calcite_hep_track_a_120_canonical_v0__postgres/tag_slices.csv,diagnostic join from existing ledger row and retained taxonomy used by tag_slices; tag present in existing tag_slices.csv
calcite_hep_fail_closed,calcite_hep_track_a_120_canonical_v0,postgres,LONGTAIL,LONGTAIL_0011,sql_feature,aggregate,mismatch,mismatch,true,true,true,false,false,runs/user/calcite_hep_track_a_120_canonical_v0__postgres/failures.csv,runs/user/calcite_hep_track_a_120_canonical_v0__postgres/tag_slices.csv,diagnostic join from existing ledger row and retained taxonomy used by tag_slices; tag present in existing tag_slices.csv
calcite_hep_fail_closed,calcite_hep_track_a_120_canonical_v0,postgres,LONGTAIL,LONGTAIL_0011,sql_feature,cte,mismatch,mismatch,true,true,true,false,false,runs/user/calcite_hep_track_a_120_canonical_v0__postgres/failures.csv,runs/user/calcite_hep_track_a_120_canonical_v0__postgres/tag_slices.csv,diagnostic join from existing ledger row and retained taxonomy used by tag_slices; tag present in existing tag_slices.csv
calcite_hep_fail_closed,calcite_hep_track_a_120_canonical_v0,postgres,LONGTAIL,LONGTAIL_0011,sql_feature,join,mismatch,mismatch,true,true,true,false,false,runs/user/calcite_hep_track_a_120_canonical_v0__postgres/failures.csv,runs/user/calcite_hep_track_a_120_canonical_v0__postgres/tag_slices.csv,diagnostic join from existing ledger row and retained taxonomy used by tag_slices; tag present in existing tag_slices.csv
calcite_hep_fail_closed,calcite_hep_track_a_120_canonical_v0,postgres,LONGTAIL,LONGTAIL_0011,sql_feature,sort,mismatch,mismatch,true,true,true,false,false,runs/user/calcite_hep_track_a_120_canonical_v0__postgres/failures.csv,runs/user/calcite_hep_track_a_120_canonical_v0__postgres/tag_slices.csv,diagnostic join from existing ledger row and retained taxonomy used by tag_slices; tag present in existing tag_slices.csv
calcite_hep_fail_closed,calcite_hep_track_a_120_canonical_v0,postgres,LONGTAIL,LONGTAIL_0011,sql_feature,window_function,mismatch,mismatch,true,true,true,false,false,runs/user/calcite_hep_track_a_120_canonical_v0__postgres/failures.csv,runs/user/calcite_hep_track_a_120_canonical_v0__postgres/tag_slices.csv,diagnostic join from existing ledger row and retained taxonomy used by tag_slices; tag present in existing tag_slices.csv
calcite_hep_fail_closed,calcite_hep_track_a_120_canonical_v0,postgres,LONGTAIL,LONGTAIL_0012,sql_feature,aggregation,mismatch,mismatch,true,true,true,false,false,runs/user/calcite_hep_track_a_120_canonical_v0__postgres/failures.csv,runs/user/calcite_hep_track_a_120_canonical_v0__postgres/tag_slices.csv,diagnostic join from existing ledger row and retained taxonomy used by tag_slices; tag present in existing tag_slices.csv
calcite_hep_fail_closed,calcite_hep_track_a_120_canonical_v0,postgres,LONGTAIL,LONGTAIL_0012,sql_feature,complex_expression,mismatch,mismatch,true,true,true,false,false,runs/user/calcite_hep_track_a_120_canonical_v0__postgres/failures.csv,runs/user/calcite_hep_track_a_120_canonical_v0__postgres/tag_slices.csv,diagnostic join from existing ledger row and retained taxonomy used by tag_slices; tag present in existing tag_slices.csv
calcite_hep_fail_closed,calcite_hep_track_a_120_canonical_v0,postgres,LONGTAIL,LONGTAIL_0012,sql_feature,outer_join,mismatch,mismatch,true,true,true,false,false,runs/user/calcite_hep_track_a_120_canonical_v0__postgres/failures.csv,runs/user/calcite_hep_track_a_120_canonical_v0__postgres/tag_slices.csv,diagnostic join from existing ledger row and retained taxonomy used by tag_slices; tag present in existing tag_slices.csv
calcite_hep_fail_closed,calcite_hep_track_a_120_canonical_v0,postgres,LONGTAIL,LONGTAIL_0012,sql_feature,sort_limit,mismatch,mismatch,true,true,true,false,false,runs/user/calcite_hep_track_a_120_canonical_v0__postgres/failures.csv,runs/user/calcite_hep_track_a_120_canonical_v0__postgres/tag_slices.csv,diagnostic join from existing ledger row and retained taxonomy used by tag_slices; tag present in existing tag_slices.csv
calcite_hep_fail_closed,calcite_hep_track_a_120_canonical_v0,postgres,LONGTAIL,LONGTAIL_0012,sql_feature,subquery_in_from,mismatch,mismatch,true,true,true,false,false,runs/user/calcite_hep_track_a_120_canonical_v0__postgres/failures.csv,runs/user/calcite_hep_track_a_120_canonical_v0__postgres/tag_slices.csv,diagnostic join from existing ledger row and retained taxonomy used by tag_slices; tag present in existing tag_slices.csv
calcite_hep_fail_closed,calcite_hep_track_a_120_canonical_v0,postgres,LONGTAIL,LONGTAIL_0012,sql_feature,window_function,mismatch,mismatch,true,true,true,false,false,runs/user/calcite_hep_track_a_120_canonical_v0__postgres/failures.csv,runs/user/calcite_hep_track_a_120_canonical_v0__postgres/tag_slices.csv,diagnostic join from existing ledger row and retained taxonomy used by tag_slices; tag present in existing tag_slices.csv
calcite_hep_fail_closed,calcite_hep_track_a_120_canonical_v0,postgres,LONGTAIL,LONGTAIL_0013,sql_feature,aggregation,mismatch,mismatch,true,true,true,false,false,runs/user/calcite_hep_track_a_120_canonical_v0__postgres/failures.csv,runs/user/calcite_hep_track_a_120_canonical_v0__postgres/tag_slices.csv,diagnostic join from existing ledger row and retained taxonomy used by tag_slices; tag present in existing tag_slices.csv
calcite_hep_fail_closed,calcite_hep_track_a_120_canonical_v0,postgres,LONGTAIL,LONGTAIL_0013,sql_feature,complex_expression,mismatch,mismatch,true,true,true,false,false,runs/user/calcite_hep_track_a_120_canonical_v0__postgres/failures.csv,runs/user/calcite_hep_track_a_120_canonical_v0__postgres/tag_slices.csv,diagnostic join from existing ledger row and retained taxonomy used by tag_slices; tag present in existing tag_slices.csv
calcite_hep_fail_closed,calcite_hep_track_a_120_canonical_v0,postgres,LONGTAIL,LONGTAIL_0013,sql_feature,cte,mismatch,mismatch,true,true,true,false,false,runs/user/calcite_hep_track_a_120_canonical_v0__postgres/failures.csv,runs/user/calcite_hep_track_a_120_canonical_v0__postgres/tag_slices.csv,diagnostic join from existing ledger row and retained taxonomy used by tag_slices; tag present in existing tag_slices.csv
calcite_hep_fail_closed,calcite_hep_track_a_120_canonical_v0,postgres,LONGTAIL,LONGTAIL_0013,sql_feature,outer_join,mismatch,mismatch,true,true,true,false,false,runs/user/calcite_hep_track_a_120_canonical_v0__postgres/failures.csv,runs/user/calcite_hep_track_a_120_canonical_v0__postgres/tag_slices.csv,diagnostic join from existing ledger row and retained taxonomy used by tag_slices; tag present in existing tag_slices.csv
calcite_hep_fail_closed,calcite_hep_track_a_120_canonical_v0,postgres,LONGTAIL,LONGTAIL_0013,sql_feature,sort,mismatch,mismatch,true,true,true,false,false,runs/user/calcite_hep_track_a_120_canonical_v0__postgres/failures.csv,runs/user/calcite_hep_track_a_120_canonical_v0__postgres/tag_slices.csv,diagnostic join from existing ledger row and retained taxonomy used by tag_slices; tag present in existing tag_slices.csv
calcite_hep_fail_closed,calcite_hep_track_a_120_canonical_v0,postgres,LONGTAIL,LONGTAIL_0013,sql_feature,window_function,mismatch,mismatch,true,true,true,false,false,runs/user/calcite_hep_track_a_120_canonical_v0__postgres/failures.csv,runs/user/calcite_hep_track_a_120_canonical_v0__postgres/tag_slices.csv,diagnostic join from existing ledger row and retained taxonomy used by tag_slices; tag present in existing tag_slices.csv
calcite_hep_fail_closed,calcite_hep_track_a_120_canonical_v0,postgres,LONGTAIL,LONGTAIL_0022,sql_feature,aggregation,mismatch,mismatch,true,true,true,false,false,runs/user/calcite_hep_track_a_120_canonical_v0__postgres/failures.csv,runs/user/calcite_hep_track_a_120_canonical_v0__postgres/tag_slices.csv,diagnostic join from existing ledger row and retained taxonomy used by tag_slices; tag present in existing tag_slices.csv
calcite_hep_fail_closed,calcite_hep_track_a_120_canonical_v0,postgres,LONGTAIL,LONGTAIL_0022,sql_feature,cte,mismatch,mismatch,true,true,true,false,false,runs/user/calcite_hep_track_a_120_canonical_v0__postgres/failures.csv,runs/user/calcite_hep_track_a_120_canonical_v0__postgres/tag_slices.csv,diagnostic join from existing ledger row and retained taxonomy used by tag_slices; tag present in existing tag_slices.csv
calcite_hep_fail_closed,calcite_hep_track_a_120_canonical_v0,postgres,LONGTAIL,LONGTAIL_0022,sql_feature,join,mismatch,mismatch,true,true,true,false,false,runs/user/calcite_hep_track_a_120_canonical_v0__postgres/failures.csv,runs/user/calcite_hep_track_a_120_canonical_v0__postgres/tag_slices.csv,diagnostic join from existing ledger row and retained taxonomy used by tag_slices; tag present in existing tag_slices.csv
calcite_hep_fail_closed,calcite_hep_track_a_120_canonical_v0,postgres,LONGTAIL,LONGTAIL_0022,sql_feature,outer_join,mismatch,mismatch,true,true,true,false,false,runs/user/calcite_hep_track_a_120_canonical_v0__postgres/failures.csv,runs/user/calcite_hep_track_a_120_canonical_v0__postgres/tag_slices.csv,diagnostic join from existing ledger row and retained taxonomy used by tag_slices; tag present in existing tag_slices.csv
calcite_hep_fail_closed,calcite_hep_track_a_120_canonical_v0,postgres,LONGTAIL,LONGTAIL_0022,sql_feature,sort,mismatch,mismatch,true,true,true,false,false,runs/user/calcite_hep_track_a_120_canonical_v0__postgres/failures.csv,runs/user/calcite_hep_track_a_120_canonical_v0__postgres/tag_slices.csv,diagnostic join from existing ledger row and retained taxonomy used by tag_slices; tag present in existing tag_slices.csv
calcite_hep_fail_closed,calcite_hep_track_a_120_canonical_v0,postgres,LONGTAIL,LONGTAIL_0023,sql_feature,aggregation,none,exact,true,true,true,true,true,,runs/user/calcite_hep_track_a_120_canonical_v0__postgres/tag_slices.csv,diagnostic join from existing ledger row and retained taxonomy used by tag_slices; tag present in existing tag_slices.csv
calcite_hep_fail_closed,calcite_hep_track_a_120_canonical_v0,postgres,LONGTAIL,LONGTAIL_0023,sql_feature,cte,none,exact,true,true,true,true,true,,runs/user/calcite_hep_track_a_120_canonical_v0__postgres/tag_slices.csv,diagnostic join from existing ledger row and retained taxonomy used by tag_slices; tag present in existing tag_slices.csv
calcite_hep_fail_closed,calcite_hep_track_a_120_canonical_v0,postgres,LONGTAIL,LONGTAIL_0023,sql_feature,directed_relation,none,exact,true,true,true,true,true,,runs/user/calcite_hep_track_a_120_canonical_v0__postgres/tag_slices.csv,diagnostic join from existing ledger row and retained taxonomy used by tag_slices; tag present in existing tag_slices.csv
calcite_hep_fail_closed,calcite_hep_track_a_120_canonical_v0,postgres,LONGTAIL,LONGTAIL_0023,sql_feature,outer_join,none,exact,true,true,true,true,true,,runs/user/calcite_hep_track_a_120_canonical_v0__postgres/tag_slices.csv,diagnostic join from existing ledger row and retained taxonomy used by tag_slices; tag present in existing tag_slices.csv
calcite_hep_fail_closed,calcite_hep_track_a_120_canonical_v0,postgres,LONGTAIL,LONGTAIL_0023,sql_feature,sort,none,exact,true,true,true,true,true,,runs/user/calcite_hep_track_a_120_canonical_v0__postgres/tag_slices.csv,diagnostic join from existing ledger row and retained taxonomy used by tag_slices; tag present in existing tag_slices.csv
calcite_hep_fail_closed,calcite_hep_track_a_120_canonical_v0,postgres,LONGTAIL,LONGTAIL_0024,sql_feature,aggregation,none,exact,true,true,true,true,true,,runs/user/calcite_hep_track_a_120_canonical_v0__postgres/tag_slices.csv,diagnostic join from existing ledger row and retained taxonomy used by tag_slices; tag present in existing tag_slices.csv
calcite_hep_fail_closed,calcite_hep_track_a_120_canonical_v0,postgres,LONGTAIL,LONGTAIL_0024,sql_feature,cte,none,exact,true,true,true,true,true,,runs/user/calcite_hep_track_a_120_canonical_v0__postgres/tag_slices.csv,diagnostic join from existing ledger row and retained taxonomy used by tag_slices; tag present in existing tag_slices.csv
calcite_hep_fail_closed,calcite_hep_track_a_120_canonical_v0,postgres,LONGTAIL,LONGTAIL_0024,sql_feature,join,none,exact,true,true,true,true,true,,runs/user/calcite_hep_track_a_120_canonical_v0__postgres/tag_slices.csv,diagnostic join from existing ledger row and retained taxonomy used by tag_slices; tag present in existing tag_slices.csv
calcite_hep_fail_closed,calcite_hep_track_a_120_canonical_v0,postgres,LONGTAIL,LONGTAIL_0024,sql_feature,sort,none,exact,true,true,true,true,true,,runs/user/calcite_hep_track_a_120_canonical_v0__postgres/tag_slices.csv,diagnostic join from existing ledger row and retained taxonomy used by tag_slices; tag present in existing tag_slices.csv
calcite_hep_fail_closed,calcite_hep_track_a_120_canonical_v0,postgres,LONGTAIL,LONGTAIL_0024,sql_feature,temporal_min_max,none,exact,true,true,true,true,true,,runs/user/calcite_hep_track_a_120_canonical_v0__postgres/tag_slices.csv,diagnostic join from existing ledger row and retained taxonomy used by tag_slices; tag present in existing tag_slices.csv
calcite_hep_fail_closed,calcite_hep_track_a_120_canonical_v0,mysql,PERF,PERF_0006,rewrite_opportunity,materialization_strategy,none,exact,true,true,true,true,true,,runs/user/calcite_hep_track_a_120_canonical_v0__mysql/tag_slices.csv,diagnostic join from existing ledger row and retained taxonomy used by tag_slices; tag present in existing tag_slices.csv
calcite_hep_fail_closed,calcite_hep_track_a_120_canonical_v0,mysql,PERF,PERF_0006,rewrite_opportunity,predicate_pushdown,none,exact,true,true,true,true,true,,runs/user/calcite_hep_track_a_120_canonical_v0__mysql/tag_slices.csv,diagnostic join from existing ledger row and retained taxonomy used by tag_slices; tag present in existing tag_slices.csv
calcite_hep_fail_closed,calcite_hep_track_a_120_canonical_v0,mysql,PERF,PERF_0006,sql_feature,date_time_function,none,exact,true,true,true,true,true,,runs/user/calcite_hep_track_a_120_canonical_v0__mysql/tag_slices.csv,diagnostic join from existing ledger row and retained taxonomy used by tag_slices; tag present in existing tag_slices.csv
calcite_hep_fail_closed,calcite_hep_track_a_120_canonical_v0,mysql,PERF,PERF_0006,sql_feature,expression_complexity,none,exact,true,true,true,true,true,,runs/user/calcite_hep_track_a_120_canonical_v0__mysql/tag_slices.csv,diagnostic join from existing ledger row and retained taxonomy used by tag_slices; tag present in existing tag_slices.csv
calcite_hep_fail_closed,calcite_hep_track_a_120_canonical_v0,mysql,PERF,PERF_0007,rewrite_opportunity,materialization_strategy,none,exact,true,true,true,true,true,,runs/user/calcite_hep_track_a_120_canonical_v0__mysql/tag_slices.csv,diagnostic join from existing ledger row and retained taxonomy used by tag_slices; tag present in existing tag_slices.csv
calcite_hep_fail_closed,calcite_hep_track_a_120_canonical_v0,mysql,PERF,PERF_0007,rewrite_opportunity,predicate_pushdown,none,exact,true,true,true,true,true,,runs/user/calcite_hep_track_a_120_canonical_v0__mysql/tag_slices.csv,diagnostic join from existing ledger row and retained taxonomy used by tag_slices; tag present in existing tag_slices.csv
calcite_hep_fail_closed,calcite_hep_track_a_120_canonical_v0,mysql,PERF,PERF_0007,sql_feature,date_time_function,none,exact,true,true,true,true,true,,runs/user/calcite_hep_track_a_120_canonical_v0__mysql/tag_slices.csv,diagnostic join from existing ledger row and retained taxonomy used by tag_slices; tag present in existing tag_slices.csv
calcite_hep_fail_closed,calcite_hep_track_a_120_canonical_v0,mysql,PERF,PERF_0008,rewrite_opportunity,materialization_strategy,none,exact,true,true,true,true,true,,runs/user/calcite_hep_track_a_120_canonical_v0__mysql/tag_slices.csv,diagnostic join from existing ledger row and retained taxonomy used by tag_slices; tag present in existing tag_slices.csv
calcite_hep_fail_closed,calcite_hep_track_a_120_canonical_v0,mysql,PERF,PERF_0008,rewrite_opportunity,predicate_pushdown,none,exact,true,true,true,true,true,,runs/user/calcite_hep_track_a_120_canonical_v0__mysql/tag_slices.csv,diagnostic join from existing ledger row and retained taxonomy used by tag_slices; tag present in existing tag_slices.csv
calcite_hep_fail_closed,calcite_hep_track_a_120_canonical_v0,mysql,PERF,PERF_0008,sql_feature,date_time_function,none,exact,true,true,true,true,true,,runs/user/calcite_hep_track_a_120_canonical_v0__mysql/tag_slices.csv,diagnostic join from existing ledger row and retained taxonomy used by tag_slices; tag present in existing tag_slices.csv
calcite_hep_fail_closed,calcite_hep_track_a_120_canonical_v0,mysql,PERF,PERF_0008,sql_feature,subquery_in_from,none,exact,true,true,true,true,true,,runs/user/calcite_hep_track_a_120_canonical_v0__mysql/tag_slices.csv,diagnostic join from existing ledger row and retained taxonomy used by tag_slices; tag present in existing tag_slices.csv
calcite_hep_fail_closed,calcite_hep_track_a_120_canonical_v0,mysql,PERF,PERF_0013,rewrite_opportunity,join_reorder,none,exact,true,true,true,true,true,,runs/user/calcite_hep_track_a_120_canonical_v0__mysql/tag_slices.csv,diagnostic join from existing ledger row and retained taxonomy used by tag_slices; tag present in existing tag_slices.csv
calcite_hep_fail_closed,calcite_hep_track_a_120_canonical_v0,mysql,PERF,PERF_0013,rewrite_opportunity,predicate_pushdown,none,exact,true,true,true,true,true,,runs/user/calcite_hep_track_a_120_canonical_v0__mysql/tag_slices.csv,diagnostic join from existing ledger row and retained taxonomy used by tag_slices; tag present in existing tag_slices.csv
calcite_hep_fail_closed,calcite_hep_track_a_120_canonical_v0,mysql,PERF,PERF_0013,sql_feature,date_time_function,none,exact,true,true,true,true,true,,runs/user/calcite_hep_track_a_120_canonical_v0__mysql/tag_slices.csv,diagnostic join from existing ledger row and retained taxonomy used by tag_slices; tag present in existing tag_slices.csv
calcite_hep_fail_closed,calcite_hep_track_a_120_canonical_v0,mysql,PERF,PERF_0017,rewrite_opportunity,join_reorder,none,exact,true,true,true,true,true,,runs/user/calcite_hep_track_a_120_canonical_v0__mysql/tag_slices.csv,diagnostic join from existing ledger row and retained taxonomy used by tag_slices; tag present in existing tag_slices.csv
calcite_hep_fail_closed,calcite_hep_track_a_120_canonical_v0,mysql,PERF,PERF_0017,rewrite_opportunity,predicate_pushdown,none,exact,true,true,true,true,true,,runs/user/calcite_hep_track_a_120_canonical_v0__mysql/tag_slices.csv,diagnostic join from existing ledger row and retained taxonomy used by tag_slices; tag present in existing tag_slices.csv
calcite_hep_fail_closed,calcite_hep_track_a_120_canonical_v0,mysql,PERF,PERF_0017,sql_feature,date_time_function,none,exact,true,true,true,true,true,,runs/user/calcite_hep_track_a_120_canonical_v0__mysql/tag_slices.csv,diagnostic join from existing ledger row and retained taxonomy used by tag_slices; tag present in existing tag_slices.csv
calcite_hep_fail_closed,calcite_hep_track_a_120_canonical_v0,mysql,PERF,PERF_0019,rewrite_opportunity,materialization_strategy,none,exact,true,true,true,true,true,,runs/user/calcite_hep_track_a_120_canonical_v0__mysql/tag_slices.csv,diagnostic join from existing ledger row and retained taxonomy used by tag_slices; tag present in existing tag_slices.csv
calcite_hep_fail_closed,calcite_hep_track_a_120_canonical_v0,mysql,PERF,PERF_0019,rewrite_opportunity,predicate_pushdown,none,exact,true,true,true,true,true,,runs/user/calcite_hep_track_a_120_canonical_v0__mysql/tag_slices.csv,diagnostic join from existing ledger row and retained taxonomy used by tag_slices; tag present in existing tag_slices.csv
calcite_hep_fail_closed,calcite_hep_track_a_120_canonical_v0,mysql,PERF,PERF_0019,sql_feature,outer_join,none,exact,true,true,true,true,true,,runs/user/calcite_hep_track_a_120_canonical_v0__mysql/tag_slices.csv,diagnostic join from existing ledger row and retained taxonomy used by tag_slices; tag present in existing tag_slices.csv
calcite_hep_fail_closed,calcite_hep_track_a_120_canonical_v0,mysql,PERF,PERF_0019,sql_feature,subquery_in_from,none,exact,true,true,true,true,true,,runs/user/calcite_hep_track_a_120_canonical_v0__mysql/tag_slices.csv,diagnostic join from existing ledger row and retained taxonomy used by tag_slices; tag present in existing tag_slices.csv
calcite_hep_fail_closed,calcite_hep_track_a_120_canonical_v0,mysql,PERF,PERF_0024,rewrite_opportunity,predicate_pushdown,none,exact,true,true,true,true,true,,runs/user/calcite_hep_track_a_120_canonical_v0__mysql/tag_slices.csv,diagnostic join from existing ledger row and retained taxonomy used by tag_slices; tag present in existing tag_slices.csv
calcite_hep_fail_closed,calcite_hep_track_a_120_canonical_v0,mysql,PERF,PERF_0024,rewrite_opportunity,subquery_decorrelation,none,exact,true,true,true,true,true,,runs/user/calcite_hep_track_a_120_canonical_v0__mysql/tag_slices.csv,diagnostic join from existing ledger row and retained taxonomy used by tag_slices; tag present in existing tag_slices.csv
calcite_hep_fail_closed,calcite_hep_track_a_120_canonical_v0,mysql,PERF,PERF_0024,sql_feature,correlated_subquery,none,exact,true,true,true,true,true,,runs/user/calcite_hep_track_a_120_canonical_v0__mysql/tag_slices.csv,diagnostic join from existing ledger row and retained taxonomy used by tag_slices; tag present in existing tag_slices.csv
calcite_hep_fail_closed,calcite_hep_track_a_120_canonical_v0,mysql,PERF,PERF_0024,sql_feature,date_time_function,none,exact,true,true,true,true,true,,runs/user/calcite_hep_track_a_120_canonical_v0__mysql/tag_slices.csv,diagnostic join from existing ledger row and retained taxonomy used by tag_slices; tag present in existing tag_slices.csv
calcite_hep_fail_closed,calcite_hep_track_a_120_canonical_v0,mysql,PERF,PERF_0033,portability_risk,limit_fetch_gap,none,exact,true,true,true,true,true,,runs/user/calcite_hep_track_a_120_canonical_v0__mysql/tag_slices.csv,diagnostic join from existing ledger row and retained taxonomy used by tag_slices; tag present in existing tag_slices.csv
calcite_hep_fail_closed,calcite_hep_track_a_120_canonical_v0,mysql,PERF,PERF_0033,rewrite_opportunity,join_reorder,none,exact,true,true,true,true,true,,runs/user/calcite_hep_track_a_120_canonical_v0__mysql/tag_slices.csv,diagnostic join from existing ledger row and retained taxonomy used by tag_slices; tag present in existing tag_slices.csv
calcite_hep_fail_closed,calcite_hep_track_a_120_canonical_v0,mysql,PERF,PERF_0033,rewrite_opportunity,predicate_pushdown,none,exact,true,true,true,true,true,,runs/user/calcite_hep_track_a_120_canonical_v0__mysql/tag_slices.csv,diagnostic join from existing ledger row and retained taxonomy used by tag_slices; tag present in existing tag_slices.csv
calcite_hep_fail_closed,calcite_hep_track_a_120_canonical_v0,mysql,PERF,PERF_0033,sql_feature,aggregate,none,exact,true,true,true,true,true,,runs/user/calcite_hep_track_a_120_canonical_v0__mysql/tag_slices.csv,diagnostic join from existing ledger row and retained taxonomy used by tag_slices; tag present in existing tag_slices.csv
calcite_hep_fail_closed,calcite_hep_track_a_120_canonical_v0,mysql,PERF,PERF_0033,sql_feature,group_by,none,exact,true,true,true,true,true,,runs/user/calcite_hep_track_a_120_canonical_v0__mysql/tag_slices.csv,diagnostic join from existing ledger row and retained taxonomy used by tag_slices; tag present in existing tag_slices.csv
calcite_hep_fail_closed,calcite_hep_track_a_120_canonical_v0,mysql,PERF,PERF_0033,sql_feature,join,none,exact,true,true,true,true,true,,runs/user/calcite_hep_track_a_120_canonical_v0__mysql/tag_slices.csv,diagnostic join from existing ledger row and retained taxonomy used by tag_slices; tag present in existing tag_slices.csv
calcite_hep_fail_closed,calcite_hep_track_a_120_canonical_v0,mysql,PERF,PERF_0033,sql_feature,limit,none,exact,true,true,true,true,true,,runs/user/calcite_hep_track_a_120_canonical_v0__mysql/tag_slices.csv,diagnostic join from existing ledger row and retained taxonomy used by tag_slices; tag present in existing tag_slices.csv
calcite_hep_fail_closed,calcite_hep_track_a_120_canonical_v0,mysql,PERF,PERF_0033,sql_feature,order_by,none,exact,true,true,true,true,true,,runs/user/calcite_hep_track_a_120_canonical_v0__mysql/tag_slices.csv,diagnostic join from existing ledger row and retained taxonomy used by tag_slices; tag present in existing tag_slices.csv
calcite_hep_fail_closed,calcite_hep_track_a_120_canonical_v0,mysql,PERF,PERF_0034,rewrite_opportunity,materialization_strategy,none,exact,true,true,true,true,true,,runs/user/calcite_hep_track_a_120_canonical_v0__mysql/tag_slices.csv,diagnostic join from existing ledger row and retained taxonomy used by tag_slices; tag present in existing tag_slices.csv
calcite_hep_fail_closed,calcite_hep_track_a_120_canonical_v0,mysql,PERF,PERF_0034,rewrite_opportunity,predicate_pushdown,none,exact,true,true,true,true,true,,runs/user/calcite_hep_track_a_120_canonical_v0__mysql/tag_slices.csv,diagnostic join from existing ledger row and retained taxonomy used by tag_slices; tag present in existing tag_slices.csv
calcite_hep_fail_closed,calcite_hep_track_a_120_canonical_v0,mysql,PERF,PERF_0034,sql_feature,cte,none,exact,true,true,true,true,true,,runs/user/calcite_hep_track_a_120_canonical_v0__mysql/tag_slices.csv,diagnostic join from existing ledger row and retained taxonomy used by tag_slices; tag present in existing tag_slices.csv
calcite_hep_fail_closed,calcite_hep_track_a_120_canonical_v0,mysql,PERF,PERF_0034,sql_feature,set_operation,none,exact,true,true,true,true,true,,runs/user/calcite_hep_track_a_120_canonical_v0__mysql/tag_slices.csv,diagnostic join from existing ledger row and retained taxonomy used by tag_slices; tag present in existing tag_slices.csv
calcite_hep_fail_closed,calcite_hep_track_a_120_canonical_v0,mysql,PERF,PERF_0035,portability_risk,type_semantics_gap,mismatch,mismatch,true,true,true,false,false,runs/user/calcite_hep_track_a_120_canonical_v0__mysql/failures.csv,runs/user/calcite_hep_track_a_120_canonical_v0__mysql/tag_slices.csv,diagnostic join from existing ledger row and retained taxonomy used by tag_slices; tag present in existing tag_slices.csv
calcite_hep_fail_closed,calcite_hep_track_a_120_canonical_v0,mysql,PERF,PERF_0035,rewrite_opportunity,aggregation_rewrite,mismatch,mismatch,true,true,true,false,false,runs/user/calcite_hep_track_a_120_canonical_v0__mysql/failures.csv,runs/user/calcite_hep_track_a_120_canonical_v0__mysql/tag_slices.csv,diagnostic join from existing ledger row and retained taxonomy used by tag_slices; tag present in existing tag_slices.csv
calcite_hep_fail_closed,calcite_hep_track_a_120_canonical_v0,mysql,PERF,PERF_0035,rewrite_opportunity,cte_strategy,mismatch,mismatch,true,true,true,false,false,runs/user/calcite_hep_track_a_120_canonical_v0__mysql/failures.csv,runs/user/calcite_hep_track_a_120_canonical_v0__mysql/tag_slices.csv,diagnostic join from existing ledger row and retained taxonomy used by tag_slices; tag present in existing tag_slices.csv
calcite_hep_fail_closed,calcite_hep_track_a_120_canonical_v0,mysql,PERF,PERF_0035,sql_feature,cte,mismatch,mismatch,true,true,true,false,false,runs/user/calcite_hep_track_a_120_canonical_v0__mysql/failures.csv,runs/user/calcite_hep_track_a_120_canonical_v0__mysql/tag_slices.csv,diagnostic join from existing ledger row and retained taxonomy used by tag_slices; tag present in existing tag_slices.csv
calcite_hep_fail_closed,calcite_hep_track_a_120_canonical_v0,mysql,PERF,PERF_0035,sql_feature,expression_complexity,mismatch,mismatch,true,true,true,false,false,runs/user/calcite_hep_track_a_120_canonical_v0__mysql/failures.csv,runs/user/calcite_hep_track_a_120_canonical_v0__mysql/tag_slices.csv,diagnostic join from existing ledger row and retained taxonomy used by tag_slices; tag present in existing tag_slices.csv
calcite_hep_fail_closed,calcite_hep_track_a_120_canonical_v0,mysql,PERF,PERF_0035,sql_feature,window_function,mismatch,mismatch,true,true,true,false,false,runs/user/calcite_hep_track_a_120_canonical_v0__mysql/failures.csv,runs/user/calcite_hep_track_a_120_canonical_v0__mysql/tag_slices.csv,diagnostic join from existing ledger row and retained taxonomy used by tag_slices; tag present in existing tag_slices.csv
calcite_hep_fail_closed,calcite_hep_track_a_120_canonical_v0,mysql,PERF,PERF_0052,sql_feature,aggregate,none,exact,true,true,true,true,true,,runs/user/calcite_hep_track_a_120_canonical_v0__mysql/tag_slices.csv,diagnostic join from existing ledger row and retained taxonomy used by tag_slices; tag present in existing tag_slices.csv
calcite_hep_fail_closed,calcite_hep_track_a_120_canonical_v0,mysql,PERF,PERF_0052,sql_feature,correlated_subquery,none,exact,true,true,true,true,true,,runs/user/calcite_hep_track_a_120_canonical_v0__mysql/tag_slices.csv,diagnostic join from existing ledger row and retained taxonomy used by tag_slices; tag present in existing tag_slices.csv
calcite_hep_fail_closed,calcite_hep_track_a_120_canonical_v0,mysql,PERF,PERF_0052,sql_feature,cte,none,exact,true,true,true,true,true,,runs/user/calcite_hep_track_a_120_canonical_v0__mysql/tag_slices.csv,diagnostic join from existing ledger row and retained taxonomy used by tag_slices; tag present in existing tag_slices.csv
calcite_hep_fail_closed,calcite_hep_track_a_120_canonical_v0,mysql,PERF,PERF_0052,sql_feature,group_by,none,exact,true,true,true,true,true,,runs/user/calcite_hep_track_a_120_canonical_v0__mysql/tag_slices.csv,diagnostic join from existing ledger row and retained taxonomy used by tag_slices; tag present in existing tag_slices.csv
calcite_hep_fail_closed,calcite_hep_track_a_120_canonical_v0,mysql,PERF,PERF_0052,sql_feature,limit,none,exact,true,true,true,true,true,,runs/user/calcite_hep_track_a_120_canonical_v0__mysql/tag_slices.csv,diagnostic join from existing ledger row and retained taxonomy used by tag_slices; tag present in existing tag_slices.csv
calcite_hep_fail_closed,calcite_hep_track_a_120_canonical_v0,mysql,PERF,PERF_0052,sql_feature,order_by,none,exact,true,true,true,true,true,,runs/user/calcite_hep_track_a_120_canonical_v0__mysql/tag_slices.csv,diagnostic join from existing ledger row and retained taxonomy used by tag_slices; tag present in existing tag_slices.csv
calcite_hep_fail_closed,calcite_hep_track_a_120_canonical_v0,mysql,PERF,PERF_0054,sql_feature,aggregate,none,exact,true,true,true,true,true,,runs/user/calcite_hep_track_a_120_canonical_v0__mysql/tag_slices.csv,diagnostic join from existing ledger row and retained taxonomy used by tag_slices; tag present in existing tag_slices.csv
calcite_hep_fail_closed,calcite_hep_track_a_120_canonical_v0,mysql,PERF,PERF_0054,sql_feature,group_by,none,exact,true,true,true,true,true,,runs/user/calcite_hep_track_a_120_canonical_v0__mysql/tag_slices.csv,diagnostic join from existing ledger row and retained taxonomy used by tag_slices; tag present in existing tag_slices.csv
calcite_hep_fail_closed,calcite_hep_track_a_120_canonical_v0,mysql,PERF,PERF_0054,sql_feature,join,none,exact,true,true,true,true,true,,runs/user/calcite_hep_track_a_120_canonical_v0__mysql/tag_slices.csv,diagnostic join from existing ledger row and retained taxonomy used by tag_slices; tag present in existing tag_slices.csv
calcite_hep_fail_closed,calcite_hep_track_a_120_canonical_v0,mysql,PERF,PERF_0054,sql_feature,limit,none,exact,true,true,true,true,true,,runs/user/calcite_hep_track_a_120_canonical_v0__mysql/tag_slices.csv,diagnostic join from existing ledger row and retained taxonomy used by tag_slices; tag present in existing tag_slices.csv
calcite_hep_fail_closed,calcite_hep_track_a_120_canonical_v0,mysql,PERF,PERF_0054,sql_feature,order_by,none,exact,true,true,true,true,true,,runs/user/calcite_hep_track_a_120_canonical_v0__mysql/tag_slices.csv,diagnostic join from existing ledger row and retained taxonomy used by tag_slices; tag present in existing tag_slices.csv
calcite_hep_fail_closed,calcite_hep_track_a_120_canonical_v0,mysql,PERF,PERF_0056,sql_feature,aggregate,none,exact,true,true,true,true,true,,runs/user/calcite_hep_track_a_120_canonical_v0__mysql/tag_slices.csv,diagnostic join from existing ledger row and retained taxonomy used by tag_slices; tag present in existing tag_slices.csv
calcite_hep_fail_closed,calcite_hep_track_a_120_canonical_v0,mysql,PERF,PERF_0056,sql_feature,group_by,none,exact,true,true,true,true,true,,runs/user/calcite_hep_track_a_120_canonical_v0__mysql/tag_slices.csv,diagnostic join from existing ledger row and retained taxonomy used by tag_slices; tag present in existing tag_slices.csv
calcite_hep_fail_closed,calcite_hep_track_a_120_canonical_v0,mysql,PERF,PERF_0056,sql_feature,having,none,exact,true,true,true,true,true,,runs/user/calcite_hep_track_a_120_canonical_v0__mysql/tag_slices.csv,diagnostic join from existing ledger row and retained taxonomy used by tag_slices; tag present in existing tag_slices.csv
calcite_hep_fail_closed,calcite_hep_track_a_120_canonical_v0,mysql,PERF,PERF_0056,sql_feature,limit,none,exact,true,true,true,true,true,,runs/user/calcite_hep_track_a_120_canonical_v0__mysql/tag_slices.csv,diagnostic join from existing ledger row and retained taxonomy used by tag_slices; tag present in existing tag_slices.csv
calcite_hep_fail_closed,calcite_hep_track_a_120_canonical_v0,mysql,PERF,PERF_0056,sql_feature,order_by,none,exact,true,true,true,true,true,,runs/user/calcite_hep_track_a_120_canonical_v0__mysql/tag_slices.csv,diagnostic join from existing ledger row and retained taxonomy used by tag_slices; tag present in existing tag_slices.csv
calcite_hep_fail_closed,calcite_hep_track_a_120_canonical_v0,mysql,PERF,PERF_0056,sql_feature,scalar_subquery,none,exact,true,true,true,true,true,,runs/user/calcite_hep_track_a_120_canonical_v0__mysql/tag_slices.csv,diagnostic join from existing ledger row and retained taxonomy used by tag_slices; tag present in existing tag_slices.csv
calcite_hep_fail_closed,calcite_hep_track_a_120_canonical_v0,mysql,PERF,PERF_0062,sql_feature,aggregate,mismatch,mismatch,true,true,true,false,false,runs/user/calcite_hep_track_a_120_canonical_v0__mysql/failures.csv,runs/user/calcite_hep_track_a_120_canonical_v0__mysql/tag_slices.csv,diagnostic join from existing ledger row and retained taxonomy used by tag_slices; tag present in existing tag_slices.csv
calcite_hep_fail_closed,calcite_hep_track_a_120_canonical_v0,mysql,PERF,PERF_0062,sql_feature,disjunction,mismatch,mismatch,true,true,true,false,false,runs/user/calcite_hep_track_a_120_canonical_v0__mysql/failures.csv,runs/user/calcite_hep_track_a_120_canonical_v0__mysql/tag_slices.csv,diagnostic join from existing ledger row and retained taxonomy used by tag_slices; tag present in existing tag_slices.csv
calcite_hep_fail_closed,calcite_hep_track_a_120_canonical_v0,mysql,PERF,PERF_0062,sql_feature,join,mismatch,mismatch,true,true,true,false,false,runs/user/calcite_hep_track_a_120_canonical_v0__mysql/failures.csv,runs/user/calcite_hep_track_a_120_canonical_v0__mysql/tag_slices.csv,diagnostic join from existing ledger row and retained taxonomy used by tag_slices; tag present in existing tag_slices.csv
calcite_hep_fail_closed,calcite_hep_track_a_120_canonical_v0,mysql,PERF,PERF_0062,sql_feature,range_predicate,mismatch,mismatch,true,true,true,false,false,runs/user/calcite_hep_track_a_120_canonical_v0__mysql/failures.csv,runs/user/calcite_hep_track_a_120_canonical_v0__mysql/tag_slices.csv,diagnostic join from existing ledger row and retained taxonomy used by tag_slices; tag present in existing tag_slices.csv
calcite_hep_fail_closed,calcite_hep_track_a_120_canonical_v0,mysql,PERF,PERF_0077,sql_feature,aggregate,none,exact,true,true,true,true,true,,runs/user/calcite_hep_track_a_120_canonical_v0__mysql/tag_slices.csv,diagnostic join from existing ledger row and retained taxonomy used by tag_slices; tag present in existing tag_slices.csv
calcite_hep_fail_closed,calcite_hep_track_a_120_canonical_v0,mysql,PERF,PERF_0077,sql_feature,filter,none,exact,true,true,true,true,true,,runs/user/calcite_hep_track_a_120_canonical_v0__mysql/tag_slices.csv,diagnostic join from existing ledger row and retained taxonomy used by tag_slices; tag present in existing tag_slices.csv
calcite_hep_fail_closed,calcite_hep_track_a_120_canonical_v0,mysql,PERF,PERF_0077,sql_feature,join,none,exact,true,true,true,true,true,,runs/user/calcite_hep_track_a_120_canonical_v0__mysql/tag_slices.csv,diagnostic join from existing ledger row and retained taxonomy used by tag_slices; tag present in existing tag_slices.csv
calcite_hep_fail_closed,calcite_hep_track_a_120_canonical_v0,mysql,PERF,PERF_0077,sql_feature,text_like_predicate,none,exact,true,true,true,true,true,,runs/user/calcite_hep_track_a_120_canonical_v0__mysql/tag_slices.csv,diagnostic join from existing ledger row and retained taxonomy used by tag_slices; tag present in existing tag_slices.csv
calcite_hep_fail_closed,calcite_hep_track_a_120_canonical_v0,mysql,PERF,PERF_0082,sql_feature,aggregate,none,exact,true,true,true,true,true,,runs/user/calcite_hep_track_a_120_canonical_v0__mysql/tag_slices.csv,diagnostic join from existing ledger row and retained taxonomy used by tag_slices; tag present in existing tag_slices.csv
calcite_hep_fail_closed,calcite_hep_track_a_120_canonical_v0,mysql,PERF,PERF_0082,sql_feature,filter,none,exact,true,true,true,true,true,,runs/user/calcite_hep_track_a_120_canonical_v0__mysql/tag_slices.csv,diagnostic join from existing ledger row and retained taxonomy used by tag_slices; tag present in existing tag_slices.csv
calcite_hep_fail_closed,calcite_hep_track_a_120_canonical_v0,mysql,PERF,PERF_0082,sql_feature,join,none,exact,true,true,true,true,true,,runs/user/calcite_hep_track_a_120_canonical_v0__mysql/tag_slices.csv,diagnostic join from existing ledger row and retained taxonomy used by tag_slices; tag present in existing tag_slices.csv
calcite_hep_fail_closed,calcite_hep_track_a_120_canonical_v0,mysql,PERF,PERF_0082,sql_feature,materialize,none,exact,true,true,true,true,true,,runs/user/calcite_hep_track_a_120_canonical_v0__mysql/tag_slices.csv,diagnostic join from existing ledger row and retained taxonomy used by tag_slices; tag present in existing tag_slices.csv
calcite_hep_fail_closed,calcite_hep_track_a_120_canonical_v0,mysql,PERF,PERF_0082,sql_feature,text_like_predicate,none,exact,true,true,true,true,true,,runs/user/calcite_hep_track_a_120_canonical_v0__mysql/tag_slices.csv,diagnostic join from existing ledger row and retained taxonomy used by tag_slices; tag present in existing tag_slices.csv
calcite_hep_fail_closed,calcite_hep_track_a_120_canonical_v0,mysql,CONS,CONS_0005,portability_risk,null_semantics_gap,none,exact,true,true,true,true,true,,runs/user/calcite_hep_track_a_120_canonical_v0__mysql/tag_slices.csv,diagnostic join from existing ledger row and retained taxonomy used by tag_slices; tag present in existing tag_slices.csv
calcite_hep_fail_closed,calcite_hep_track_a_120_canonical_v0,mysql,CONS,CONS_0005,rewrite_opportunity,subquery_decorrelation,none,exact,true,true,true,true,true,,runs/user/calcite_hep_track_a_120_canonical_v0__mysql/tag_slices.csv,diagnostic join from existing ledger row and retained taxonomy used by tag_slices; tag present in existing tag_slices.csv
calcite_hep_fail_closed,calcite_hep_track_a_120_canonical_v0,mysql,CONS,CONS_0005,sql_feature,correlated_subquery,none,exact,true,true,true,true,true,,runs/user/calcite_hep_track_a_120_canonical_v0__mysql/tag_slices.csv,diagnostic join from existing ledger row and retained taxonomy used by tag_slices; tag present in existing tag_slices.csv
calcite_hep_fail_closed,calcite_hep_track_a_120_canonical_v0,mysql,CONS,CONS_0007,sql_feature,correlated_subquery,none,exact,true,true,true,true,true,,runs/user/calcite_hep_track_a_120_canonical_v0__mysql/tag_slices.csv,diagnostic join from existing ledger row and retained taxonomy used by tag_slices; tag present in existing tag_slices.csv
calcite_hep_fail_closed,calcite_hep_track_a_120_canonical_v0,mysql,CONS,CONS_0007,sql_feature,subquery_in_from,none,exact,true,true,true,true,true,,runs/user/calcite_hep_track_a_120_canonical_v0__mysql/tag_slices.csv,diagnostic join from existing ledger row and retained taxonomy used by tag_slices; tag present in existing tag_slices.csv
calcite_hep_fail_closed,calcite_hep_track_a_120_canonical_v0,mysql,CONS,CONS_0009,sql_feature,correlated_subquery,none,exact,true,true,true,true,true,,runs/user/calcite_hep_track_a_120_canonical_v0__mysql/tag_slices.csv,diagnostic join from existing ledger row and retained taxonomy used by tag_slices; tag present in existing tag_slices.csv
calcite_hep_fail_closed,calcite_hep_track_a_120_canonical_v0,mysql,CONS,CONS_0009,sql_feature,set_operation,none,exact,true,true,true,true,true,,runs/user/calcite_hep_track_a_120_canonical_v0__mysql/tag_slices.csv,diagnostic join from existing ledger row and retained taxonomy used by tag_slices; tag present in existing tag_slices.csv
calcite_hep_fail_closed,calcite_hep_track_a_120_canonical_v0,mysql,CONS,CONS_0010,sql_feature,correlated_subquery,none,exact,true,true,true,true,true,,runs/user/calcite_hep_track_a_120_canonical_v0__mysql/tag_slices.csv,diagnostic join from existing ledger row and retained taxonomy used by tag_slices; tag present in existing tag_slices.csv
calcite_hep_fail_closed,calcite_hep_track_a_120_canonical_v0,mysql,CONS,CONS_0011,sql_feature,correlated_subquery,none,exact,true,true,true,true,true,,runs/user/calcite_hep_track_a_120_canonical_v0__mysql/tag_slices.csv,diagnostic join from existing ledger row and retained taxonomy used by tag_slices; tag present in existing tag_slices.csv
calcite_hep_fail_closed,calcite_hep_track_a_120_canonical_v0,mysql,CONS,CONS_0011,sql_feature,outer_join,none,exact,true,true,true,true,true,,runs/user/calcite_hep_track_a_120_canonical_v0__mysql/tag_slices.csv,diagnostic join from existing ledger row and retained taxonomy used by tag_slices; tag present in existing tag_slices.csv
calcite_hep_fail_closed,calcite_hep_track_a_120_canonical_v0,mysql,CONS,CONS_0012,portability_risk,limit_fetch_gap,none,exact,true,true,true,true,true,,runs/user/calcite_hep_track_a_120_canonical_v0__mysql/tag_slices.csv,diagnostic join from existing ledger row and retained taxonomy used by tag_slices; tag present in existing tag_slices.csv
calcite_hep_fail_closed,calcite_hep_track_a_120_canonical_v0,mysql,CONS,CONS_0012,rewrite_opportunity,order_limit_simplification,none,exact,true,true,true,true,true,,runs/user/calcite_hep_track_a_120_canonical_v0__mysql/tag_slices.csv,diagnostic join from existing ledger row and retained taxonomy used by tag_slices; tag present in existing tag_slices.csv
calcite_hep_fail_closed,calcite_hep_track_a_120_canonical_v0,mysql,CONS,CONS_0012,rewrite_opportunity,subquery_decorrelation,none,exact,true,true,true,true,true,,runs/user/calcite_hep_track_a_120_canonical_v0__mysql/tag_slices.csv,diagnostic join from existing ledger row and retained taxonomy used by tag_slices; tag present in existing tag_slices.csv
calcite_hep_fail_closed,calcite_hep_track_a_120_canonical_v0,mysql,CONS,CONS_0012,sql_feature,correlated_subquery,none,exact,true,true,true,true,true,,runs/user/calcite_hep_track_a_120_canonical_v0__mysql/tag_slices.csv,diagnostic join from existing ledger row and retained taxonomy used by tag_slices; tag present in existing tag_slices.csv
calcite_hep_fail_closed,calcite_hep_track_a_120_canonical_v0,mysql,CONS,CONS_0024,rewrite_opportunity,subquery_decorrelation,none,exact,true,true,true,true,true,,runs/user/calcite_hep_track_a_120_canonical_v0__mysql/tag_slices.csv,diagnostic join from existing ledger row and retained taxonomy used by tag_slices; tag present in existing tag_slices.csv
calcite_hep_fail_closed,calcite_hep_track_a_120_canonical_v0,mysql,CONS,CONS_0024,sql_feature,correlated_subquery,none,exact,true,true,true,true,true,,runs/user/calcite_hep_track_a_120_canonical_v0__mysql/tag_slices.csv,diagnostic join from existing ledger row and retained taxonomy used by tag_slices; tag present in existing tag_slices.csv
calcite_hep_fail_closed,calcite_hep_track_a_120_canonical_v0,mysql,CONS,CONS_0024,sql_feature,outer_join,none,exact,true,true,true,true,true,,runs/user/calcite_hep_track_a_120_canonical_v0__mysql/tag_slices.csv,diagnostic join from existing ledger row and retained taxonomy used by tag_slices; tag present in existing tag_slices.csv
calcite_hep_fail_closed,calcite_hep_track_a_120_canonical_v0,mysql,CONS,CONS_0036,rewrite_opportunity,aggregation_rewrite,none,exact,true,true,true,true,true,,runs/user/calcite_hep_track_a_120_canonical_v0__mysql/tag_slices.csv,diagnostic join from existing ledger row and retained taxonomy used by tag_slices; tag present in existing tag_slices.csv
calcite_hep_fail_closed,calcite_hep_track_a_120_canonical_v0,mysql,CONS,CONS_0036,rewrite_opportunity,predicate_pushdown,none,exact,true,true,true,true,true,,runs/user/calcite_hep_track_a_120_canonical_v0__mysql/tag_slices.csv,diagnostic join from existing ledger row and retained taxonomy used by tag_slices; tag present in existing tag_slices.csv
calcite_hep_fail_closed,calcite_hep_track_a_120_canonical_v0,mysql,CONS,CONS_0037,rewrite_opportunity,aggregation_rewrite,mismatch,mismatch,true,true,true,false,false,runs/user/calcite_hep_track_a_120_canonical_v0__mysql/failures.csv,runs/user/calcite_hep_track_a_120_canonical_v0__mysql/tag_slices.csv,diagnostic join from existing ledger row and retained taxonomy used by tag_slices; tag present in existing tag_slices.csv
calcite_hep_fail_closed,calcite_hep_track_a_120_canonical_v0,mysql,CONS,CONS_0037,sql_feature,outer_join,mismatch,mismatch,true,true,true,false,false,runs/user/calcite_hep_track_a_120_canonical_v0__mysql/failures.csv,runs/user/calcite_hep_track_a_120_canonical_v0__mysql/tag_slices.csv,diagnostic join from existing ledger row and retained taxonomy used by tag_slices; tag present in existing tag_slices.csv
calcite_hep_fail_closed,calcite_hep_track_a_120_canonical_v0,mysql,PORT,PORT_0003,portability_risk,identifier_quoting,no_candidate_sql,not_evaluated_non_db_mvp,false,false,false,false,false,runs/user/calcite_hep_track_a_120_canonical_v0__mysql/failures.csv,runs/user/calcite_hep_track_a_120_canonical_v0__mysql/tag_slices.csv,diagnostic join from existing ledger row and retained taxonomy used by tag_slices; tag present in existing tag_slices.csv
calcite_hep_fail_closed,calcite_hep_track_a_120_canonical_v0,mysql,PORT,PORT_0003,portability_risk,limit_fetch_gap,no_candidate_sql,not_evaluated_non_db_mvp,false,false,false,false,false,runs/user/calcite_hep_track_a_120_canonical_v0__mysql/failures.csv,runs/user/calcite_hep_track_a_120_canonical_v0__mysql/tag_slices.csv,diagnostic join from existing ledger row and retained taxonomy used by tag_slices; tag present in existing tag_slices.csv
calcite_hep_fail_closed,calcite_hep_track_a_120_canonical_v0,mysql,PORT,PORT_0003,portability_risk,null_semantics_gap,no_candidate_sql,not_evaluated_non_db_mvp,false,false,false,false,false,runs/user/calcite_hep_track_a_120_canonical_v0__mysql/failures.csv,runs/user/calcite_hep_track_a_120_canonical_v0__mysql/tag_slices.csv,diagnostic join from existing ledger row and retained taxonomy used by tag_slices; tag present in existing tag_slices.csv
calcite_hep_fail_closed,calcite_hep_track_a_120_canonical_v0,mysql,PORT,PORT_0003,rewrite_opportunity,dialect_adaptation,no_candidate_sql,not_evaluated_non_db_mvp,false,false,false,false,false,runs/user/calcite_hep_track_a_120_canonical_v0__mysql/failures.csv,runs/user/calcite_hep_track_a_120_canonical_v0__mysql/tag_slices.csv,diagnostic join from existing ledger row and retained taxonomy used by tag_slices; tag present in existing tag_slices.csv
calcite_hep_fail_closed,calcite_hep_track_a_120_canonical_v0,mysql,PORT,PORT_0003,rewrite_opportunity,order_limit_simplification,no_candidate_sql,not_evaluated_non_db_mvp,false,false,false,false,false,runs/user/calcite_hep_track_a_120_canonical_v0__mysql/failures.csv,runs/user/calcite_hep_track_a_120_canonical_v0__mysql/tag_slices.csv,diagnostic join from existing ledger row and retained taxonomy used by tag_slices; tag present in existing tag_slices.csv
calcite_hep_fail_closed,calcite_hep_track_a_120_canonical_v0,mysql,PORT,PORT_0004,portability_risk,date_filter_semantics,no_candidate_sql,not_evaluated_non_db_mvp,false,false,false,false,false,runs/user/calcite_hep_track_a_120_canonical_v0__mysql/failures.csv,runs/user/calcite_hep_track_a_120_canonical_v0__mysql/tag_slices.csv,diagnostic join from existing ledger row and retained taxonomy used by tag_slices; tag present in existing tag_slices.csv
calcite_hep_fail_closed,calcite_hep_track_a_120_canonical_v0,mysql,PORT,PORT_0004,portability_risk,datetime_semantics_gap,no_candidate_sql,not_evaluated_non_db_mvp,false,false,false,false,false,runs/user/calcite_hep_track_a_120_canonical_v0__mysql/failures.csv,runs/user/calcite_hep_track_a_120_canonical_v0__mysql/tag_slices.csv,diagnostic join from existing ledger row and retained taxonomy used by tag_slices; tag present in existing tag_slices.csv
calcite_hep_fail_closed,calcite_hep_track_a_120_canonical_v0,mysql,PORT,PORT_0004,portability_risk,identifier_quoting,no_candidate_sql,not_evaluated_non_db_mvp,false,false,false,false,false,runs/user/calcite_hep_track_a_120_canonical_v0__mysql/failures.csv,runs/user/calcite_hep_track_a_120_canonical_v0__mysql/tag_slices.csv,diagnostic join from existing ledger row and retained taxonomy used by tag_slices; tag present in existing tag_slices.csv
calcite_hep_fail_closed,calcite_hep_track_a_120_canonical_v0,mysql,PORT,PORT_0004,portability_risk,literal_predicate_boundary,no_candidate_sql,not_evaluated_non_db_mvp,false,false,false,false,false,runs/user/calcite_hep_track_a_120_canonical_v0__mysql/failures.csv,runs/user/calcite_hep_track_a_120_canonical_v0__mysql/tag_slices.csv,diagnostic join from existing ledger row and retained taxonomy used by tag_slices; tag present in existing tag_slices.csv
calcite_hep_fail_closed,calcite_hep_track_a_120_canonical_v0,mysql,PORT,PORT_0004,portability_risk,result_set_semantics,no_candidate_sql,not_evaluated_non_db_mvp,false,false,false,false,false,runs/user/calcite_hep_track_a_120_canonical_v0__mysql/failures.csv,runs/user/calcite_hep_track_a_120_canonical_v0__mysql/tag_slices.csv,diagnostic join from existing ledger row and retained taxonomy used by tag_slices; tag present in existing tag_slices.csv
calcite_hep_fail_closed,calcite_hep_track_a_120_canonical_v0,mysql,PORT,PORT_0004,portability_risk,type_semantics_gap,no_candidate_sql,not_evaluated_non_db_mvp,false,false,false,false,false,runs/user/calcite_hep_track_a_120_canonical_v0__mysql/failures.csv,runs/user/calcite_hep_track_a_120_canonical_v0__mysql/tag_slices.csv,diagnostic join from existing ledger row and retained taxonomy used by tag_slices; tag present in existing tag_slices.csv
calcite_hep_fail_closed,calcite_hep_track_a_120_canonical_v0,mysql,PORT,PORT_0004,rewrite_opportunity,dialect_adaptation,no_candidate_sql,not_evaluated_non_db_mvp,false,false,false,false,false,runs/user/calcite_hep_track_a_120_canonical_v0__mysql/failures.csv,runs/user/calcite_hep_track_a_120_canonical_v0__mysql/tag_slices.csv,diagnostic join from existing ledger row and retained taxonomy used by tag_slices; tag present in existing tag_slices.csv
calcite_hep_fail_closed,calcite_hep_track_a_120_canonical_v0,mysql,PORT,PORT_0005,portability_risk,identifier_quoting,no_candidate_sql,not_evaluated_non_db_mvp,false,false,false,false,false,runs/user/calcite_hep_track_a_120_canonical_v0__mysql/failures.csv,runs/user/calcite_hep_track_a_120_canonical_v0__mysql/tag_slices.csv,diagnostic join from existing ledger row and retained taxonomy used by tag_slices; tag present in existing tag_slices.csv
calcite_hep_fail_closed,calcite_hep_track_a_120_canonical_v0,mysql,PORT,PORT_0005,portability_risk,limit_fetch_gap,no_candidate_sql,not_evaluated_non_db_mvp,false,false,false,false,false,runs/user/calcite_hep_track_a_120_canonical_v0__mysql/failures.csv,runs/user/calcite_hep_track_a_120_canonical_v0__mysql/tag_slices.csv,diagnostic join from existing ledger row and retained taxonomy used by tag_slices; tag present in existing tag_slices.csv
calcite_hep_fail_closed,calcite_hep_track_a_120_canonical_v0,mysql,PORT,PORT_0005,portability_risk,null_semantics_gap,no_candidate_sql,not_evaluated_non_db_mvp,false,false,false,false,false,runs/user/calcite_hep_track_a_120_canonical_v0__mysql/failures.csv,runs/user/calcite_hep_track_a_120_canonical_v0__mysql/tag_slices.csv,diagnostic join from existing ledger row and retained taxonomy used by tag_slices; tag present in existing tag_slices.csv
calcite_hep_fail_closed,calcite_hep_track_a_120_canonical_v0,mysql,PORT,PORT_0005,portability_risk,order_direction_gap,no_candidate_sql,not_evaluated_non_db_mvp,false,false,false,false,false,runs/user/calcite_hep_track_a_120_canonical_v0__mysql/failures.csv,runs/user/calcite_hep_track_a_120_canonical_v0__mysql/tag_slices.csv,diagnostic join from existing ledger row and retained taxonomy used by tag_slices; tag present in existing tag_slices.csv
calcite_hep_fail_closed,calcite_hep_track_a_120_canonical_v0,mysql,PORT,PORT_0005,rewrite_opportunity,dialect_adaptation,no_candidate_sql,not_evaluated_non_db_mvp,false,false,false,false,false,runs/user/calcite_hep_track_a_120_canonical_v0__mysql/failures.csv,runs/user/calcite_hep_track_a_120_canonical_v0__mysql/tag_slices.csv,diagnostic join from existing ledger row and retained taxonomy used by tag_slices; tag present in existing tag_slices.csv
calcite_hep_fail_closed,calcite_hep_track_a_120_canonical_v0,mysql,PORT,PORT_0005,rewrite_opportunity,order_limit_simplification,no_candidate_sql,not_evaluated_non_db_mvp,false,false,false,false,false,runs/user/calcite_hep_track_a_120_canonical_v0__mysql/failures.csv,runs/user/calcite_hep_track_a_120_canonical_v0__mysql/tag_slices.csv,diagnostic join from existing ledger row and retained taxonomy used by tag_slices; tag present in existing tag_slices.csv
calcite_hep_fail_closed,calcite_hep_track_a_120_canonical_v0,mysql,PORT,PORT_0008,portability_risk,date_time_semantics,no_candidate_sql,not_evaluated_non_db_mvp,false,false,false,false,false,runs/user/calcite_hep_track_a_120_canonical_v0__mysql/failures.csv,runs/user/calcite_hep_track_a_120_canonical_v0__mysql/tag_slices.csv,diagnostic join from existing ledger row and retained taxonomy used by tag_slices; tag present in existing tag_slices.csv
calcite_hep_fail_closed,calcite_hep_track_a_120_canonical_v0,mysql,PORT,PORT_0008,portability_risk,identifier_case_or_quoting,no_candidate_sql,not_evaluated_non_db_mvp,false,false,false,false,false,runs/user/calcite_hep_track_a_120_canonical_v0__mysql/failures.csv,runs/user/calcite_hep_track_a_120_canonical_v0__mysql/tag_slices.csv,diagnostic join from existing ledger row and retained taxonomy used by tag_slices; tag present in existing tag_slices.csv
calcite_hep_fail_closed,calcite_hep_track_a_120_canonical_v0,mysql,PORT,PORT_0008,portability_risk,type_coercion,no_candidate_sql,not_evaluated_non_db_mvp,false,false,false,false,false,runs/user/calcite_hep_track_a_120_canonical_v0__mysql/failures.csv,runs/user/calcite_hep_track_a_120_canonical_v0__mysql/tag_slices.csv,diagnostic join from existing ledger row and retained taxonomy used by tag_slices; tag present in existing tag_slices.csv
calcite_hep_fail_closed,calcite_hep_track_a_120_canonical_v0,mysql,PORT,PORT_0008,rewrite_opportunity,dialect_adaptation,no_candidate_sql,not_evaluated_non_db_mvp,false,false,false,false,false,runs/user/calcite_hep_track_a_120_canonical_v0__mysql/failures.csv,runs/user/calcite_hep_track_a_120_canonical_v0__mysql/tag_slices.csv,diagnostic join from existing ledger row and retained taxonomy used by tag_slices; tag present in existing tag_slices.csv
calcite_hep_fail_closed,calcite_hep_track_a_120_canonical_v0,mysql,PORT,PORT_0008,rewrite_opportunity,function_normalization,no_candidate_sql,not_evaluated_non_db_mvp,false,false,false,false,false,runs/user/calcite_hep_track_a_120_canonical_v0__mysql/failures.csv,runs/user/calcite_hep_track_a_120_canonical_v0__mysql/tag_slices.csv,diagnostic join from existing ledger row and retained taxonomy used by tag_slices; tag present in existing tag_slices.csv
calcite_hep_fail_closed,calcite_hep_track_a_120_canonical_v0,mysql,PORT,PORT_0008,sql_feature,date_time_function,no_candidate_sql,not_evaluated_non_db_mvp,false,false,false,false,false,runs/user/calcite_hep_track_a_120_canonical_v0__mysql/failures.csv,runs/user/calcite_hep_track_a_120_canonical_v0__mysql/tag_slices.csv,diagnostic join from existing ledger row and retained taxonomy used by tag_slices; tag present in existing tag_slices.csv
calcite_hep_fail_closed,calcite_hep_track_a_120_canonical_v0,mysql,PORT,PORT_0008,sql_feature,expression_complexity,no_candidate_sql,not_evaluated_non_db_mvp,false,false,false,false,false,runs/user/calcite_hep_track_a_120_canonical_v0__mysql/failures.csv,runs/user/calcite_hep_track_a_120_canonical_v0__mysql/tag_slices.csv,diagnostic join from existing ledger row and retained taxonomy used by tag_slices; tag present in existing tag_slices.csv
calcite_hep_fail_closed,calcite_hep_track_a_120_canonical_v0,mysql,PORT,PORT_0012,portability_risk,datetime_semantics_gap,no_candidate_sql,not_evaluated_non_db_mvp,false,false,false,false,false,runs/user/calcite_hep_track_a_120_canonical_v0__mysql/failures.csv,runs/user/calcite_hep_track_a_120_canonical_v0__mysql/tag_slices.csv,diagnostic join from existing ledger row and retained taxonomy used by tag_slices; tag present in existing tag_slices.csv
calcite_hep_fail_closed,calcite_hep_track_a_120_canonical_v0,mysql,PORT,PORT_0012,portability_risk,identifier_quoting,no_candidate_sql,not_evaluated_non_db_mvp,false,false,false,false,false,runs/user/calcite_hep_track_a_120_canonical_v0__mysql/failures.csv,runs/user/calcite_hep_track_a_120_canonical_v0__mysql/tag_slices.csv,diagnostic join from existing ledger row and retained taxonomy used by tag_slices; tag present in existing tag_slices.csv
calcite_hep_fail_closed,calcite_hep_track_a_120_canonical_v0,mysql,PORT,PORT_0012,portability_risk,type_semantics_gap,no_candidate_sql,not_evaluated_non_db_mvp,false,false,false,false,false,runs/user/calcite_hep_track_a_120_canonical_v0__mysql/failures.csv,runs/user/calcite_hep_track_a_120_canonical_v0__mysql/tag_slices.csv,diagnostic join from existing ledger row and retained taxonomy used by tag_slices; tag present in existing tag_slices.csv
calcite_hep_fail_closed,calcite_hep_track_a_120_canonical_v0,mysql,PORT,PORT_0012,rewrite_opportunity,dialect_adaptation,no_candidate_sql,not_evaluated_non_db_mvp,false,false,false,false,false,runs/user/calcite_hep_track_a_120_canonical_v0__mysql/failures.csv,runs/user/calcite_hep_track_a_120_canonical_v0__mysql/tag_slices.csv,diagnostic join from existing ledger row and retained taxonomy used by tag_slices; tag present in existing tag_slices.csv
calcite_hep_fail_closed,calcite_hep_track_a_120_canonical_v0,mysql,PORT,PORT_0012,rewrite_opportunity,expression_simplification,no_candidate_sql,not_evaluated_non_db_mvp,false,false,false,false,false,runs/user/calcite_hep_track_a_120_canonical_v0__mysql/failures.csv,runs/user/calcite_hep_track_a_120_canonical_v0__mysql/tag_slices.csv,diagnostic join from existing ledger row and retained taxonomy used by tag_slices; tag present in existing tag_slices.csv
calcite_hep_fail_closed,calcite_hep_track_a_120_canonical_v0,mysql,PORT,PORT_0012,rewrite_opportunity,function_normalization,no_candidate_sql,not_evaluated_non_db_mvp,false,false,false,false,false,runs/user/calcite_hep_track_a_120_canonical_v0__mysql/failures.csv,runs/user/calcite_hep_track_a_120_canonical_v0__mysql/tag_slices.csv,diagnostic join from existing ledger row and retained taxonomy used by tag_slices; tag present in existing tag_slices.csv
calcite_hep_fail_closed,calcite_hep_track_a_120_canonical_v0,mysql,PORT,PORT_0012,sql_feature,date_time_function,no_candidate_sql,not_evaluated_non_db_mvp,false,false,false,false,false,runs/user/calcite_hep_track_a_120_canonical_v0__mysql/failures.csv,runs/user/calcite_hep_track_a_120_canonical_v0__mysql/tag_slices.csv,diagnostic join from existing ledger row and retained taxonomy used by tag_slices; tag present in existing tag_slices.csv
calcite_hep_fail_closed,calcite_hep_track_a_120_canonical_v0,mysql,PORT,PORT_0012,sql_feature,expression_complexity,no_candidate_sql,not_evaluated_non_db_mvp,false,false,false,false,false,runs/user/calcite_hep_track_a_120_canonical_v0__mysql/failures.csv,runs/user/calcite_hep_track_a_120_canonical_v0__mysql/tag_slices.csv,diagnostic join from existing ledger row and retained taxonomy used by tag_slices; tag present in existing tag_slices.csv
calcite_hep_fail_closed,calcite_hep_track_a_120_canonical_v0,mysql,PORT,PORT_0013,portability_risk,boolean_semantics_gap,mismatch,mismatch,true,true,true,false,false,runs/user/calcite_hep_track_a_120_canonical_v0__mysql/failures.csv,runs/user/calcite_hep_track_a_120_canonical_v0__mysql/tag_slices.csv,diagnostic join from existing ledger row and retained taxonomy used by tag_slices; tag present in existing tag_slices.csv
calcite_hep_fail_closed,calcite_hep_track_a_120_canonical_v0,mysql,PORT,PORT_0013,portability_risk,complex_expression_density,mismatch,mismatch,true,true,true,false,false,runs/user/calcite_hep_track_a_120_canonical_v0__mysql/failures.csv,runs/user/calcite_hep_track_a_120_canonical_v0__mysql/tag_slices.csv,diagnostic join from existing ledger row and retained taxonomy used by tag_slices; tag present in existing tag_slices.csv
calcite_hep_fail_closed,calcite_hep_track_a_120_canonical_v0,mysql,PORT,PORT_0013,portability_risk,identifier_quoting,mismatch,mismatch,true,true,true,false,false,runs/user/calcite_hep_track_a_120_canonical_v0__mysql/failures.csv,runs/user/calcite_hep_track_a_120_canonical_v0__mysql/tag_slices.csv,diagnostic join from existing ledger row and retained taxonomy used by tag_slices; tag present in existing tag_slices.csv
calcite_hep_fail_closed,calcite_hep_track_a_120_canonical_v0,mysql,PORT,PORT_0013,portability_risk,type_semantics_gap,mismatch,mismatch,true,true,true,false,false,runs/user/calcite_hep_track_a_120_canonical_v0__mysql/failures.csv,runs/user/calcite_hep_track_a_120_canonical_v0__mysql/tag_slices.csv,diagnostic join from existing ledger row and retained taxonomy used by tag_slices; tag present in existing tag_slices.csv
calcite_hep_fail_closed,calcite_hep_track_a_120_canonical_v0,mysql,PORT,PORT_0013,rewrite_opportunity,dialect_adaptation,mismatch,mismatch,true,true,true,false,false,runs/user/calcite_hep_track_a_120_canonical_v0__mysql/failures.csv,runs/user/calcite_hep_track_a_120_canonical_v0__mysql/tag_slices.csv,diagnostic join from existing ledger row and retained taxonomy used by tag_slices; tag present in existing tag_slices.csv
calcite_hep_fail_closed,calcite_hep_track_a_120_canonical_v0,mysql,PORT,PORT_0013,rewrite_opportunity,expression_simplification,mismatch,mismatch,true,true,true,false,false,runs/user/calcite_hep_track_a_120_canonical_v0__mysql/failures.csv,runs/user/calcite_hep_track_a_120_canonical_v0__mysql/tag_slices.csv,diagnostic join from existing ledger row and retained taxonomy used by tag_slices; tag present in existing tag_slices.csv
calcite_hep_fail_closed,calcite_hep_track_a_120_canonical_v0,mysql,PORT,PORT_0013,sql_feature,expression_complexity,mismatch,mismatch,true,true,true,false,false,runs/user/calcite_hep_track_a_120_canonical_v0__mysql/failures.csv,runs/user/calcite_hep_track_a_120_canonical_v0__mysql/tag_slices.csv,diagnostic join from existing ledger row and retained taxonomy used by tag_slices; tag present in existing tag_slices.csv
calcite_hep_fail_closed,calcite_hep_track_a_120_canonical_v0,mysql,PORT,PORT_0022,portability_risk,date_filter_semantics,no_candidate_sql,not_evaluated_non_db_mvp,false,false,false,false,false,runs/user/calcite_hep_track_a_120_canonical_v0__mysql/failures.csv,runs/user/calcite_hep_track_a_120_canonical_v0__mysql/tag_slices.csv,diagnostic join from existing ledger row and retained taxonomy used by tag_slices; tag present in existing tag_slices.csv
calcite_hep_fail_closed,calcite_hep_track_a_120_canonical_v0,mysql,PORT,PORT_0022,portability_risk,date_time_semantics,no_candidate_sql,not_evaluated_non_db_mvp,false,false,false,false,false,runs/user/calcite_hep_track_a_120_canonical_v0__mysql/failures.csv,runs/user/calcite_hep_track_a_120_canonical_v0__mysql/tag_slices.csv,diagnostic join from existing ledger row and retained taxonomy used by tag_slices; tag present in existing tag_slices.csv
calcite_hep_fail_closed,calcite_hep_track_a_120_canonical_v0,mysql,PORT,PORT_0022,portability_risk,join_aggregate_input_boundary,no_candidate_sql,not_evaluated_non_db_mvp,false,false,false,false,false,runs/user/calcite_hep_track_a_120_canonical_v0__mysql/failures.csv,runs/user/calcite_hep_track_a_120_canonical_v0__mysql/tag_slices.csv,diagnostic join from existing ledger row and retained taxonomy used by tag_slices; tag present in existing tag_slices.csv
calcite_hep_fail_closed,calcite_hep_track_a_120_canonical_v0,mysql,PORT,PORT_0022,portability_risk,literal_predicate_boundary,no_candidate_sql,not_evaluated_non_db_mvp,false,false,false,false,false,runs/user/calcite_hep_track_a_120_canonical_v0__mysql/failures.csv,runs/user/calcite_hep_track_a_120_canonical_v0__mysql/tag_slices.csv,diagnostic join from existing ledger row and retained taxonomy used by tag_slices; tag present in existing tag_slices.csv
calcite_hep_fail_closed,calcite_hep_track_a_120_canonical_v0,mysql,PORT,PORT_0022,portability_risk,type_coercion,no_candidate_sql,not_evaluated_non_db_mvp,false,false,false,false,false,runs/user/calcite_hep_track_a_120_canonical_v0__mysql/failures.csv,runs/user/calcite_hep_track_a_120_canonical_v0__mysql/tag_slices.csv,diagnostic join from existing ledger row and retained taxonomy used by tag_slices; tag present in existing tag_slices.csv
calcite_hep_fail_closed,calcite_hep_track_a_120_canonical_v0,mysql,PORT,PORT_0022,rewrite_opportunity,dialect_adaptation,no_candidate_sql,not_evaluated_non_db_mvp,false,false,false,false,false,runs/user/calcite_hep_track_a_120_canonical_v0__mysql/failures.csv,runs/user/calcite_hep_track_a_120_canonical_v0__mysql/tag_slices.csv,diagnostic join from existing ledger row and retained taxonomy used by tag_slices; tag present in existing tag_slices.csv
calcite_hep_fail_closed,calcite_hep_track_a_120_canonical_v0,mysql,PORT,PORT_0024,portability_risk,aggregate_expression_semantics,mismatch,mismatch,true,true,true,false,false,runs/user/calcite_hep_track_a_120_canonical_v0__mysql/failures.csv,runs/user/calcite_hep_track_a_120_canonical_v0__mysql/tag_slices.csv,diagnostic join from existing ledger row and retained taxonomy used by tag_slices; tag present in existing tag_slices.csv
calcite_hep_fail_closed,calcite_hep_track_a_120_canonical_v0,mysql,PORT,PORT_0024,portability_risk,boolean_semantics,mismatch,mismatch,true,true,true,false,false,runs/user/calcite_hep_track_a_120_canonical_v0__mysql/failures.csv,runs/user/calcite_hep_track_a_120_canonical_v0__mysql/tag_slices.csv,diagnostic join from existing ledger row and retained taxonomy used by tag_slices; tag present in existing tag_slices.csv
calcite_hep_fail_closed,calcite_hep_track_a_120_canonical_v0,mysql,PORT,PORT_0024,portability_risk,literal_predicate_boundary,mismatch,mismatch,true,true,true,false,false,runs/user/calcite_hep_track_a_120_canonical_v0__mysql/failures.csv,runs/user/calcite_hep_track_a_120_canonical_v0__mysql/tag_slices.csv,diagnostic join from existing ledger row and retained taxonomy used by tag_slices; tag present in existing tag_slices.csv
calcite_hep_fail_closed,calcite_hep_track_a_120_canonical_v0,mysql,PORT,PORT_0024,portability_risk,type_coercion,mismatch,mismatch,true,true,true,false,false,runs/user/calcite_hep_track_a_120_canonical_v0__mysql/failures.csv,runs/user/calcite_hep_track_a_120_canonical_v0__mysql/tag_slices.csv,diagnostic join from existing ledger row and retained taxonomy used by tag_slices; tag present in existing tag_slices.csv
calcite_hep_fail_closed,calcite_hep_track_a_120_canonical_v0,mysql,PORT,PORT_0024,rewrite_opportunity,dialect_adaptation,mismatch,mismatch,true,true,true,false,false,runs/user/calcite_hep_track_a_120_canonical_v0__mysql/failures.csv,runs/user/calcite_hep_track_a_120_canonical_v0__mysql/tag_slices.csv,diagnostic join from existing ledger row and retained taxonomy used by tag_slices; tag present in existing tag_slices.csv
calcite_hep_fail_closed,calcite_hep_track_a_120_canonical_v0,mysql,PORT,PORT_0025,portability_risk,date_time_semantics,no_candidate_sql,not_evaluated_non_db_mvp,false,false,false,false,false,runs/user/calcite_hep_track_a_120_canonical_v0__mysql/failures.csv,runs/user/calcite_hep_track_a_120_canonical_v0__mysql/tag_slices.csv,diagnostic join from existing ledger row and retained taxonomy used by tag_slices; tag present in existing tag_slices.csv
calcite_hep_fail_closed,calcite_hep_track_a_120_canonical_v0,mysql,PORT,PORT_0025,portability_risk,order_direction_semantics,no_candidate_sql,not_evaluated_non_db_mvp,false,false,false,false,false,runs/user/calcite_hep_track_a_120_canonical_v0__mysql/failures.csv,runs/user/calcite_hep_track_a_120_canonical_v0__mysql/tag_slices.csv,diagnostic join from existing ledger row and retained taxonomy used by tag_slices; tag present in existing tag_slices.csv
calcite_hep_fail_closed,calcite_hep_track_a_120_canonical_v0,mysql,PORT,PORT_0025,portability_risk,order_limit_semantics,no_candidate_sql,not_evaluated_non_db_mvp,false,false,false,false,false,runs/user/calcite_hep_track_a_120_canonical_v0__mysql/failures.csv,runs/user/calcite_hep_track_a_120_canonical_v0__mysql/tag_slices.csv,diagnostic join from existing ledger row and retained taxonomy used by tag_slices; tag present in existing tag_slices.csv
calcite_hep_fail_closed,calcite_hep_track_a_120_canonical_v0,mysql,PORT,PORT_0025,portability_risk,pagination_or_limit_offset,no_candidate_sql,not_evaluated_non_db_mvp,false,false,false,false,false,runs/user/calcite_hep_track_a_120_canonical_v0__mysql/failures.csv,runs/user/calcite_hep_track_a_120_canonical_v0__mysql/tag_slices.csv,diagnostic join from existing ledger row and retained taxonomy used by tag_slices; tag present in existing tag_slices.csv
calcite_hep_fail_closed,calcite_hep_track_a_120_canonical_v0,mysql,PORT,PORT_0025,portability_risk,top_1_row_selection,no_candidate_sql,not_evaluated_non_db_mvp,false,false,false,false,false,runs/user/calcite_hep_track_a_120_canonical_v0__mysql/failures.csv,runs/user/calcite_hep_track_a_120_canonical_v0__mysql/tag_slices.csv,diagnostic join from existing ledger row and retained taxonomy used by tag_slices; tag present in existing tag_slices.csv
calcite_hep_fail_closed,calcite_hep_track_a_120_canonical_v0,mysql,PORT,PORT_0025,rewrite_opportunity,dialect_adaptation,no_candidate_sql,not_evaluated_non_db_mvp,false,false,false,false,false,runs/user/calcite_hep_track_a_120_canonical_v0__mysql/failures.csv,runs/user/calcite_hep_track_a_120_canonical_v0__mysql/tag_slices.csv,diagnostic join from existing ledger row and retained taxonomy used by tag_slices; tag present in existing tag_slices.csv
calcite_hep_fail_closed,calcite_hep_track_a_120_canonical_v0,mysql,LONGTAIL,LONGTAIL_0011,rewrite_opportunity,cte_strategy,none,exact,true,true,true,true,true,,runs/user/calcite_hep_track_a_120_canonical_v0__mysql/tag_slices.csv,diagnostic join from existing ledger row and retained taxonomy used by tag_slices; tag present in existing tag_slices.csv
calcite_hep_fail_closed,calcite_hep_track_a_120_canonical_v0,mysql,LONGTAIL,LONGTAIL_0011,rewrite_opportunity,expression_simplification,none,exact,true,true,true,true,true,,runs/user/calcite_hep_track_a_120_canonical_v0__mysql/tag_slices.csv,diagnostic join from existing ledger row and retained taxonomy used by tag_slices; tag present in existing tag_slices.csv
calcite_hep_fail_closed,calcite_hep_track_a_120_canonical_v0,mysql,LONGTAIL,LONGTAIL_0011,sql_feature,aggregate,none,exact,true,true,true,true,true,,runs/user/calcite_hep_track_a_120_canonical_v0__mysql/tag_slices.csv,diagnostic join from existing ledger row and retained taxonomy used by tag_slices; tag present in existing tag_slices.csv
calcite_hep_fail_closed,calcite_hep_track_a_120_canonical_v0,mysql,LONGTAIL,LONGTAIL_0011,sql_feature,cte,none,exact,true,true,true,true,true,,runs/user/calcite_hep_track_a_120_canonical_v0__mysql/tag_slices.csv,diagnostic join from existing ledger row and retained taxonomy used by tag_slices; tag present in existing tag_slices.csv
calcite_hep_fail_closed,calcite_hep_track_a_120_canonical_v0,mysql,LONGTAIL,LONGTAIL_0011,sql_feature,join,none,exact,true,true,true,true,true,,runs/user/calcite_hep_track_a_120_canonical_v0__mysql/tag_slices.csv,diagnostic join from existing ledger row and retained taxonomy used by tag_slices; tag present in existing tag_slices.csv
calcite_hep_fail_closed,calcite_hep_track_a_120_canonical_v0,mysql,LONGTAIL,LONGTAIL_0011,sql_feature,sort,none,exact,true,true,true,true,true,,runs/user/calcite_hep_track_a_120_canonical_v0__mysql/tag_slices.csv,diagnostic join from existing ledger row and retained taxonomy used by tag_slices; tag present in existing tag_slices.csv
calcite_hep_fail_closed,calcite_hep_track_a_120_canonical_v0,mysql,LONGTAIL,LONGTAIL_0011,sql_feature,window_function,none,exact,true,true,true,true,true,,runs/user/calcite_hep_track_a_120_canonical_v0__mysql/tag_slices.csv,diagnostic join from existing ledger row and retained taxonomy used by tag_slices; tag present in existing tag_slices.csv
calcite_hep_fail_closed,calcite_hep_track_a_120_canonical_v0,mysql,LONGTAIL,LONGTAIL_0012,sql_feature,aggregation,mismatch,mismatch,true,true,true,false,false,runs/user/calcite_hep_track_a_120_canonical_v0__mysql/failures.csv,runs/user/calcite_hep_track_a_120_canonical_v0__mysql/tag_slices.csv,diagnostic join from existing ledger row and retained taxonomy used by tag_slices; tag present in existing tag_slices.csv
calcite_hep_fail_closed,calcite_hep_track_a_120_canonical_v0,mysql,LONGTAIL,LONGTAIL_0012,sql_feature,complex_expression,mismatch,mismatch,true,true,true,false,false,runs/user/calcite_hep_track_a_120_canonical_v0__mysql/failures.csv,runs/user/calcite_hep_track_a_120_canonical_v0__mysql/tag_slices.csv,diagnostic join from existing ledger row and retained taxonomy used by tag_slices; tag present in existing tag_slices.csv
calcite_hep_fail_closed,calcite_hep_track_a_120_canonical_v0,mysql,LONGTAIL,LONGTAIL_0012,sql_feature,outer_join,mismatch,mismatch,true,true,true,false,false,runs/user/calcite_hep_track_a_120_canonical_v0__mysql/failures.csv,runs/user/calcite_hep_track_a_120_canonical_v0__mysql/tag_slices.csv,diagnostic join from existing ledger row and retained taxonomy used by tag_slices; tag present in existing tag_slices.csv
calcite_hep_fail_closed,calcite_hep_track_a_120_canonical_v0,mysql,LONGTAIL,LONGTAIL_0012,sql_feature,sort_limit,mismatch,mismatch,true,true,true,false,false,runs/user/calcite_hep_track_a_120_canonical_v0__mysql/failures.csv,runs/user/calcite_hep_track_a_120_canonical_v0__mysql/tag_slices.csv,diagnostic join from existing ledger row and retained taxonomy used by tag_slices; tag present in existing tag_slices.csv
calcite_hep_fail_closed,calcite_hep_track_a_120_canonical_v0,mysql,LONGTAIL,LONGTAIL_0012,sql_feature,subquery_in_from,mismatch,mismatch,true,true,true,false,false,runs/user/calcite_hep_track_a_120_canonical_v0__mysql/failures.csv,runs/user/calcite_hep_track_a_120_canonical_v0__mysql/tag_slices.csv,diagnostic join from existing ledger row and retained taxonomy used by tag_slices; tag present in existing tag_slices.csv
calcite_hep_fail_closed,calcite_hep_track_a_120_canonical_v0,mysql,LONGTAIL,LONGTAIL_0012,sql_feature,window_function,mismatch,mismatch,true,true,true,false,false,runs/user/calcite_hep_track_a_120_canonical_v0__mysql/failures.csv,runs/user/calcite_hep_track_a_120_canonical_v0__mysql/tag_slices.csv,diagnostic join from existing ledger row and retained taxonomy used by tag_slices; tag present in existing tag_slices.csv
calcite_hep_fail_closed,calcite_hep_track_a_120_canonical_v0,mysql,LONGTAIL,LONGTAIL_0013,sql_feature,aggregation,mismatch,mismatch,true,true,true,false,false,runs/user/calcite_hep_track_a_120_canonical_v0__mysql/failures.csv,runs/user/calcite_hep_track_a_120_canonical_v0__mysql/tag_slices.csv,diagnostic join from existing ledger row and retained taxonomy used by tag_slices; tag present in existing tag_slices.csv
calcite_hep_fail_closed,calcite_hep_track_a_120_canonical_v0,mysql,LONGTAIL,LONGTAIL_0013,sql_feature,complex_expression,mismatch,mismatch,true,true,true,false,false,runs/user/calcite_hep_track_a_120_canonical_v0__mysql/failures.csv,runs/user/calcite_hep_track_a_120_canonical_v0__mysql/tag_slices.csv,diagnostic join from existing ledger row and retained taxonomy used by tag_slices; tag present in existing tag_slices.csv
calcite_hep_fail_closed,calcite_hep_track_a_120_canonical_v0,mysql,LONGTAIL,LONGTAIL_0013,sql_feature,cte,mismatch,mismatch,true,true,true,false,false,runs/user/calcite_hep_track_a_120_canonical_v0__mysql/failures.csv,runs/user/calcite_hep_track_a_120_canonical_v0__mysql/tag_slices.csv,diagnostic join from existing ledger row and retained taxonomy used by tag_slices; tag present in existing tag_slices.csv
calcite_hep_fail_closed,calcite_hep_track_a_120_canonical_v0,mysql,LONGTAIL,LONGTAIL_0013,sql_feature,outer_join,mismatch,mismatch,true,true,true,false,false,runs/user/calcite_hep_track_a_120_canonical_v0__mysql/failures.csv,runs/user/calcite_hep_track_a_120_canonical_v0__mysql/tag_slices.csv,diagnostic join from existing ledger row and retained taxonomy used by tag_slices; tag present in existing tag_slices.csv
calcite_hep_fail_closed,calcite_hep_track_a_120_canonical_v0,mysql,LONGTAIL,LONGTAIL_0013,sql_feature,sort,mismatch,mismatch,true,true,true,false,false,runs/user/calcite_hep_track_a_120_canonical_v0__mysql/failures.csv,runs/user/calcite_hep_track_a_120_canonical_v0__mysql/tag_slices.csv,diagnostic join from existing ledger row and retained taxonomy used by tag_slices; tag present in existing tag_slices.csv
calcite_hep_fail_closed,calcite_hep_track_a_120_canonical_v0,mysql,LONGTAIL,LONGTAIL_0013,sql_feature,window_function,mismatch,mismatch,true,true,true,false,false,runs/user/calcite_hep_track_a_120_canonical_v0__mysql/failures.csv,runs/user/calcite_hep_track_a_120_canonical_v0__mysql/tag_slices.csv,diagnostic join from existing ledger row and retained taxonomy used by tag_slices; tag present in existing tag_slices.csv
calcite_hep_fail_closed,calcite_hep_track_a_120_canonical_v0,mysql,LONGTAIL,LONGTAIL_0022,sql_feature,aggregation,none,exact,true,true,true,true,true,,runs/user/calcite_hep_track_a_120_canonical_v0__mysql/tag_slices.csv,diagnostic join from existing ledger row and retained taxonomy used by tag_slices; tag present in existing tag_slices.csv
calcite_hep_fail_closed,calcite_hep_track_a_120_canonical_v0,mysql,LONGTAIL,LONGTAIL_0022,sql_feature,cte,none,exact,true,true,true,true,true,,runs/user/calcite_hep_track_a_120_canonical_v0__mysql/tag_slices.csv,diagnostic join from existing ledger row and retained taxonomy used by tag_slices; tag present in existing tag_slices.csv
calcite_hep_fail_closed,calcite_hep_track_a_120_canonical_v0,mysql,LONGTAIL,LONGTAIL_0022,sql_feature,join,none,exact,true,true,true,true,true,,runs/user/calcite_hep_track_a_120_canonical_v0__mysql/tag_slices.csv,diagnostic join from existing ledger row and retained taxonomy used by tag_slices; tag present in existing tag_slices.csv
calcite_hep_fail_closed,calcite_hep_track_a_120_canonical_v0,mysql,LONGTAIL,LONGTAIL_0022,sql_feature,outer_join,none,exact,true,true,true,true,true,,runs/user/calcite_hep_track_a_120_canonical_v0__mysql/tag_slices.csv,diagnostic join from existing ledger row and retained taxonomy used by tag_slices; tag present in existing tag_slices.csv
calcite_hep_fail_closed,calcite_hep_track_a_120_canonical_v0,mysql,LONGTAIL,LONGTAIL_0022,sql_feature,sort,none,exact,true,true,true,true,true,,runs/user/calcite_hep_track_a_120_canonical_v0__mysql/tag_slices.csv,diagnostic join from existing ledger row and retained taxonomy used by tag_slices; tag present in existing tag_slices.csv
calcite_hep_fail_closed,calcite_hep_track_a_120_canonical_v0,mysql,LONGTAIL,LONGTAIL_0023,sql_feature,aggregation,none,exact,true,true,true,true,true,,runs/user/calcite_hep_track_a_120_canonical_v0__mysql/tag_slices.csv,diagnostic join from existing ledger row and retained taxonomy used by tag_slices; tag present in existing tag_slices.csv
calcite_hep_fail_closed,calcite_hep_track_a_120_canonical_v0,mysql,LONGTAIL,LONGTAIL_0023,sql_feature,cte,none,exact,true,true,true,true,true,,runs/user/calcite_hep_track_a_120_canonical_v0__mysql/tag_slices.csv,diagnostic join from existing ledger row and retained taxonomy used by tag_slices; tag present in existing tag_slices.csv
calcite_hep_fail_closed,calcite_hep_track_a_120_canonical_v0,mysql,LONGTAIL,LONGTAIL_0023,sql_feature,directed_relation,none,exact,true,true,true,true,true,,runs/user/calcite_hep_track_a_120_canonical_v0__mysql/tag_slices.csv,diagnostic join from existing ledger row and retained taxonomy used by tag_slices; tag present in existing tag_slices.csv
calcite_hep_fail_closed,calcite_hep_track_a_120_canonical_v0,mysql,LONGTAIL,LONGTAIL_0023,sql_feature,outer_join,none,exact,true,true,true,true,true,,runs/user/calcite_hep_track_a_120_canonical_v0__mysql/tag_slices.csv,diagnostic join from existing ledger row and retained taxonomy used by tag_slices; tag present in existing tag_slices.csv
calcite_hep_fail_closed,calcite_hep_track_a_120_canonical_v0,mysql,LONGTAIL,LONGTAIL_0023,sql_feature,sort,none,exact,true,true,true,true,true,,runs/user/calcite_hep_track_a_120_canonical_v0__mysql/tag_slices.csv,diagnostic join from existing ledger row and retained taxonomy used by tag_slices; tag present in existing tag_slices.csv
calcite_hep_fail_closed,calcite_hep_track_a_120_canonical_v0,mysql,LONGTAIL,LONGTAIL_0024,sql_feature,aggregation,none,exact,true,true,true,true,true,,runs/user/calcite_hep_track_a_120_canonical_v0__mysql/tag_slices.csv,diagnostic join from existing ledger row and retained taxonomy used by tag_slices; tag present in existing tag_slices.csv
calcite_hep_fail_closed,calcite_hep_track_a_120_canonical_v0,mysql,LONGTAIL,LONGTAIL_0024,sql_feature,cte,none,exact,true,true,true,true,true,,runs/user/calcite_hep_track_a_120_canonical_v0__mysql/tag_slices.csv,diagnostic join from existing ledger row and retained taxonomy used by tag_slices; tag present in existing tag_slices.csv
calcite_hep_fail_closed,calcite_hep_track_a_120_canonical_v0,mysql,LONGTAIL,LONGTAIL_0024,sql_feature,join,none,exact,true,true,true,true,true,,runs/user/calcite_hep_track_a_120_canonical_v0__mysql/tag_slices.csv,diagnostic join from existing ledger row and retained taxonomy used by tag_slices; tag present in existing tag_slices.csv
calcite_hep_fail_closed,calcite_hep_track_a_120_canonical_v0,mysql,LONGTAIL,LONGTAIL_0024,sql_feature,sort,none,exact,true,true,true,true,true,,runs/user/calcite_hep_track_a_120_canonical_v0__mysql/tag_slices.csv,diagnostic join from existing ledger row and retained taxonomy used by tag_slices; tag present in existing tag_slices.csv
calcite_hep_fail_closed,calcite_hep_track_a_120_canonical_v0,mysql,LONGTAIL,LONGTAIL_0024,sql_feature,temporal_min_max,none,exact,true,true,true,true,true,,runs/user/calcite_hep_track_a_120_canonical_v0__mysql/tag_slices.csv,diagnostic join from existing ledger row and retained taxonomy used by tag_slices; tag present in existing tag_slices.csv
calcite_hep_fail_closed,calcite_hep_track_a_120_canonical_v0,spark,PERF,PERF_0006,rewrite_opportunity,materialization_strategy,none,exact,true,true,true,true,true,,runs/user/calcite_hep_track_a_120_canonical_v0__spark/tag_slices.csv,diagnostic join from existing ledger row and retained taxonomy used by tag_slices; tag present in existing tag_slices.csv
calcite_hep_fail_closed,calcite_hep_track_a_120_canonical_v0,spark,PERF,PERF_0006,rewrite_opportunity,predicate_pushdown,none,exact,true,true,true,true,true,,runs/user/calcite_hep_track_a_120_canonical_v0__spark/tag_slices.csv,diagnostic join from existing ledger row and retained taxonomy used by tag_slices; tag present in existing tag_slices.csv
calcite_hep_fail_closed,calcite_hep_track_a_120_canonical_v0,spark,PERF,PERF_0006,sql_feature,date_time_function,none,exact,true,true,true,true,true,,runs/user/calcite_hep_track_a_120_canonical_v0__spark/tag_slices.csv,diagnostic join from existing ledger row and retained taxonomy used by tag_slices; tag present in existing tag_slices.csv
calcite_hep_fail_closed,calcite_hep_track_a_120_canonical_v0,spark,PERF,PERF_0006,sql_feature,expression_complexity,none,exact,true,true,true,true,true,,runs/user/calcite_hep_track_a_120_canonical_v0__spark/tag_slices.csv,diagnostic join from existing ledger row and retained taxonomy used by tag_slices; tag present in existing tag_slices.csv
calcite_hep_fail_closed,calcite_hep_track_a_120_canonical_v0,spark,PERF,PERF_0007,rewrite_opportunity,materialization_strategy,none,exact,true,true,true,true,true,,runs/user/calcite_hep_track_a_120_canonical_v0__spark/tag_slices.csv,diagnostic join from existing ledger row and retained taxonomy used by tag_slices; tag present in existing tag_slices.csv
calcite_hep_fail_closed,calcite_hep_track_a_120_canonical_v0,spark,PERF,PERF_0007,rewrite_opportunity,predicate_pushdown,none,exact,true,true,true,true,true,,runs/user/calcite_hep_track_a_120_canonical_v0__spark/tag_slices.csv,diagnostic join from existing ledger row and retained taxonomy used by tag_slices; tag present in existing tag_slices.csv
calcite_hep_fail_closed,calcite_hep_track_a_120_canonical_v0,spark,PERF,PERF_0007,sql_feature,date_time_function,none,exact,true,true,true,true,true,,runs/user/calcite_hep_track_a_120_canonical_v0__spark/tag_slices.csv,diagnostic join from existing ledger row and retained taxonomy used by tag_slices; tag present in existing tag_slices.csv
calcite_hep_fail_closed,calcite_hep_track_a_120_canonical_v0,spark,PERF,PERF_0008,rewrite_opportunity,materialization_strategy,none,exact,true,true,true,true,true,,runs/user/calcite_hep_track_a_120_canonical_v0__spark/tag_slices.csv,diagnostic join from existing ledger row and retained taxonomy used by tag_slices; tag present in existing tag_slices.csv
calcite_hep_fail_closed,calcite_hep_track_a_120_canonical_v0,spark,PERF,PERF_0008,rewrite_opportunity,predicate_pushdown,none,exact,true,true,true,true,true,,runs/user/calcite_hep_track_a_120_canonical_v0__spark/tag_slices.csv,diagnostic join from existing ledger row and retained taxonomy used by tag_slices; tag present in existing tag_slices.csv
calcite_hep_fail_closed,calcite_hep_track_a_120_canonical_v0,spark,PERF,PERF_0008,sql_feature,date_time_function,none,exact,true,true,true,true,true,,runs/user/calcite_hep_track_a_120_canonical_v0__spark/tag_slices.csv,diagnostic join from existing ledger row and retained taxonomy used by tag_slices; tag present in existing tag_slices.csv
calcite_hep_fail_closed,calcite_hep_track_a_120_canonical_v0,spark,PERF,PERF_0008,sql_feature,subquery_in_from,none,exact,true,true,true,true,true,,runs/user/calcite_hep_track_a_120_canonical_v0__spark/tag_slices.csv,diagnostic join from existing ledger row and retained taxonomy used by tag_slices; tag present in existing tag_slices.csv
calcite_hep_fail_closed,calcite_hep_track_a_120_canonical_v0,spark,PERF,PERF_0013,rewrite_opportunity,join_reorder,none,exact,true,true,true,true,true,,runs/user/calcite_hep_track_a_120_canonical_v0__spark/tag_slices.csv,diagnostic join from existing ledger row and retained taxonomy used by tag_slices; tag present in existing tag_slices.csv
calcite_hep_fail_closed,calcite_hep_track_a_120_canonical_v0,spark,PERF,PERF_0013,rewrite_opportunity,predicate_pushdown,none,exact,true,true,true,true,true,,runs/user/calcite_hep_track_a_120_canonical_v0__spark/tag_slices.csv,diagnostic join from existing ledger row and retained taxonomy used by tag_slices; tag present in existing tag_slices.csv
calcite_hep_fail_closed,calcite_hep_track_a_120_canonical_v0,spark,PERF,PERF_0013,sql_feature,date_time_function,none,exact,true,true,true,true,true,,runs/user/calcite_hep_track_a_120_canonical_v0__spark/tag_slices.csv,diagnostic join from existing ledger row and retained taxonomy used by tag_slices; tag present in existing tag_slices.csv
calcite_hep_fail_closed,calcite_hep_track_a_120_canonical_v0,spark,PERF,PERF_0017,rewrite_opportunity,join_reorder,none,exact,true,true,true,true,true,,runs/user/calcite_hep_track_a_120_canonical_v0__spark/tag_slices.csv,diagnostic join from existing ledger row and retained taxonomy used by tag_slices; tag present in existing tag_slices.csv
calcite_hep_fail_closed,calcite_hep_track_a_120_canonical_v0,spark,PERF,PERF_0017,rewrite_opportunity,predicate_pushdown,none,exact,true,true,true,true,true,,runs/user/calcite_hep_track_a_120_canonical_v0__spark/tag_slices.csv,diagnostic join from existing ledger row and retained taxonomy used by tag_slices; tag present in existing tag_slices.csv
calcite_hep_fail_closed,calcite_hep_track_a_120_canonical_v0,spark,PERF,PERF_0017,sql_feature,date_time_function,none,exact,true,true,true,true,true,,runs/user/calcite_hep_track_a_120_canonical_v0__spark/tag_slices.csv,diagnostic join from existing ledger row and retained taxonomy used by tag_slices; tag present in existing tag_slices.csv
calcite_hep_fail_closed,calcite_hep_track_a_120_canonical_v0,spark,PERF,PERF_0019,rewrite_opportunity,materialization_strategy,none,exact,true,true,true,true,true,,runs/user/calcite_hep_track_a_120_canonical_v0__spark/tag_slices.csv,diagnostic join from existing ledger row and retained taxonomy used by tag_slices; tag present in existing tag_slices.csv
calcite_hep_fail_closed,calcite_hep_track_a_120_canonical_v0,spark,PERF,PERF_0019,rewrite_opportunity,predicate_pushdown,none,exact,true,true,true,true,true,,runs/user/calcite_hep_track_a_120_canonical_v0__spark/tag_slices.csv,diagnostic join from existing ledger row and retained taxonomy used by tag_slices; tag present in existing tag_slices.csv
calcite_hep_fail_closed,calcite_hep_track_a_120_canonical_v0,spark,PERF,PERF_0019,sql_feature,outer_join,none,exact,true,true,true,true,true,,runs/user/calcite_hep_track_a_120_canonical_v0__spark/tag_slices.csv,diagnostic join from existing ledger row and retained taxonomy used by tag_slices; tag present in existing tag_slices.csv
calcite_hep_fail_closed,calcite_hep_track_a_120_canonical_v0,spark,PERF,PERF_0019,sql_feature,subquery_in_from,none,exact,true,true,true,true,true,,runs/user/calcite_hep_track_a_120_canonical_v0__spark/tag_slices.csv,diagnostic join from existing ledger row and retained taxonomy used by tag_slices; tag present in existing tag_slices.csv
calcite_hep_fail_closed,calcite_hep_track_a_120_canonical_v0,spark,PERF,PERF_0024,rewrite_opportunity,predicate_pushdown,none,exact,true,true,true,true,true,,runs/user/calcite_hep_track_a_120_canonical_v0__spark/tag_slices.csv,diagnostic join from existing ledger row and retained taxonomy used by tag_slices; tag present in existing tag_slices.csv
calcite_hep_fail_closed,calcite_hep_track_a_120_canonical_v0,spark,PERF,PERF_0024,rewrite_opportunity,subquery_decorrelation,none,exact,true,true,true,true,true,,runs/user/calcite_hep_track_a_120_canonical_v0__spark/tag_slices.csv,diagnostic join from existing ledger row and retained taxonomy used by tag_slices; tag present in existing tag_slices.csv
calcite_hep_fail_closed,calcite_hep_track_a_120_canonical_v0,spark,PERF,PERF_0024,sql_feature,correlated_subquery,none,exact,true,true,true,true,true,,runs/user/calcite_hep_track_a_120_canonical_v0__spark/tag_slices.csv,diagnostic join from existing ledger row and retained taxonomy used by tag_slices; tag present in existing tag_slices.csv
calcite_hep_fail_closed,calcite_hep_track_a_120_canonical_v0,spark,PERF,PERF_0024,sql_feature,date_time_function,none,exact,true,true,true,true,true,,runs/user/calcite_hep_track_a_120_canonical_v0__spark/tag_slices.csv,diagnostic join from existing ledger row and retained taxonomy used by tag_slices; tag present in existing tag_slices.csv
calcite_hep_fail_closed,calcite_hep_track_a_120_canonical_v0,spark,PERF,PERF_0033,portability_risk,limit_fetch_gap,none,exact,true,true,true,true,true,,runs/user/calcite_hep_track_a_120_canonical_v0__spark/tag_slices.csv,diagnostic join from existing ledger row and retained taxonomy used by tag_slices; tag present in existing tag_slices.csv
calcite_hep_fail_closed,calcite_hep_track_a_120_canonical_v0,spark,PERF,PERF_0033,rewrite_opportunity,join_reorder,none,exact,true,true,true,true,true,,runs/user/calcite_hep_track_a_120_canonical_v0__spark/tag_slices.csv,diagnostic join from existing ledger row and retained taxonomy used by tag_slices; tag present in existing tag_slices.csv
calcite_hep_fail_closed,calcite_hep_track_a_120_canonical_v0,spark,PERF,PERF_0033,rewrite_opportunity,predicate_pushdown,none,exact,true,true,true,true,true,,runs/user/calcite_hep_track_a_120_canonical_v0__spark/tag_slices.csv,diagnostic join from existing ledger row and retained taxonomy used by tag_slices; tag present in existing tag_slices.csv
calcite_hep_fail_closed,calcite_hep_track_a_120_canonical_v0,spark,PERF,PERF_0033,sql_feature,aggregate,none,exact,true,true,true,true,true,,runs/user/calcite_hep_track_a_120_canonical_v0__spark/tag_slices.csv,diagnostic join from existing ledger row and retained taxonomy used by tag_slices; tag present in existing tag_slices.csv
calcite_hep_fail_closed,calcite_hep_track_a_120_canonical_v0,spark,PERF,PERF_0033,sql_feature,group_by,none,exact,true,true,true,true,true,,runs/user/calcite_hep_track_a_120_canonical_v0__spark/tag_slices.csv,diagnostic join from existing ledger row and retained taxonomy used by tag_slices; tag present in existing tag_slices.csv
calcite_hep_fail_closed,calcite_hep_track_a_120_canonical_v0,spark,PERF,PERF_0033,sql_feature,join,none,exact,true,true,true,true,true,,runs/user/calcite_hep_track_a_120_canonical_v0__spark/tag_slices.csv,diagnostic join from existing ledger row and retained taxonomy used by tag_slices; tag present in existing tag_slices.csv
calcite_hep_fail_closed,calcite_hep_track_a_120_canonical_v0,spark,PERF,PERF_0033,sql_feature,limit,none,exact,true,true,true,true,true,,runs/user/calcite_hep_track_a_120_canonical_v0__spark/tag_slices.csv,diagnostic join from existing ledger row and retained taxonomy used by tag_slices; tag present in existing tag_slices.csv
calcite_hep_fail_closed,calcite_hep_track_a_120_canonical_v0,spark,PERF,PERF_0033,sql_feature,order_by,none,exact,true,true,true,true,true,,runs/user/calcite_hep_track_a_120_canonical_v0__spark/tag_slices.csv,diagnostic join from existing ledger row and retained taxonomy used by tag_slices; tag present in existing tag_slices.csv
calcite_hep_fail_closed,calcite_hep_track_a_120_canonical_v0,spark,PERF,PERF_0034,rewrite_opportunity,materialization_strategy,none,exact,true,true,true,true,true,,runs/user/calcite_hep_track_a_120_canonical_v0__spark/tag_slices.csv,diagnostic join from existing ledger row and retained taxonomy used by tag_slices; tag present in existing tag_slices.csv
calcite_hep_fail_closed,calcite_hep_track_a_120_canonical_v0,spark,PERF,PERF_0034,rewrite_opportunity,predicate_pushdown,none,exact,true,true,true,true,true,,runs/user/calcite_hep_track_a_120_canonical_v0__spark/tag_slices.csv,diagnostic join from existing ledger row and retained taxonomy used by tag_slices; tag present in existing tag_slices.csv
calcite_hep_fail_closed,calcite_hep_track_a_120_canonical_v0,spark,PERF,PERF_0034,sql_feature,cte,none,exact,true,true,true,true,true,,runs/user/calcite_hep_track_a_120_canonical_v0__spark/tag_slices.csv,diagnostic join from existing ledger row and retained taxonomy used by tag_slices; tag present in existing tag_slices.csv
calcite_hep_fail_closed,calcite_hep_track_a_120_canonical_v0,spark,PERF,PERF_0034,sql_feature,set_operation,none,exact,true,true,true,true,true,,runs/user/calcite_hep_track_a_120_canonical_v0__spark/tag_slices.csv,diagnostic join from existing ledger row and retained taxonomy used by tag_slices; tag present in existing tag_slices.csv
calcite_hep_fail_closed,calcite_hep_track_a_120_canonical_v0,spark,PERF,PERF_0035,portability_risk,type_semantics_gap,none,exact,true,true,true,true,true,,runs/user/calcite_hep_track_a_120_canonical_v0__spark/tag_slices.csv,diagnostic join from existing ledger row and retained taxonomy used by tag_slices; tag present in existing tag_slices.csv
calcite_hep_fail_closed,calcite_hep_track_a_120_canonical_v0,spark,PERF,PERF_0035,rewrite_opportunity,aggregation_rewrite,none,exact,true,true,true,true,true,,runs/user/calcite_hep_track_a_120_canonical_v0__spark/tag_slices.csv,diagnostic join from existing ledger row and retained taxonomy used by tag_slices; tag present in existing tag_slices.csv
calcite_hep_fail_closed,calcite_hep_track_a_120_canonical_v0,spark,PERF,PERF_0035,rewrite_opportunity,cte_strategy,none,exact,true,true,true,true,true,,runs/user/calcite_hep_track_a_120_canonical_v0__spark/tag_slices.csv,diagnostic join from existing ledger row and retained taxonomy used by tag_slices; tag present in existing tag_slices.csv
calcite_hep_fail_closed,calcite_hep_track_a_120_canonical_v0,spark,PERF,PERF_0035,sql_feature,cte,none,exact,true,true,true,true,true,,runs/user/calcite_hep_track_a_120_canonical_v0__spark/tag_slices.csv,diagnostic join from existing ledger row and retained taxonomy used by tag_slices; tag present in existing tag_slices.csv
calcite_hep_fail_closed,calcite_hep_track_a_120_canonical_v0,spark,PERF,PERF_0035,sql_feature,expression_complexity,none,exact,true,true,true,true,true,,runs/user/calcite_hep_track_a_120_canonical_v0__spark/tag_slices.csv,diagnostic join from existing ledger row and retained taxonomy used by tag_slices; tag present in existing tag_slices.csv
calcite_hep_fail_closed,calcite_hep_track_a_120_canonical_v0,spark,PERF,PERF_0035,sql_feature,window_function,none,exact,true,true,true,true,true,,runs/user/calcite_hep_track_a_120_canonical_v0__spark/tag_slices.csv,diagnostic join from existing ledger row and retained taxonomy used by tag_slices; tag present in existing tag_slices.csv
calcite_hep_fail_closed,calcite_hep_track_a_120_canonical_v0,spark,PERF,PERF_0052,sql_feature,aggregate,none,exact,true,true,true,true,true,,runs/user/calcite_hep_track_a_120_canonical_v0__spark/tag_slices.csv,diagnostic join from existing ledger row and retained taxonomy used by tag_slices; tag present in existing tag_slices.csv
calcite_hep_fail_closed,calcite_hep_track_a_120_canonical_v0,spark,PERF,PERF_0052,sql_feature,correlated_subquery,none,exact,true,true,true,true,true,,runs/user/calcite_hep_track_a_120_canonical_v0__spark/tag_slices.csv,diagnostic join from existing ledger row and retained taxonomy used by tag_slices; tag present in existing tag_slices.csv
calcite_hep_fail_closed,calcite_hep_track_a_120_canonical_v0,spark,PERF,PERF_0052,sql_feature,cte,none,exact,true,true,true,true,true,,runs/user/calcite_hep_track_a_120_canonical_v0__spark/tag_slices.csv,diagnostic join from existing ledger row and retained taxonomy used by tag_slices; tag present in existing tag_slices.csv
calcite_hep_fail_closed,calcite_hep_track_a_120_canonical_v0,spark,PERF,PERF_0052,sql_feature,group_by,none,exact,true,true,true,true,true,,runs/user/calcite_hep_track_a_120_canonical_v0__spark/tag_slices.csv,diagnostic join from existing ledger row and retained taxonomy used by tag_slices; tag present in existing tag_slices.csv
calcite_hep_fail_closed,calcite_hep_track_a_120_canonical_v0,spark,PERF,PERF_0052,sql_feature,limit,none,exact,true,true,true,true,true,,runs/user/calcite_hep_track_a_120_canonical_v0__spark/tag_slices.csv,diagnostic join from existing ledger row and retained taxonomy used by tag_slices; tag present in existing tag_slices.csv
calcite_hep_fail_closed,calcite_hep_track_a_120_canonical_v0,spark,PERF,PERF_0052,sql_feature,order_by,none,exact,true,true,true,true,true,,runs/user/calcite_hep_track_a_120_canonical_v0__spark/tag_slices.csv,diagnostic join from existing ledger row and retained taxonomy used by tag_slices; tag present in existing tag_slices.csv
calcite_hep_fail_closed,calcite_hep_track_a_120_canonical_v0,spark,PERF,PERF_0054,sql_feature,aggregate,none,exact,true,true,true,true,true,,runs/user/calcite_hep_track_a_120_canonical_v0__spark/tag_slices.csv,diagnostic join from existing ledger row and retained taxonomy used by tag_slices; tag present in existing tag_slices.csv
calcite_hep_fail_closed,calcite_hep_track_a_120_canonical_v0,spark,PERF,PERF_0054,sql_feature,group_by,none,exact,true,true,true,true,true,,runs/user/calcite_hep_track_a_120_canonical_v0__spark/tag_slices.csv,diagnostic join from existing ledger row and retained taxonomy used by tag_slices; tag present in existing tag_slices.csv
calcite_hep_fail_closed,calcite_hep_track_a_120_canonical_v0,spark,PERF,PERF_0054,sql_feature,join,none,exact,true,true,true,true,true,,runs/user/calcite_hep_track_a_120_canonical_v0__spark/tag_slices.csv,diagnostic join from existing ledger row and retained taxonomy used by tag_slices; tag present in existing tag_slices.csv
calcite_hep_fail_closed,calcite_hep_track_a_120_canonical_v0,spark,PERF,PERF_0054,sql_feature,limit,none,exact,true,true,true,true,true,,runs/user/calcite_hep_track_a_120_canonical_v0__spark/tag_slices.csv,diagnostic join from existing ledger row and retained taxonomy used by tag_slices; tag present in existing tag_slices.csv
calcite_hep_fail_closed,calcite_hep_track_a_120_canonical_v0,spark,PERF,PERF_0054,sql_feature,order_by,none,exact,true,true,true,true,true,,runs/user/calcite_hep_track_a_120_canonical_v0__spark/tag_slices.csv,diagnostic join from existing ledger row and retained taxonomy used by tag_slices; tag present in existing tag_slices.csv
calcite_hep_fail_closed,calcite_hep_track_a_120_canonical_v0,spark,PERF,PERF_0056,sql_feature,aggregate,none,exact,true,true,true,true,true,,runs/user/calcite_hep_track_a_120_canonical_v0__spark/tag_slices.csv,diagnostic join from existing ledger row and retained taxonomy used by tag_slices; tag present in existing tag_slices.csv
calcite_hep_fail_closed,calcite_hep_track_a_120_canonical_v0,spark,PERF,PERF_0056,sql_feature,group_by,none,exact,true,true,true,true,true,,runs/user/calcite_hep_track_a_120_canonical_v0__spark/tag_slices.csv,diagnostic join from existing ledger row and retained taxonomy used by tag_slices; tag present in existing tag_slices.csv
calcite_hep_fail_closed,calcite_hep_track_a_120_canonical_v0,spark,PERF,PERF_0056,sql_feature,having,none,exact,true,true,true,true,true,,runs/user/calcite_hep_track_a_120_canonical_v0__spark/tag_slices.csv,diagnostic join from existing ledger row and retained taxonomy used by tag_slices; tag present in existing tag_slices.csv
calcite_hep_fail_closed,calcite_hep_track_a_120_canonical_v0,spark,PERF,PERF_0056,sql_feature,limit,none,exact,true,true,true,true,true,,runs/user/calcite_hep_track_a_120_canonical_v0__spark/tag_slices.csv,diagnostic join from existing ledger row and retained taxonomy used by tag_slices; tag present in existing tag_slices.csv
calcite_hep_fail_closed,calcite_hep_track_a_120_canonical_v0,spark,PERF,PERF_0056,sql_feature,order_by,none,exact,true,true,true,true,true,,runs/user/calcite_hep_track_a_120_canonical_v0__spark/tag_slices.csv,diagnostic join from existing ledger row and retained taxonomy used by tag_slices; tag present in existing tag_slices.csv
calcite_hep_fail_closed,calcite_hep_track_a_120_canonical_v0,spark,PERF,PERF_0056,sql_feature,scalar_subquery,none,exact,true,true,true,true,true,,runs/user/calcite_hep_track_a_120_canonical_v0__spark/tag_slices.csv,diagnostic join from existing ledger row and retained taxonomy used by tag_slices; tag present in existing tag_slices.csv
calcite_hep_fail_closed,calcite_hep_track_a_120_canonical_v0,spark,PERF,PERF_0062,sql_feature,aggregate,candidate_execution_failed,not_exact_due_to_execution_failure,true,true,false,false,false,runs/user/calcite_hep_track_a_120_canonical_v0__spark/failures.csv,runs/user/calcite_hep_track_a_120_canonical_v0__spark/tag_slices.csv,diagnostic join from existing ledger row and retained taxonomy used by tag_slices; tag present in existing tag_slices.csv
calcite_hep_fail_closed,calcite_hep_track_a_120_canonical_v0,spark,PERF,PERF_0062,sql_feature,disjunction,candidate_execution_failed,not_exact_due_to_execution_failure,true,true,false,false,false,runs/user/calcite_hep_track_a_120_canonical_v0__spark/failures.csv,runs/user/calcite_hep_track_a_120_canonical_v0__spark/tag_slices.csv,diagnostic join from existing ledger row and retained taxonomy used by tag_slices; tag present in existing tag_slices.csv
calcite_hep_fail_closed,calcite_hep_track_a_120_canonical_v0,spark,PERF,PERF_0062,sql_feature,join,candidate_execution_failed,not_exact_due_to_execution_failure,true,true,false,false,false,runs/user/calcite_hep_track_a_120_canonical_v0__spark/failures.csv,runs/user/calcite_hep_track_a_120_canonical_v0__spark/tag_slices.csv,diagnostic join from existing ledger row and retained taxonomy used by tag_slices; tag present in existing tag_slices.csv
calcite_hep_fail_closed,calcite_hep_track_a_120_canonical_v0,spark,PERF,PERF_0062,sql_feature,range_predicate,candidate_execution_failed,not_exact_due_to_execution_failure,true,true,false,false,false,runs/user/calcite_hep_track_a_120_canonical_v0__spark/failures.csv,runs/user/calcite_hep_track_a_120_canonical_v0__spark/tag_slices.csv,diagnostic join from existing ledger row and retained taxonomy used by tag_slices; tag present in existing tag_slices.csv
calcite_hep_fail_closed,calcite_hep_track_a_120_canonical_v0,spark,PERF,PERF_0077,sql_feature,aggregate,none,exact,true,true,true,true,true,,runs/user/calcite_hep_track_a_120_canonical_v0__spark/tag_slices.csv,diagnostic join from existing ledger row and retained taxonomy used by tag_slices; tag present in existing tag_slices.csv
calcite_hep_fail_closed,calcite_hep_track_a_120_canonical_v0,spark,PERF,PERF_0077,sql_feature,filter,none,exact,true,true,true,true,true,,runs/user/calcite_hep_track_a_120_canonical_v0__spark/tag_slices.csv,diagnostic join from existing ledger row and retained taxonomy used by tag_slices; tag present in existing tag_slices.csv
calcite_hep_fail_closed,calcite_hep_track_a_120_canonical_v0,spark,PERF,PERF_0077,sql_feature,join,none,exact,true,true,true,true,true,,runs/user/calcite_hep_track_a_120_canonical_v0__spark/tag_slices.csv,diagnostic join from existing ledger row and retained taxonomy used by tag_slices; tag present in existing tag_slices.csv
calcite_hep_fail_closed,calcite_hep_track_a_120_canonical_v0,spark,PERF,PERF_0077,sql_feature,text_like_predicate,none,exact,true,true,true,true,true,,runs/user/calcite_hep_track_a_120_canonical_v0__spark/tag_slices.csv,diagnostic join from existing ledger row and retained taxonomy used by tag_slices; tag present in existing tag_slices.csv
calcite_hep_fail_closed,calcite_hep_track_a_120_canonical_v0,spark,PERF,PERF_0082,sql_feature,aggregate,none,exact,true,true,true,true,true,,runs/user/calcite_hep_track_a_120_canonical_v0__spark/tag_slices.csv,diagnostic join from existing ledger row and retained taxonomy used by tag_slices; tag present in existing tag_slices.csv
calcite_hep_fail_closed,calcite_hep_track_a_120_canonical_v0,spark,PERF,PERF_0082,sql_feature,filter,none,exact,true,true,true,true,true,,runs/user/calcite_hep_track_a_120_canonical_v0__spark/tag_slices.csv,diagnostic join from existing ledger row and retained taxonomy used by tag_slices; tag present in existing tag_slices.csv
calcite_hep_fail_closed,calcite_hep_track_a_120_canonical_v0,spark,PERF,PERF_0082,sql_feature,join,none,exact,true,true,true,true,true,,runs/user/calcite_hep_track_a_120_canonical_v0__spark/tag_slices.csv,diagnostic join from existing ledger row and retained taxonomy used by tag_slices; tag present in existing tag_slices.csv
calcite_hep_fail_closed,calcite_hep_track_a_120_canonical_v0,spark,PERF,PERF_0082,sql_feature,materialize,none,exact,true,true,true,true,true,,runs/user/calcite_hep_track_a_120_canonical_v0__spark/tag_slices.csv,diagnostic join from existing ledger row and retained taxonomy used by tag_slices; tag present in existing tag_slices.csv
calcite_hep_fail_closed,calcite_hep_track_a_120_canonical_v0,spark,PERF,PERF_0082,sql_feature,text_like_predicate,none,exact,true,true,true,true,true,,runs/user/calcite_hep_track_a_120_canonical_v0__spark/tag_slices.csv,diagnostic join from existing ledger row and retained taxonomy used by tag_slices; tag present in existing tag_slices.csv
calcite_hep_fail_closed,calcite_hep_track_a_120_canonical_v0,spark,CONS,CONS_0005,portability_risk,null_semantics_gap,none,exact,true,true,true,true,true,,runs/user/calcite_hep_track_a_120_canonical_v0__spark/tag_slices.csv,diagnostic join from existing ledger row and retained taxonomy used by tag_slices; tag present in existing tag_slices.csv
calcite_hep_fail_closed,calcite_hep_track_a_120_canonical_v0,spark,CONS,CONS_0005,rewrite_opportunity,subquery_decorrelation,none,exact,true,true,true,true,true,,runs/user/calcite_hep_track_a_120_canonical_v0__spark/tag_slices.csv,diagnostic join from existing ledger row and retained taxonomy used by tag_slices; tag present in existing tag_slices.csv
calcite_hep_fail_closed,calcite_hep_track_a_120_canonical_v0,spark,CONS,CONS_0005,sql_feature,correlated_subquery,none,exact,true,true,true,true,true,,runs/user/calcite_hep_track_a_120_canonical_v0__spark/tag_slices.csv,diagnostic join from existing ledger row and retained taxonomy used by tag_slices; tag present in existing tag_slices.csv
calcite_hep_fail_closed,calcite_hep_track_a_120_canonical_v0,spark,CONS,CONS_0007,sql_feature,correlated_subquery,none,exact,true,true,true,true,true,,runs/user/calcite_hep_track_a_120_canonical_v0__spark/tag_slices.csv,diagnostic join from existing ledger row and retained taxonomy used by tag_slices; tag present in existing tag_slices.csv
calcite_hep_fail_closed,calcite_hep_track_a_120_canonical_v0,spark,CONS,CONS_0007,sql_feature,subquery_in_from,none,exact,true,true,true,true,true,,runs/user/calcite_hep_track_a_120_canonical_v0__spark/tag_slices.csv,diagnostic join from existing ledger row and retained taxonomy used by tag_slices; tag present in existing tag_slices.csv
calcite_hep_fail_closed,calcite_hep_track_a_120_canonical_v0,spark,CONS,CONS_0009,sql_feature,correlated_subquery,none,exact,true,true,true,true,true,,runs/user/calcite_hep_track_a_120_canonical_v0__spark/tag_slices.csv,diagnostic join from existing ledger row and retained taxonomy used by tag_slices; tag present in existing tag_slices.csv
calcite_hep_fail_closed,calcite_hep_track_a_120_canonical_v0,spark,CONS,CONS_0009,sql_feature,set_operation,none,exact,true,true,true,true,true,,runs/user/calcite_hep_track_a_120_canonical_v0__spark/tag_slices.csv,diagnostic join from existing ledger row and retained taxonomy used by tag_slices; tag present in existing tag_slices.csv
calcite_hep_fail_closed,calcite_hep_track_a_120_canonical_v0,spark,CONS,CONS_0010,sql_feature,correlated_subquery,none,exact,true,true,true,true,true,,runs/user/calcite_hep_track_a_120_canonical_v0__spark/tag_slices.csv,diagnostic join from existing ledger row and retained taxonomy used by tag_slices; tag present in existing tag_slices.csv
calcite_hep_fail_closed,calcite_hep_track_a_120_canonical_v0,spark,CONS,CONS_0011,sql_feature,correlated_subquery,none,exact,true,true,true,true,true,,runs/user/calcite_hep_track_a_120_canonical_v0__spark/tag_slices.csv,diagnostic join from existing ledger row and retained taxonomy used by tag_slices; tag present in existing tag_slices.csv
calcite_hep_fail_closed,calcite_hep_track_a_120_canonical_v0,spark,CONS,CONS_0011,sql_feature,outer_join,none,exact,true,true,true,true,true,,runs/user/calcite_hep_track_a_120_canonical_v0__spark/tag_slices.csv,diagnostic join from existing ledger row and retained taxonomy used by tag_slices; tag present in existing tag_slices.csv
calcite_hep_fail_closed,calcite_hep_track_a_120_canonical_v0,spark,CONS,CONS_0012,portability_risk,limit_fetch_gap,none,exact,true,true,true,true,true,,runs/user/calcite_hep_track_a_120_canonical_v0__spark/tag_slices.csv,diagnostic join from existing ledger row and retained taxonomy used by tag_slices; tag present in existing tag_slices.csv
calcite_hep_fail_closed,calcite_hep_track_a_120_canonical_v0,spark,CONS,CONS_0012,rewrite_opportunity,order_limit_simplification,none,exact,true,true,true,true,true,,runs/user/calcite_hep_track_a_120_canonical_v0__spark/tag_slices.csv,diagnostic join from existing ledger row and retained taxonomy used by tag_slices; tag present in existing tag_slices.csv
calcite_hep_fail_closed,calcite_hep_track_a_120_canonical_v0,spark,CONS,CONS_0012,rewrite_opportunity,subquery_decorrelation,none,exact,true,true,true,true,true,,runs/user/calcite_hep_track_a_120_canonical_v0__spark/tag_slices.csv,diagnostic join from existing ledger row and retained taxonomy used by tag_slices; tag present in existing tag_slices.csv
calcite_hep_fail_closed,calcite_hep_track_a_120_canonical_v0,spark,CONS,CONS_0012,sql_feature,correlated_subquery,none,exact,true,true,true,true,true,,runs/user/calcite_hep_track_a_120_canonical_v0__spark/tag_slices.csv,diagnostic join from existing ledger row and retained taxonomy used by tag_slices; tag present in existing tag_slices.csv
calcite_hep_fail_closed,calcite_hep_track_a_120_canonical_v0,spark,CONS,CONS_0024,rewrite_opportunity,subquery_decorrelation,none,exact,true,true,true,true,true,,runs/user/calcite_hep_track_a_120_canonical_v0__spark/tag_slices.csv,diagnostic join from existing ledger row and retained taxonomy used by tag_slices; tag present in existing tag_slices.csv
calcite_hep_fail_closed,calcite_hep_track_a_120_canonical_v0,spark,CONS,CONS_0024,sql_feature,correlated_subquery,none,exact,true,true,true,true,true,,runs/user/calcite_hep_track_a_120_canonical_v0__spark/tag_slices.csv,diagnostic join from existing ledger row and retained taxonomy used by tag_slices; tag present in existing tag_slices.csv
calcite_hep_fail_closed,calcite_hep_track_a_120_canonical_v0,spark,CONS,CONS_0024,sql_feature,outer_join,none,exact,true,true,true,true,true,,runs/user/calcite_hep_track_a_120_canonical_v0__spark/tag_slices.csv,diagnostic join from existing ledger row and retained taxonomy used by tag_slices; tag present in existing tag_slices.csv
calcite_hep_fail_closed,calcite_hep_track_a_120_canonical_v0,spark,CONS,CONS_0036,rewrite_opportunity,aggregation_rewrite,none,exact,true,true,true,true,true,,runs/user/calcite_hep_track_a_120_canonical_v0__spark/tag_slices.csv,diagnostic join from existing ledger row and retained taxonomy used by tag_slices; tag present in existing tag_slices.csv
calcite_hep_fail_closed,calcite_hep_track_a_120_canonical_v0,spark,CONS,CONS_0036,rewrite_opportunity,predicate_pushdown,none,exact,true,true,true,true,true,,runs/user/calcite_hep_track_a_120_canonical_v0__spark/tag_slices.csv,diagnostic join from existing ledger row and retained taxonomy used by tag_slices; tag present in existing tag_slices.csv
calcite_hep_fail_closed,calcite_hep_track_a_120_canonical_v0,spark,CONS,CONS_0037,rewrite_opportunity,aggregation_rewrite,none,exact,true,true,true,true,true,,runs/user/calcite_hep_track_a_120_canonical_v0__spark/tag_slices.csv,diagnostic join from existing ledger row and retained taxonomy used by tag_slices; tag present in existing tag_slices.csv
calcite_hep_fail_closed,calcite_hep_track_a_120_canonical_v0,spark,CONS,CONS_0037,sql_feature,outer_join,none,exact,true,true,true,true,true,,runs/user/calcite_hep_track_a_120_canonical_v0__spark/tag_slices.csv,diagnostic join from existing ledger row and retained taxonomy used by tag_slices; tag present in existing tag_slices.csv
calcite_hep_fail_closed,calcite_hep_track_a_120_canonical_v0,spark,PORT,PORT_0003,portability_risk,identifier_quoting,no_candidate_sql,not_evaluated_non_db_mvp,false,false,false,false,false,runs/user/calcite_hep_track_a_120_canonical_v0__spark/failures.csv,runs/user/calcite_hep_track_a_120_canonical_v0__spark/tag_slices.csv,diagnostic join from existing ledger row and retained taxonomy used by tag_slices; tag present in existing tag_slices.csv
calcite_hep_fail_closed,calcite_hep_track_a_120_canonical_v0,spark,PORT,PORT_0003,portability_risk,limit_fetch_gap,no_candidate_sql,not_evaluated_non_db_mvp,false,false,false,false,false,runs/user/calcite_hep_track_a_120_canonical_v0__spark/failures.csv,runs/user/calcite_hep_track_a_120_canonical_v0__spark/tag_slices.csv,diagnostic join from existing ledger row and retained taxonomy used by tag_slices; tag present in existing tag_slices.csv
calcite_hep_fail_closed,calcite_hep_track_a_120_canonical_v0,spark,PORT,PORT_0003,portability_risk,null_semantics_gap,no_candidate_sql,not_evaluated_non_db_mvp,false,false,false,false,false,runs/user/calcite_hep_track_a_120_canonical_v0__spark/failures.csv,runs/user/calcite_hep_track_a_120_canonical_v0__spark/tag_slices.csv,diagnostic join from existing ledger row and retained taxonomy used by tag_slices; tag present in existing tag_slices.csv
calcite_hep_fail_closed,calcite_hep_track_a_120_canonical_v0,spark,PORT,PORT_0003,rewrite_opportunity,dialect_adaptation,no_candidate_sql,not_evaluated_non_db_mvp,false,false,false,false,false,runs/user/calcite_hep_track_a_120_canonical_v0__spark/failures.csv,runs/user/calcite_hep_track_a_120_canonical_v0__spark/tag_slices.csv,diagnostic join from existing ledger row and retained taxonomy used by tag_slices; tag present in existing tag_slices.csv
calcite_hep_fail_closed,calcite_hep_track_a_120_canonical_v0,spark,PORT,PORT_0003,rewrite_opportunity,order_limit_simplification,no_candidate_sql,not_evaluated_non_db_mvp,false,false,false,false,false,runs/user/calcite_hep_track_a_120_canonical_v0__spark/failures.csv,runs/user/calcite_hep_track_a_120_canonical_v0__spark/tag_slices.csv,diagnostic join from existing ledger row and retained taxonomy used by tag_slices; tag present in existing tag_slices.csv
calcite_hep_fail_closed,calcite_hep_track_a_120_canonical_v0,spark,PORT,PORT_0004,portability_risk,date_filter_semantics,no_candidate_sql,not_evaluated_non_db_mvp,false,false,false,false,false,runs/user/calcite_hep_track_a_120_canonical_v0__spark/failures.csv,runs/user/calcite_hep_track_a_120_canonical_v0__spark/tag_slices.csv,diagnostic join from existing ledger row and retained taxonomy used by tag_slices; tag present in existing tag_slices.csv
calcite_hep_fail_closed,calcite_hep_track_a_120_canonical_v0,spark,PORT,PORT_0004,portability_risk,datetime_semantics_gap,no_candidate_sql,not_evaluated_non_db_mvp,false,false,false,false,false,runs/user/calcite_hep_track_a_120_canonical_v0__spark/failures.csv,runs/user/calcite_hep_track_a_120_canonical_v0__spark/tag_slices.csv,diagnostic join from existing ledger row and retained taxonomy used by tag_slices; tag present in existing tag_slices.csv
calcite_hep_fail_closed,calcite_hep_track_a_120_canonical_v0,spark,PORT,PORT_0004,portability_risk,identifier_quoting,no_candidate_sql,not_evaluated_non_db_mvp,false,false,false,false,false,runs/user/calcite_hep_track_a_120_canonical_v0__spark/failures.csv,runs/user/calcite_hep_track_a_120_canonical_v0__spark/tag_slices.csv,diagnostic join from existing ledger row and retained taxonomy used by tag_slices; tag present in existing tag_slices.csv
calcite_hep_fail_closed,calcite_hep_track_a_120_canonical_v0,spark,PORT,PORT_0004,portability_risk,literal_predicate_boundary,no_candidate_sql,not_evaluated_non_db_mvp,false,false,false,false,false,runs/user/calcite_hep_track_a_120_canonical_v0__spark/failures.csv,runs/user/calcite_hep_track_a_120_canonical_v0__spark/tag_slices.csv,diagnostic join from existing ledger row and retained taxonomy used by tag_slices; tag present in existing tag_slices.csv
calcite_hep_fail_closed,calcite_hep_track_a_120_canonical_v0,spark,PORT,PORT_0004,portability_risk,result_set_semantics,no_candidate_sql,not_evaluated_non_db_mvp,false,false,false,false,false,runs/user/calcite_hep_track_a_120_canonical_v0__spark/failures.csv,runs/user/calcite_hep_track_a_120_canonical_v0__spark/tag_slices.csv,diagnostic join from existing ledger row and retained taxonomy used by tag_slices; tag present in existing tag_slices.csv
calcite_hep_fail_closed,calcite_hep_track_a_120_canonical_v0,spark,PORT,PORT_0004,portability_risk,type_semantics_gap,no_candidate_sql,not_evaluated_non_db_mvp,false,false,false,false,false,runs/user/calcite_hep_track_a_120_canonical_v0__spark/failures.csv,runs/user/calcite_hep_track_a_120_canonical_v0__spark/tag_slices.csv,diagnostic join from existing ledger row and retained taxonomy used by tag_slices; tag present in existing tag_slices.csv
calcite_hep_fail_closed,calcite_hep_track_a_120_canonical_v0,spark,PORT,PORT_0004,rewrite_opportunity,dialect_adaptation,no_candidate_sql,not_evaluated_non_db_mvp,false,false,false,false,false,runs/user/calcite_hep_track_a_120_canonical_v0__spark/failures.csv,runs/user/calcite_hep_track_a_120_canonical_v0__spark/tag_slices.csv,diagnostic join from existing ledger row and retained taxonomy used by tag_slices; tag present in existing tag_slices.csv
calcite_hep_fail_closed,calcite_hep_track_a_120_canonical_v0,spark,PORT,PORT_0005,portability_risk,identifier_quoting,no_candidate_sql,not_evaluated_non_db_mvp,false,false,false,false,false,runs/user/calcite_hep_track_a_120_canonical_v0__spark/failures.csv,runs/user/calcite_hep_track_a_120_canonical_v0__spark/tag_slices.csv,diagnostic join from existing ledger row and retained taxonomy used by tag_slices; tag present in existing tag_slices.csv
calcite_hep_fail_closed,calcite_hep_track_a_120_canonical_v0,spark,PORT,PORT_0005,portability_risk,limit_fetch_gap,no_candidate_sql,not_evaluated_non_db_mvp,false,false,false,false,false,runs/user/calcite_hep_track_a_120_canonical_v0__spark/failures.csv,runs/user/calcite_hep_track_a_120_canonical_v0__spark/tag_slices.csv,diagnostic join from existing ledger row and retained taxonomy used by tag_slices; tag present in existing tag_slices.csv
calcite_hep_fail_closed,calcite_hep_track_a_120_canonical_v0,spark,PORT,PORT_0005,portability_risk,null_semantics_gap,no_candidate_sql,not_evaluated_non_db_mvp,false,false,false,false,false,runs/user/calcite_hep_track_a_120_canonical_v0__spark/failures.csv,runs/user/calcite_hep_track_a_120_canonical_v0__spark/tag_slices.csv,diagnostic join from existing ledger row and retained taxonomy used by tag_slices; tag present in existing tag_slices.csv
calcite_hep_fail_closed,calcite_hep_track_a_120_canonical_v0,spark,PORT,PORT_0005,portability_risk,order_direction_gap,no_candidate_sql,not_evaluated_non_db_mvp,false,false,false,false,false,runs/user/calcite_hep_track_a_120_canonical_v0__spark/failures.csv,runs/user/calcite_hep_track_a_120_canonical_v0__spark/tag_slices.csv,diagnostic join from existing ledger row and retained taxonomy used by tag_slices; tag present in existing tag_slices.csv
calcite_hep_fail_closed,calcite_hep_track_a_120_canonical_v0,spark,PORT,PORT_0005,rewrite_opportunity,dialect_adaptation,no_candidate_sql,not_evaluated_non_db_mvp,false,false,false,false,false,runs/user/calcite_hep_track_a_120_canonical_v0__spark/failures.csv,runs/user/calcite_hep_track_a_120_canonical_v0__spark/tag_slices.csv,diagnostic join from existing ledger row and retained taxonomy used by tag_slices; tag present in existing tag_slices.csv
calcite_hep_fail_closed,calcite_hep_track_a_120_canonical_v0,spark,PORT,PORT_0005,rewrite_opportunity,order_limit_simplification,no_candidate_sql,not_evaluated_non_db_mvp,false,false,false,false,false,runs/user/calcite_hep_track_a_120_canonical_v0__spark/failures.csv,runs/user/calcite_hep_track_a_120_canonical_v0__spark/tag_slices.csv,diagnostic join from existing ledger row and retained taxonomy used by tag_slices; tag present in existing tag_slices.csv
calcite_hep_fail_closed,calcite_hep_track_a_120_canonical_v0,spark,PORT,PORT_0008,portability_risk,date_time_semantics,no_candidate_sql,not_evaluated_non_db_mvp,false,false,false,false,false,runs/user/calcite_hep_track_a_120_canonical_v0__spark/failures.csv,runs/user/calcite_hep_track_a_120_canonical_v0__spark/tag_slices.csv,diagnostic join from existing ledger row and retained taxonomy used by tag_slices; tag present in existing tag_slices.csv
calcite_hep_fail_closed,calcite_hep_track_a_120_canonical_v0,spark,PORT,PORT_0008,portability_risk,identifier_case_or_quoting,no_candidate_sql,not_evaluated_non_db_mvp,false,false,false,false,false,runs/user/calcite_hep_track_a_120_canonical_v0__spark/failures.csv,runs/user/calcite_hep_track_a_120_canonical_v0__spark/tag_slices.csv,diagnostic join from existing ledger row and retained taxonomy used by tag_slices; tag present in existing tag_slices.csv
calcite_hep_fail_closed,calcite_hep_track_a_120_canonical_v0,spark,PORT,PORT_0008,portability_risk,type_coercion,no_candidate_sql,not_evaluated_non_db_mvp,false,false,false,false,false,runs/user/calcite_hep_track_a_120_canonical_v0__spark/failures.csv,runs/user/calcite_hep_track_a_120_canonical_v0__spark/tag_slices.csv,diagnostic join from existing ledger row and retained taxonomy used by tag_slices; tag present in existing tag_slices.csv
calcite_hep_fail_closed,calcite_hep_track_a_120_canonical_v0,spark,PORT,PORT_0008,rewrite_opportunity,dialect_adaptation,no_candidate_sql,not_evaluated_non_db_mvp,false,false,false,false,false,runs/user/calcite_hep_track_a_120_canonical_v0__spark/failures.csv,runs/user/calcite_hep_track_a_120_canonical_v0__spark/tag_slices.csv,diagnostic join from existing ledger row and retained taxonomy used by tag_slices; tag present in existing tag_slices.csv
calcite_hep_fail_closed,calcite_hep_track_a_120_canonical_v0,spark,PORT,PORT_0008,rewrite_opportunity,function_normalization,no_candidate_sql,not_evaluated_non_db_mvp,false,false,false,false,false,runs/user/calcite_hep_track_a_120_canonical_v0__spark/failures.csv,runs/user/calcite_hep_track_a_120_canonical_v0__spark/tag_slices.csv,diagnostic join from existing ledger row and retained taxonomy used by tag_slices; tag present in existing tag_slices.csv
calcite_hep_fail_closed,calcite_hep_track_a_120_canonical_v0,spark,PORT,PORT_0008,sql_feature,date_time_function,no_candidate_sql,not_evaluated_non_db_mvp,false,false,false,false,false,runs/user/calcite_hep_track_a_120_canonical_v0__spark/failures.csv,runs/user/calcite_hep_track_a_120_canonical_v0__spark/tag_slices.csv,diagnostic join from existing ledger row and retained taxonomy used by tag_slices; tag present in existing tag_slices.csv
calcite_hep_fail_closed,calcite_hep_track_a_120_canonical_v0,spark,PORT,PORT_0008,sql_feature,expression_complexity,no_candidate_sql,not_evaluated_non_db_mvp,false,false,false,false,false,runs/user/calcite_hep_track_a_120_canonical_v0__spark/failures.csv,runs/user/calcite_hep_track_a_120_canonical_v0__spark/tag_slices.csv,diagnostic join from existing ledger row and retained taxonomy used by tag_slices; tag present in existing tag_slices.csv
calcite_hep_fail_closed,calcite_hep_track_a_120_canonical_v0,spark,PORT,PORT_0012,portability_risk,datetime_semantics_gap,no_candidate_sql,not_evaluated_non_db_mvp,false,false,false,false,false,runs/user/calcite_hep_track_a_120_canonical_v0__spark/failures.csv,runs/user/calcite_hep_track_a_120_canonical_v0__spark/tag_slices.csv,diagnostic join from existing ledger row and retained taxonomy used by tag_slices; tag present in existing tag_slices.csv
calcite_hep_fail_closed,calcite_hep_track_a_120_canonical_v0,spark,PORT,PORT_0012,portability_risk,identifier_quoting,no_candidate_sql,not_evaluated_non_db_mvp,false,false,false,false,false,runs/user/calcite_hep_track_a_120_canonical_v0__spark/failures.csv,runs/user/calcite_hep_track_a_120_canonical_v0__spark/tag_slices.csv,diagnostic join from existing ledger row and retained taxonomy used by tag_slices; tag present in existing tag_slices.csv
calcite_hep_fail_closed,calcite_hep_track_a_120_canonical_v0,spark,PORT,PORT_0012,portability_risk,type_semantics_gap,no_candidate_sql,not_evaluated_non_db_mvp,false,false,false,false,false,runs/user/calcite_hep_track_a_120_canonical_v0__spark/failures.csv,runs/user/calcite_hep_track_a_120_canonical_v0__spark/tag_slices.csv,diagnostic join from existing ledger row and retained taxonomy used by tag_slices; tag present in existing tag_slices.csv
calcite_hep_fail_closed,calcite_hep_track_a_120_canonical_v0,spark,PORT,PORT_0012,rewrite_opportunity,dialect_adaptation,no_candidate_sql,not_evaluated_non_db_mvp,false,false,false,false,false,runs/user/calcite_hep_track_a_120_canonical_v0__spark/failures.csv,runs/user/calcite_hep_track_a_120_canonical_v0__spark/tag_slices.csv,diagnostic join from existing ledger row and retained taxonomy used by tag_slices; tag present in existing tag_slices.csv
calcite_hep_fail_closed,calcite_hep_track_a_120_canonical_v0,spark,PORT,PORT_0012,rewrite_opportunity,expression_simplification,no_candidate_sql,not_evaluated_non_db_mvp,false,false,false,false,false,runs/user/calcite_hep_track_a_120_canonical_v0__spark/failures.csv,runs/user/calcite_hep_track_a_120_canonical_v0__spark/tag_slices.csv,diagnostic join from existing ledger row and retained taxonomy used by tag_slices; tag present in existing tag_slices.csv
calcite_hep_fail_closed,calcite_hep_track_a_120_canonical_v0,spark,PORT,PORT_0012,rewrite_opportunity,function_normalization,no_candidate_sql,not_evaluated_non_db_mvp,false,false,false,false,false,runs/user/calcite_hep_track_a_120_canonical_v0__spark/failures.csv,runs/user/calcite_hep_track_a_120_canonical_v0__spark/tag_slices.csv,diagnostic join from existing ledger row and retained taxonomy used by tag_slices; tag present in existing tag_slices.csv
calcite_hep_fail_closed,calcite_hep_track_a_120_canonical_v0,spark,PORT,PORT_0012,sql_feature,date_time_function,no_candidate_sql,not_evaluated_non_db_mvp,false,false,false,false,false,runs/user/calcite_hep_track_a_120_canonical_v0__spark/failures.csv,runs/user/calcite_hep_track_a_120_canonical_v0__spark/tag_slices.csv,diagnostic join from existing ledger row and retained taxonomy used by tag_slices; tag present in existing tag_slices.csv
calcite_hep_fail_closed,calcite_hep_track_a_120_canonical_v0,spark,PORT,PORT_0012,sql_feature,expression_complexity,no_candidate_sql,not_evaluated_non_db_mvp,false,false,false,false,false,runs/user/calcite_hep_track_a_120_canonical_v0__spark/failures.csv,runs/user/calcite_hep_track_a_120_canonical_v0__spark/tag_slices.csv,diagnostic join from existing ledger row and retained taxonomy used by tag_slices; tag present in existing tag_slices.csv
calcite_hep_fail_closed,calcite_hep_track_a_120_canonical_v0,spark,PORT,PORT_0013,portability_risk,boolean_semantics_gap,candidate_execution_failed,not_exact_due_to_execution_failure,true,true,false,false,false,runs/user/calcite_hep_track_a_120_canonical_v0__spark/failures.csv,runs/user/calcite_hep_track_a_120_canonical_v0__spark/tag_slices.csv,diagnostic join from existing ledger row and retained taxonomy used by tag_slices; tag present in existing tag_slices.csv
calcite_hep_fail_closed,calcite_hep_track_a_120_canonical_v0,spark,PORT,PORT_0013,portability_risk,complex_expression_density,candidate_execution_failed,not_exact_due_to_execution_failure,true,true,false,false,false,runs/user/calcite_hep_track_a_120_canonical_v0__spark/failures.csv,runs/user/calcite_hep_track_a_120_canonical_v0__spark/tag_slices.csv,diagnostic join from existing ledger row and retained taxonomy used by tag_slices; tag present in existing tag_slices.csv
calcite_hep_fail_closed,calcite_hep_track_a_120_canonical_v0,spark,PORT,PORT_0013,portability_risk,identifier_quoting,candidate_execution_failed,not_exact_due_to_execution_failure,true,true,false,false,false,runs/user/calcite_hep_track_a_120_canonical_v0__spark/failures.csv,runs/user/calcite_hep_track_a_120_canonical_v0__spark/tag_slices.csv,diagnostic join from existing ledger row and retained taxonomy used by tag_slices; tag present in existing tag_slices.csv
calcite_hep_fail_closed,calcite_hep_track_a_120_canonical_v0,spark,PORT,PORT_0013,portability_risk,type_semantics_gap,candidate_execution_failed,not_exact_due_to_execution_failure,true,true,false,false,false,runs/user/calcite_hep_track_a_120_canonical_v0__spark/failures.csv,runs/user/calcite_hep_track_a_120_canonical_v0__spark/tag_slices.csv,diagnostic join from existing ledger row and retained taxonomy used by tag_slices; tag present in existing tag_slices.csv
calcite_hep_fail_closed,calcite_hep_track_a_120_canonical_v0,spark,PORT,PORT_0013,rewrite_opportunity,dialect_adaptation,candidate_execution_failed,not_exact_due_to_execution_failure,true,true,false,false,false,runs/user/calcite_hep_track_a_120_canonical_v0__spark/failures.csv,runs/user/calcite_hep_track_a_120_canonical_v0__spark/tag_slices.csv,diagnostic join from existing ledger row and retained taxonomy used by tag_slices; tag present in existing tag_slices.csv
calcite_hep_fail_closed,calcite_hep_track_a_120_canonical_v0,spark,PORT,PORT_0013,rewrite_opportunity,expression_simplification,candidate_execution_failed,not_exact_due_to_execution_failure,true,true,false,false,false,runs/user/calcite_hep_track_a_120_canonical_v0__spark/failures.csv,runs/user/calcite_hep_track_a_120_canonical_v0__spark/tag_slices.csv,diagnostic join from existing ledger row and retained taxonomy used by tag_slices; tag present in existing tag_slices.csv
calcite_hep_fail_closed,calcite_hep_track_a_120_canonical_v0,spark,PORT,PORT_0013,sql_feature,expression_complexity,candidate_execution_failed,not_exact_due_to_execution_failure,true,true,false,false,false,runs/user/calcite_hep_track_a_120_canonical_v0__spark/failures.csv,runs/user/calcite_hep_track_a_120_canonical_v0__spark/tag_slices.csv,diagnostic join from existing ledger row and retained taxonomy used by tag_slices; tag present in existing tag_slices.csv
calcite_hep_fail_closed,calcite_hep_track_a_120_canonical_v0,spark,PORT,PORT_0022,portability_risk,date_filter_semantics,no_candidate_sql,not_evaluated_non_db_mvp,false,false,false,false,false,runs/user/calcite_hep_track_a_120_canonical_v0__spark/failures.csv,runs/user/calcite_hep_track_a_120_canonical_v0__spark/tag_slices.csv,diagnostic join from existing ledger row and retained taxonomy used by tag_slices; tag present in existing tag_slices.csv
calcite_hep_fail_closed,calcite_hep_track_a_120_canonical_v0,spark,PORT,PORT_0022,portability_risk,date_time_semantics,no_candidate_sql,not_evaluated_non_db_mvp,false,false,false,false,false,runs/user/calcite_hep_track_a_120_canonical_v0__spark/failures.csv,runs/user/calcite_hep_track_a_120_canonical_v0__spark/tag_slices.csv,diagnostic join from existing ledger row and retained taxonomy used by tag_slices; tag present in existing tag_slices.csv
calcite_hep_fail_closed,calcite_hep_track_a_120_canonical_v0,spark,PORT,PORT_0022,portability_risk,join_aggregate_input_boundary,no_candidate_sql,not_evaluated_non_db_mvp,false,false,false,false,false,runs/user/calcite_hep_track_a_120_canonical_v0__spark/failures.csv,runs/user/calcite_hep_track_a_120_canonical_v0__spark/tag_slices.csv,diagnostic join from existing ledger row and retained taxonomy used by tag_slices; tag present in existing tag_slices.csv
calcite_hep_fail_closed,calcite_hep_track_a_120_canonical_v0,spark,PORT,PORT_0022,portability_risk,literal_predicate_boundary,no_candidate_sql,not_evaluated_non_db_mvp,false,false,false,false,false,runs/user/calcite_hep_track_a_120_canonical_v0__spark/failures.csv,runs/user/calcite_hep_track_a_120_canonical_v0__spark/tag_slices.csv,diagnostic join from existing ledger row and retained taxonomy used by tag_slices; tag present in existing tag_slices.csv
calcite_hep_fail_closed,calcite_hep_track_a_120_canonical_v0,spark,PORT,PORT_0022,portability_risk,type_coercion,no_candidate_sql,not_evaluated_non_db_mvp,false,false,false,false,false,runs/user/calcite_hep_track_a_120_canonical_v0__spark/failures.csv,runs/user/calcite_hep_track_a_120_canonical_v0__spark/tag_slices.csv,diagnostic join from existing ledger row and retained taxonomy used by tag_slices; tag present in existing tag_slices.csv
calcite_hep_fail_closed,calcite_hep_track_a_120_canonical_v0,spark,PORT,PORT_0022,rewrite_opportunity,dialect_adaptation,no_candidate_sql,not_evaluated_non_db_mvp,false,false,false,false,false,runs/user/calcite_hep_track_a_120_canonical_v0__spark/failures.csv,runs/user/calcite_hep_track_a_120_canonical_v0__spark/tag_slices.csv,diagnostic join from existing ledger row and retained taxonomy used by tag_slices; tag present in existing tag_slices.csv
calcite_hep_fail_closed,calcite_hep_track_a_120_canonical_v0,spark,PORT,PORT_0024,portability_risk,aggregate_expression_semantics,unsupported_engine,not_exact_due_to_execution_failure,false,true,false,false,false,runs/user/calcite_hep_track_a_120_canonical_v0__spark/failures.csv,runs/user/calcite_hep_track_a_120_canonical_v0__spark/tag_slices.csv,diagnostic join from existing ledger row and retained taxonomy used by tag_slices; tag present in existing tag_slices.csv
calcite_hep_fail_closed,calcite_hep_track_a_120_canonical_v0,spark,PORT,PORT_0024,portability_risk,boolean_semantics,unsupported_engine,not_exact_due_to_execution_failure,false,true,false,false,false,runs/user/calcite_hep_track_a_120_canonical_v0__spark/failures.csv,runs/user/calcite_hep_track_a_120_canonical_v0__spark/tag_slices.csv,diagnostic join from existing ledger row and retained taxonomy used by tag_slices; tag present in existing tag_slices.csv
calcite_hep_fail_closed,calcite_hep_track_a_120_canonical_v0,spark,PORT,PORT_0024,portability_risk,literal_predicate_boundary,unsupported_engine,not_exact_due_to_execution_failure,false,true,false,false,false,runs/user/calcite_hep_track_a_120_canonical_v0__spark/failures.csv,runs/user/calcite_hep_track_a_120_canonical_v0__spark/tag_slices.csv,diagnostic join from existing ledger row and retained taxonomy used by tag_slices; tag present in existing tag_slices.csv
calcite_hep_fail_closed,calcite_hep_track_a_120_canonical_v0,spark,PORT,PORT_0024,portability_risk,type_coercion,unsupported_engine,not_exact_due_to_execution_failure,false,true,false,false,false,runs/user/calcite_hep_track_a_120_canonical_v0__spark/failures.csv,runs/user/calcite_hep_track_a_120_canonical_v0__spark/tag_slices.csv,diagnostic join from existing ledger row and retained taxonomy used by tag_slices; tag present in existing tag_slices.csv
calcite_hep_fail_closed,calcite_hep_track_a_120_canonical_v0,spark,PORT,PORT_0024,rewrite_opportunity,dialect_adaptation,unsupported_engine,not_exact_due_to_execution_failure,false,true,false,false,false,runs/user/calcite_hep_track_a_120_canonical_v0__spark/failures.csv,runs/user/calcite_hep_track_a_120_canonical_v0__spark/tag_slices.csv,diagnostic join from existing ledger row and retained taxonomy used by tag_slices; tag present in existing tag_slices.csv
calcite_hep_fail_closed,calcite_hep_track_a_120_canonical_v0,spark,PORT,PORT_0025,portability_risk,date_time_semantics,no_candidate_sql,not_evaluated_non_db_mvp,false,false,false,false,false,runs/user/calcite_hep_track_a_120_canonical_v0__spark/failures.csv,runs/user/calcite_hep_track_a_120_canonical_v0__spark/tag_slices.csv,diagnostic join from existing ledger row and retained taxonomy used by tag_slices; tag present in existing tag_slices.csv
calcite_hep_fail_closed,calcite_hep_track_a_120_canonical_v0,spark,PORT,PORT_0025,portability_risk,order_direction_semantics,no_candidate_sql,not_evaluated_non_db_mvp,false,false,false,false,false,runs/user/calcite_hep_track_a_120_canonical_v0__spark/failures.csv,runs/user/calcite_hep_track_a_120_canonical_v0__spark/tag_slices.csv,diagnostic join from existing ledger row and retained taxonomy used by tag_slices; tag present in existing tag_slices.csv
calcite_hep_fail_closed,calcite_hep_track_a_120_canonical_v0,spark,PORT,PORT_0025,portability_risk,order_limit_semantics,no_candidate_sql,not_evaluated_non_db_mvp,false,false,false,false,false,runs/user/calcite_hep_track_a_120_canonical_v0__spark/failures.csv,runs/user/calcite_hep_track_a_120_canonical_v0__spark/tag_slices.csv,diagnostic join from existing ledger row and retained taxonomy used by tag_slices; tag present in existing tag_slices.csv
calcite_hep_fail_closed,calcite_hep_track_a_120_canonical_v0,spark,PORT,PORT_0025,portability_risk,pagination_or_limit_offset,no_candidate_sql,not_evaluated_non_db_mvp,false,false,false,false,false,runs/user/calcite_hep_track_a_120_canonical_v0__spark/failures.csv,runs/user/calcite_hep_track_a_120_canonical_v0__spark/tag_slices.csv,diagnostic join from existing ledger row and retained taxonomy used by tag_slices; tag present in existing tag_slices.csv
calcite_hep_fail_closed,calcite_hep_track_a_120_canonical_v0,spark,PORT,PORT_0025,portability_risk,top_1_row_selection,no_candidate_sql,not_evaluated_non_db_mvp,false,false,false,false,false,runs/user/calcite_hep_track_a_120_canonical_v0__spark/failures.csv,runs/user/calcite_hep_track_a_120_canonical_v0__spark/tag_slices.csv,diagnostic join from existing ledger row and retained taxonomy used by tag_slices; tag present in existing tag_slices.csv
calcite_hep_fail_closed,calcite_hep_track_a_120_canonical_v0,spark,PORT,PORT_0025,rewrite_opportunity,dialect_adaptation,no_candidate_sql,not_evaluated_non_db_mvp,false,false,false,false,false,runs/user/calcite_hep_track_a_120_canonical_v0__spark/failures.csv,runs/user/calcite_hep_track_a_120_canonical_v0__spark/tag_slices.csv,diagnostic join from existing ledger row and retained taxonomy used by tag_slices; tag present in existing tag_slices.csv
calcite_hep_fail_closed,calcite_hep_track_a_120_canonical_v0,spark,LONGTAIL,LONGTAIL_0011,rewrite_opportunity,cte_strategy,none,exact,true,true,true,true,true,,runs/user/calcite_hep_track_a_120_canonical_v0__spark/tag_slices.csv,diagnostic join from existing ledger row and retained taxonomy used by tag_slices; tag present in existing tag_slices.csv
calcite_hep_fail_closed,calcite_hep_track_a_120_canonical_v0,spark,LONGTAIL,LONGTAIL_0011,rewrite_opportunity,expression_simplification,none,exact,true,true,true,true,true,,runs/user/calcite_hep_track_a_120_canonical_v0__spark/tag_slices.csv,diagnostic join from existing ledger row and retained taxonomy used by tag_slices; tag present in existing tag_slices.csv
calcite_hep_fail_closed,calcite_hep_track_a_120_canonical_v0,spark,LONGTAIL,LONGTAIL_0011,sql_feature,aggregate,none,exact,true,true,true,true,true,,runs/user/calcite_hep_track_a_120_canonical_v0__spark/tag_slices.csv,diagnostic join from existing ledger row and retained taxonomy used by tag_slices; tag present in existing tag_slices.csv
calcite_hep_fail_closed,calcite_hep_track_a_120_canonical_v0,spark,LONGTAIL,LONGTAIL_0011,sql_feature,cte,none,exact,true,true,true,true,true,,runs/user/calcite_hep_track_a_120_canonical_v0__spark/tag_slices.csv,diagnostic join from existing ledger row and retained taxonomy used by tag_slices; tag present in existing tag_slices.csv
calcite_hep_fail_closed,calcite_hep_track_a_120_canonical_v0,spark,LONGTAIL,LONGTAIL_0011,sql_feature,join,none,exact,true,true,true,true,true,,runs/user/calcite_hep_track_a_120_canonical_v0__spark/tag_slices.csv,diagnostic join from existing ledger row and retained taxonomy used by tag_slices; tag present in existing tag_slices.csv
calcite_hep_fail_closed,calcite_hep_track_a_120_canonical_v0,spark,LONGTAIL,LONGTAIL_0011,sql_feature,sort,none,exact,true,true,true,true,true,,runs/user/calcite_hep_track_a_120_canonical_v0__spark/tag_slices.csv,diagnostic join from existing ledger row and retained taxonomy used by tag_slices; tag present in existing tag_slices.csv
calcite_hep_fail_closed,calcite_hep_track_a_120_canonical_v0,spark,LONGTAIL,LONGTAIL_0011,sql_feature,window_function,none,exact,true,true,true,true,true,,runs/user/calcite_hep_track_a_120_canonical_v0__spark/tag_slices.csv,diagnostic join from existing ledger row and retained taxonomy used by tag_slices; tag present in existing tag_slices.csv
calcite_hep_fail_closed,calcite_hep_track_a_120_canonical_v0,spark,LONGTAIL,LONGTAIL_0012,sql_feature,aggregation,none,exact,true,true,true,true,true,,runs/user/calcite_hep_track_a_120_canonical_v0__spark/tag_slices.csv,diagnostic join from existing ledger row and retained taxonomy used by tag_slices; tag present in existing tag_slices.csv
calcite_hep_fail_closed,calcite_hep_track_a_120_canonical_v0,spark,LONGTAIL,LONGTAIL_0012,sql_feature,complex_expression,none,exact,true,true,true,true,true,,runs/user/calcite_hep_track_a_120_canonical_v0__spark/tag_slices.csv,diagnostic join from existing ledger row and retained taxonomy used by tag_slices; tag present in existing tag_slices.csv
calcite_hep_fail_closed,calcite_hep_track_a_120_canonical_v0,spark,LONGTAIL,LONGTAIL_0012,sql_feature,outer_join,none,exact,true,true,true,true,true,,runs/user/calcite_hep_track_a_120_canonical_v0__spark/tag_slices.csv,diagnostic join from existing ledger row and retained taxonomy used by tag_slices; tag present in existing tag_slices.csv
calcite_hep_fail_closed,calcite_hep_track_a_120_canonical_v0,spark,LONGTAIL,LONGTAIL_0012,sql_feature,sort_limit,none,exact,true,true,true,true,true,,runs/user/calcite_hep_track_a_120_canonical_v0__spark/tag_slices.csv,diagnostic join from existing ledger row and retained taxonomy used by tag_slices; tag present in existing tag_slices.csv
calcite_hep_fail_closed,calcite_hep_track_a_120_canonical_v0,spark,LONGTAIL,LONGTAIL_0012,sql_feature,subquery_in_from,none,exact,true,true,true,true,true,,runs/user/calcite_hep_track_a_120_canonical_v0__spark/tag_slices.csv,diagnostic join from existing ledger row and retained taxonomy used by tag_slices; tag present in existing tag_slices.csv
calcite_hep_fail_closed,calcite_hep_track_a_120_canonical_v0,spark,LONGTAIL,LONGTAIL_0012,sql_feature,window_function,none,exact,true,true,true,true,true,,runs/user/calcite_hep_track_a_120_canonical_v0__spark/tag_slices.csv,diagnostic join from existing ledger row and retained taxonomy used by tag_slices; tag present in existing tag_slices.csv
calcite_hep_fail_closed,calcite_hep_track_a_120_canonical_v0,spark,LONGTAIL,LONGTAIL_0013,sql_feature,aggregation,none,exact,true,true,true,true,true,,runs/user/calcite_hep_track_a_120_canonical_v0__spark/tag_slices.csv,diagnostic join from existing ledger row and retained taxonomy used by tag_slices; tag present in existing tag_slices.csv
calcite_hep_fail_closed,calcite_hep_track_a_120_canonical_v0,spark,LONGTAIL,LONGTAIL_0013,sql_feature,complex_expression,none,exact,true,true,true,true,true,,runs/user/calcite_hep_track_a_120_canonical_v0__spark/tag_slices.csv,diagnostic join from existing ledger row and retained taxonomy used by tag_slices; tag present in existing tag_slices.csv
calcite_hep_fail_closed,calcite_hep_track_a_120_canonical_v0,spark,LONGTAIL,LONGTAIL_0013,sql_feature,cte,none,exact,true,true,true,true,true,,runs/user/calcite_hep_track_a_120_canonical_v0__spark/tag_slices.csv,diagnostic join from existing ledger row and retained taxonomy used by tag_slices; tag present in existing tag_slices.csv
calcite_hep_fail_closed,calcite_hep_track_a_120_canonical_v0,spark,LONGTAIL,LONGTAIL_0013,sql_feature,outer_join,none,exact,true,true,true,true,true,,runs/user/calcite_hep_track_a_120_canonical_v0__spark/tag_slices.csv,diagnostic join from existing ledger row and retained taxonomy used by tag_slices; tag present in existing tag_slices.csv
calcite_hep_fail_closed,calcite_hep_track_a_120_canonical_v0,spark,LONGTAIL,LONGTAIL_0013,sql_feature,sort,none,exact,true,true,true,true,true,,runs/user/calcite_hep_track_a_120_canonical_v0__spark/tag_slices.csv,diagnostic join from existing ledger row and retained taxonomy used by tag_slices; tag present in existing tag_slices.csv
calcite_hep_fail_closed,calcite_hep_track_a_120_canonical_v0,spark,LONGTAIL,LONGTAIL_0013,sql_feature,window_function,none,exact,true,true,true,true,true,,runs/user/calcite_hep_track_a_120_canonical_v0__spark/tag_slices.csv,diagnostic join from existing ledger row and retained taxonomy used by tag_slices; tag present in existing tag_slices.csv
calcite_hep_fail_closed,calcite_hep_track_a_120_canonical_v0,spark,LONGTAIL,LONGTAIL_0022,sql_feature,aggregation,none,exact,true,true,true,true,true,,runs/user/calcite_hep_track_a_120_canonical_v0__spark/tag_slices.csv,diagnostic join from existing ledger row and retained taxonomy used by tag_slices; tag present in existing tag_slices.csv
calcite_hep_fail_closed,calcite_hep_track_a_120_canonical_v0,spark,LONGTAIL,LONGTAIL_0022,sql_feature,cte,none,exact,true,true,true,true,true,,runs/user/calcite_hep_track_a_120_canonical_v0__spark/tag_slices.csv,diagnostic join from existing ledger row and retained taxonomy used by tag_slices; tag present in existing tag_slices.csv
calcite_hep_fail_closed,calcite_hep_track_a_120_canonical_v0,spark,LONGTAIL,LONGTAIL_0022,sql_feature,join,none,exact,true,true,true,true,true,,runs/user/calcite_hep_track_a_120_canonical_v0__spark/tag_slices.csv,diagnostic join from existing ledger row and retained taxonomy used by tag_slices; tag present in existing tag_slices.csv
calcite_hep_fail_closed,calcite_hep_track_a_120_canonical_v0,spark,LONGTAIL,LONGTAIL_0022,sql_feature,outer_join,none,exact,true,true,true,true,true,,runs/user/calcite_hep_track_a_120_canonical_v0__spark/tag_slices.csv,diagnostic join from existing ledger row and retained taxonomy used by tag_slices; tag present in existing tag_slices.csv
calcite_hep_fail_closed,calcite_hep_track_a_120_canonical_v0,spark,LONGTAIL,LONGTAIL_0022,sql_feature,sort,none,exact,true,true,true,true,true,,runs/user/calcite_hep_track_a_120_canonical_v0__spark/tag_slices.csv,diagnostic join from existing ledger row and retained taxonomy used by tag_slices; tag present in existing tag_slices.csv
calcite_hep_fail_closed,calcite_hep_track_a_120_canonical_v0,spark,LONGTAIL,LONGTAIL_0023,sql_feature,aggregation,none,exact,true,true,true,true,true,,runs/user/calcite_hep_track_a_120_canonical_v0__spark/tag_slices.csv,diagnostic join from existing ledger row and retained taxonomy used by tag_slices; tag present in existing tag_slices.csv
calcite_hep_fail_closed,calcite_hep_track_a_120_canonical_v0,spark,LONGTAIL,LONGTAIL_0023,sql_feature,cte,none,exact,true,true,true,true,true,,runs/user/calcite_hep_track_a_120_canonical_v0__spark/tag_slices.csv,diagnostic join from existing ledger row and retained taxonomy used by tag_slices; tag present in existing tag_slices.csv
calcite_hep_fail_closed,calcite_hep_track_a_120_canonical_v0,spark,LONGTAIL,LONGTAIL_0023,sql_feature,directed_relation,none,exact,true,true,true,true,true,,runs/user/calcite_hep_track_a_120_canonical_v0__spark/tag_slices.csv,diagnostic join from existing ledger row and retained taxonomy used by tag_slices; tag present in existing tag_slices.csv
calcite_hep_fail_closed,calcite_hep_track_a_120_canonical_v0,spark,LONGTAIL,LONGTAIL_0023,sql_feature,outer_join,none,exact,true,true,true,true,true,,runs/user/calcite_hep_track_a_120_canonical_v0__spark/tag_slices.csv,diagnostic join from existing ledger row and retained taxonomy used by tag_slices; tag present in existing tag_slices.csv
calcite_hep_fail_closed,calcite_hep_track_a_120_canonical_v0,spark,LONGTAIL,LONGTAIL_0023,sql_feature,sort,none,exact,true,true,true,true,true,,runs/user/calcite_hep_track_a_120_canonical_v0__spark/tag_slices.csv,diagnostic join from existing ledger row and retained taxonomy used by tag_slices; tag present in existing tag_slices.csv
calcite_hep_fail_closed,calcite_hep_track_a_120_canonical_v0,spark,LONGTAIL,LONGTAIL_0024,sql_feature,aggregation,none,exact,true,true,true,true,true,,runs/user/calcite_hep_track_a_120_canonical_v0__spark/tag_slices.csv,diagnostic join from existing ledger row and retained taxonomy used by tag_slices; tag present in existing tag_slices.csv
calcite_hep_fail_closed,calcite_hep_track_a_120_canonical_v0,spark,LONGTAIL,LONGTAIL_0024,sql_feature,cte,none,exact,true,true,true,true,true,,runs/user/calcite_hep_track_a_120_canonical_v0__spark/tag_slices.csv,diagnostic join from existing ledger row and retained taxonomy used by tag_slices; tag present in existing tag_slices.csv
calcite_hep_fail_closed,calcite_hep_track_a_120_canonical_v0,spark,LONGTAIL,LONGTAIL_0024,sql_feature,join,none,exact,true,true,true,true,true,,runs/user/calcite_hep_track_a_120_canonical_v0__spark/tag_slices.csv,diagnostic join from existing ledger row and retained taxonomy used by tag_slices; tag present in existing tag_slices.csv
calcite_hep_fail_closed,calcite_hep_track_a_120_canonical_v0,spark,LONGTAIL,LONGTAIL_0024,sql_feature,sort,none,exact,true,true,true,true,true,,runs/user/calcite_hep_track_a_120_canonical_v0__spark/tag_slices.csv,diagnostic join from existing ledger row and retained taxonomy used by tag_slices; tag present in existing tag_slices.csv
calcite_hep_fail_closed,calcite_hep_track_a_120_canonical_v0,spark,LONGTAIL,LONGTAIL_0024,sql_feature,temporal_min_max,none,exact,true,true,true,true,true,,runs/user/calcite_hep_track_a_120_canonical_v0__spark/tag_slices.csv,diagnostic join from existing ledger row and retained taxonomy used by tag_slices; tag present in existing tag_slices.csv
