root_path,rel_path,sha256,size_bytes
runs/user/calcite_hep_target_dialect_runtime_mode_v0__mysql/candidate_sql,CONS_0005__mysql.sql,4f37864bfe3cc52e6f3fb0cbea99428d1fb2504218dd51d5dd80fcba068b3fde,92
runs/user/calcite_hep_target_dialect_runtime_mode_v0__mysql/candidate_sql,CONS_0036__mysql.sql,afa0593c897ee28b04ef451b315275843ae720cb1623539e6574d4b9b806b13c,85
runs/user/calcite_hep_target_dialect_runtime_mode_v0__mysql/candidate_sql,CONS_0037__mysql.sql,36f46bae8cc98818e7d6aa5539a7f0b2f3fff4defbf89cdf71e0728946e08638,141
runs/user/calcite_hep_target_dialect_runtime_mode_v0__mysql/candidate_sql,PERF_0006__mysql.sql,775c9c8a01741e04e659662ddd70e078bfb42e113e58503a0aff496cabffff13,623
runs/user/calcite_hep_target_dialect_runtime_mode_v0__mysql/candidate_sql,PORT_0024__mysql.sql,c5398d6a884739c88be907aced87ffd1cca205c403c42975ac3f6e9bce3a1d42,188
runs/user/calcite_hep_target_dialect_runtime_mode_v0__postgres/candidate_sql,CONS_0005__postgres.sql,d1be5b8148d103fc1a9d117ba6e5371df06ecd1a9398c437aa1c33e666d758e3,78
runs/user/calcite_hep_target_dialect_runtime_mode_v0__postgres/candidate_sql,CONS_0036__postgres.sql,3dd2194ef428fa853e9ae072ff1358363861bb481b5ab7cbfe19efa050f31503,77
runs/user/calcite_hep_target_dialect_runtime_mode_v0__postgres/candidate_sql,CONS_0037__postgres.sql,e7644418ded23abe743e2453fcce203e5cbc5d665c58704010ca735834e14b74,117
runs/user/calcite_hep_target_dialect_runtime_mode_v0__postgres/candidate_sql,PERF_0006__postgres.sql,f4180e23cd6caa025833d5687e4e1b6924e09fdcd403c7c94fd48087498fda2b,539
runs/user/calcite_hep_target_dialect_runtime_mode_v0__postgres/candidate_sql,PORT_0024__postgres.sql,e3d07b8a9797c058f8e8857fc24d42a771a4d807d07fd188544d63e5d6e3aca7,190
runs/user/calcite_hep_target_dialect_runtime_mode_v0__spark/candidate_sql,CONS_0005__spark.sql,4f37864bfe3cc52e6f3fb0cbea99428d1fb2504218dd51d5dd80fcba068b3fde,92
runs/user/calcite_hep_target_dialect_runtime_mode_v0__spark/candidate_sql,CONS_0036__spark.sql,9517b15f635f0fc63ccec9e14afc75fb4a66dce6fb28090b2a10e5925561cdd5,89
runs/user/calcite_hep_target_dialect_runtime_mode_v0__spark/candidate_sql,CONS_0037__spark.sql,36f46bae8cc98818e7d6aa5539a7f0b2f3fff4defbf89cdf71e0728946e08638,141
runs/user/calcite_hep_target_dialect_runtime_mode_v0__spark/candidate_sql,PERF_0006__spark.sql,a5c20ef897d5b06efd1339b2302f8bce4dc89bfc02f7b11b3fbdae9b8ef8558b,499
runs/user/calcite_hep_target_dialect_runtime_mode_v0__spark/candidate_sql,PORT_0024__spark.sql,c5398d6a884739c88be907aced87ffd1cca205c403c42975ac3f6e9bce3a1d42,188
runs/user/calcite_hep_track_a_120_canonical_v0__mysql/candidate_sql,CONS_0005__mysql.sql,4f37864bfe3cc52e6f3fb0cbea99428d1fb2504218dd51d5dd80fcba068b3fde,92
runs/user/calcite_hep_track_a_120_canonical_v0__mysql/candidate_sql,CONS_0007__mysql.sql,a81f10b2c690c918922c42b1b043f10e04fcf58071d96a847b847537d29b864c,194
runs/user/calcite_hep_track_a_120_canonical_v0__mysql/candidate_sql,CONS_0009__mysql.sql,d022f8313454b907af582ee6b7ad866c1ba6e4778eafa6b41944d07318276d1b,186
runs/user/calcite_hep_track_a_120_canonical_v0__mysql/candidate_sql,CONS_0010__mysql.sql,24b5a5fe193b390752554e79e5e5c2d4e41a6aa6b2c0a7843a3cadd7cb891001,501
runs/user/calcite_hep_track_a_120_canonical_v0__mysql/candidate_sql,CONS_0011__mysql.sql,30a22ff56a2d48af6b97fac87bed299fa84e89df2ac6013f13612dbb1375142c,189
runs/user/calcite_hep_track_a_120_canonical_v0__mysql/candidate_sql,CONS_0012__mysql.sql,6465a4a220d056fa1842d3cfa3f5f6250b982df0bd21987f531e80cdc3af22d0,172
runs/user/calcite_hep_track_a_120_canonical_v0__mysql/candidate_sql,CONS_0024__mysql.sql,eb78eb657eed7228ab8768fbed9b349b3df2368b242f7fdcdcdbf19d35401114,223
runs/user/calcite_hep_track_a_120_canonical_v0__mysql/candidate_sql,CONS_0036__mysql.sql,afa0593c897ee28b04ef451b315275843ae720cb1623539e6574d4b9b806b13c,85
runs/user/calcite_hep_track_a_120_canonical_v0__mysql/candidate_sql,CONS_0037__mysql.sql,36f46bae8cc98818e7d6aa5539a7f0b2f3fff4defbf89cdf71e0728946e08638,141
runs/user/calcite_hep_track_a_120_canonical_v0__mysql/candidate_sql,LONGTAIL_0011__mysql.sql,d3764046e5ebf84419d79fcddb0d80e0de85f8b644e59d262c5445bf890463cf,1235
runs/user/calcite_hep_track_a_120_canonical_v0__mysql/candidate_sql,LONGTAIL_0012__mysql.sql,e820519fee4bc4c06b014cc62b67d58f9c3d552a76a0b1d4decf97eb97c5c4c6,1537
runs/user/calcite_hep_track_a_120_canonical_v0__mysql/candidate_sql,LONGTAIL_0013__mysql.sql,28ff7be5ef0faab4247c955af4e1832f15f415274ec15cd7824312cabf5310f6,2152
runs/user/calcite_hep_track_a_120_canonical_v0__mysql/candidate_sql,LONGTAIL_0022__mysql.sql,735a7ab924abe5bfc486ecb095f6b9516020af8b2c093cb69019cf6e18b076d3,559
runs/user/calcite_hep_track_a_120_canonical_v0__mysql/candidate_sql,LONGTAIL_0023__mysql.sql,230cc3f875a7aa754d1ba464b634df9e2a6699a1dacc113fa559a995ef13ae3e,762
runs/user/calcite_hep_track_a_120_canonical_v0__mysql/candidate_sql,LONGTAIL_0024__mysql.sql,2ee3c79f8114e88bb71984b5536fb6b2c04838279135ffc492a3747c09c76d9c,637
runs/user/calcite_hep_track_a_120_canonical_v0__mysql/candidate_sql,PERF_0006__mysql.sql,775c9c8a01741e04e659662ddd70e078bfb42e113e58503a0aff496cabffff13,623
runs/user/calcite_hep_track_a_120_canonical_v0__mysql/candidate_sql,PERF_0007__mysql.sql,2a4d2302059b40d1a7a2f7e9373585e2cfa8dfc6dc87d58b5008eea448e1f7c5,317
runs/user/calcite_hep_track_a_120_canonical_v0__mysql/candidate_sql,PERF_0008__mysql.sql,6d6e372b864c714a8a15ef0daeba5d067a88b6ccf7824a273a4240c3e99872bb,424
runs/user/calcite_hep_track_a_120_canonical_v0__mysql/candidate_sql,PERF_0013__mysql.sql,7afd149a1c49a4ed73a14c1c04cccacdb59fa52089b4f1dede5f73627773c34a,508
runs/user/calcite_hep_track_a_120_canonical_v0__mysql/candidate_sql,PERF_0017__mysql.sql,79d0ef7c2105cf14dd34b7ab8fd60d934a8201f762c301a0d5e0c5bcad501e31,540
runs/user/calcite_hep_track_a_120_canonical_v0__mysql/candidate_sql,PERF_0019__mysql.sql,7247e783d7fc244d344d7031cce1b44effe6f7e2efdd6624ff7c6e4877aa3270,318
runs/user/calcite_hep_track_a_120_canonical_v0__mysql/candidate_sql,PERF_0024__mysql.sql,6773bbf16c4769f1a6d2bbb54f438ccddf6b909386255319d839911671db1705,651
runs/user/calcite_hep_track_a_120_canonical_v0__mysql/candidate_sql,PERF_0033__mysql.sql,4bdce8b42fb73178fe061a2d806a67e3799257c4461255d4555e72eb2a85d6aa,723
runs/user/calcite_hep_track_a_120_canonical_v0__mysql/candidate_sql,PERF_0034__mysql.sql,a22fdca6b3ebfc50323687e417a8572f42618809b506fe34c4c654f754fdecd2,2528
runs/user/calcite_hep_track_a_120_canonical_v0__mysql/candidate_sql,PERF_0035__mysql.sql,dfd8cb237d49e46ec9107de2e0ed77b592ba3735f3d19c02a2a6de558d9a6217,7052
runs/user/calcite_hep_track_a_120_canonical_v0__mysql/candidate_sql,PERF_0052__mysql.sql,17179d7aaeab950e21c7ed3f43f7a9a5dfed5161760b23f0bcd21a513df91897,1302
runs/user/calcite_hep_track_a_120_canonical_v0__mysql/candidate_sql,PERF_0054__mysql.sql,e22e596e31528d1e53f04f83108e8e3d2d7840ecdef6c610df4711c6da3580ad,784
runs/user/calcite_hep_track_a_120_canonical_v0__mysql/candidate_sql,PERF_0056__mysql.sql,0cfa8da79d9f8bf2cfc9074579630f5651c335d5c615aab9b9be6ad223fcd1cc,865
runs/user/calcite_hep_track_a_120_canonical_v0__mysql/candidate_sql,PERF_0062__mysql.sql,0c0f4aef84533eeca02b80284bd8360643798ff9e280a566225e91289de021a6,3380
runs/user/calcite_hep_track_a_120_canonical_v0__mysql/candidate_sql,PERF_0077__mysql.sql,76cd83ea5e7887cb5b7156dae1a7df37f582fad885109038449624e705ba160c,668
runs/user/calcite_hep_track_a_120_canonical_v0__mysql/candidate_sql,PERF_0082__mysql.sql,9f90af8562d66caeb9a1749a2e6ad72397441c644e4f8b3d686a9dcd51876b67,879
runs/user/calcite_hep_track_a_120_canonical_v0__mysql/candidate_sql,PORT_0013__mysql.sql,2c9daf28c5ad3aea9bed97f8ef9e0c0c020c78781d6f910c19fd7f9ee66c18d2,200
runs/user/calcite_hep_track_a_120_canonical_v0__mysql/candidate_sql,PORT_0024__mysql.sql,c5398d6a884739c88be907aced87ffd1cca205c403c42975ac3f6e9bce3a1d42,188
runs/user/calcite_hep_track_a_120_canonical_v0__postgres/candidate_sql,CONS_0005__postgres.sql,d1be5b8148d103fc1a9d117ba6e5371df06ecd1a9398c437aa1c33e666d758e3,78
runs/user/calcite_hep_track_a_120_canonical_v0__postgres/candidate_sql,CONS_0007__postgres.sql,b0c9d9724e7788d9f853bab3c7be08dac6b5d78f4a0be21facbff963f0914b74,176
runs/user/calcite_hep_track_a_120_canonical_v0__postgres/candidate_sql,CONS_0009__postgres.sql,c54c805f49fba1d5aa2f76b705711759cd5fb0bb0e95842f95f9de68996823a7,162
runs/user/calcite_hep_track_a_120_canonical_v0__postgres/candidate_sql,CONS_0010__postgres.sql,ca5e609ea2e796ac1d7ec53b2376811ce29612431b6e8cb97438ddee5ce75a41,427
runs/user/calcite_hep_track_a_120_canonical_v0__postgres/candidate_sql,CONS_0011__postgres.sql,e0fc0b83ce2eb518202aaebf61a6454cdfc77bee51800be00ccdea8b40c16afc,159
runs/user/calcite_hep_track_a_120_canonical_v0__postgres/candidate_sql,CONS_0012__postgres.sql,57045c5c739db984e440411f7aef6a3dd7e38a67ab0adda64c3b74a962fce371,166
runs/user/calcite_hep_track_a_120_canonical_v0__postgres/candidate_sql,CONS_0024__postgres.sql,615cfbff339ee14e1a2b5527495c1cf4906e2dabbdc5d2db42a94c94bf9c5072,196
runs/user/calcite_hep_track_a_120_canonical_v0__postgres/candidate_sql,CONS_0036__postgres.sql,3dd2194ef428fa853e9ae072ff1358363861bb481b5ab7cbfe19efa050f31503,77
runs/user/calcite_hep_track_a_120_canonical_v0__postgres/candidate_sql,CONS_0037__postgres.sql,e7644418ded23abe743e2453fcce203e5cbc5d665c58704010ca735834e14b74,117
runs/user/calcite_hep_track_a_120_canonical_v0__postgres/candidate_sql,LONGTAIL_0011__postgres.sql,78f30716ea9518f11a29ea84e59a5651140e03e6e4806f41310dcc251dc28ef7,1076
runs/user/calcite_hep_track_a_120_canonical_v0__postgres/candidate_sql,LONGTAIL_0012__postgres.sql,9c7a5f8dc0690373204e48a88cf7e55949c8b97f2049229e4e530a6e357756bb,1389
runs/user/calcite_hep_track_a_120_canonical_v0__postgres/candidate_sql,LONGTAIL_0013__postgres.sql,efb4835df500a893dfa34d9fa36fff86db3286dab3a898aee1f4bec079024b74,1879
runs/user/calcite_hep_track_a_120_canonical_v0__postgres/candidate_sql,LONGTAIL_0022__postgres.sql,8342ce125e2c4b8fe79fb12a62b76f342cd3de4a00dcc6c5af158f9bbf9d6e17,525
runs/user/calcite_hep_track_a_120_canonical_v0__postgres/candidate_sql,LONGTAIL_0023__postgres.sql,a2d4ac4c0c4082a68ce64ed1623694d61c1fa285b18fef251968dcc9fe8901e8,730
runs/user/calcite_hep_track_a_120_canonical_v0__postgres/candidate_sql,LONGTAIL_0024__postgres.sql,51663589adaf99271dd7bc17fcb9dd9affd7f0c06f80eb3b8c58e96e51cfbf7c,607
runs/user/calcite_hep_track_a_120_canonical_v0__postgres/candidate_sql,PERF_0006__postgres.sql,f4180e23cd6caa025833d5687e4e1b6924e09fdcd403c7c94fd48087498fda2b,539
runs/user/calcite_hep_track_a_120_canonical_v0__postgres/candidate_sql,PERF_0007__postgres.sql,30f581f7c665e2dcdabaaa9ef4d68dad04f48e8419cd42e949522994568dfceb,301
runs/user/calcite_hep_track_a_120_canonical_v0__postgres/candidate_sql,PERF_0008__postgres.sql,42203726de64b7e2a672baeaf7e52730975641c95993dcea52f6482fbfa57507,627
runs/user/calcite_hep_track_a_120_canonical_v0__postgres/candidate_sql,PERF_0013__postgres.sql,9e26f6fbb592668d87884b8395eccf768cd415fa113128b6c4003f50932d96ae,717
runs/user/calcite_hep_track_a_120_canonical_v0__postgres/candidate_sql,PERF_0017__postgres.sql,1a41d3198d602f1b39491dbee502e134a1e8abfa5c869aaedd05c9f191ce39cb,814
runs/user/calcite_hep_track_a_120_canonical_v0__postgres/candidate_sql,PERF_0019__postgres.sql,d12c3c11c57743fbaae3a02f54cde91d72c62c94f4f86164b27cdf9af46390d1,318
runs/user/calcite_hep_track_a_120_canonical_v0__postgres/candidate_sql,PERF_0024__postgres.sql,bd92a2dc5d5a4f0c0f1f06d9a518a36e8bfd2f64cddc1006b2ff645addf5af78,556
runs/user/calcite_hep_track_a_120_canonical_v0__postgres/candidate_sql,PERF_0033__postgres.sql,a4bc0cc10e00de1aabb5150dd474cc667195cc6d36e0ab8b668eb0b0fbf6ed72,505
runs/user/calcite_hep_track_a_120_canonical_v0__postgres/candidate_sql,PERF_0034__postgres.sql,a5796b86ea4d87c11e5e3a48b911093383c798a2df85d9dc1f575b3f988742bf,2235
runs/user/calcite_hep_track_a_120_canonical_v0__postgres/candidate_sql,PERF_0035__postgres.sql,7bc0925d65faa89846877c1cf0ded4758f9e65633ce85289b3e2fbcecf1360b9,6403
runs/user/calcite_hep_track_a_120_canonical_v0__postgres/candidate_sql,PERF_0052__postgres.sql,4830498e3fe2f3a7d5c5be7f51c51be9853e39d82c555ae83df0e02e3af6953d,1129
runs/user/calcite_hep_track_a_120_canonical_v0__postgres/candidate_sql,PERF_0054__postgres.sql,2ebb54c651d8166469ea4dfaec4aaa65cc45897e5c272788c2add592cec9f06f,529
runs/user/calcite_hep_track_a_120_canonical_v0__postgres/candidate_sql,PERF_0056__postgres.sql,bb5f55d1595c5eabb0e5d95665474bf3abd22d979a53e2722924cb71435af778,744
runs/user/calcite_hep_track_a_120_canonical_v0__postgres/candidate_sql,PERF_0062__postgres.sql,f5211f4358685942b6c5a04e66f1644795d038b5acf5573d1a0bd36e60b49426,3200
runs/user/calcite_hep_track_a_120_canonical_v0__postgres/candidate_sql,PERF_0077__postgres.sql,d736f6d69446635ac212092c3dc0c9974a9cc00c13d185c2da5f13eceedcdab4,744
runs/user/calcite_hep_track_a_120_canonical_v0__postgres/candidate_sql,PERF_0082__postgres.sql,2851f999ded490b71e9c62a0b4241e1c0d7451f3829fbc3d7eb272d3e013962b,958
runs/user/calcite_hep_track_a_120_canonical_v0__postgres/candidate_sql,PORT_0013__postgres.sql,b1843b84e2a36eaa4def7e39d4b211254e205c170f5349eecba62f780b170fc4,186
runs/user/calcite_hep_track_a_120_canonical_v0__postgres/candidate_sql,PORT_0024__postgres.sql,e3d07b8a9797c058f8e8857fc24d42a771a4d807d07fd188544d63e5d6e3aca7,190
runs/user/calcite_hep_track_a_120_canonical_v0__spark/candidate_sql,CONS_0005__spark.sql,4f37864bfe3cc52e6f3fb0cbea99428d1fb2504218dd51d5dd80fcba068b3fde,92
runs/user/calcite_hep_track_a_120_canonical_v0__spark/candidate_sql,CONS_0007__spark.sql,ffa0888130ad7131223022faaad8136af78765687fbe6e7d20fe3ea0ee28ef5f,197
runs/user/calcite_hep_track_a_120_canonical_v0__spark/candidate_sql,CONS_0009__spark.sql,2a0250874ae59e1f0312eb089941aa88cefb085327be044afec87e6e201f7357,177
runs/user/calcite_hep_track_a_120_canonical_v0__spark/candidate_sql,CONS_0010__spark.sql,e0fd2b643cc2a08e925c5d0f52994b3dbab36ffe7217f31e334c8acd108e0ed6,186
runs/user/calcite_hep_track_a_120_canonical_v0__spark/candidate_sql,CONS_0011__spark.sql,e775483adb6e3e86ec8217f80afb33e47f13958e7429ddfeafc25179928cb030,180
runs/user/calcite_hep_track_a_120_canonical_v0__spark/candidate_sql,CONS_0012__spark.sql,1484617cb4bb41c3f6f8c4d8f4cb6ca66b31c8093c017617d2dcfef1e95fe4d9,115
runs/user/calcite_hep_track_a_120_canonical_v0__spark/candidate_sql,CONS_0024__spark.sql,25d2836b1b7d295e7f70fc77ade5959e5f6dee9e16532dc3658b8fa9075f0fa6,223
runs/user/calcite_hep_track_a_120_canonical_v0__spark/candidate_sql,CONS_0036__spark.sql,9517b15f635f0fc63ccec9e14afc75fb4a66dce6fb28090b2a10e5925561cdd5,89
runs/user/calcite_hep_track_a_120_canonical_v0__spark/candidate_sql,CONS_0037__spark.sql,36f46bae8cc98818e7d6aa5539a7f0b2f3fff4defbf89cdf71e0728946e08638,141
runs/user/calcite_hep_track_a_120_canonical_v0__spark/candidate_sql,LONGTAIL_0011__spark.sql,bd16357b05b1c41154ab768d1cfa6603316cf5f5974f31c778eadb0be7fc9839,782
runs/user/calcite_hep_track_a_120_canonical_v0__spark/candidate_sql,LONGTAIL_0012__spark.sql,3f259bfcc6ce6644cdb958b45a7ccb35711337e279db47ce0dab8ee2ed4f273f,997
runs/user/calcite_hep_track_a_120_canonical_v0__spark/candidate_sql,LONGTAIL_0013__spark.sql,35689f9e94af12e988c6addb3555e782a814ee976e3c18411a00a5c854fe9e4d,1439
runs/user/calcite_hep_track_a_120_canonical_v0__spark/candidate_sql,LONGTAIL_0022__spark.sql,b0e49824b06b8415942717c69bf11e0992edfac3d27318f4628c05c1feff8e3d,535
runs/user/calcite_hep_track_a_120_canonical_v0__spark/candidate_sql,LONGTAIL_0023__spark.sql,7a6ac37e2cf17bdd896d927870afcb8c4a8ced8783c9d4e8660a14282d3268e3,726
runs/user/calcite_hep_track_a_120_canonical_v0__spark/candidate_sql,LONGTAIL_0024__spark.sql,2c00b3f000a2f13e49ce3f91506be13960d1cfefcfa0f31b065df79a6b6fac99,613
runs/user/calcite_hep_track_a_120_canonical_v0__spark/candidate_sql,PERF_0006__spark.sql,a5c20ef897d5b06efd1339b2302f8bce4dc89bfc02f7b11b3fbdae9b8ef8558b,499
runs/user/calcite_hep_track_a_120_canonical_v0__spark/candidate_sql,PERF_0007__spark.sql,aff9617576151c2941b6a99e55c6a09432523362e4f986b847b851e4126484de,345
runs/user/calcite_hep_track_a_120_canonical_v0__spark/candidate_sql,PERF_0008__spark.sql,413aea3067bd5d8fa2f55dbd85f736aac9e4d920eda652d2b04984210c53cd44,421
runs/user/calcite_hep_track_a_120_canonical_v0__spark/candidate_sql,PERF_0013__spark.sql,a1d09dda5a7a320112f66a31eda51f5bdda97150624cc6ed4c2350a47c45784d,505
runs/user/calcite_hep_track_a_120_canonical_v0__spark/candidate_sql,PERF_0017__spark.sql,df22429378b59d386aa87de20d364b6cb28afe6777a80069fd4d7031e74f06c2,537
runs/user/calcite_hep_track_a_120_canonical_v0__spark/candidate_sql,PERF_0019__spark.sql,12fb3ddf5dad337240a027afe0f89a23d74ac122ededb65557527297dd0cf9b0,312
runs/user/calcite_hep_track_a_120_canonical_v0__spark/candidate_sql,PERF_0024__spark.sql,c1c3a1b96b19a45ecba39c4126f58177e3a96f9ad2a8a75dbb8bf4b58cc7385a,501
runs/user/calcite_hep_track_a_120_canonical_v0__spark/candidate_sql,PERF_0033__spark.sql,b6a2405d2ae8ddc49d07891f536bbf83bccaa24555950f7fd4b41e059655081e,409
runs/user/calcite_hep_track_a_120_canonical_v0__spark/candidate_sql,PERF_0034__spark.sql,ceb4b1aa69893de4b5d98afbd8699214d0c8598ca0ea59f87e75a46393800edc,1704
runs/user/calcite_hep_track_a_120_canonical_v0__spark/candidate_sql,PERF_0035__spark.sql,9542f5e9dcbfe2dcea552e4b9b3da5822b3faf564dfa87c4a086e15149d6c6fd,1596
runs/user/calcite_hep_track_a_120_canonical_v0__spark/candidate_sql,PERF_0052__spark.sql,ce575c29a9d2dd0db85a4e7aaf0f66f8eb3f06883d751b6c325aefe51ba5530e,661
runs/user/calcite_hep_track_a_120_canonical_v0__spark/candidate_sql,PERF_0054__spark.sql,c80cc5fc2def6cf7037940a204672f21a1c1f6d7ed937cfd63f84519c5d27273,447
runs/user/calcite_hep_track_a_120_canonical_v0__spark/candidate_sql,PERF_0056__spark.sql,687ae5bba255ab1df95592525b97c7c1aea6f9227a23f93f3fe9b4814703b798,644
runs/user/calcite_hep_track_a_120_canonical_v0__spark/candidate_sql,PERF_0062__spark.sql,2d805c92fa23463927133943184c0253a81a99b7197ff821132e6cc3cc667c08,1446
runs/user/calcite_hep_track_a_120_canonical_v0__spark/candidate_sql,PERF_0077__spark.sql,28c933ab7cea43451259701b9019cf73438a97cdd2fe59f76cf065150e156493,419
runs/user/calcite_hep_track_a_120_canonical_v0__spark/candidate_sql,PERF_0082__spark.sql,b724b90989654c656c8d869ef30e7fde7f1fe96eac8b4e97d6f4d8a13785bb7f,577
runs/user/calcite_hep_track_a_120_canonical_v0__spark/candidate_sql,PORT_0013__spark.sql,96f548b5b5d8de1c4b68a9c6e16a5c56b0ff43eb7ae35ac43102ccf24af6b6b9,194
runs/user/calcite_hep_track_a_120_canonical_v0__spark/candidate_sql,PORT_0024__spark.sql,c5398d6a884739c88be907aced87ffd1cca205c403c42975ac3f6e9bce3a1d42,188
runs/user/calcite_hep_track_a_120_execution_checker_v0__mysql/candidate_sql,CONS_0005__mysql.sql,4f37864bfe3cc52e6f3fb0cbea99428d1fb2504218dd51d5dd80fcba068b3fde,92
runs/user/calcite_hep_track_a_120_execution_checker_v0__mysql/candidate_sql,CONS_0007__mysql.sql,a81f10b2c690c918922c42b1b043f10e04fcf58071d96a847b847537d29b864c,194
runs/user/calcite_hep_track_a_120_execution_checker_v0__mysql/candidate_sql,CONS_0009__mysql.sql,d022f8313454b907af582ee6b7ad866c1ba6e4778eafa6b41944d07318276d1b,186
runs/user/calcite_hep_track_a_120_execution_checker_v0__mysql/candidate_sql,CONS_0010__mysql.sql,24b5a5fe193b390752554e79e5e5c2d4e41a6aa6b2c0a7843a3cadd7cb891001,501
runs/user/calcite_hep_track_a_120_execution_checker_v0__mysql/candidate_sql,CONS_0011__mysql.sql,30a22ff56a2d48af6b97fac87bed299fa84e89df2ac6013f13612dbb1375142c,189
runs/user/calcite_hep_track_a_120_execution_checker_v0__mysql/candidate_sql,CONS_0012__mysql.sql,6465a4a220d056fa1842d3cfa3f5f6250b982df0bd21987f531e80cdc3af22d0,172
runs/user/calcite_hep_track_a_120_execution_checker_v0__mysql/candidate_sql,CONS_0024__mysql.sql,eb78eb657eed7228ab8768fbed9b349b3df2368b242f7fdcdcdbf19d35401114,223
runs/user/calcite_hep_track_a_120_execution_checker_v0__mysql/candidate_sql,CONS_0036__mysql.sql,afa0593c897ee28b04ef451b315275843ae720cb1623539e6574d4b9b806b13c,85
runs/user/calcite_hep_track_a_120_execution_checker_v0__mysql/candidate_sql,CONS_0037__mysql.sql,36f46bae8cc98818e7d6aa5539a7f0b2f3fff4defbf89cdf71e0728946e08638,141
runs/user/calcite_hep_track_a_120_execution_checker_v0__mysql/candidate_sql,LONGTAIL_0011__mysql.sql,d3764046e5ebf84419d79fcddb0d80e0de85f8b644e59d262c5445bf890463cf,1235
runs/user/calcite_hep_track_a_120_execution_checker_v0__mysql/candidate_sql,LONGTAIL_0012__mysql.sql,e820519fee4bc4c06b014cc62b67d58f9c3d552a76a0b1d4decf97eb97c5c4c6,1537
runs/user/calcite_hep_track_a_120_execution_checker_v0__mysql/candidate_sql,LONGTAIL_0013__mysql.sql,28ff7be5ef0faab4247c955af4e1832f15f415274ec15cd7824312cabf5310f6,2152
runs/user/calcite_hep_track_a_120_execution_checker_v0__mysql/candidate_sql,LONGTAIL_0022__mysql.sql,735a7ab924abe5bfc486ecb095f6b9516020af8b2c093cb69019cf6e18b076d3,559
runs/user/calcite_hep_track_a_120_execution_checker_v0__mysql/candidate_sql,LONGTAIL_0023__mysql.sql,230cc3f875a7aa754d1ba464b634df9e2a6699a1dacc113fa559a995ef13ae3e,762
runs/user/calcite_hep_track_a_120_execution_checker_v0__mysql/candidate_sql,LONGTAIL_0024__mysql.sql,2ee3c79f8114e88bb71984b5536fb6b2c04838279135ffc492a3747c09c76d9c,637
runs/user/calcite_hep_track_a_120_execution_checker_v0__mysql/candidate_sql,PERF_0006__mysql.sql,775c9c8a01741e04e659662ddd70e078bfb42e113e58503a0aff496cabffff13,623
runs/user/calcite_hep_track_a_120_execution_checker_v0__mysql/candidate_sql,PERF_0007__mysql.sql,2a4d2302059b40d1a7a2f7e9373585e2cfa8dfc6dc87d58b5008eea448e1f7c5,317
runs/user/calcite_hep_track_a_120_execution_checker_v0__mysql/candidate_sql,PERF_0008__mysql.sql,6d6e372b864c714a8a15ef0daeba5d067a88b6ccf7824a273a4240c3e99872bb,424
runs/user/calcite_hep_track_a_120_execution_checker_v0__mysql/candidate_sql,PERF_0013__mysql.sql,7afd149a1c49a4ed73a14c1c04cccacdb59fa52089b4f1dede5f73627773c34a,508
runs/user/calcite_hep_track_a_120_execution_checker_v0__mysql/candidate_sql,PERF_0017__mysql.sql,79d0ef7c2105cf14dd34b7ab8fd60d934a8201f762c301a0d5e0c5bcad501e31,540
runs/user/calcite_hep_track_a_120_execution_checker_v0__mysql/candidate_sql,PERF_0019__mysql.sql,7247e783d7fc244d344d7031cce1b44effe6f7e2efdd6624ff7c6e4877aa3270,318
runs/user/calcite_hep_track_a_120_execution_checker_v0__mysql/candidate_sql,PERF_0024__mysql.sql,6773bbf16c4769f1a6d2bbb54f438ccddf6b909386255319d839911671db1705,651
runs/user/calcite_hep_track_a_120_execution_checker_v0__mysql/candidate_sql,PERF_0033__mysql.sql,4bdce8b42fb73178fe061a2d806a67e3799257c4461255d4555e72eb2a85d6aa,723
runs/user/calcite_hep_track_a_120_execution_checker_v0__mysql/candidate_sql,PERF_0034__mysql.sql,a22fdca6b3ebfc50323687e417a8572f42618809b506fe34c4c654f754fdecd2,2528
runs/user/calcite_hep_track_a_120_execution_checker_v0__mysql/candidate_sql,PERF_0035__mysql.sql,dfd8cb237d49e46ec9107de2e0ed77b592ba3735f3d19c02a2a6de558d9a6217,7052
runs/user/calcite_hep_track_a_120_execution_checker_v0__mysql/candidate_sql,PERF_0052__mysql.sql,17179d7aaeab950e21c7ed3f43f7a9a5dfed5161760b23f0bcd21a513df91897,1302
runs/user/calcite_hep_track_a_120_execution_checker_v0__mysql/candidate_sql,PERF_0054__mysql.sql,e22e596e31528d1e53f04f83108e8e3d2d7840ecdef6c610df4711c6da3580ad,784
runs/user/calcite_hep_track_a_120_execution_checker_v0__mysql/candidate_sql,PERF_0056__mysql.sql,0cfa8da79d9f8bf2cfc9074579630f5651c335d5c615aab9b9be6ad223fcd1cc,865
runs/user/calcite_hep_track_a_120_execution_checker_v0__mysql/candidate_sql,PERF_0062__mysql.sql,0c0f4aef84533eeca02b80284bd8360643798ff9e280a566225e91289de021a6,3380
runs/user/calcite_hep_track_a_120_execution_checker_v0__mysql/candidate_sql,PERF_0077__mysql.sql,76cd83ea5e7887cb5b7156dae1a7df37f582fad885109038449624e705ba160c,668
runs/user/calcite_hep_track_a_120_execution_checker_v0__mysql/candidate_sql,PERF_0082__mysql.sql,9f90af8562d66caeb9a1749a2e6ad72397441c644e4f8b3d686a9dcd51876b67,879
runs/user/calcite_hep_track_a_120_execution_checker_v0__mysql/candidate_sql,PORT_0013__mysql.sql,2c9daf28c5ad3aea9bed97f8ef9e0c0c020c78781d6f910c19fd7f9ee66c18d2,200
runs/user/calcite_hep_track_a_120_execution_checker_v0__mysql/candidate_sql,PORT_0024__mysql.sql,c5398d6a884739c88be907aced87ffd1cca205c403c42975ac3f6e9bce3a1d42,188
runs/user/calcite_hep_track_a_120_execution_checker_v0__postgres/candidate_sql,CONS_0005__postgres.sql,d1be5b8148d103fc1a9d117ba6e5371df06ecd1a9398c437aa1c33e666d758e3,78
runs/user/calcite_hep_track_a_120_execution_checker_v0__postgres/candidate_sql,CONS_0007__postgres.sql,b0c9d9724e7788d9f853bab3c7be08dac6b5d78f4a0be21facbff963f0914b74,176
runs/user/calcite_hep_track_a_120_execution_checker_v0__postgres/candidate_sql,CONS_0009__postgres.sql,c54c805f49fba1d5aa2f76b705711759cd5fb0bb0e95842f95f9de68996823a7,162
runs/user/calcite_hep_track_a_120_execution_checker_v0__postgres/candidate_sql,CONS_0010__postgres.sql,ca5e609ea2e796ac1d7ec53b2376811ce29612431b6e8cb97438ddee5ce75a41,427
runs/user/calcite_hep_track_a_120_execution_checker_v0__postgres/candidate_sql,CONS_0011__postgres.sql,e0fc0b83ce2eb518202aaebf61a6454cdfc77bee51800be00ccdea8b40c16afc,159
runs/user/calcite_hep_track_a_120_execution_checker_v0__postgres/candidate_sql,CONS_0012__postgres.sql,57045c5c739db984e440411f7aef6a3dd7e38a67ab0adda64c3b74a962fce371,166
runs/user/calcite_hep_track_a_120_execution_checker_v0__postgres/candidate_sql,CONS_0024__postgres.sql,615cfbff339ee14e1a2b5527495c1cf4906e2dabbdc5d2db42a94c94bf9c5072,196
runs/user/calcite_hep_track_a_120_execution_checker_v0__postgres/candidate_sql,CONS_0036__postgres.sql,3dd2194ef428fa853e9ae072ff1358363861bb481b5ab7cbfe19efa050f31503,77
runs/user/calcite_hep_track_a_120_execution_checker_v0__postgres/candidate_sql,CONS_0037__postgres.sql,e7644418ded23abe743e2453fcce203e5cbc5d665c58704010ca735834e14b74,117
runs/user/calcite_hep_track_a_120_execution_checker_v0__postgres/candidate_sql,LONGTAIL_0011__postgres.sql,78f30716ea9518f11a29ea84e59a5651140e03e6e4806f41310dcc251dc28ef7,1076
runs/user/calcite_hep_track_a_120_execution_checker_v0__postgres/candidate_sql,LONGTAIL_0012__postgres.sql,9c7a5f8dc0690373204e48a88cf7e55949c8b97f2049229e4e530a6e357756bb,1389
runs/user/calcite_hep_track_a_120_execution_checker_v0__postgres/candidate_sql,LONGTAIL_0013__postgres.sql,efb4835df500a893dfa34d9fa36fff86db3286dab3a898aee1f4bec079024b74,1879
runs/user/calcite_hep_track_a_120_execution_checker_v0__postgres/candidate_sql,LONGTAIL_0022__postgres.sql,8342ce125e2c4b8fe79fb12a62b76f342cd3de4a00dcc6c5af158f9bbf9d6e17,525
runs/user/calcite_hep_track_a_120_execution_checker_v0__postgres/candidate_sql,LONGTAIL_0023__postgres.sql,a2d4ac4c0c4082a68ce64ed1623694d61c1fa285b18fef251968dcc9fe8901e8,730
runs/user/calcite_hep_track_a_120_execution_checker_v0__postgres/candidate_sql,LONGTAIL_0024__postgres.sql,51663589adaf99271dd7bc17fcb9dd9affd7f0c06f80eb3b8c58e96e51cfbf7c,607
runs/user/calcite_hep_track_a_120_execution_checker_v0__postgres/candidate_sql,PERF_0006__postgres.sql,f4180e23cd6caa025833d5687e4e1b6924e09fdcd403c7c94fd48087498fda2b,539
runs/user/calcite_hep_track_a_120_execution_checker_v0__postgres/candidate_sql,PERF_0007__postgres.sql,30f581f7c665e2dcdabaaa9ef4d68dad04f48e8419cd42e949522994568dfceb,301
runs/user/calcite_hep_track_a_120_execution_checker_v0__postgres/candidate_sql,PERF_0008__postgres.sql,42203726de64b7e2a672baeaf7e52730975641c95993dcea52f6482fbfa57507,627
runs/user/calcite_hep_track_a_120_execution_checker_v0__postgres/candidate_sql,PERF_0013__postgres.sql,9e26f6fbb592668d87884b8395eccf768cd415fa113128b6c4003f50932d96ae,717
runs/user/calcite_hep_track_a_120_execution_checker_v0__postgres/candidate_sql,PERF_0017__postgres.sql,1a41d3198d602f1b39491dbee502e134a1e8abfa5c869aaedd05c9f191ce39cb,814
runs/user/calcite_hep_track_a_120_execution_checker_v0__postgres/candidate_sql,PERF_0019__postgres.sql,d12c3c11c57743fbaae3a02f54cde91d72c62c94f4f86164b27cdf9af46390d1,318
runs/user/calcite_hep_track_a_120_execution_checker_v0__postgres/candidate_sql,PERF_0024__postgres.sql,bd92a2dc5d5a4f0c0f1f06d9a518a36e8bfd2f64cddc1006b2ff645addf5af78,556
runs/user/calcite_hep_track_a_120_execution_checker_v0__postgres/candidate_sql,PERF_0033__postgres.sql,a4bc0cc10e00de1aabb5150dd474cc667195cc6d36e0ab8b668eb0b0fbf6ed72,505
runs/user/calcite_hep_track_a_120_execution_checker_v0__postgres/candidate_sql,PERF_0034__postgres.sql,a5796b86ea4d87c11e5e3a48b911093383c798a2df85d9dc1f575b3f988742bf,2235
runs/user/calcite_hep_track_a_120_execution_checker_v0__postgres/candidate_sql,PERF_0035__postgres.sql,7bc0925d65faa89846877c1cf0ded4758f9e65633ce85289b3e2fbcecf1360b9,6403
runs/user/calcite_hep_track_a_120_execution_checker_v0__postgres/candidate_sql,PERF_0052__postgres.sql,4830498e3fe2f3a7d5c5be7f51c51be9853e39d82c555ae83df0e02e3af6953d,1129
runs/user/calcite_hep_track_a_120_execution_checker_v0__postgres/candidate_sql,PERF_0054__postgres.sql,2ebb54c651d8166469ea4dfaec4aaa65cc45897e5c272788c2add592cec9f06f,529
runs/user/calcite_hep_track_a_120_execution_checker_v0__postgres/candidate_sql,PERF_0056__postgres.sql,bb5f55d1595c5eabb0e5d95665474bf3abd22d979a53e2722924cb71435af778,744
runs/user/calcite_hep_track_a_120_execution_checker_v0__postgres/candidate_sql,PERF_0062__postgres.sql,f5211f4358685942b6c5a04e66f1644795d038b5acf5573d1a0bd36e60b49426,3200
runs/user/calcite_hep_track_a_120_execution_checker_v0__postgres/candidate_sql,PERF_0077__postgres.sql,d736f6d69446635ac212092c3dc0c9974a9cc00c13d185c2da5f13eceedcdab4,744
runs/user/calcite_hep_track_a_120_execution_checker_v0__postgres/candidate_sql,PERF_0082__postgres.sql,2851f999ded490b71e9c62a0b4241e1c0d7451f3829fbc3d7eb272d3e013962b,958
runs/user/calcite_hep_track_a_120_execution_checker_v0__postgres/candidate_sql,PORT_0013__postgres.sql,b1843b84e2a36eaa4def7e39d4b211254e205c170f5349eecba62f780b170fc4,186
runs/user/calcite_hep_track_a_120_execution_checker_v0__postgres/candidate_sql,PORT_0024__postgres.sql,e3d07b8a9797c058f8e8857fc24d42a771a4d807d07fd188544d63e5d6e3aca7,190
runs/user/calcite_hep_track_a_120_execution_checker_v0__spark/candidate_sql,CONS_0005__spark.sql,4f37864bfe3cc52e6f3fb0cbea99428d1fb2504218dd51d5dd80fcba068b3fde,92
runs/user/calcite_hep_track_a_120_execution_checker_v0__spark/candidate_sql,CONS_0007__spark.sql,ffa0888130ad7131223022faaad8136af78765687fbe6e7d20fe3ea0ee28ef5f,197
runs/user/calcite_hep_track_a_120_execution_checker_v0__spark/candidate_sql,CONS_0009__spark.sql,2a0250874ae59e1f0312eb089941aa88cefb085327be044afec87e6e201f7357,177
runs/user/calcite_hep_track_a_120_execution_checker_v0__spark/candidate_sql,CONS_0010__spark.sql,e0fd2b643cc2a08e925c5d0f52994b3dbab36ffe7217f31e334c8acd108e0ed6,186
runs/user/calcite_hep_track_a_120_execution_checker_v0__spark/candidate_sql,CONS_0011__spark.sql,e775483adb6e3e86ec8217f80afb33e47f13958e7429ddfeafc25179928cb030,180
runs/user/calcite_hep_track_a_120_execution_checker_v0__spark/candidate_sql,CONS_0012__spark.sql,1484617cb4bb41c3f6f8c4d8f4cb6ca66b31c8093c017617d2dcfef1e95fe4d9,115
runs/user/calcite_hep_track_a_120_execution_checker_v0__spark/candidate_sql,CONS_0024__spark.sql,25d2836b1b7d295e7f70fc77ade5959e5f6dee9e16532dc3658b8fa9075f0fa6,223
runs/user/calcite_hep_track_a_120_execution_checker_v0__spark/candidate_sql,CONS_0036__spark.sql,9517b15f635f0fc63ccec9e14afc75fb4a66dce6fb28090b2a10e5925561cdd5,89
runs/user/calcite_hep_track_a_120_execution_checker_v0__spark/candidate_sql,CONS_0037__spark.sql,36f46bae8cc98818e7d6aa5539a7f0b2f3fff4defbf89cdf71e0728946e08638,141
runs/user/calcite_hep_track_a_120_execution_checker_v0__spark/candidate_sql,LONGTAIL_0011__spark.sql,bd16357b05b1c41154ab768d1cfa6603316cf5f5974f31c778eadb0be7fc9839,782
runs/user/calcite_hep_track_a_120_execution_checker_v0__spark/candidate_sql,LONGTAIL_0012__spark.sql,3f259bfcc6ce6644cdb958b45a7ccb35711337e279db47ce0dab8ee2ed4f273f,997
runs/user/calcite_hep_track_a_120_execution_checker_v0__spark/candidate_sql,LONGTAIL_0013__spark.sql,35689f9e94af12e988c6addb3555e782a814ee976e3c18411a00a5c854fe9e4d,1439
runs/user/calcite_hep_track_a_120_execution_checker_v0__spark/candidate_sql,LONGTAIL_0022__spark.sql,b0e49824b06b8415942717c69bf11e0992edfac3d27318f4628c05c1feff8e3d,535
runs/user/calcite_hep_track_a_120_execution_checker_v0__spark/candidate_sql,LONGTAIL_0023__spark.sql,7a6ac37e2cf17bdd896d927870afcb8c4a8ced8783c9d4e8660a14282d3268e3,726
runs/user/calcite_hep_track_a_120_execution_checker_v0__spark/candidate_sql,LONGTAIL_0024__spark.sql,2c00b3f000a2f13e49ce3f91506be13960d1cfefcfa0f31b065df79a6b6fac99,613
runs/user/calcite_hep_track_a_120_execution_checker_v0__spark/candidate_sql,PERF_0006__spark.sql,a5c20ef897d5b06efd1339b2302f8bce4dc89bfc02f7b11b3fbdae9b8ef8558b,499
runs/user/calcite_hep_track_a_120_execution_checker_v0__spark/candidate_sql,PERF_0007__spark.sql,aff9617576151c2941b6a99e55c6a09432523362e4f986b847b851e4126484de,345
runs/user/calcite_hep_track_a_120_execution_checker_v0__spark/candidate_sql,PERF_0008__spark.sql,413aea3067bd5d8fa2f55dbd85f736aac9e4d920eda652d2b04984210c53cd44,421
runs/user/calcite_hep_track_a_120_execution_checker_v0__spark/candidate_sql,PERF_0013__spark.sql,a1d09dda5a7a320112f66a31eda51f5bdda97150624cc6ed4c2350a47c45784d,505
runs/user/calcite_hep_track_a_120_execution_checker_v0__spark/candidate_sql,PERF_0017__spark.sql,df22429378b59d386aa87de20d364b6cb28afe6777a80069fd4d7031e74f06c2,537
runs/user/calcite_hep_track_a_120_execution_checker_v0__spark/candidate_sql,PERF_0019__spark.sql,12fb3ddf5dad337240a027afe0f89a23d74ac122ededb65557527297dd0cf9b0,312
runs/user/calcite_hep_track_a_120_execution_checker_v0__spark/candidate_sql,PERF_0024__spark.sql,c1c3a1b96b19a45ecba39c4126f58177e3a96f9ad2a8a75dbb8bf4b58cc7385a,501
runs/user/calcite_hep_track_a_120_execution_checker_v0__spark/candidate_sql,PERF_0033__spark.sql,b6a2405d2ae8ddc49d07891f536bbf83bccaa24555950f7fd4b41e059655081e,409
runs/user/calcite_hep_track_a_120_execution_checker_v0__spark/candidate_sql,PERF_0034__spark.sql,ceb4b1aa69893de4b5d98afbd8699214d0c8598ca0ea59f87e75a46393800edc,1704
runs/user/calcite_hep_track_a_120_execution_checker_v0__spark/candidate_sql,PERF_0035__spark.sql,9542f5e9dcbfe2dcea552e4b9b3da5822b3faf564dfa87c4a086e15149d6c6fd,1596
runs/user/calcite_hep_track_a_120_execution_checker_v0__spark/candidate_sql,PERF_0052__spark.sql,ce575c29a9d2dd0db85a4e7aaf0f66f8eb3f06883d751b6c325aefe51ba5530e,661
runs/user/calcite_hep_track_a_120_execution_checker_v0__spark/candidate_sql,PERF_0054__spark.sql,c80cc5fc2def6cf7037940a204672f21a1c1f6d7ed937cfd63f84519c5d27273,447
runs/user/calcite_hep_track_a_120_execution_checker_v0__spark/candidate_sql,PERF_0056__spark.sql,687ae5bba255ab1df95592525b97c7c1aea6f9227a23f93f3fe9b4814703b798,644
runs/user/calcite_hep_track_a_120_execution_checker_v0__spark/candidate_sql,PERF_0062__spark.sql,2d805c92fa23463927133943184c0253a81a99b7197ff821132e6cc3cc667c08,1446
runs/user/calcite_hep_track_a_120_execution_checker_v0__spark/candidate_sql,PERF_0077__spark.sql,28c933ab7cea43451259701b9019cf73438a97cdd2fe59f76cf065150e156493,419
runs/user/calcite_hep_track_a_120_execution_checker_v0__spark/candidate_sql,PERF_0082__spark.sql,b724b90989654c656c8d869ef30e7fde7f1fe96eac8b4e97d6f4d8a13785bb7f,577
runs/user/calcite_hep_track_a_120_execution_checker_v0__spark/candidate_sql,PORT_0013__spark.sql,96f548b5b5d8de1c4b68a9c6e16a5c56b0ff43eb7ae35ac43102ccf24af6b6b9,194
runs/user/calcite_hep_track_a_120_execution_checker_v0__spark/candidate_sql,PORT_0024__spark.sql,c5398d6a884739c88be907aced87ffd1cca205c403c42975ac3f6e9bce3a1d42,188
runs/user/calcite_hep_tri_engine_readiness_after_guard_v0__postgres/candidate_sql,CONS_0005__postgres.sql,d1be5b8148d103fc1a9d117ba6e5371df06ecd1a9398c437aa1c33e666d758e3,78
runs/user/calcite_hep_tri_engine_readiness_after_guard_v0__postgres/candidate_sql,CONS_0036__postgres.sql,3dd2194ef428fa853e9ae072ff1358363861bb481b5ab7cbfe19efa050f31503,77
runs/user/calcite_hep_tri_engine_readiness_after_guard_v0__postgres/candidate_sql,CONS_0037__postgres.sql,e7644418ded23abe743e2453fcce203e5cbc5d665c58704010ca735834e14b74,117
runs/user/calcite_hep_tri_engine_readiness_after_guard_v0__postgres/candidate_sql,PERF_0006__postgres.sql,f4180e23cd6caa025833d5687e4e1b6924e09fdcd403c7c94fd48087498fda2b,539
runs/user/calcite_hep_tri_engine_readiness_after_guard_v0__postgres/candidate_sql,PORT_0024__postgres.sql,e3d07b8a9797c058f8e8857fc24d42a771a4d807d07fd188544d63e5d6e3aca7,190
runs/user/calcite_hep_tri_engine_readiness_smoke_v0__mysql/candidate_sql,CONS_0005__mysql.sql,fb5a663f7eef6f586a3c06b0759dba01024bc7b162ff1139a17abfa8c362233b,92
runs/user/calcite_hep_tri_engine_readiness_smoke_v0__mysql/candidate_sql,CONS_0036__mysql.sql,b9ce348caf27d8ccc8f435e463f184c0f06cd35e790243c64f290edc2f4767ee,85
runs/user/calcite_hep_tri_engine_readiness_smoke_v0__mysql/candidate_sql,CONS_0037__mysql.sql,57f2276938836a75075823188bb3ad1c8370f51edff0e71656db9eea3e95be22,141
runs/user/calcite_hep_tri_engine_readiness_smoke_v0__mysql/candidate_sql,PERF_0006__mysql.sql,896444d4db48648060344e9d30f01334d10c7e3b796d24819607b76ac425e1bd,575
runs/user/calcite_hep_tri_engine_readiness_smoke_v0__mysql/candidate_sql,PORT_0024__mysql.sql,518d8ddf5828c70cb740c2d916472585ede003d54886dc7c6fddae3c589a9392,198
runs/user/calcite_hep_tri_engine_readiness_smoke_v0__postgres/candidate_sql,CONS_0005__postgres.sql,d1be5b8148d103fc1a9d117ba6e5371df06ecd1a9398c437aa1c33e666d758e3,78
runs/user/calcite_hep_tri_engine_readiness_smoke_v0__postgres/candidate_sql,CONS_0036__postgres.sql,3dd2194ef428fa853e9ae072ff1358363861bb481b5ab7cbfe19efa050f31503,77
runs/user/calcite_hep_tri_engine_readiness_smoke_v0__postgres/candidate_sql,CONS_0037__postgres.sql,e7644418ded23abe743e2453fcce203e5cbc5d665c58704010ca735834e14b74,117
runs/user/calcite_hep_tri_engine_readiness_smoke_v0__postgres/candidate_sql,PERF_0006__postgres.sql,f4180e23cd6caa025833d5687e4e1b6924e09fdcd403c7c94fd48087498fda2b,539
runs/user/calcite_hep_tri_engine_readiness_smoke_v0__postgres/candidate_sql,PORT_0024__postgres.sql,e3d07b8a9797c058f8e8857fc24d42a771a4d807d07fd188544d63e5d6e3aca7,190
runs/user/calcite_hep_tri_engine_readiness_smoke_v0__spark/candidate_sql,CONS_0005__spark.sql,fb5a663f7eef6f586a3c06b0759dba01024bc7b162ff1139a17abfa8c362233b,92
runs/user/calcite_hep_tri_engine_readiness_smoke_v0__spark/candidate_sql,CONS_0036__spark.sql,ea61c27f82214fe23dcafe7d2708ad5da6ebb2958e662a904081cd68a32243da,95
runs/user/calcite_hep_tri_engine_readiness_smoke_v0__spark/candidate_sql,CONS_0037__spark.sql,57f2276938836a75075823188bb3ad1c8370f51edff0e71656db9eea3e95be22,141
runs/user/calcite_hep_tri_engine_readiness_smoke_v0__spark/candidate_sql,PERF_0006__spark.sql,c64c980988898be777ba7b55222bc2ea1e1d3231bb46827f29f106e52a8414f1,523
runs/user/calcite_hep_tri_engine_readiness_smoke_v0__spark/candidate_sql,PORT_0024__spark.sql,518d8ddf5828c70cb740c2d916472585ede003d54886dc7c6fddae3c589a9392,198
runs/user/common_core_mysql_noop_db_checker/candidate_sql,CONS_0005__mysql.sql,7fb55d0e5e79d59f62e4eefa8782ae34ec9e5fc7d5d83d74f6c8537aaec060cf,104
runs/user/common_core_mysql_noop_db_checker/candidate_sql,CONS_0007__mysql.sql,87f20da933190edd2e6f72b4fd6fb40328280eb7d39a6d1b9f0ea2ed2da25e32,195
runs/user/common_core_mysql_noop_db_checker/candidate_sql,CONS_0009__mysql.sql,5823c5d0fe149007ba73e1fe607f4b4b68be1852ccd37abe6534188f9e090ba6,188
runs/user/common_core_mysql_noop_db_checker/candidate_sql,CONS_0010__mysql.sql,1af72c63f62480db554a907264092d5c0457bf93bd7e12c5f080685bd2178785,160
runs/user/common_core_mysql_noop_db_checker/candidate_sql,CONS_0011__mysql.sql,3f461dd446146583d385abc3f138c235745ed5f4bfef18a64e61eb2159362753,162
runs/user/common_core_mysql_noop_db_checker/candidate_sql,CONS_0012__mysql.sql,c0808116a402e85af71bd2812818e68b4b8e47422806a537a1f636d00f9f16b7,110
runs/user/common_core_mysql_noop_db_checker/candidate_sql,CONS_0024__mysql.sql,ebbf16b71ff32d3789ee056631ff035375744192381265de1767a529ba166132,212
runs/user/common_core_mysql_noop_db_checker/candidate_sql,CONS_0036__mysql.sql,b97474505e3930f8ba5c93a9dff5afb9833e5496e637d2adca05246f728df683,83
runs/user/common_core_mysql_noop_db_checker/candidate_sql,CONS_0037__mysql.sql,a54f58daf9f9f32a4bf1b3be9ad5d7674fe79955036f748ff6eddf7aa498123b,117
runs/user/common_core_mysql_noop_db_checker/candidate_sql,LONGTAIL_0011__mysql.sql,dc674b49bd030f320141fe221ee3a9e7bd4791a47049f757ec9c72ad62d37928,846
runs/user/common_core_mysql_noop_db_checker/candidate_sql,LONGTAIL_0012__mysql.sql,fee7b11be08a3461f07797bcee5e404d7deb2ff0e42acb44e7fc5bed35cf4de1,1066
runs/user/common_core_mysql_noop_db_checker/candidate_sql,LONGTAIL_0013__mysql.sql,188f7da6e1c11b08a4d846a0e85cbb1a0115607f0859ff83e8aae2a13b3a9cd9,1461
runs/user/common_core_mysql_noop_db_checker/candidate_sql,LONGTAIL_0022__mysql.sql,c5558cfdf705ef3fd0bf2e69afbaa1a38192f37b7563a1ae145a41de3d9fba50,554
runs/user/common_core_mysql_noop_db_checker/candidate_sql,LONGTAIL_0023__mysql.sql,758d318d64074b7bad77fdb1bc5418f9a87058603922d710161549eb43ebe926,776
runs/user/common_core_mysql_noop_db_checker/candidate_sql,LONGTAIL_0024__mysql.sql,9d46fb0a71730e776594aa7c8d40cf359572fc7ceb6edc6572c0a2431b390c53,649
runs/user/common_core_mysql_noop_db_checker/candidate_sql,PERF_0006__mysql.sql,250256397b1969ed1f7080c201b9440b0c917720508edf89497dab51e841562b,1071
runs/user/common_core_mysql_noop_db_checker/candidate_sql,PERF_0007__mysql.sql,9dc696fb97b2ee3ebc57a8cc63e0eae624c07a2fd005ce0e396a5b70c8a61939,754
runs/user/common_core_mysql_noop_db_checker/candidate_sql,PERF_0008__mysql.sql,c99c82eda540a5873e8a3eb1ef8827ef013ff1433510bf7b78c2c773f81d3ba8,944
runs/user/common_core_mysql_noop_db_checker/candidate_sql,PERF_0013__mysql.sql,89d0f9a09a41e96b6b3c0c9fa92d7926b177bc1917cd233758ee2773be807064,1032
runs/user/common_core_mysql_noop_db_checker/candidate_sql,PERF_0017__mysql.sql,710366ebada2ecaa7d56a6a84b1bb8a7571ebbf296d1664f4530b3a0c8f850ca,1139
runs/user/common_core_mysql_noop_db_checker/candidate_sql,PERF_0019__mysql.sql,099a3ecc8fd1d77bd86c9aa25b43a2c4e7c5c4832edb756491db80ccff6cf422,995
runs/user/common_core_mysql_noop_db_checker/candidate_sql,PERF_0024__mysql.sql,adbcd38897f700fdeecc2d8b018ac5618929276fe8a0b58169bc2f5b242a79ac,1024
runs/user/common_core_mysql_noop_db_checker/candidate_sql,PERF_0033__mysql.sql,d0f865f84426d3b2cbf7c887f2c70b14fc1279f2c0822ea212e1542aaa9fd3c2,582
runs/user/common_core_mysql_noop_db_checker/candidate_sql,PERF_0034__mysql.sql,7b067603fc8093dd845c2fa77a582f02e59513456e6befcb0e4f4541b42b205f,2079
runs/user/common_core_mysql_noop_db_checker/candidate_sql,PERF_0035__mysql.sql,9977cac76fdd6e06994c1b1e13c1e84154cc6074fa05584c0eb337b15ce806f6,1934
runs/user/common_core_mysql_noop_db_checker/candidate_sql,PERF_0052__mysql.sql,c7d742cfda6dc04194e4e83eddfe68132023c009e0e67713e0250048a195498b,898
runs/user/common_core_mysql_noop_db_checker/candidate_sql,PERF_0054__mysql.sql,0a97395e9cd01c7d4c8a83f25406e83d1c1e5dec2ce9cfda696a90b8633bee3f,613
runs/user/common_core_mysql_noop_db_checker/candidate_sql,PERF_0056__mysql.sql,2c2a6b7c84816efa61ef43e36bc4d388515bbefbf4727e6ae3fcb14f65b02d93,820
runs/user/common_core_mysql_noop_db_checker/candidate_sql,PERF_0062__mysql.sql,1173728ec616c63fc26002b5c832448959956cab9ec40c7598b1ca3b3eebdc2a,1714
runs/user/common_core_mysql_noop_db_checker/candidate_sql,PERF_0077__mysql.sql,b3e94a9ed53d9362995072b587f973f0defa1f2b879be53870396babd45b2bcd,633
runs/user/common_core_mysql_noop_db_checker/candidate_sql,PERF_0082__mysql.sql,931544a23fdc970ac15b6daf6b2aed935887bf70ea114f59bcfd74d304a3fb80,845
runs/user/common_core_mysql_noop_db_checker/candidate_sql,PORT_0003__mysql.sql,2537261ae47aca73b32159c61d2f914f2812ab79c12b29fa2ca166ad0dd2861f,224
runs/user/common_core_mysql_noop_db_checker/candidate_sql,PORT_0004__mysql.sql,8eaee79c200631c489eda66c6aee80fe8b12cb249ba349281302940c7a62151f,335
runs/user/common_core_mysql_noop_db_checker/candidate_sql,PORT_0005__mysql.sql,cc1a134dcca992ad700f810329a0d797fa2028d23dc6c32c7c53608b72112c6a,237
runs/user/common_core_mysql_noop_db_checker/candidate_sql,PORT_0008__mysql.sql,338cf9bd10d592102ca3b7a17fa725dd70b895d55f5a7dd7f59cc623d876aaf2,326
runs/user/common_core_mysql_noop_db_checker/candidate_sql,PORT_0012__mysql.sql,6c2f1fc97fccfc98cb0d649e63ef96f1a6fa8c48153a3c5982f0b681a132fdfc,211
runs/user/common_core_mysql_noop_db_checker/candidate_sql,PORT_0013__mysql.sql,05e5a1bb489c4913f5153c04b709b4d869738b50dd364e0e113a1f332065e666,206
runs/user/common_core_mysql_noop_db_checker/candidate_sql,PORT_0022__mysql.sql,c2bfad6e238e73027a41a0ef7df09c11324c3d4de6ca631a2cf92049163f967f,235
runs/user/common_core_mysql_noop_db_checker/candidate_sql,PORT_0024__mysql.sql,f3d118fe405944ef044a57ee3cf1834c75a63ffc76cbe15f7640db66726d242f,139
runs/user/common_core_mysql_noop_db_checker/candidate_sql,PORT_0025__mysql.sql,c16914d327c777e614b91cc1196ee05b25b8ee90fb99b3cdbc04002ebb8f6efd,253
runs/user/common_core_pg_noop_db_checker/candidate_sql,CONS_0005__postgres.sql,7fb55d0e5e79d59f62e4eefa8782ae34ec9e5fc7d5d83d74f6c8537aaec060cf,104
runs/user/common_core_pg_noop_db_checker/candidate_sql,CONS_0007__postgres.sql,87f20da933190edd2e6f72b4fd6fb40328280eb7d39a6d1b9f0ea2ed2da25e32,195
runs/user/common_core_pg_noop_db_checker/candidate_sql,CONS_0009__postgres.sql,5823c5d0fe149007ba73e1fe607f4b4b68be1852ccd37abe6534188f9e090ba6,188
runs/user/common_core_pg_noop_db_checker/candidate_sql,CONS_0010__postgres.sql,1af72c63f62480db554a907264092d5c0457bf93bd7e12c5f080685bd2178785,160
runs/user/common_core_pg_noop_db_checker/candidate_sql,CONS_0011__postgres.sql,3f461dd446146583d385abc3f138c235745ed5f4bfef18a64e61eb2159362753,162
runs/user/common_core_pg_noop_db_checker/candidate_sql,CONS_0012__postgres.sql,c0808116a402e85af71bd2812818e68b4b8e47422806a537a1f636d00f9f16b7,110
runs/user/common_core_pg_noop_db_checker/candidate_sql,CONS_0024__postgres.sql,ebbf16b71ff32d3789ee056631ff035375744192381265de1767a529ba166132,212
runs/user/common_core_pg_noop_db_checker/candidate_sql,CONS_0036__postgres.sql,b97474505e3930f8ba5c93a9dff5afb9833e5496e637d2adca05246f728df683,83
runs/user/common_core_pg_noop_db_checker/candidate_sql,CONS_0037__postgres.sql,a54f58daf9f9f32a4bf1b3be9ad5d7674fe79955036f748ff6eddf7aa498123b,117
runs/user/common_core_pg_noop_db_checker/candidate_sql,LONGTAIL_0011__postgres.sql,dc674b49bd030f320141fe221ee3a9e7bd4791a47049f757ec9c72ad62d37928,846
runs/user/common_core_pg_noop_db_checker/candidate_sql,LONGTAIL_0012__postgres.sql,fee7b11be08a3461f07797bcee5e404d7deb2ff0e42acb44e7fc5bed35cf4de1,1066
runs/user/common_core_pg_noop_db_checker/candidate_sql,LONGTAIL_0013__postgres.sql,188f7da6e1c11b08a4d846a0e85cbb1a0115607f0859ff83e8aae2a13b3a9cd9,1461
runs/user/common_core_pg_noop_db_checker/candidate_sql,LONGTAIL_0022__postgres.sql,c5558cfdf705ef3fd0bf2e69afbaa1a38192f37b7563a1ae145a41de3d9fba50,554
runs/user/common_core_pg_noop_db_checker/candidate_sql,LONGTAIL_0023__postgres.sql,758d318d64074b7bad77fdb1bc5418f9a87058603922d710161549eb43ebe926,776
runs/user/common_core_pg_noop_db_checker/candidate_sql,LONGTAIL_0024__postgres.sql,9d46fb0a71730e776594aa7c8d40cf359572fc7ceb6edc6572c0a2431b390c53,649
runs/user/common_core_pg_noop_db_checker/candidate_sql,PERF_0006__postgres.sql,250256397b1969ed1f7080c201b9440b0c917720508edf89497dab51e841562b,1071
runs/user/common_core_pg_noop_db_checker/candidate_sql,PERF_0007__postgres.sql,9dc696fb97b2ee3ebc57a8cc63e0eae624c07a2fd005ce0e396a5b70c8a61939,754
runs/user/common_core_pg_noop_db_checker/candidate_sql,PERF_0008__postgres.sql,c99c82eda540a5873e8a3eb1ef8827ef013ff1433510bf7b78c2c773f81d3ba8,944
runs/user/common_core_pg_noop_db_checker/candidate_sql,PERF_0013__postgres.sql,89d0f9a09a41e96b6b3c0c9fa92d7926b177bc1917cd233758ee2773be807064,1032
runs/user/common_core_pg_noop_db_checker/candidate_sql,PERF_0017__postgres.sql,710366ebada2ecaa7d56a6a84b1bb8a7571ebbf296d1664f4530b3a0c8f850ca,1139
runs/user/common_core_pg_noop_db_checker/candidate_sql,PERF_0019__postgres.sql,099a3ecc8fd1d77bd86c9aa25b43a2c4e7c5c4832edb756491db80ccff6cf422,995
runs/user/common_core_pg_noop_db_checker/candidate_sql,PERF_0024__postgres.sql,adbcd38897f700fdeecc2d8b018ac5618929276fe8a0b58169bc2f5b242a79ac,1024
runs/user/common_core_pg_noop_db_checker/candidate_sql,PERF_0033__postgres.sql,d0f865f84426d3b2cbf7c887f2c70b14fc1279f2c0822ea212e1542aaa9fd3c2,582
runs/user/common_core_pg_noop_db_checker/candidate_sql,PERF_0034__postgres.sql,7b067603fc8093dd845c2fa77a582f02e59513456e6befcb0e4f4541b42b205f,2079
runs/user/common_core_pg_noop_db_checker/candidate_sql,PERF_0035__postgres.sql,9977cac76fdd6e06994c1b1e13c1e84154cc6074fa05584c0eb337b15ce806f6,1934
runs/user/common_core_pg_noop_db_checker/candidate_sql,PERF_0052__postgres.sql,c7d742cfda6dc04194e4e83eddfe68132023c009e0e67713e0250048a195498b,898
runs/user/common_core_pg_noop_db_checker/candidate_sql,PERF_0054__postgres.sql,0a97395e9cd01c7d4c8a83f25406e83d1c1e5dec2ce9cfda696a90b8633bee3f,613
runs/user/common_core_pg_noop_db_checker/candidate_sql,PERF_0056__postgres.sql,2c2a6b7c84816efa61ef43e36bc4d388515bbefbf4727e6ae3fcb14f65b02d93,820
runs/user/common_core_pg_noop_db_checker/candidate_sql,PERF_0062__postgres.sql,1173728ec616c63fc26002b5c832448959956cab9ec40c7598b1ca3b3eebdc2a,1714
runs/user/common_core_pg_noop_db_checker/candidate_sql,PERF_0077__postgres.sql,b3e94a9ed53d9362995072b587f973f0defa1f2b879be53870396babd45b2bcd,633
runs/user/common_core_pg_noop_db_checker/candidate_sql,PERF_0082__postgres.sql,931544a23fdc970ac15b6daf6b2aed935887bf70ea114f59bcfd74d304a3fb80,845
runs/user/common_core_pg_noop_db_checker/candidate_sql,PORT_0003__postgres.sql,2537261ae47aca73b32159c61d2f914f2812ab79c12b29fa2ca166ad0dd2861f,224
runs/user/common_core_pg_noop_db_checker/candidate_sql,PORT_0004__postgres.sql,8eaee79c200631c489eda66c6aee80fe8b12cb249ba349281302940c7a62151f,335
runs/user/common_core_pg_noop_db_checker/candidate_sql,PORT_0005__postgres.sql,cc1a134dcca992ad700f810329a0d797fa2028d23dc6c32c7c53608b72112c6a,237
runs/user/common_core_pg_noop_db_checker/candidate_sql,PORT_0008__postgres.sql,338cf9bd10d592102ca3b7a17fa725dd70b895d55f5a7dd7f59cc623d876aaf2,326
runs/user/common_core_pg_noop_db_checker/candidate_sql,PORT_0012__postgres.sql,6c2f1fc97fccfc98cb0d649e63ef96f1a6fa8c48153a3c5982f0b681a132fdfc,211
runs/user/common_core_pg_noop_db_checker/candidate_sql,PORT_0013__postgres.sql,05e5a1bb489c4913f5153c04b709b4d869738b50dd364e0e113a1f332065e666,206
runs/user/common_core_pg_noop_db_checker/candidate_sql,PORT_0022__postgres.sql,c2bfad6e238e73027a41a0ef7df09c11324c3d4de6ca631a2cf92049163f967f,235
runs/user/common_core_pg_noop_db_checker/candidate_sql,PORT_0024__postgres.sql,f3d118fe405944ef044a57ee3cf1834c75a63ffc76cbe15f7640db66726d242f,139
runs/user/common_core_pg_noop_db_checker/candidate_sql,PORT_0025__postgres.sql,c16914d327c777e614b91cc1196ee05b25b8ee90fb99b3cdbc04002ebb8f6efd,253
runs/user/common_core_spark_after_cons0011_order_fix/candidate_sql,CONS_0005__spark.sql,7fb55d0e5e79d59f62e4eefa8782ae34ec9e5fc7d5d83d74f6c8537aaec060cf,104
runs/user/common_core_spark_after_cons0011_order_fix/candidate_sql,CONS_0007__spark.sql,87f20da933190edd2e6f72b4fd6fb40328280eb7d39a6d1b9f0ea2ed2da25e32,195
runs/user/common_core_spark_after_cons0011_order_fix/candidate_sql,CONS_0009__spark.sql,5823c5d0fe149007ba73e1fe607f4b4b68be1852ccd37abe6534188f9e090ba6,188
runs/user/common_core_spark_after_cons0011_order_fix/candidate_sql,CONS_0010__spark.sql,1af72c63f62480db554a907264092d5c0457bf93bd7e12c5f080685bd2178785,160
runs/user/common_core_spark_after_cons0011_order_fix/candidate_sql,CONS_0011__spark.sql,3f461dd446146583d385abc3f138c235745ed5f4bfef18a64e61eb2159362753,162
runs/user/common_core_spark_after_cons0011_order_fix/candidate_sql,CONS_0012__spark.sql,c0808116a402e85af71bd2812818e68b4b8e47422806a537a1f636d00f9f16b7,110
runs/user/common_core_spark_after_cons0011_order_fix/candidate_sql,CONS_0024__spark.sql,ebbf16b71ff32d3789ee056631ff035375744192381265de1767a529ba166132,212
runs/user/common_core_spark_after_cons0011_order_fix/candidate_sql,CONS_0036__spark.sql,b97474505e3930f8ba5c93a9dff5afb9833e5496e637d2adca05246f728df683,83
runs/user/common_core_spark_after_cons0011_order_fix/candidate_sql,CONS_0037__spark.sql,a54f58daf9f9f32a4bf1b3be9ad5d7674fe79955036f748ff6eddf7aa498123b,117
runs/user/common_core_spark_after_cons0011_order_fix/candidate_sql,LONGTAIL_0011__spark.sql,dc674b49bd030f320141fe221ee3a9e7bd4791a47049f757ec9c72ad62d37928,846
runs/user/common_core_spark_after_cons0011_order_fix/candidate_sql,LONGTAIL_0012__spark.sql,fee7b11be08a3461f07797bcee5e404d7deb2ff0e42acb44e7fc5bed35cf4de1,1066
runs/user/common_core_spark_after_cons0011_order_fix/candidate_sql,LONGTAIL_0013__spark.sql,188f7da6e1c11b08a4d846a0e85cbb1a0115607f0859ff83e8aae2a13b3a9cd9,1461
runs/user/common_core_spark_after_cons0011_order_fix/candidate_sql,LONGTAIL_0022__spark.sql,c5558cfdf705ef3fd0bf2e69afbaa1a38192f37b7563a1ae145a41de3d9fba50,554
runs/user/common_core_spark_after_cons0011_order_fix/candidate_sql,LONGTAIL_0023__spark.sql,758d318d64074b7bad77fdb1bc5418f9a87058603922d710161549eb43ebe926,776
runs/user/common_core_spark_after_cons0011_order_fix/candidate_sql,LONGTAIL_0024__spark.sql,9d46fb0a71730e776594aa7c8d40cf359572fc7ceb6edc6572c0a2431b390c53,649
runs/user/common_core_spark_after_cons0011_order_fix/candidate_sql,PERF_0006__spark.sql,250256397b1969ed1f7080c201b9440b0c917720508edf89497dab51e841562b,1071
runs/user/common_core_spark_after_cons0011_order_fix/candidate_sql,PERF_0007__spark.sql,9dc696fb97b2ee3ebc57a8cc63e0eae624c07a2fd005ce0e396a5b70c8a61939,754
runs/user/common_core_spark_after_cons0011_order_fix/candidate_sql,PERF_0008__spark.sql,c99c82eda540a5873e8a3eb1ef8827ef013ff1433510bf7b78c2c773f81d3ba8,944
runs/user/common_core_spark_after_cons0011_order_fix/candidate_sql,PERF_0013__spark.sql,89d0f9a09a41e96b6b3c0c9fa92d7926b177bc1917cd233758ee2773be807064,1032
runs/user/common_core_spark_after_cons0011_order_fix/candidate_sql,PERF_0017__spark.sql,710366ebada2ecaa7d56a6a84b1bb8a7571ebbf296d1664f4530b3a0c8f850ca,1139
runs/user/common_core_spark_after_cons0011_order_fix/candidate_sql,PERF_0019__spark.sql,099a3ecc8fd1d77bd86c9aa25b43a2c4e7c5c4832edb756491db80ccff6cf422,995
runs/user/common_core_spark_after_cons0011_order_fix/candidate_sql,PERF_0024__spark.sql,adbcd38897f700fdeecc2d8b018ac5618929276fe8a0b58169bc2f5b242a79ac,1024
runs/user/common_core_spark_after_cons0011_order_fix/candidate_sql,PERF_0033__spark.sql,d0f865f84426d3b2cbf7c887f2c70b14fc1279f2c0822ea212e1542aaa9fd3c2,582
runs/user/common_core_spark_after_cons0011_order_fix/candidate_sql,PERF_0034__spark.sql,7b067603fc8093dd845c2fa77a582f02e59513456e6befcb0e4f4541b42b205f,2079
runs/user/common_core_spark_after_cons0011_order_fix/candidate_sql,PERF_0035__spark.sql,9977cac76fdd6e06994c1b1e13c1e84154cc6074fa05584c0eb337b15ce806f6,1934
runs/user/common_core_spark_after_cons0011_order_fix/candidate_sql,PERF_0052__spark.sql,c7d742cfda6dc04194e4e83eddfe68132023c009e0e67713e0250048a195498b,898
runs/user/common_core_spark_after_cons0011_order_fix/candidate_sql,PERF_0054__spark.sql,0a97395e9cd01c7d4c8a83f25406e83d1c1e5dec2ce9cfda696a90b8633bee3f,613
runs/user/common_core_spark_after_cons0011_order_fix/candidate_sql,PERF_0056__spark.sql,2c2a6b7c84816efa61ef43e36bc4d388515bbefbf4727e6ae3fcb14f65b02d93,820
runs/user/common_core_spark_after_cons0011_order_fix/candidate_sql,PERF_0062__spark.sql,1173728ec616c63fc26002b5c832448959956cab9ec40c7598b1ca3b3eebdc2a,1714
runs/user/common_core_spark_after_cons0011_order_fix/candidate_sql,PERF_0077__spark.sql,b3e94a9ed53d9362995072b587f973f0defa1f2b879be53870396babd45b2bcd,633
runs/user/common_core_spark_after_cons0011_order_fix/candidate_sql,PERF_0082__spark.sql,931544a23fdc970ac15b6daf6b2aed935887bf70ea114f59bcfd74d304a3fb80,845
runs/user/common_core_spark_after_cons0011_order_fix/candidate_sql,PORT_0003__spark.sql,2537261ae47aca73b32159c61d2f914f2812ab79c12b29fa2ca166ad0dd2861f,224
runs/user/common_core_spark_after_cons0011_order_fix/candidate_sql,PORT_0004__spark.sql,8eaee79c200631c489eda66c6aee80fe8b12cb249ba349281302940c7a62151f,335
runs/user/common_core_spark_after_cons0011_order_fix/candidate_sql,PORT_0005__spark.sql,cc1a134dcca992ad700f810329a0d797fa2028d23dc6c32c7c53608b72112c6a,237
runs/user/common_core_spark_after_cons0011_order_fix/candidate_sql,PORT_0008__spark.sql,338cf9bd10d592102ca3b7a17fa725dd70b895d55f5a7dd7f59cc623d876aaf2,326
runs/user/common_core_spark_after_cons0011_order_fix/candidate_sql,PORT_0012__spark.sql,6c2f1fc97fccfc98cb0d649e63ef96f1a6fa8c48153a3c5982f0b681a132fdfc,211
runs/user/common_core_spark_after_cons0011_order_fix/candidate_sql,PORT_0013__spark.sql,05e5a1bb489c4913f5153c04b709b4d869738b50dd364e0e113a1f332065e666,206
runs/user/common_core_spark_after_cons0011_order_fix/candidate_sql,PORT_0022__spark.sql,c2bfad6e238e73027a41a0ef7df09c11324c3d4de6ca631a2cf92049163f967f,235
runs/user/common_core_spark_after_cons0011_order_fix/candidate_sql,PORT_0024__spark.sql,f3d118fe405944ef044a57ee3cf1834c75a63ffc76cbe15f7640db66726d242f,139
runs/user/common_core_spark_after_cons0011_order_fix/candidate_sql,PORT_0025__spark.sql,c16914d327c777e614b91cc1196ee05b25b8ee90fb99b3cdbc04002ebb8f6efd,253
runs/user/common_core_spark_noop_db_checker/candidate_sql,CONS_0005__spark.sql,7fb55d0e5e79d59f62e4eefa8782ae34ec9e5fc7d5d83d74f6c8537aaec060cf,104
runs/user/common_core_spark_noop_db_checker/candidate_sql,CONS_0007__spark.sql,87f20da933190edd2e6f72b4fd6fb40328280eb7d39a6d1b9f0ea2ed2da25e32,195
runs/user/common_core_spark_noop_db_checker/candidate_sql,CONS_0009__spark.sql,5823c5d0fe149007ba73e1fe607f4b4b68be1852ccd37abe6534188f9e090ba6,188
runs/user/common_core_spark_noop_db_checker/candidate_sql,CONS_0010__spark.sql,1af72c63f62480db554a907264092d5c0457bf93bd7e12c5f080685bd2178785,160
runs/user/common_core_spark_noop_db_checker/candidate_sql,CONS_0011__spark.sql,3f461dd446146583d385abc3f138c235745ed5f4bfef18a64e61eb2159362753,162
runs/user/common_core_spark_noop_db_checker/candidate_sql,CONS_0012__spark.sql,c0808116a402e85af71bd2812818e68b4b8e47422806a537a1f636d00f9f16b7,110
runs/user/common_core_spark_noop_db_checker/candidate_sql,CONS_0024__spark.sql,ebbf16b71ff32d3789ee056631ff035375744192381265de1767a529ba166132,212
runs/user/common_core_spark_noop_db_checker/candidate_sql,CONS_0036__spark.sql,b97474505e3930f8ba5c93a9dff5afb9833e5496e637d2adca05246f728df683,83
runs/user/common_core_spark_noop_db_checker/candidate_sql,CONS_0037__spark.sql,a54f58daf9f9f32a4bf1b3be9ad5d7674fe79955036f748ff6eddf7aa498123b,117
runs/user/common_core_spark_noop_db_checker/candidate_sql,LONGTAIL_0011__spark.sql,dc674b49bd030f320141fe221ee3a9e7bd4791a47049f757ec9c72ad62d37928,846
runs/user/common_core_spark_noop_db_checker/candidate_sql,LONGTAIL_0012__spark.sql,fee7b11be08a3461f07797bcee5e404d7deb2ff0e42acb44e7fc5bed35cf4de1,1066
runs/user/common_core_spark_noop_db_checker/candidate_sql,LONGTAIL_0013__spark.sql,188f7da6e1c11b08a4d846a0e85cbb1a0115607f0859ff83e8aae2a13b3a9cd9,1461
runs/user/common_core_spark_noop_db_checker/candidate_sql,LONGTAIL_0022__spark.sql,c5558cfdf705ef3fd0bf2e69afbaa1a38192f37b7563a1ae145a41de3d9fba50,554
runs/user/common_core_spark_noop_db_checker/candidate_sql,LONGTAIL_0023__spark.sql,758d318d64074b7bad77fdb1bc5418f9a87058603922d710161549eb43ebe926,776
runs/user/common_core_spark_noop_db_checker/candidate_sql,LONGTAIL_0024__spark.sql,9d46fb0a71730e776594aa7c8d40cf359572fc7ceb6edc6572c0a2431b390c53,649
runs/user/common_core_spark_noop_db_checker/candidate_sql,PERF_0006__spark.sql,250256397b1969ed1f7080c201b9440b0c917720508edf89497dab51e841562b,1071
runs/user/common_core_spark_noop_db_checker/candidate_sql,PERF_0007__spark.sql,9dc696fb97b2ee3ebc57a8cc63e0eae624c07a2fd005ce0e396a5b70c8a61939,754
runs/user/common_core_spark_noop_db_checker/candidate_sql,PERF_0008__spark.sql,c99c82eda540a5873e8a3eb1ef8827ef013ff1433510bf7b78c2c773f81d3ba8,944
runs/user/common_core_spark_noop_db_checker/candidate_sql,PERF_0013__spark.sql,89d0f9a09a41e96b6b3c0c9fa92d7926b177bc1917cd233758ee2773be807064,1032
runs/user/common_core_spark_noop_db_checker/candidate_sql,PERF_0017__spark.sql,710366ebada2ecaa7d56a6a84b1bb8a7571ebbf296d1664f4530b3a0c8f850ca,1139
runs/user/common_core_spark_noop_db_checker/candidate_sql,PERF_0019__spark.sql,099a3ecc8fd1d77bd86c9aa25b43a2c4e7c5c4832edb756491db80ccff6cf422,995
runs/user/common_core_spark_noop_db_checker/candidate_sql,PERF_0024__spark.sql,adbcd38897f700fdeecc2d8b018ac5618929276fe8a0b58169bc2f5b242a79ac,1024
runs/user/common_core_spark_noop_db_checker/candidate_sql,PERF_0033__spark.sql,d0f865f84426d3b2cbf7c887f2c70b14fc1279f2c0822ea212e1542aaa9fd3c2,582
runs/user/common_core_spark_noop_db_checker/candidate_sql,PERF_0034__spark.sql,7b067603fc8093dd845c2fa77a582f02e59513456e6befcb0e4f4541b42b205f,2079
runs/user/common_core_spark_noop_db_checker/candidate_sql,PERF_0035__spark.sql,9977cac76fdd6e06994c1b1e13c1e84154cc6074fa05584c0eb337b15ce806f6,1934
runs/user/common_core_spark_noop_db_checker/candidate_sql,PERF_0052__spark.sql,c7d742cfda6dc04194e4e83eddfe68132023c009e0e67713e0250048a195498b,898
runs/user/common_core_spark_noop_db_checker/candidate_sql,PERF_0054__spark.sql,0a97395e9cd01c7d4c8a83f25406e83d1c1e5dec2ce9cfda696a90b8633bee3f,613
runs/user/common_core_spark_noop_db_checker/candidate_sql,PERF_0056__spark.sql,2c2a6b7c84816efa61ef43e36bc4d388515bbefbf4727e6ae3fcb14f65b02d93,820
runs/user/common_core_spark_noop_db_checker/candidate_sql,PERF_0062__spark.sql,1173728ec616c63fc26002b5c832448959956cab9ec40c7598b1ca3b3eebdc2a,1714
runs/user/common_core_spark_noop_db_checker/candidate_sql,PERF_0077__spark.sql,b3e94a9ed53d9362995072b587f973f0defa1f2b879be53870396babd45b2bcd,633
runs/user/common_core_spark_noop_db_checker/candidate_sql,PERF_0082__spark.sql,931544a23fdc970ac15b6daf6b2aed935887bf70ea114f59bcfd74d304a3fb80,845
runs/user/common_core_spark_noop_db_checker/candidate_sql,PORT_0003__spark.sql,2537261ae47aca73b32159c61d2f914f2812ab79c12b29fa2ca166ad0dd2861f,224
runs/user/common_core_spark_noop_db_checker/candidate_sql,PORT_0004__spark.sql,8eaee79c200631c489eda66c6aee80fe8b12cb249ba349281302940c7a62151f,335
runs/user/common_core_spark_noop_db_checker/candidate_sql,PORT_0005__spark.sql,cc1a134dcca992ad700f810329a0d797fa2028d23dc6c32c7c53608b72112c6a,237
runs/user/common_core_spark_noop_db_checker/candidate_sql,PORT_0008__spark.sql,338cf9bd10d592102ca3b7a17fa725dd70b895d55f5a7dd7f59cc623d876aaf2,326
runs/user/common_core_spark_noop_db_checker/candidate_sql,PORT_0012__spark.sql,6c2f1fc97fccfc98cb0d649e63ef96f1a6fa8c48153a3c5982f0b681a132fdfc,211
runs/user/common_core_spark_noop_db_checker/candidate_sql,PORT_0013__spark.sql,05e5a1bb489c4913f5153c04b709b4d869738b50dd364e0e113a1f332065e666,206
runs/user/common_core_spark_noop_db_checker/candidate_sql,PORT_0022__spark.sql,c2bfad6e238e73027a41a0ef7df09c11324c3d4de6ca631a2cf92049163f967f,235
runs/user/common_core_spark_noop_db_checker/candidate_sql,PORT_0024__spark.sql,f3d118fe405944ef044a57ee3cf1834c75a63ffc76cbe15f7640db66726d242f,139
runs/user/common_core_spark_noop_db_checker/candidate_sql,PORT_0025__spark.sql,c16914d327c777e614b91cc1196ee05b25b8ee90fb99b3cdbc04002ebb8f6efd,253
runs/user/common_core_spark_sqlglot_noop_after_statement_patch/candidate_sql,CONS_0005__spark.sql,79ae0253f201b9fd754a8c6de183ea70848a58fdb8414675526837e4e86db9ec,96
runs/user/common_core_spark_sqlglot_noop_after_statement_patch/candidate_sql,CONS_0007__spark.sql,a55f4bec333c24d9b71aa66594974dfe82bdc853d3eb562e4f2ad7d5206da4f6,176
runs/user/common_core_spark_sqlglot_noop_after_statement_patch/candidate_sql,CONS_0009__spark.sql,2dae2332a4727a57a88d0078e369933f48a0ec648f2418eca4332f7dc718bad1,150
runs/user/common_core_spark_sqlglot_noop_after_statement_patch/candidate_sql,CONS_0010__spark.sql,6be0c02ce5ae2d5cae506b379546ca8d6010b878dafbec473ffa6bbeb05d311c,151
runs/user/common_core_spark_sqlglot_noop_after_statement_patch/candidate_sql,CONS_0011__spark.sql,858c4465ab5329d623deee18c11e9a6ffe2ad3a923888eea15cfc7c5868d52bd,153
runs/user/common_core_spark_sqlglot_noop_after_statement_patch/candidate_sql,CONS_0012__spark.sql,7e52351df2f6c40d58c1a94b5b044494801d033515acb54a59b1620840e96ddc,105
runs/user/common_core_spark_sqlglot_noop_after_statement_patch/candidate_sql,CONS_0024__spark.sql,d27c63b7bf6160c8c123bbc3abb3e9d0128cc3732d45c10942d6702ebde2def3,190
runs/user/common_core_spark_sqlglot_noop_after_statement_patch/candidate_sql,CONS_0036__spark.sql,b39c6adda4bd86d016a7981088d38f9a68bdef7e9c3561f8a8ff5c04f1504e80,84
runs/user/common_core_spark_sqlglot_noop_after_statement_patch/candidate_sql,CONS_0037__spark.sql,32c78a961d1b2a8f0fb8b5be1debe9eac0aaf4e102bc3c203d25377410d62826,118
runs/user/common_core_spark_sqlglot_noop_after_statement_patch/candidate_sql,LONGTAIL_0011__spark.sql,4f1ab0c8ec315987543c3782910d4afef0f9f0083bf49b4eb611fc7cec301965,666
runs/user/common_core_spark_sqlglot_noop_after_statement_patch/candidate_sql,LONGTAIL_0012__spark.sql,b590b1050891dd123a045aec11a5bb372d0a9891fc8fa34e5803e2fbd1a6c7b0,910
runs/user/common_core_spark_sqlglot_noop_after_statement_patch/candidate_sql,LONGTAIL_0013__spark.sql,f0f9ae7679410b6894e3336bae95039ac6240f739b509f8e4c33ef23ff810434,1243
runs/user/common_core_spark_sqlglot_noop_after_statement_patch/candidate_sql,LONGTAIL_0022__spark.sql,dea12eff4276f5e2b46fd1c952a661b2a33280ebef9cb9ac7c9684bc3a492985,460
runs/user/common_core_spark_sqlglot_noop_after_statement_patch/candidate_sql,LONGTAIL_0023__spark.sql,7c24c2b83b32fa437821f9ed69a381ef580c8b04527976b4bb4a42c6a69c1702,655
runs/user/common_core_spark_sqlglot_noop_after_statement_patch/candidate_sql,LONGTAIL_0024__spark.sql,de19685f56499a5e90e06776bce22cc5476fdf17890c2c6b594df0797fa89b45,532
runs/user/common_core_spark_sqlglot_noop_after_statement_patch/candidate_sql,PERF_0006__spark.sql,33a4fcc230aa2c8f67e6ae340900c4c14b93c3abb8ac4efd712b5b901d5df5ec,1093
runs/user/common_core_spark_sqlglot_noop_after_statement_patch/candidate_sql,PERF_0007__spark.sql,a338badeb9a2cbf8a35c1e4df3bb97c3a016a88f568421318b1e9fc55b99d45e,792
runs/user/common_core_spark_sqlglot_noop_after_statement_patch/candidate_sql,PERF_0008__spark.sql,2c0bddbe7aacfde4d55b5eebf49c6d0d19c99af2aecd6ba04acc524bceee1f93,991
runs/user/common_core_spark_sqlglot_noop_after_statement_patch/candidate_sql,PERF_0013__spark.sql,c39ba34ea5f0bdcd1155269cfff265a0f6366d884b58736701b84478b5f40124,1107
runs/user/common_core_spark_sqlglot_noop_after_statement_patch/candidate_sql,PERF_0017__spark.sql,58b90e89c92e474184adf28fa25a2b5ac93b4b44325506819cf46d02d37be732,1109
runs/user/common_core_spark_sqlglot_noop_after_statement_patch/candidate_sql,PERF_0019__spark.sql,1d467b2e301f3ddf71adc127d2e957d3a7a099e3f17712d5a44da717009758a3,886
runs/user/common_core_spark_sqlglot_noop_after_statement_patch/candidate_sql,PERF_0024__spark.sql,b5588d9c92fb56f583e308fbe7ccd3e57cf75654444a62a64a4e3291b95087c5,646
runs/user/common_core_spark_sqlglot_noop_after_statement_patch/candidate_sql,PERF_0033__spark.sql,1cf89f12ef3507b71a4318c4cf66434cd69fdab7ef1f22e80b793c246bb82109,592
runs/user/common_core_spark_sqlglot_noop_after_statement_patch/candidate_sql,PERF_0034__spark.sql,7fd2578f048d3db2f03969ca8bc1e2b2f8bb3155c304f8906140a9ca747da976,1808
runs/user/common_core_spark_sqlglot_noop_after_statement_patch/candidate_sql,PERF_0035__spark.sql,97ade6c32824c5833da0ece010bf772119ec3df7966b5ed98ace5faa092d66a5,1620
runs/user/common_core_spark_sqlglot_noop_after_statement_patch/candidate_sql,PERF_0052__spark.sql,531b828a14a2e68dbd3dacb06c153653720991ee5093cd94e5d799c1f781e7a9,861
runs/user/common_core_spark_sqlglot_noop_after_statement_patch/candidate_sql,PERF_0054__spark.sql,27d1943ab82b364260b7c9a6d8a58e1b75e183edc2e1ee51001ec260ea4d12b5,634
runs/user/common_core_spark_sqlglot_noop_after_statement_patch/candidate_sql,PERF_0056__spark.sql,103e05a6b38cb281891ad16486e2dbaa87c03d1be1bd053085767c1b3c440445,833
runs/user/common_core_spark_sqlglot_noop_after_statement_patch/candidate_sql,PERF_0062__spark.sql,d5597428dff07c95ebccc1b36e3fdc033359774e2a2e4478b26f7149ad8f4af4,1498
runs/user/common_core_spark_sqlglot_noop_after_statement_patch/candidate_sql,PERF_0077__spark.sql,35f53029adad5e78985f04eae4f4638990d9a7a02af550a99b5c977f02dea989,522
runs/user/common_core_spark_sqlglot_noop_after_statement_patch/candidate_sql,PERF_0082__spark.sql,77342139cf2ed6a53da2a44428774b41ec96b507f3a8e66f4eaf4c9e10cb0bd4,730
runs/user/common_core_spark_sqlglot_noop_after_statement_patch/candidate_sql,PORT_0003__spark.sql,17fe283051dc45c613baf4c41b4daae8db68e8914d6bfad5e2724f36668f7cf3,224
runs/user/common_core_spark_sqlglot_noop_after_statement_patch/candidate_sql,PORT_0004__spark.sql,359cfc4898ba97e98d917621dfe922f7e6e6e9bfd4a14fb135084d24bc983c95,341
runs/user/common_core_spark_sqlglot_noop_after_statement_patch/candidate_sql,PORT_0005__spark.sql,6b8371357aca2b5511484154c883c9b18fcb092f65b182b11fb935729bb955cb,238
runs/user/common_core_spark_sqlglot_noop_after_statement_patch/candidate_sql,PORT_0008__spark.sql,8a85ffb1350375d948e401d6bd5f0ee27047f2bd5229024708cdfc8be87ae464,328
runs/user/common_core_spark_sqlglot_noop_after_statement_patch/candidate_sql,PORT_0012__spark.sql,cb151bc24cd4462f52be6a7abc3f60af4ffe20744e38feaa6ab12a3570377466,198
runs/user/common_core_spark_sqlglot_noop_after_statement_patch/candidate_sql,PORT_0013__spark.sql,98c956e59551e1f62b5edb49cde0cefbfa93b8c3be27a573fa46580a43d569a3,201
runs/user/common_core_spark_sqlglot_noop_after_statement_patch/candidate_sql,PORT_0022__spark.sql,92bb9db8615a7384c09d5a888618aae0c43e3a9e0fb84efef0a87a74fdfadcbf,231
runs/user/common_core_spark_sqlglot_noop_after_statement_patch/candidate_sql,PORT_0024__spark.sql,4d201b063152d76b49fb8fb00c451897d21faabacb7e4b7a4271894529b57d88,134
runs/user/common_core_spark_sqlglot_noop_after_statement_patch/candidate_sql,PORT_0025__spark.sql,776830a39db1523f3ec7020ae8c8771562024ab30ea2a3f4012f595b918dbc80,253
runs/user/common_core_sqlglot_noop_mysql_snapshot/candidate_sql,CONS_0005__mysql.sql,79ae0253f201b9fd754a8c6de183ea70848a58fdb8414675526837e4e86db9ec,96
runs/user/common_core_sqlglot_noop_mysql_snapshot/candidate_sql,CONS_0007__mysql.sql,a55f4bec333c24d9b71aa66594974dfe82bdc853d3eb562e4f2ad7d5206da4f6,176
runs/user/common_core_sqlglot_noop_mysql_snapshot/candidate_sql,CONS_0009__mysql.sql,2dae2332a4727a57a88d0078e369933f48a0ec648f2418eca4332f7dc718bad1,150
runs/user/common_core_sqlglot_noop_mysql_snapshot/candidate_sql,CONS_0010__mysql.sql,6be0c02ce5ae2d5cae506b379546ca8d6010b878dafbec473ffa6bbeb05d311c,151
runs/user/common_core_sqlglot_noop_mysql_snapshot/candidate_sql,CONS_0011__mysql.sql,858c4465ab5329d623deee18c11e9a6ffe2ad3a923888eea15cfc7c5868d52bd,153
runs/user/common_core_sqlglot_noop_mysql_snapshot/candidate_sql,CONS_0012__mysql.sql,7e52351df2f6c40d58c1a94b5b044494801d033515acb54a59b1620840e96ddc,105
runs/user/common_core_sqlglot_noop_mysql_snapshot/candidate_sql,CONS_0024__mysql.sql,d27c63b7bf6160c8c123bbc3abb3e9d0128cc3732d45c10942d6702ebde2def3,190
runs/user/common_core_sqlglot_noop_mysql_snapshot/candidate_sql,CONS_0036__mysql.sql,b39c6adda4bd86d016a7981088d38f9a68bdef7e9c3561f8a8ff5c04f1504e80,84
runs/user/common_core_sqlglot_noop_mysql_snapshot/candidate_sql,CONS_0037__mysql.sql,32c78a961d1b2a8f0fb8b5be1debe9eac0aaf4e102bc3c203d25377410d62826,118
runs/user/common_core_sqlglot_noop_mysql_snapshot/candidate_sql,LONGTAIL_0011__mysql.sql,4f1ab0c8ec315987543c3782910d4afef0f9f0083bf49b4eb611fc7cec301965,666
runs/user/common_core_sqlglot_noop_mysql_snapshot/candidate_sql,LONGTAIL_0012__mysql.sql,b590b1050891dd123a045aec11a5bb372d0a9891fc8fa34e5803e2fbd1a6c7b0,910
runs/user/common_core_sqlglot_noop_mysql_snapshot/candidate_sql,LONGTAIL_0013__mysql.sql,f0f9ae7679410b6894e3336bae95039ac6240f739b509f8e4c33ef23ff810434,1243
runs/user/common_core_sqlglot_noop_mysql_snapshot/candidate_sql,LONGTAIL_0022__mysql.sql,dea12eff4276f5e2b46fd1c952a661b2a33280ebef9cb9ac7c9684bc3a492985,460
runs/user/common_core_sqlglot_noop_mysql_snapshot/candidate_sql,LONGTAIL_0023__mysql.sql,7c24c2b83b32fa437821f9ed69a381ef580c8b04527976b4bb4a42c6a69c1702,655
runs/user/common_core_sqlglot_noop_mysql_snapshot/candidate_sql,LONGTAIL_0024__mysql.sql,de19685f56499a5e90e06776bce22cc5476fdf17890c2c6b594df0797fa89b45,532
runs/user/common_core_sqlglot_noop_mysql_snapshot/candidate_sql,PERF_0006__mysql.sql,33a4fcc230aa2c8f67e6ae340900c4c14b93c3abb8ac4efd712b5b901d5df5ec,1093
runs/user/common_core_sqlglot_noop_mysql_snapshot/candidate_sql,PERF_0007__mysql.sql,a338badeb9a2cbf8a35c1e4df3bb97c3a016a88f568421318b1e9fc55b99d45e,792
runs/user/common_core_sqlglot_noop_mysql_snapshot/candidate_sql,PERF_0008__mysql.sql,a8f9159d31704ac622184681461309fb794e9aac074c0d155bfdbb9c4033865c,971
runs/user/common_core_sqlglot_noop_mysql_snapshot/candidate_sql,PERF_0013__mysql.sql,ea3553c93d15e204aa8dbfb4ecd93d421fcf22a638dedc444a5ca76e1bb0b7f4,1057
runs/user/common_core_sqlglot_noop_mysql_snapshot/candidate_sql,PERF_0017__mysql.sql,4467f29116377774b357dbe02874e924f0e9d03b72ec0332e4597477e0fba2a8,1079
runs/user/common_core_sqlglot_noop_mysql_snapshot/candidate_sql,PERF_0019__mysql.sql,1d467b2e301f3ddf71adc127d2e957d3a7a099e3f17712d5a44da717009758a3,886
runs/user/common_core_sqlglot_noop_mysql_snapshot/candidate_sql,PERF_0024__mysql.sql,e09f455aa5f132227f7c488c11275e855fa7d09c1e695531abe37b43098d6af1,636
runs/user/common_core_sqlglot_noop_mysql_snapshot/candidate_sql,PERF_0033__mysql.sql,dc2ba17d1c8e64e979c22ea0e092f33ea70fcce5d8a5bc0dfdf4f40d24dca25b,572
runs/user/common_core_sqlglot_noop_mysql_snapshot/candidate_sql,PERF_0034__mysql.sql,013d23878a5e4e59c7488e14b70487d5598cc3aa4113fbf947f919c8e26045e1,1718
runs/user/common_core_sqlglot_noop_mysql_snapshot/candidate_sql,PERF_0035__mysql.sql,367a0965654349ea5d8dfa6077a36c3b892895fa36c591febaae0a77fb47105e,1570
runs/user/common_core_sqlglot_noop_mysql_snapshot/candidate_sql,PERF_0052__mysql.sql,f463f04e633cc45edaba4deece1a527f3db7822ddec0713e35eca754113537cd,831
runs/user/common_core_sqlglot_noop_mysql_snapshot/candidate_sql,PERF_0054__mysql.sql,fcb210e061e53411e7fa9aefc723deccd1187d72467d8b4a7daccb6d7d5daefd,614
runs/user/common_core_sqlglot_noop_mysql_snapshot/candidate_sql,PERF_0056__mysql.sql,f2f1acd95192886af8ca3f825772cc0ed293248032ce423be700db64e695e6ef,793
runs/user/common_core_sqlglot_noop_mysql_snapshot/candidate_sql,PERF_0062__mysql.sql,bd78a1d7f496a356763355c244a4e2f9f10ad7c9c346d8a65c4e07c514b8ec40,1448
runs/user/common_core_sqlglot_noop_mysql_snapshot/candidate_sql,PERF_0077__mysql.sql,f2ff617e5c56f76b0608a7c51275f517d56326d9947190e370c85baff437b448,492
runs/user/common_core_sqlglot_noop_mysql_snapshot/candidate_sql,PERF_0082__mysql.sql,1a75abaa0bf144d130acab90d41c325f042f81bfed05237e28cec5c8af999796,690
runs/user/common_core_sqlglot_noop_mysql_snapshot/candidate_sql,PORT_0003__mysql.sql,17fe283051dc45c613baf4c41b4daae8db68e8914d6bfad5e2724f36668f7cf3,224
runs/user/common_core_sqlglot_noop_mysql_snapshot/candidate_sql,PORT_0004__mysql.sql,4c588aba87c119488b109abe0cd9ed9925138c454b626d38ae575533e7a417df,337
runs/user/common_core_sqlglot_noop_mysql_snapshot/candidate_sql,PORT_0005__mysql.sql,6b8371357aca2b5511484154c883c9b18fcb092f65b182b11fb935729bb955cb,238
runs/user/common_core_sqlglot_noop_mysql_snapshot/candidate_sql,PORT_0008__mysql.sql,e4e6958bb8c910ee3607c4e45f59985531f706ebf9f008d5c84e00df56ee65ae,334
runs/user/common_core_sqlglot_noop_mysql_snapshot/candidate_sql,PORT_0012__mysql.sql,456920c19acb3a95800e7aa59caec16cd2870a6d58f0bcb41f8d60fdb036ecd3,188
runs/user/common_core_sqlglot_noop_mysql_snapshot/candidate_sql,PORT_0013__mysql.sql,98c956e59551e1f62b5edb49cde0cefbfa93b8c3be27a573fa46580a43d569a3,201
runs/user/common_core_sqlglot_noop_mysql_snapshot/candidate_sql,PORT_0022__mysql.sql,5f5329452b0459003406f63e7c60b5120dc839fa905f5cec64d1af7592a45b7e,227
runs/user/common_core_sqlglot_noop_mysql_snapshot/candidate_sql,PORT_0024__mysql.sql,4d201b063152d76b49fb8fb00c451897d21faabacb7e4b7a4271894529b57d88,134
runs/user/common_core_sqlglot_noop_mysql_snapshot/candidate_sql,PORT_0025__mysql.sql,f5989ce1228413ef841f4aad77de9756a30e5ab9a722febf36dd667c245da1e0,249
runs/user/common_core_sqlglot_noop_postgres_snapshot/candidate_sql,CONS_0005__postgres.sql,79ae0253f201b9fd754a8c6de183ea70848a58fdb8414675526837e4e86db9ec,96
runs/user/common_core_sqlglot_noop_postgres_snapshot/candidate_sql,CONS_0007__postgres.sql,a55f4bec333c24d9b71aa66594974dfe82bdc853d3eb562e4f2ad7d5206da4f6,176
runs/user/common_core_sqlglot_noop_postgres_snapshot/candidate_sql,CONS_0009__postgres.sql,2dae2332a4727a57a88d0078e369933f48a0ec648f2418eca4332f7dc718bad1,150
runs/user/common_core_sqlglot_noop_postgres_snapshot/candidate_sql,CONS_0010__postgres.sql,6be0c02ce5ae2d5cae506b379546ca8d6010b878dafbec473ffa6bbeb05d311c,151
runs/user/common_core_sqlglot_noop_postgres_snapshot/candidate_sql,CONS_0011__postgres.sql,858c4465ab5329d623deee18c11e9a6ffe2ad3a923888eea15cfc7c5868d52bd,153
runs/user/common_core_sqlglot_noop_postgres_snapshot/candidate_sql,CONS_0012__postgres.sql,7e52351df2f6c40d58c1a94b5b044494801d033515acb54a59b1620840e96ddc,105
runs/user/common_core_sqlglot_noop_postgres_snapshot/candidate_sql,CONS_0024__postgres.sql,d27c63b7bf6160c8c123bbc3abb3e9d0128cc3732d45c10942d6702ebde2def3,190
runs/user/common_core_sqlglot_noop_postgres_snapshot/candidate_sql,CONS_0036__postgres.sql,b39c6adda4bd86d016a7981088d38f9a68bdef7e9c3561f8a8ff5c04f1504e80,84
runs/user/common_core_sqlglot_noop_postgres_snapshot/candidate_sql,CONS_0037__postgres.sql,32c78a961d1b2a8f0fb8b5be1debe9eac0aaf4e102bc3c203d25377410d62826,118
runs/user/common_core_sqlglot_noop_postgres_snapshot/candidate_sql,LONGTAIL_0011__postgres.sql,4f1ab0c8ec315987543c3782910d4afef0f9f0083bf49b4eb611fc7cec301965,666
runs/user/common_core_sqlglot_noop_postgres_snapshot/candidate_sql,LONGTAIL_0012__postgres.sql,b590b1050891dd123a045aec11a5bb372d0a9891fc8fa34e5803e2fbd1a6c7b0,910
runs/user/common_core_sqlglot_noop_postgres_snapshot/candidate_sql,LONGTAIL_0013__postgres.sql,f0f9ae7679410b6894e3336bae95039ac6240f739b509f8e4c33ef23ff810434,1243
runs/user/common_core_sqlglot_noop_postgres_snapshot/candidate_sql,LONGTAIL_0022__postgres.sql,dea12eff4276f5e2b46fd1c952a661b2a33280ebef9cb9ac7c9684bc3a492985,460
runs/user/common_core_sqlglot_noop_postgres_snapshot/candidate_sql,LONGTAIL_0023__postgres.sql,7c24c2b83b32fa437821f9ed69a381ef580c8b04527976b4bb4a42c6a69c1702,655
runs/user/common_core_sqlglot_noop_postgres_snapshot/candidate_sql,LONGTAIL_0024__postgres.sql,de19685f56499a5e90e06776bce22cc5476fdf17890c2c6b594df0797fa89b45,532
runs/user/common_core_sqlglot_noop_postgres_snapshot/candidate_sql,PERF_0006__postgres.sql,33a4fcc230aa2c8f67e6ae340900c4c14b93c3abb8ac4efd712b5b901d5df5ec,1093
runs/user/common_core_sqlglot_noop_postgres_snapshot/candidate_sql,PERF_0007__postgres.sql,4e47373f52413aa50af8822b2a8d0763574ea5bdd1ca5e9c1f90bd749d422c75,792
runs/user/common_core_sqlglot_noop_postgres_snapshot/candidate_sql,PERF_0008__postgres.sql,a8f9159d31704ac622184681461309fb794e9aac074c0d155bfdbb9c4033865c,971
runs/user/common_core_sqlglot_noop_postgres_snapshot/candidate_sql,PERF_0013__postgres.sql,4d5648724cfa4274cd249cad223576fc184bd0b13ad463fc153a527de642f1ca,1057
runs/user/common_core_sqlglot_noop_postgres_snapshot/candidate_sql,PERF_0017__postgres.sql,9d3250f1e88a4d74aa2891153a3b3eac27a9ee4f93f0a7990a58b09515afa0af,1079
runs/user/common_core_sqlglot_noop_postgres_snapshot/candidate_sql,PERF_0019__postgres.sql,1d467b2e301f3ddf71adc127d2e957d3a7a099e3f17712d5a44da717009758a3,886
runs/user/common_core_sqlglot_noop_postgres_snapshot/candidate_sql,PERF_0024__postgres.sql,cbc58b002a28b4d7ec55bcbf7bb635e3fbe3bef8ff50ab4214d228827179121b,636
runs/user/common_core_sqlglot_noop_postgres_snapshot/candidate_sql,PERF_0033__postgres.sql,dc2ba17d1c8e64e979c22ea0e092f33ea70fcce5d8a5bc0dfdf4f40d24dca25b,572
runs/user/common_core_sqlglot_noop_postgres_snapshot/candidate_sql,PERF_0034__postgres.sql,013d23878a5e4e59c7488e14b70487d5598cc3aa4113fbf947f919c8e26045e1,1718
runs/user/common_core_sqlglot_noop_postgres_snapshot/candidate_sql,PERF_0035__postgres.sql,367a0965654349ea5d8dfa6077a36c3b892895fa36c591febaae0a77fb47105e,1570
runs/user/common_core_sqlglot_noop_postgres_snapshot/candidate_sql,PERF_0052__postgres.sql,f463f04e633cc45edaba4deece1a527f3db7822ddec0713e35eca754113537cd,831
runs/user/common_core_sqlglot_noop_postgres_snapshot/candidate_sql,PERF_0054__postgres.sql,fcb210e061e53411e7fa9aefc723deccd1187d72467d8b4a7daccb6d7d5daefd,614
runs/user/common_core_sqlglot_noop_postgres_snapshot/candidate_sql,PERF_0056__postgres.sql,f2f1acd95192886af8ca3f825772cc0ed293248032ce423be700db64e695e6ef,793
runs/user/common_core_sqlglot_noop_postgres_snapshot/candidate_sql,PERF_0062__postgres.sql,bd78a1d7f496a356763355c244a4e2f9f10ad7c9c346d8a65c4e07c514b8ec40,1448
runs/user/common_core_sqlglot_noop_postgres_snapshot/candidate_sql,PERF_0077__postgres.sql,f2ff617e5c56f76b0608a7c51275f517d56326d9947190e370c85baff437b448,492
runs/user/common_core_sqlglot_noop_postgres_snapshot/candidate_sql,PERF_0082__postgres.sql,1a75abaa0bf144d130acab90d41c325f042f81bfed05237e28cec5c8af999796,690
runs/user/common_core_sqlglot_noop_postgres_snapshot/candidate_sql,PORT_0003__postgres.sql,19e154045f5992b2d40273d1bde9688c5b7a643c082f1cf18fddf38c40e82c4c,235
runs/user/common_core_sqlglot_noop_postgres_snapshot/candidate_sql,PORT_0005__postgres.sql,20a2b9975efc7eedff313466842c403b719d0de761258f5623ff2d8ea2d45253,250
runs/user/common_core_sqlglot_noop_postgres_snapshot/candidate_sql,PORT_0008__postgres.sql,e321e0fe92d31bdb91e88136bd350da4d441b9720f73f45dd574637be17793e3,328
runs/user/common_core_sqlglot_noop_postgres_snapshot/candidate_sql,PORT_0012__postgres.sql,46246a2f4417193cee3e930157bcd1723356f7fe818106bd65261f2befa02c3e,198
runs/user/common_core_sqlglot_noop_spark_snapshot/candidate_sql,CONS_0005__spark.sql,79ae0253f201b9fd754a8c6de183ea70848a58fdb8414675526837e4e86db9ec,96
runs/user/common_core_sqlglot_noop_spark_snapshot/candidate_sql,CONS_0007__spark.sql,a55f4bec333c24d9b71aa66594974dfe82bdc853d3eb562e4f2ad7d5206da4f6,176
runs/user/common_core_sqlglot_noop_spark_snapshot/candidate_sql,CONS_0009__spark.sql,2dae2332a4727a57a88d0078e369933f48a0ec648f2418eca4332f7dc718bad1,150
runs/user/common_core_sqlglot_noop_spark_snapshot/candidate_sql,CONS_0010__spark.sql,6be0c02ce5ae2d5cae506b379546ca8d6010b878dafbec473ffa6bbeb05d311c,151
runs/user/common_core_sqlglot_noop_spark_snapshot/candidate_sql,CONS_0011__spark.sql,858c4465ab5329d623deee18c11e9a6ffe2ad3a923888eea15cfc7c5868d52bd,153
runs/user/common_core_sqlglot_noop_spark_snapshot/candidate_sql,CONS_0012__spark.sql,7e52351df2f6c40d58c1a94b5b044494801d033515acb54a59b1620840e96ddc,105
runs/user/common_core_sqlglot_noop_spark_snapshot/candidate_sql,CONS_0024__spark.sql,d27c63b7bf6160c8c123bbc3abb3e9d0128cc3732d45c10942d6702ebde2def3,190
runs/user/common_core_sqlglot_noop_spark_snapshot/candidate_sql,CONS_0036__spark.sql,b39c6adda4bd86d016a7981088d38f9a68bdef7e9c3561f8a8ff5c04f1504e80,84
runs/user/common_core_sqlglot_noop_spark_snapshot/candidate_sql,CONS_0037__spark.sql,32c78a961d1b2a8f0fb8b5be1debe9eac0aaf4e102bc3c203d25377410d62826,118
runs/user/common_core_sqlglot_noop_spark_snapshot/candidate_sql,LONGTAIL_0011__spark.sql,4f1ab0c8ec315987543c3782910d4afef0f9f0083bf49b4eb611fc7cec301965,666
runs/user/common_core_sqlglot_noop_spark_snapshot/candidate_sql,LONGTAIL_0012__spark.sql,b590b1050891dd123a045aec11a5bb372d0a9891fc8fa34e5803e2fbd1a6c7b0,910
runs/user/common_core_sqlglot_noop_spark_snapshot/candidate_sql,LONGTAIL_0013__spark.sql,f0f9ae7679410b6894e3336bae95039ac6240f739b509f8e4c33ef23ff810434,1243
runs/user/common_core_sqlglot_noop_spark_snapshot/candidate_sql,LONGTAIL_0022__spark.sql,dea12eff4276f5e2b46fd1c952a661b2a33280ebef9cb9ac7c9684bc3a492985,460
runs/user/common_core_sqlglot_noop_spark_snapshot/candidate_sql,LONGTAIL_0023__spark.sql,7c24c2b83b32fa437821f9ed69a381ef580c8b04527976b4bb4a42c6a69c1702,655
runs/user/common_core_sqlglot_noop_spark_snapshot/candidate_sql,LONGTAIL_0024__spark.sql,de19685f56499a5e90e06776bce22cc5476fdf17890c2c6b594df0797fa89b45,532
runs/user/common_core_sqlglot_noop_spark_snapshot/candidate_sql,PERF_0006__spark.sql,33a4fcc230aa2c8f67e6ae340900c4c14b93c3abb8ac4efd712b5b901d5df5ec,1093
runs/user/common_core_sqlglot_noop_spark_snapshot/candidate_sql,PERF_0007__spark.sql,a338badeb9a2cbf8a35c1e4df3bb97c3a016a88f568421318b1e9fc55b99d45e,792
runs/user/common_core_sqlglot_noop_spark_snapshot/candidate_sql,PERF_0008__spark.sql,2c0bddbe7aacfde4d55b5eebf49c6d0d19c99af2aecd6ba04acc524bceee1f93,991
runs/user/common_core_sqlglot_noop_spark_snapshot/candidate_sql,PERF_0013__spark.sql,c39ba34ea5f0bdcd1155269cfff265a0f6366d884b58736701b84478b5f40124,1107
runs/user/common_core_sqlglot_noop_spark_snapshot/candidate_sql,PERF_0017__spark.sql,58b90e89c92e474184adf28fa25a2b5ac93b4b44325506819cf46d02d37be732,1109
runs/user/common_core_sqlglot_noop_spark_snapshot/candidate_sql,PERF_0019__spark.sql,1d467b2e301f3ddf71adc127d2e957d3a7a099e3f17712d5a44da717009758a3,886
runs/user/common_core_sqlglot_noop_spark_snapshot/candidate_sql,PERF_0024__spark.sql,b5588d9c92fb56f583e308fbe7ccd3e57cf75654444a62a64a4e3291b95087c5,646
runs/user/common_core_sqlglot_noop_spark_snapshot/candidate_sql,PERF_0033__spark.sql,1cf89f12ef3507b71a4318c4cf66434cd69fdab7ef1f22e80b793c246bb82109,592
runs/user/common_core_sqlglot_noop_spark_snapshot/candidate_sql,PERF_0034__spark.sql,7fd2578f048d3db2f03969ca8bc1e2b2f8bb3155c304f8906140a9ca747da976,1808
runs/user/common_core_sqlglot_noop_spark_snapshot/candidate_sql,PERF_0035__spark.sql,97ade6c32824c5833da0ece010bf772119ec3df7966b5ed98ace5faa092d66a5,1620
runs/user/common_core_sqlglot_noop_spark_snapshot/candidate_sql,PERF_0052__spark.sql,531b828a14a2e68dbd3dacb06c153653720991ee5093cd94e5d799c1f781e7a9,861
runs/user/common_core_sqlglot_noop_spark_snapshot/candidate_sql,PERF_0054__spark.sql,27d1943ab82b364260b7c9a6d8a58e1b75e183edc2e1ee51001ec260ea4d12b5,634
runs/user/common_core_sqlglot_noop_spark_snapshot/candidate_sql,PERF_0056__spark.sql,103e05a6b38cb281891ad16486e2dbaa87c03d1be1bd053085767c1b3c440445,833
runs/user/common_core_sqlglot_noop_spark_snapshot/candidate_sql,PERF_0062__spark.sql,d5597428dff07c95ebccc1b36e3fdc033359774e2a2e4478b26f7149ad8f4af4,1498
runs/user/common_core_sqlglot_noop_spark_snapshot/candidate_sql,PERF_0077__spark.sql,35f53029adad5e78985f04eae4f4638990d9a7a02af550a99b5c977f02dea989,522
runs/user/common_core_sqlglot_noop_spark_snapshot/candidate_sql,PERF_0082__spark.sql,77342139cf2ed6a53da2a44428774b41ec96b507f3a8e66f4eaf4c9e10cb0bd4,730
runs/user/common_core_sqlglot_noop_spark_snapshot/candidate_sql,PORT_0003__spark.sql,17fe283051dc45c613baf4c41b4daae8db68e8914d6bfad5e2724f36668f7cf3,224
runs/user/common_core_sqlglot_noop_spark_snapshot/candidate_sql,PORT_0004__spark.sql,359cfc4898ba97e98d917621dfe922f7e6e6e9bfd4a14fb135084d24bc983c95,341
runs/user/common_core_sqlglot_noop_spark_snapshot/candidate_sql,PORT_0005__spark.sql,6b8371357aca2b5511484154c883c9b18fcb092f65b182b11fb935729bb955cb,238
runs/user/common_core_sqlglot_noop_spark_snapshot/candidate_sql,PORT_0008__spark.sql,8a85ffb1350375d948e401d6bd5f0ee27047f2bd5229024708cdfc8be87ae464,328
runs/user/common_core_sqlglot_noop_spark_snapshot/candidate_sql,PORT_0012__spark.sql,cb151bc24cd4462f52be6a7abc3f60af4ffe20744e38feaa6ab12a3570377466,198
runs/user/common_core_sqlglot_noop_spark_snapshot/candidate_sql,PORT_0013__spark.sql,98c956e59551e1f62b5edb49cde0cefbfa93b8c3be27a573fa46580a43d569a3,201
runs/user/common_core_sqlglot_noop_spark_snapshot/candidate_sql,PORT_0022__spark.sql,92bb9db8615a7384c09d5a888618aae0c43e3a9e0fb84efef0a87a74fdfadcbf,231
runs/user/common_core_sqlglot_noop_spark_snapshot/candidate_sql,PORT_0024__spark.sql,4d201b063152d76b49fb8fb00c451897d21faabacb7e4b7a4271894529b57d88,134
runs/user/common_core_sqlglot_noop_spark_snapshot/candidate_sql,PORT_0025__spark.sql,776830a39db1523f3ec7020ae8c8771562024ab30ea2a3f4012f595b918dbc80,253
runs/user/cons0011_spark_order_fix/candidate_sql,CONS_0011__spark.sql,3f461dd446146583d385abc3f138c235745ed5f4bfef18a64e61eb2159362753,162
runs/user/db_checker_postgres_perf0006_smoke/candidate_sql,PERF_0006__postgres.sql,33a4fcc230aa2c8f67e6ae340900c4c14b93c3abb8ac4efd712b5b901d5df5ec,1093
runs/user/direct_llm_original_bounded_live_api_smoke_post_user_agent_fix_v0__mysql/candidate_sql,CONS_0036__mysql.sql,b29e56e488c8a7384628c81890354dff7065933007cbd4b83d089052f0b26045,83
runs/user/direct_llm_original_bounded_live_api_smoke_post_user_agent_fix_v0__mysql/candidate_sql,PERF_0006__mysql.sql,4da582fe46ca527d0e901d772dd2c97133950b2750c62ded95dfb33a2c71073b,487
runs/user/direct_llm_original_bounded_live_api_smoke_post_user_agent_fix_v0__postgres/candidate_sql,CONS_0036__postgres.sql,b29e56e488c8a7384628c81890354dff7065933007cbd4b83d089052f0b26045,83
runs/user/direct_llm_original_bounded_live_api_smoke_post_user_agent_fix_v0__postgres/candidate_sql,PERF_0006__postgres.sql,f3707ac2438756792cca9bd5badd445f24001ec2b173525135fbda00d7cccab8,483
runs/user/direct_llm_original_bounded_live_api_smoke_post_user_agent_fix_v0__spark/candidate_sql,CONS_0036__spark.sql,b29e56e488c8a7384628c81890354dff7065933007cbd4b83d089052f0b26045,83
runs/user/direct_llm_original_bounded_live_api_smoke_post_user_agent_fix_v0__spark/candidate_sql,PERF_0006__spark.sql,b7b3ab07efd60755f8d6dac2d299a2e38f1eee1cfbdfc88d85acd7be07a0dbd2,492
runs/user/direct_llm_original_fake_smoke_v0/candidate_sql,CONS_0036__postgres.sql,0db7925e54d0075a283448adc2d933f25b1fae983fcc10433bd5808b2f29309a,35
runs/user/direct_llm_original_fake_smoke_v0/candidate_sql,PERF_0006__postgres.sql,0db7925e54d0075a283448adc2d933f25b1fae983fcc10433bd5808b2f29309a,35
runs/user/direct_llm_original_fake_smoke_v1/candidate_sql,CONS_0036__postgres.sql,0db7925e54d0075a283448adc2d933f25b1fae983fcc10433bd5808b2f29309a,35
runs/user/direct_llm_original_fake_smoke_v1/candidate_sql,PERF_0006__postgres.sql,0db7925e54d0075a283448adc2d933f25b1fae983fcc10433bd5808b2f29309a,35
runs/user/direct_llm_original_fake_smoke_v2/candidate_sql,CONS_0036__postgres.sql,0db7925e54d0075a283448adc2d933f25b1fae983fcc10433bd5808b2f29309a,35
runs/user/direct_llm_original_fake_smoke_v2/candidate_sql,PERF_0006__postgres.sql,0db7925e54d0075a283448adc2d933f25b1fae983fcc10433bd5808b2f29309a,35
runs/user/direct_llm_original_track_a_120_canonical_v0__mysql/candidate_sql,CONS_0005__mysql.sql,54c0cf571b043b7bc54b0e8f4bbe78169a4400d3ef7d6f3fe329b49f636df9f8,141
runs/user/direct_llm_original_track_a_120_canonical_v0__mysql/candidate_sql,CONS_0007__mysql.sql,27f8aaafa58f6ba082b3d904c469479d8c8a0d6e544f74a1ee76cc07456bb1c1,143
runs/user/direct_llm_original_track_a_120_canonical_v0__mysql/candidate_sql,CONS_0009__mysql.sql,d535ff0b3a7f487d2f227850e13fba14203176a1377fed8cfbf0545e71bd4005,261
runs/user/direct_llm_original_track_a_120_canonical_v0__mysql/candidate_sql,CONS_0010__mysql.sql,9b5fc123a92f9dc40c7f3d55138fab98d11b5d098eff3ba140930ca9081d503a,168
runs/user/direct_llm_original_track_a_120_canonical_v0__mysql/candidate_sql,CONS_0011__mysql.sql,562463408416e4f1188b8b571cb7e1b28150f5796a339531c05a0f3991e55146,179
runs/user/direct_llm_original_track_a_120_canonical_v0__mysql/candidate_sql,CONS_0012__mysql.sql,6ac76280e1bf9058e6ff9ea83000c2d2f6e9d77c79a1baea28faddc66c257550,95
runs/user/direct_llm_original_track_a_120_canonical_v0__mysql/candidate_sql,CONS_0024__mysql.sql,41e81ab7e4f0b9a7ec0bc7a1939ff1fc5fd2402bedeca48e8e0218e6dada66c8,162
runs/user/direct_llm_original_track_a_120_canonical_v0__mysql/candidate_sql,CONS_0036__mysql.sql,b29e56e488c8a7384628c81890354dff7065933007cbd4b83d089052f0b26045,83
runs/user/direct_llm_original_track_a_120_canonical_v0__mysql/candidate_sql,CONS_0037__mysql.sql,a1f764811478e71b45c1bd8b0a0158d15a723750766b38f2c1c05766b3ee15a8,161
runs/user/direct_llm_original_track_a_120_canonical_v0__mysql/candidate_sql,LONGTAIL_0011__mysql.sql,a182fe8eb1e81687021644ec6bbf1e4acf9ac69c17b76f62962bf0b098cbe98e,686
runs/user/direct_llm_original_track_a_120_canonical_v0__mysql/candidate_sql,LONGTAIL_0012__mysql.sql,5449c9a5ae1857dbae2c92c3b38048b8ff4f87645e8b4eabe4d4997c38fb082f,1258
runs/user/direct_llm_original_track_a_120_canonical_v0__mysql/candidate_sql,LONGTAIL_0013__mysql.sql,46f5f908f60f174e983e2ed39d941fdfc50e47b367613314d6dcb3df1ac57ff4,1449
runs/user/direct_llm_original_track_a_120_canonical_v0__mysql/candidate_sql,LONGTAIL_0022__mysql.sql,53be35482a8ab7634b4762df5f233e147759f82f3ce22b58e9e80b308f66cccf,559
runs/user/direct_llm_original_track_a_120_canonical_v0__mysql/candidate_sql,LONGTAIL_0023__mysql.sql,27fccb9c86c5ab2d43aac7280ba1b62a7ca4fe6f770b6bd1e3cf4718909e0955,702
runs/user/direct_llm_original_track_a_120_canonical_v0__mysql/candidate_sql,LONGTAIL_0024__mysql.sql,df041068cf8ee8b0649751f95fffe018fb8aca7d70f32870c220d68ff4380ff9,618
runs/user/direct_llm_original_track_a_120_canonical_v0__mysql/candidate_sql,PERF_0006__mysql.sql,4da582fe46ca527d0e901d772dd2c97133950b2750c62ded95dfb33a2c71073b,487
runs/user/direct_llm_original_track_a_120_canonical_v0__mysql/candidate_sql,PERF_0007__mysql.sql,6023f2992fa4b1bfe9057f8cd74f6d17dc7ed0f2762302ab988990aa63eac37a,234
runs/user/direct_llm_original_track_a_120_canonical_v0__mysql/candidate_sql,PERF_0008__mysql.sql,041454af05eee5f617574a77494403a7da9a4e743a8ce0474dc7e13b0c2986f9,452
runs/user/direct_llm_original_track_a_120_canonical_v0__mysql/candidate_sql,PERF_0013__mysql.sql,ec3db214feb87a78f093864d11f2ea379a523867595496339c2fc52fd45d2acf,548
runs/user/direct_llm_original_track_a_120_canonical_v0__mysql/candidate_sql,PERF_0017__mysql.sql,1bfa0813458b496374e15ec21bcfd9bec1447c64c9d71a1bb900dbcc9355d3b2,607
runs/user/direct_llm_original_track_a_120_canonical_v0__mysql/candidate_sql,PERF_0019__mysql.sql,5d0ad63eabde059fdb04672e347b42e511b43a4bf99bbad1e42c3fbfe468c010,378
runs/user/direct_llm_original_track_a_120_canonical_v0__mysql/candidate_sql,PERF_0024__mysql.sql,f0c34b3c30297fdbdc28776f37e8e7c888afcf8cfc4dc4830a7eae98613b2846,843
runs/user/direct_llm_original_track_a_120_canonical_v0__mysql/candidate_sql,PERF_0033__mysql.sql,64f6b8d64282f2c6bd3ec1af354ad815835892b7f677b4644d74a6fbdd2cb34e,377
runs/user/direct_llm_original_track_a_120_canonical_v0__mysql/candidate_sql,PERF_0034__mysql.sql,bf9a2d79b5faebd097aae16d57d9e67c8a3529cf58835a186d600ca7597d3869,1643
runs/user/direct_llm_original_track_a_120_canonical_v0__mysql/candidate_sql,PERF_0035__mysql.sql,7bec8bd45addc26c5ed47032dae7243f18edd98fc5cae073752a6cbd3c487874,1658
runs/user/direct_llm_original_track_a_120_canonical_v0__mysql/candidate_sql,PERF_0052__mysql.sql,076bef62cb95a3af432a9a41e91fdef8d355873641bde06659141fa8b8d4b042,740
runs/user/direct_llm_original_track_a_120_canonical_v0__mysql/candidate_sql,PERF_0054__mysql.sql,c535d36c8941505acb0f3cfc1ce9eaeb1c30b86fabf4737b241c8f1182ea74ef,386
runs/user/direct_llm_original_track_a_120_canonical_v0__mysql/candidate_sql,PERF_0056__mysql.sql,3460cd0b4db75ee49378ece5c27eb3cacb162c1c71e2d3a841a30b678bcd6bac,603
runs/user/direct_llm_original_track_a_120_canonical_v0__mysql/candidate_sql,PERF_0062__mysql.sql,b0674d2daefa38260d157e10ddbce0100e81143783b70d7c20888199affcae64,1401
runs/user/direct_llm_original_track_a_120_canonical_v0__mysql/candidate_sql,PERF_0077__mysql.sql,099c467014a92e5855c086cfce271da94432ad3b65be7dca7cd34d2ed7a6a5f1,389
runs/user/direct_llm_original_track_a_120_canonical_v0__mysql/candidate_sql,PERF_0082__mysql.sql,d2aee3bc88fed9433d1dbcd70d3b1a12be3b7e42ae4ecc02a1eceda1fdb205d7,539
runs/user/direct_llm_original_track_a_120_canonical_v0__mysql/candidate_sql,PORT_0003__mysql.sql,27a2f7d084f6c631113cf81f59f226093ad28b06adb64feff8bb4aa464de62a1,100
runs/user/direct_llm_original_track_a_120_canonical_v0__mysql/candidate_sql,PORT_0004__mysql.sql,5cce7e0cdb120456e8639ed0ad37098ef32d740b7dbd305dea25031548911446,175
runs/user/direct_llm_original_track_a_120_canonical_v0__mysql/candidate_sql,PORT_0005__mysql.sql,0dd05d4b6668c0e113f50087b99a424f93f9ff697eaff5d407b1b2db28ea5c1c,88
runs/user/direct_llm_original_track_a_120_canonical_v0__mysql/candidate_sql,PORT_0008__mysql.sql,80c283fd2014e4db989b71e8c09dbc78225fb86514d4254d63e04f3a6e9d335c,344
runs/user/direct_llm_original_track_a_120_canonical_v0__mysql/candidate_sql,PORT_0012__mysql.sql,8e42fd15550e66bf6223776b8d388c79069910cc8958130cd5fca98cbd843bed,191
runs/user/direct_llm_original_track_a_120_canonical_v0__mysql/candidate_sql,PORT_0013__mysql.sql,ea4a0f0bb59066e3fef21ad0d521bd0b61d7829f393db6a992a6afbd1b5e796f,229
runs/user/direct_llm_original_track_a_120_canonical_v0__mysql/candidate_sql,PORT_0022__mysql.sql,edd9e564fe82682d4bf09aa2b2b64c90d48a925b4d5f63b9a220674c3233f662,170
runs/user/direct_llm_original_track_a_120_canonical_v0__mysql/candidate_sql,PORT_0024__mysql.sql,4d201b063152d76b49fb8fb00c451897d21faabacb7e4b7a4271894529b57d88,134
runs/user/direct_llm_original_track_a_120_canonical_v0__mysql/candidate_sql,PORT_0025__mysql.sql,8b43e640fd799f33e61b799c413e6aeec147f5fc6576693099454d34377bc8d5,216
runs/user/direct_llm_original_track_a_120_canonical_v0__postgres/candidate_sql,CONS_0005__postgres.sql,54c0cf571b043b7bc54b0e8f4bbe78169a4400d3ef7d6f3fe329b49f636df9f8,141
runs/user/direct_llm_original_track_a_120_canonical_v0__postgres/candidate_sql,CONS_0007__postgres.sql,27f8aaafa58f6ba082b3d904c469479d8c8a0d6e544f74a1ee76cc07456bb1c1,143
runs/user/direct_llm_original_track_a_120_canonical_v0__postgres/candidate_sql,CONS_0009__postgres.sql,5e4b512ce1d588da3685f5b642a26884388f6a42b9f7c62c32467b1a6158497f,303
runs/user/direct_llm_original_track_a_120_canonical_v0__postgres/candidate_sql,CONS_0010__postgres.sql,9b5fc123a92f9dc40c7f3d55138fab98d11b5d098eff3ba140930ca9081d503a,168
runs/user/direct_llm_original_track_a_120_canonical_v0__postgres/candidate_sql,CONS_0011__postgres.sql,562463408416e4f1188b8b571cb7e1b28150f5796a339531c05a0f3991e55146,179
runs/user/direct_llm_original_track_a_120_canonical_v0__postgres/candidate_sql,CONS_0012__postgres.sql,8c78ee67a8cf66de0462c6500c60ccf1237f5173a489b12a18256c72c98cfeee,112
runs/user/direct_llm_original_track_a_120_canonical_v0__postgres/candidate_sql,CONS_0024__postgres.sql,41e81ab7e4f0b9a7ec0bc7a1939ff1fc5fd2402bedeca48e8e0218e6dada66c8,162
runs/user/direct_llm_original_track_a_120_canonical_v0__postgres/candidate_sql,CONS_0036__postgres.sql,b29e56e488c8a7384628c81890354dff7065933007cbd4b83d089052f0b26045,83
runs/user/direct_llm_original_track_a_120_canonical_v0__postgres/candidate_sql,CONS_0037__postgres.sql,2ee87b7ca42cadc08a195b1a0cc93fac72134f2595b4629493903ec88172c929,118
runs/user/direct_llm_original_track_a_120_canonical_v0__postgres/candidate_sql,LONGTAIL_0011__postgres.sql,4c8191a3fdc40b29771b567a12b0272ba9663686f66f31efdd9d5517b7e826ef,694
runs/user/direct_llm_original_track_a_120_canonical_v0__postgres/candidate_sql,LONGTAIL_0012__postgres.sql,5afffe6dfd8a4cfbc2779fc4e6c1fcfa301d880623fe16109dac074a33ae84ec,994
runs/user/direct_llm_original_track_a_120_canonical_v0__postgres/candidate_sql,LONGTAIL_0013__postgres.sql,c3a35e039f9acdf2c95d37edd31337fb2c264c80d9c2791585f39f0d8e30a3ef,1815
runs/user/direct_llm_original_track_a_120_canonical_v0__postgres/candidate_sql,LONGTAIL_0022__postgres.sql,ead7d4520f06b83baf7d798e6d7a83d6d71144387186ee1460bc826dda753e25,499
runs/user/direct_llm_original_track_a_120_canonical_v0__postgres/candidate_sql,LONGTAIL_0023__postgres.sql,37390661dea1d74cdccb101cb73657101ca1e09ff04d10344ce89add626f6561,710
runs/user/direct_llm_original_track_a_120_canonical_v0__postgres/candidate_sql,LONGTAIL_0024__postgres.sql,ef04729d456218f5c0aedd760b094a79ea102ebf263db807be1502bb0b938a28,615
runs/user/direct_llm_original_track_a_120_canonical_v0__postgres/candidate_sql,PERF_0006__postgres.sql,f3707ac2438756792cca9bd5badd445f24001ec2b173525135fbda00d7cccab8,483
runs/user/direct_llm_original_track_a_120_canonical_v0__postgres/candidate_sql,PERF_0007__postgres.sql,496311d167baab15b2536c6d9f5bced520316fbc5faa61359229374f72bbacd7,213
runs/user/direct_llm_original_track_a_120_canonical_v0__postgres/candidate_sql,PERF_0008__postgres.sql,50ff36cc8b89b311a982436ff558857655e639e792f1bcfde3bde4d20f21ddd4,475
runs/user/direct_llm_original_track_a_120_canonical_v0__postgres/candidate_sql,PERF_0013__postgres.sql,1346004a9e46de8d3c085089af69cc27d3b2b569348b168c2e62ed0d3e471ccf,555
runs/user/direct_llm_original_track_a_120_canonical_v0__postgres/candidate_sql,PERF_0017__postgres.sql,68319e32cadb05e42db927a61fe894faf93c3a1b2f1ce59d1660144e5e0acb7e,635
runs/user/direct_llm_original_track_a_120_canonical_v0__postgres/candidate_sql,PERF_0019__postgres.sql,ee70629949eb2422ec3e80512baaec5f230b584fe7eca493d169f4b0163b7202,471
runs/user/direct_llm_original_track_a_120_canonical_v0__postgres/candidate_sql,PERF_0024__postgres.sql,f12e03b5308c742562172dd260e70bfe5f3cd7f990ca5397c86f6391752b94bb,735
runs/user/direct_llm_original_track_a_120_canonical_v0__postgres/candidate_sql,PERF_0033__postgres.sql,8aa5939e370760e704df5372ab0eb42c9cf4ba9285774f0ad287e7fe9ddef9ab,373
runs/user/direct_llm_original_track_a_120_canonical_v0__postgres/candidate_sql,PERF_0034__postgres.sql,f0911f39f7de828e51a9594dfe4e41e6ba94a146e818323650f0099c5d192295,1475
runs/user/direct_llm_original_track_a_120_canonical_v0__postgres/candidate_sql,PERF_0035__postgres.sql,0fab0edb68963d077373536d65ea4e2eaa4c653a944408d2170d9802f4a4551c,1393
runs/user/direct_llm_original_track_a_120_canonical_v0__postgres/candidate_sql,PERF_0052__postgres.sql,e323e3335d05eb8259b917f55fe9abbf29ba54daa1cfd7e4225439311a042bb8,832
runs/user/direct_llm_original_track_a_120_canonical_v0__postgres/candidate_sql,PERF_0054__postgres.sql,ac66da96fa10bf7cb7148513289e3b6eab69afbf95736c02670e6739441a1d47,398
runs/user/direct_llm_original_track_a_120_canonical_v0__postgres/candidate_sql,PERF_0056__postgres.sql,c2092ba5c2e14a75d047fb16419e3da23261900ef935a0f724f93158e961b437,675
runs/user/direct_llm_original_track_a_120_canonical_v0__postgres/candidate_sql,PERF_0062__postgres.sql,d26d9da881243025aa7d1d8334314b37a2daa90cc40c510f5a7371a804eb78fb,1388
runs/user/direct_llm_original_track_a_120_canonical_v0__postgres/candidate_sql,PERF_0077__postgres.sql,5ea53e95b355aab74648463fd4ebf68142b9cd734f333ebd10ce5864c9141f51,389
runs/user/direct_llm_original_track_a_120_canonical_v0__postgres/candidate_sql,PERF_0082__postgres.sql,388a4f1a0a1883f7362c80dc268f4ccf1165a89bb94b5983c96c7ee1ce55642f,539
runs/user/direct_llm_original_track_a_120_canonical_v0__postgres/candidate_sql,PORT_0003__postgres.sql,bf1b3e83ee8229e7c576f3e7e556bd7716adb07b07d3bbd5c6e1e2ea181ce529,85
runs/user/direct_llm_original_track_a_120_canonical_v0__postgres/candidate_sql,PORT_0004__postgres.sql,633198dd85666fc8b78ac7a3301c7f38d3525148edbbe73f57cba7b5fc2920fe,189
runs/user/direct_llm_original_track_a_120_canonical_v0__postgres/candidate_sql,PORT_0005__postgres.sql,b2f6f3a2ef37b2508ba463cf6ab8539053276ba122548a54b83526386fc681f3,100
runs/user/direct_llm_original_track_a_120_canonical_v0__postgres/candidate_sql,PORT_0008__postgres.sql,b7db8c57af58c51008ee7c530c90b4bc9643ac07141aff7b4aeb82329256f94c,302
runs/user/direct_llm_original_track_a_120_canonical_v0__postgres/candidate_sql,PORT_0012__postgres.sql,6b061c8d6cd070326c882ef2061bbc19906bed0f3983ab36909beef47d6afec8,179
runs/user/direct_llm_original_track_a_120_canonical_v0__postgres/candidate_sql,PORT_0013__postgres.sql,e69593356765a4b4c6f15253b5b01ea98a2bccb64b23db0f159b451a7327dab8,211
runs/user/direct_llm_original_track_a_120_canonical_v0__postgres/candidate_sql,PORT_0022__postgres.sql,0ccd74b36a1e9924d5b832b0b0480f22ef96c34e07b2fcf2a663ae9477552c01,200
runs/user/direct_llm_original_track_a_120_canonical_v0__postgres/candidate_sql,PORT_0024__postgres.sql,a79cbea37308874bd9b6368c5d2378d5c3f0962081340e1f378cc38e3c16eb55,136
runs/user/direct_llm_original_track_a_120_canonical_v0__postgres/candidate_sql,PORT_0025__postgres.sql,e43897f44ca2a310309e611d0d99040652aea8d76a64474e544609305978abaa,201
runs/user/direct_llm_original_track_a_120_canonical_v0__spark/candidate_sql,CONS_0005__spark.sql,e3ce8c0389e5bdcc7c6ab23d071c5d10e5aa89f78b3c3e617d75d6bce46b208c,141
runs/user/direct_llm_original_track_a_120_canonical_v0__spark/candidate_sql,CONS_0007__spark.sql,27f8aaafa58f6ba082b3d904c469479d8c8a0d6e544f74a1ee76cc07456bb1c1,143
runs/user/direct_llm_original_track_a_120_canonical_v0__spark/candidate_sql,CONS_0009__spark.sql,6430020be151fe21c698a84d92143de81bf4234babb4ea43212184bd2179ea8a,303
runs/user/direct_llm_original_track_a_120_canonical_v0__spark/candidate_sql,CONS_0010__spark.sql,9b5fc123a92f9dc40c7f3d55138fab98d11b5d098eff3ba140930ca9081d503a,168
runs/user/direct_llm_original_track_a_120_canonical_v0__spark/candidate_sql,CONS_0011__spark.sql,562463408416e4f1188b8b571cb7e1b28150f5796a339531c05a0f3991e55146,179
runs/user/direct_llm_original_track_a_120_canonical_v0__spark/candidate_sql,CONS_0012__spark.sql,6ac76280e1bf9058e6ff9ea83000c2d2f6e9d77c79a1baea28faddc66c257550,95
runs/user/direct_llm_original_track_a_120_canonical_v0__spark/candidate_sql,CONS_0024__spark.sql,6d6bb29a169d5dfb66b14177e0a837192bdf851ff04307be42bf0c76bb20a3c6,195
runs/user/direct_llm_original_track_a_120_canonical_v0__spark/candidate_sql,CONS_0036__spark.sql,b29e56e488c8a7384628c81890354dff7065933007cbd4b83d089052f0b26045,83
runs/user/direct_llm_original_track_a_120_canonical_v0__spark/candidate_sql,CONS_0037__spark.sql,32c78a961d1b2a8f0fb8b5be1debe9eac0aaf4e102bc3c203d25377410d62826,118
runs/user/direct_llm_original_track_a_120_canonical_v0__spark/candidate_sql,LONGTAIL_0011__spark.sql,4c8191a3fdc40b29771b567a12b0272ba9663686f66f31efdd9d5517b7e826ef,694
runs/user/direct_llm_original_track_a_120_canonical_v0__spark/candidate_sql,LONGTAIL_0012__spark.sql,42980ba1f8e863acc8c3e41e7f2bec2011d3eddd219ad938026615a2b3fd4b7b,980
runs/user/direct_llm_original_track_a_120_canonical_v0__spark/candidate_sql,LONGTAIL_0013__spark.sql,990bedbea1363110b7943844419335c329184c90e9b648e4eeb5b05593f579a6,1858
runs/user/direct_llm_original_track_a_120_canonical_v0__spark/candidate_sql,LONGTAIL_0022__spark.sql,58894a9e5138122779769567303245db31e8f28eba209050a4b910fa5cd902e5,497
runs/user/direct_llm_original_track_a_120_canonical_v0__spark/candidate_sql,LONGTAIL_0023__spark.sql,afca09e1d710f90f347c1a42b3da6a1407705f706174db3b478de7a2f1f37815,644
runs/user/direct_llm_original_track_a_120_canonical_v0__spark/candidate_sql,LONGTAIL_0024__spark.sql,aa1c080adce555be646e5cc80da9ee58e02a4bcb398dc6d5756d908dfa09671a,591
runs/user/direct_llm_original_track_a_120_canonical_v0__spark/candidate_sql,PERF_0006__spark.sql,b7b3ab07efd60755f8d6dac2d299a2e38f1eee1cfbdfc88d85acd7be07a0dbd2,492
runs/user/direct_llm_original_track_a_120_canonical_v0__spark/candidate_sql,PERF_0007__spark.sql,dbd1810b1477d1613239849dea3c53ef4aa637423c929a6a9ba101778a7a5a82,232
runs/user/direct_llm_original_track_a_120_canonical_v0__spark/candidate_sql,PERF_0008__spark.sql,b8d1397ce8d9e1914497a213501cbf04115e4d969ecac7862c6afc7a45b75ecc,453
runs/user/direct_llm_original_track_a_120_canonical_v0__spark/candidate_sql,PERF_0013__spark.sql,e90d2104d1fc5b0b8ab091019c1b9ce94ceb13e52494db54dd9c07a9beea334d,535
runs/user/direct_llm_original_track_a_120_canonical_v0__spark/candidate_sql,PERF_0017__spark.sql,4070b9e3f7207607c282a7842cf0b55735281df54791d9e6ef50ee9642ea75ce,616
runs/user/direct_llm_original_track_a_120_canonical_v0__spark/candidate_sql,PERF_0019__spark.sql,9661ea626028d04dfa25710b5a1373fb9dfb2d458b16ffeeec0c8c42507f03ea,353
runs/user/direct_llm_original_track_a_120_canonical_v0__spark/candidate_sql,PERF_0024__spark.sql,f9b370af61a5dec1e941a61c68a3178bb430083ebf5b3779e1bb0adba2ddb961,705
runs/user/direct_llm_original_track_a_120_canonical_v0__spark/candidate_sql,PERF_0033__spark.sql,74ea710ebaf45481ab9f67eadc8faeee3b4066b7ab332815c7c27dedbbea8ef4,377
runs/user/direct_llm_original_track_a_120_canonical_v0__spark/candidate_sql,PERF_0034__spark.sql,c56cf8354fb4f0eeb25af45008969f917baebaa3d19036497c0ad4966d363e5c,1347
runs/user/direct_llm_original_track_a_120_canonical_v0__spark/candidate_sql,PERF_0035__spark.sql,5bd273892a6d907d803b45ef38cd458881c951356ceefa1827980caa21dd0ace,1612
runs/user/direct_llm_original_track_a_120_canonical_v0__spark/candidate_sql,PERF_0052__spark.sql,fb6da1845b8d47485d3061bc86f4cb156f6d62a1c6e4c12a8a87931440b7a42a,731
runs/user/direct_llm_original_track_a_120_canonical_v0__spark/candidate_sql,PERF_0054__spark.sql,98543efc209674cbbcd5a782293fa5c369d102b014fb03829e4e6af88bcc7bfc,377
runs/user/direct_llm_original_track_a_120_canonical_v0__spark/candidate_sql,PERF_0056__spark.sql,78e56e2ee0fbacbec96cde8d6e1b336becfbd9df5afb267a7883871357df9e71,675
runs/user/direct_llm_original_track_a_120_canonical_v0__spark/candidate_sql,PERF_0062__spark.sql,0b8610a811f21052c769abe53b0543673c6acdbdc9971baa3988e9adb8bb764c,1301
runs/user/direct_llm_original_track_a_120_canonical_v0__spark/candidate_sql,PERF_0077__spark.sql,81e152c0e220b353077b9d3e57675d22b888dd23dd2aeedcbf9d7e8ba2c87fdf,377
runs/user/direct_llm_original_track_a_120_canonical_v0__spark/candidate_sql,PERF_0082__spark.sql,2a47360804ae07091426452cf907003153a0793809e77e16cf6b54c3054f567d,524
runs/user/direct_llm_original_track_a_120_canonical_v0__spark/candidate_sql,PORT_0003__spark.sql,1ca7d8956b6648595031cc7157d28427b8520646f87766425c45d099d5096a63,85
runs/user/direct_llm_original_track_a_120_canonical_v0__spark/candidate_sql,PORT_0004__spark.sql,8dd31d4348991e4bc11763e2f4963aae9d20f08914d94557b62d1ca05ade0dd0,193
runs/user/direct_llm_original_track_a_120_canonical_v0__spark/candidate_sql,PORT_0005__spark.sql,3c4db6838fa0d774ccebd6fe9fccab06558d6b1c0c6cbb755a606f7b7d4e8971,100
runs/user/direct_llm_original_track_a_120_canonical_v0__spark/candidate_sql,PORT_0008__spark.sql,53c46f14a187a55aa537babc1ed47be340f967eb8f187513edae650a6b483a9c,325
runs/user/direct_llm_original_track_a_120_canonical_v0__spark/candidate_sql,PORT_0012__spark.sql,8ed357eddfa68964d582315ace84ed39f31bbf389343daa62c15646e2289fd55,203
runs/user/direct_llm_original_track_a_120_canonical_v0__spark/candidate_sql,PORT_0013__spark.sql,eaf27d18c2b29408151927dcf582d6c1e57ccf4997f6e2a8f77be18734ee5993,201
runs/user/direct_llm_original_track_a_120_canonical_v0__spark/candidate_sql,PORT_0022__spark.sql,aaaff6a11361d13eba134d9e6eb5e41d9dce09dae0b5e14941b9d1eaef2aebb7,206
runs/user/direct_llm_original_track_a_120_canonical_v0__spark/candidate_sql,PORT_0024__spark.sql,86468ef4a9d19da66eac5645da37a8e505a533859d333686ce89bdd0e22e88cd,126
runs/user/direct_llm_original_track_a_120_canonical_v0__spark/candidate_sql,PORT_0025__spark.sql,d2d574642d8a3f50fba7ad97763471f768c1eb124997a296f9170ea482e35f06,188
runs/user/direct_llm_repair_1_track_a_120_canonical_v0__mysql/candidate_sql,CONS_0005__mysql.sql,5b35e99cd894f3ede08dbb29ded448640c057fc1ee3e112dc61f815108e0d6c2,125
runs/user/direct_llm_repair_1_track_a_120_canonical_v0__mysql/candidate_sql,CONS_0007__mysql.sql,27f8aaafa58f6ba082b3d904c469479d8c8a0d6e544f74a1ee76cc07456bb1c1,143
runs/user/direct_llm_repair_1_track_a_120_canonical_v0__mysql/candidate_sql,CONS_0009__mysql.sql,d535ff0b3a7f487d2f227850e13fba14203176a1377fed8cfbf0545e71bd4005,261
runs/user/direct_llm_repair_1_track_a_120_canonical_v0__mysql/candidate_sql,CONS_0010__mysql.sql,9b5fc123a92f9dc40c7f3d55138fab98d11b5d098eff3ba140930ca9081d503a,168
runs/user/direct_llm_repair_1_track_a_120_canonical_v0__mysql/candidate_sql,CONS_0011__mysql.sql,562463408416e4f1188b8b571cb7e1b28150f5796a339531c05a0f3991e55146,179
runs/user/direct_llm_repair_1_track_a_120_canonical_v0__mysql/candidate_sql,CONS_0012__mysql.sql,6ac76280e1bf9058e6ff9ea83000c2d2f6e9d77c79a1baea28faddc66c257550,95
runs/user/direct_llm_repair_1_track_a_120_canonical_v0__mysql/candidate_sql,CONS_0024__mysql.sql,41e81ab7e4f0b9a7ec0bc7a1939ff1fc5fd2402bedeca48e8e0218e6dada66c8,162
runs/user/direct_llm_repair_1_track_a_120_canonical_v0__mysql/candidate_sql,CONS_0036__mysql.sql,b29e56e488c8a7384628c81890354dff7065933007cbd4b83d089052f0b26045,83
runs/user/direct_llm_repair_1_track_a_120_canonical_v0__mysql/candidate_sql,CONS_0037__mysql.sql,32c78a961d1b2a8f0fb8b5be1debe9eac0aaf4e102bc3c203d25377410d62826,118
runs/user/direct_llm_repair_1_track_a_120_canonical_v0__mysql/candidate_sql,LONGTAIL_0011__mysql.sql,a182fe8eb1e81687021644ec6bbf1e4acf9ac69c17b76f62962bf0b098cbe98e,686
runs/user/direct_llm_repair_1_track_a_120_canonical_v0__mysql/candidate_sql,LONGTAIL_0012__mysql.sql,5449c9a5ae1857dbae2c92c3b38048b8ff4f87645e8b4eabe4d4997c38fb082f,1258
runs/user/direct_llm_repair_1_track_a_120_canonical_v0__mysql/candidate_sql,LONGTAIL_0013__mysql.sql,46f5f908f60f174e983e2ed39d941fdfc50e47b367613314d6dcb3df1ac57ff4,1449
runs/user/direct_llm_repair_1_track_a_120_canonical_v0__mysql/candidate_sql,LONGTAIL_0022__mysql.sql,53be35482a8ab7634b4762df5f233e147759f82f3ce22b58e9e80b308f66cccf,559
runs/user/direct_llm_repair_1_track_a_120_canonical_v0__mysql/candidate_sql,LONGTAIL_0023__mysql.sql,27fccb9c86c5ab2d43aac7280ba1b62a7ca4fe6f770b6bd1e3cf4718909e0955,702
runs/user/direct_llm_repair_1_track_a_120_canonical_v0__mysql/candidate_sql,LONGTAIL_0024__mysql.sql,df041068cf8ee8b0649751f95fffe018fb8aca7d70f32870c220d68ff4380ff9,618
runs/user/direct_llm_repair_1_track_a_120_canonical_v0__mysql/candidate_sql,PERF_0006__mysql.sql,4da582fe46ca527d0e901d772dd2c97133950b2750c62ded95dfb33a2c71073b,487
runs/user/direct_llm_repair_1_track_a_120_canonical_v0__mysql/candidate_sql,PERF_0007__mysql.sql,6023f2992fa4b1bfe9057f8cd74f6d17dc7ed0f2762302ab988990aa63eac37a,234
runs/user/direct_llm_repair_1_track_a_120_canonical_v0__mysql/candidate_sql,PERF_0008__mysql.sql,041454af05eee5f617574a77494403a7da9a4e743a8ce0474dc7e13b0c2986f9,452
runs/user/direct_llm_repair_1_track_a_120_canonical_v0__mysql/candidate_sql,PERF_0013__mysql.sql,ec3db214feb87a78f093864d11f2ea379a523867595496339c2fc52fd45d2acf,548
runs/user/direct_llm_repair_1_track_a_120_canonical_v0__mysql/candidate_sql,PERF_0017__mysql.sql,1bfa0813458b496374e15ec21bcfd9bec1447c64c9d71a1bb900dbcc9355d3b2,607
runs/user/direct_llm_repair_1_track_a_120_canonical_v0__mysql/candidate_sql,PERF_0019__mysql.sql,5d0ad63eabde059fdb04672e347b42e511b43a4bf99bbad1e42c3fbfe468c010,378
runs/user/direct_llm_repair_1_track_a_120_canonical_v0__mysql/candidate_sql,PERF_0024__mysql.sql,f0c34b3c30297fdbdc28776f37e8e7c888afcf8cfc4dc4830a7eae98613b2846,843
runs/user/direct_llm_repair_1_track_a_120_canonical_v0__mysql/candidate_sql,PERF_0033__mysql.sql,64f6b8d64282f2c6bd3ec1af354ad815835892b7f677b4644d74a6fbdd2cb34e,377
runs/user/direct_llm_repair_1_track_a_120_canonical_v0__mysql/candidate_sql,PERF_0034__mysql.sql,bf9a2d79b5faebd097aae16d57d9e67c8a3529cf58835a186d600ca7597d3869,1643
runs/user/direct_llm_repair_1_track_a_120_canonical_v0__mysql/candidate_sql,PERF_0035__mysql.sql,7bec8bd45addc26c5ed47032dae7243f18edd98fc5cae073752a6cbd3c487874,1658
runs/user/direct_llm_repair_1_track_a_120_canonical_v0__mysql/candidate_sql,PERF_0052__mysql.sql,076bef62cb95a3af432a9a41e91fdef8d355873641bde06659141fa8b8d4b042,740
runs/user/direct_llm_repair_1_track_a_120_canonical_v0__mysql/candidate_sql,PERF_0054__mysql.sql,c535d36c8941505acb0f3cfc1ce9eaeb1c30b86fabf4737b241c8f1182ea74ef,386
runs/user/direct_llm_repair_1_track_a_120_canonical_v0__mysql/candidate_sql,PERF_0056__mysql.sql,3460cd0b4db75ee49378ece5c27eb3cacb162c1c71e2d3a841a30b678bcd6bac,603
runs/user/direct_llm_repair_1_track_a_120_canonical_v0__mysql/candidate_sql,PERF_0062__mysql.sql,d4f695c251230d4378974cac0c6996b2fe4110a57f1c87546fe3788574d11f18,1559
runs/user/direct_llm_repair_1_track_a_120_canonical_v0__mysql/candidate_sql,PERF_0077__mysql.sql,099c467014a92e5855c086cfce271da94432ad3b65be7dca7cd34d2ed7a6a5f1,389
runs/user/direct_llm_repair_1_track_a_120_canonical_v0__mysql/candidate_sql,PERF_0082__mysql.sql,d2aee3bc88fed9433d1dbcd70d3b1a12be3b7e42ae4ecc02a1eceda1fdb205d7,539
runs/user/direct_llm_repair_1_track_a_120_canonical_v0__mysql/candidate_sql,PORT_0003__mysql.sql,27a2f7d084f6c631113cf81f59f226093ad28b06adb64feff8bb4aa464de62a1,100
runs/user/direct_llm_repair_1_track_a_120_canonical_v0__mysql/candidate_sql,PORT_0004__mysql.sql,22e458097671efccb0312c7375559a8379f16d12be283731b77782758343b935,190
runs/user/direct_llm_repair_1_track_a_120_canonical_v0__mysql/candidate_sql,PORT_0005__mysql.sql,0dd05d4b6668c0e113f50087b99a424f93f9ff697eaff5d407b1b2db28ea5c1c,88
runs/user/direct_llm_repair_1_track_a_120_canonical_v0__mysql/candidate_sql,PORT_0008__mysql.sql,80c283fd2014e4db989b71e8c09dbc78225fb86514d4254d63e04f3a6e9d335c,344
runs/user/direct_llm_repair_1_track_a_120_canonical_v0__mysql/candidate_sql,PORT_0012__mysql.sql,31590e8f253f22320f340589298ef844def166752a967f3bdcfce98ba465c678,181
runs/user/direct_llm_repair_1_track_a_120_canonical_v0__mysql/candidate_sql,PORT_0013__mysql.sql,98c956e59551e1f62b5edb49cde0cefbfa93b8c3be27a573fa46580a43d569a3,201
runs/user/direct_llm_repair_1_track_a_120_canonical_v0__mysql/candidate_sql,PORT_0022__mysql.sql,99d3bfa94acc2448cecf4f82bc79fca23a815f5cc78ecd2c67e59354e66ff396,203
runs/user/direct_llm_repair_1_track_a_120_canonical_v0__mysql/candidate_sql,PORT_0024__mysql.sql,c5759f65cbc0e8cce1dbe4d438eba5900eeae2400acff029c43bd2ee5b6e5969,144
runs/user/direct_llm_repair_1_track_a_120_canonical_v0__mysql/candidate_sql,PORT_0025__mysql.sql,8b43e640fd799f33e61b799c413e6aeec147f5fc6576693099454d34377bc8d5,216
runs/user/direct_llm_repair_1_track_a_120_canonical_v0__postgres/candidate_sql,CONS_0005__postgres.sql,007bb252e0cbce5c7068f72b43c4929582420d7b3dc8b3748084cb39c9958444,125
runs/user/direct_llm_repair_1_track_a_120_canonical_v0__postgres/candidate_sql,CONS_0007__postgres.sql,27f8aaafa58f6ba082b3d904c469479d8c8a0d6e544f74a1ee76cc07456bb1c1,143
runs/user/direct_llm_repair_1_track_a_120_canonical_v0__postgres/candidate_sql,CONS_0009__postgres.sql,5e4b512ce1d588da3685f5b642a26884388f6a42b9f7c62c32467b1a6158497f,303
runs/user/direct_llm_repair_1_track_a_120_canonical_v0__postgres/candidate_sql,CONS_0010__postgres.sql,9b5fc123a92f9dc40c7f3d55138fab98d11b5d098eff3ba140930ca9081d503a,168
runs/user/direct_llm_repair_1_track_a_120_canonical_v0__postgres/candidate_sql,CONS_0011__postgres.sql,562463408416e4f1188b8b571cb7e1b28150f5796a339531c05a0f3991e55146,179
runs/user/direct_llm_repair_1_track_a_120_canonical_v0__postgres/candidate_sql,CONS_0012__postgres.sql,8c78ee67a8cf66de0462c6500c60ccf1237f5173a489b12a18256c72c98cfeee,112
runs/user/direct_llm_repair_1_track_a_120_canonical_v0__postgres/candidate_sql,CONS_0024__postgres.sql,41e81ab7e4f0b9a7ec0bc7a1939ff1fc5fd2402bedeca48e8e0218e6dada66c8,162
runs/user/direct_llm_repair_1_track_a_120_canonical_v0__postgres/candidate_sql,CONS_0036__postgres.sql,b29e56e488c8a7384628c81890354dff7065933007cbd4b83d089052f0b26045,83
runs/user/direct_llm_repair_1_track_a_120_canonical_v0__postgres/candidate_sql,CONS_0037__postgres.sql,2ee87b7ca42cadc08a195b1a0cc93fac72134f2595b4629493903ec88172c929,118
runs/user/direct_llm_repair_1_track_a_120_canonical_v0__postgres/candidate_sql,LONGTAIL_0011__postgres.sql,4c8191a3fdc40b29771b567a12b0272ba9663686f66f31efdd9d5517b7e826ef,694
runs/user/direct_llm_repair_1_track_a_120_canonical_v0__postgres/candidate_sql,LONGTAIL_0012__postgres.sql,5afffe6dfd8a4cfbc2779fc4e6c1fcfa301d880623fe16109dac074a33ae84ec,994
runs/user/direct_llm_repair_1_track_a_120_canonical_v0__postgres/candidate_sql,LONGTAIL_0013__postgres.sql,c3a35e039f9acdf2c95d37edd31337fb2c264c80d9c2791585f39f0d8e30a3ef,1815
runs/user/direct_llm_repair_1_track_a_120_canonical_v0__postgres/candidate_sql,LONGTAIL_0022__postgres.sql,ead7d4520f06b83baf7d798e6d7a83d6d71144387186ee1460bc826dda753e25,499
runs/user/direct_llm_repair_1_track_a_120_canonical_v0__postgres/candidate_sql,LONGTAIL_0023__postgres.sql,37390661dea1d74cdccb101cb73657101ca1e09ff04d10344ce89add626f6561,710
runs/user/direct_llm_repair_1_track_a_120_canonical_v0__postgres/candidate_sql,LONGTAIL_0024__postgres.sql,ef04729d456218f5c0aedd760b094a79ea102ebf263db807be1502bb0b938a28,615
runs/user/direct_llm_repair_1_track_a_120_canonical_v0__postgres/candidate_sql,PERF_0006__postgres.sql,f3707ac2438756792cca9bd5badd445f24001ec2b173525135fbda00d7cccab8,483
runs/user/direct_llm_repair_1_track_a_120_canonical_v0__postgres/candidate_sql,PERF_0007__postgres.sql,496311d167baab15b2536c6d9f5bced520316fbc5faa61359229374f72bbacd7,213
runs/user/direct_llm_repair_1_track_a_120_canonical_v0__postgres/candidate_sql,PERF_0008__postgres.sql,50ff36cc8b89b311a982436ff558857655e639e792f1bcfde3bde4d20f21ddd4,475
runs/user/direct_llm_repair_1_track_a_120_canonical_v0__postgres/candidate_sql,PERF_0013__postgres.sql,1346004a9e46de8d3c085089af69cc27d3b2b569348b168c2e62ed0d3e471ccf,555
runs/user/direct_llm_repair_1_track_a_120_canonical_v0__postgres/candidate_sql,PERF_0017__postgres.sql,68319e32cadb05e42db927a61fe894faf93c3a1b2f1ce59d1660144e5e0acb7e,635
runs/user/direct_llm_repair_1_track_a_120_canonical_v0__postgres/candidate_sql,PERF_0019__postgres.sql,ee70629949eb2422ec3e80512baaec5f230b584fe7eca493d169f4b0163b7202,471
runs/user/direct_llm_repair_1_track_a_120_canonical_v0__postgres/candidate_sql,PERF_0024__postgres.sql,f12e03b5308c742562172dd260e70bfe5f3cd7f990ca5397c86f6391752b94bb,735
runs/user/direct_llm_repair_1_track_a_120_canonical_v0__postgres/candidate_sql,PERF_0033__postgres.sql,8aa5939e370760e704df5372ab0eb42c9cf4ba9285774f0ad287e7fe9ddef9ab,373
runs/user/direct_llm_repair_1_track_a_120_canonical_v0__postgres/candidate_sql,PERF_0034__postgres.sql,f0911f39f7de828e51a9594dfe4e41e6ba94a146e818323650f0099c5d192295,1475
runs/user/direct_llm_repair_1_track_a_120_canonical_v0__postgres/candidate_sql,PERF_0035__postgres.sql,0fab0edb68963d077373536d65ea4e2eaa4c653a944408d2170d9802f4a4551c,1393
runs/user/direct_llm_repair_1_track_a_120_canonical_v0__postgres/candidate_sql,PERF_0052__postgres.sql,e323e3335d05eb8259b917f55fe9abbf29ba54daa1cfd7e4225439311a042bb8,832
runs/user/direct_llm_repair_1_track_a_120_canonical_v0__postgres/candidate_sql,PERF_0054__postgres.sql,ac66da96fa10bf7cb7148513289e3b6eab69afbf95736c02670e6739441a1d47,398
runs/user/direct_llm_repair_1_track_a_120_canonical_v0__postgres/candidate_sql,PERF_0056__postgres.sql,c2092ba5c2e14a75d047fb16419e3da23261900ef935a0f724f93158e961b437,675
runs/user/direct_llm_repair_1_track_a_120_canonical_v0__postgres/candidate_sql,PERF_0062__postgres.sql,d26d9da881243025aa7d1d8334314b37a2daa90cc40c510f5a7371a804eb78fb,1388
runs/user/direct_llm_repair_1_track_a_120_canonical_v0__postgres/candidate_sql,PERF_0077__postgres.sql,5ea53e95b355aab74648463fd4ebf68142b9cd734f333ebd10ce5864c9141f51,389
runs/user/direct_llm_repair_1_track_a_120_canonical_v0__postgres/candidate_sql,PERF_0082__postgres.sql,388a4f1a0a1883f7362c80dc268f4ccf1165a89bb94b5983c96c7ee1ce55642f,539
runs/user/direct_llm_repair_1_track_a_120_canonical_v0__postgres/candidate_sql,PORT_0003__postgres.sql,bf1b3e83ee8229e7c576f3e7e556bd7716adb07b07d3bbd5c6e1e2ea181ce529,85
runs/user/direct_llm_repair_1_track_a_120_canonical_v0__postgres/candidate_sql,PORT_0004__postgres.sql,633198dd85666fc8b78ac7a3301c7f38d3525148edbbe73f57cba7b5fc2920fe,189
runs/user/direct_llm_repair_1_track_a_120_canonical_v0__postgres/candidate_sql,PORT_0005__postgres.sql,b2f6f3a2ef37b2508ba463cf6ab8539053276ba122548a54b83526386fc681f3,100
runs/user/direct_llm_repair_1_track_a_120_canonical_v0__postgres/candidate_sql,PORT_0008__postgres.sql,b7db8c57af58c51008ee7c530c90b4bc9643ac07141aff7b4aeb82329256f94c,302
runs/user/direct_llm_repair_1_track_a_120_canonical_v0__postgres/candidate_sql,PORT_0012__postgres.sql,6b061c8d6cd070326c882ef2061bbc19906bed0f3983ab36909beef47d6afec8,179
runs/user/direct_llm_repair_1_track_a_120_canonical_v0__postgres/candidate_sql,PORT_0013__postgres.sql,e69593356765a4b4c6f15253b5b01ea98a2bccb64b23db0f159b451a7327dab8,211
runs/user/direct_llm_repair_1_track_a_120_canonical_v0__postgres/candidate_sql,PORT_0022__postgres.sql,0ccd74b36a1e9924d5b832b0b0480f22ef96c34e07b2fcf2a663ae9477552c01,200
runs/user/direct_llm_repair_1_track_a_120_canonical_v0__postgres/candidate_sql,PORT_0024__postgres.sql,a79cbea37308874bd9b6368c5d2378d5c3f0962081340e1f378cc38e3c16eb55,136
runs/user/direct_llm_repair_1_track_a_120_canonical_v0__postgres/candidate_sql,PORT_0025__postgres.sql,e43897f44ca2a310309e611d0d99040652aea8d76a64474e544609305978abaa,201
runs/user/direct_llm_repair_1_track_a_120_canonical_v0__spark/candidate_sql,CONS_0005__spark.sql,5b35e99cd894f3ede08dbb29ded448640c057fc1ee3e112dc61f815108e0d6c2,125
runs/user/direct_llm_repair_1_track_a_120_canonical_v0__spark/candidate_sql,CONS_0007__spark.sql,27f8aaafa58f6ba082b3d904c469479d8c8a0d6e544f74a1ee76cc07456bb1c1,143
runs/user/direct_llm_repair_1_track_a_120_canonical_v0__spark/candidate_sql,CONS_0009__spark.sql,5823c5d0fe149007ba73e1fe607f4b4b68be1852ccd37abe6534188f9e090ba6,188
runs/user/direct_llm_repair_1_track_a_120_canonical_v0__spark/candidate_sql,CONS_0010__spark.sql,9b5fc123a92f9dc40c7f3d55138fab98d11b5d098eff3ba140930ca9081d503a,168
runs/user/direct_llm_repair_1_track_a_120_canonical_v0__spark/candidate_sql,CONS_0011__spark.sql,3f461dd446146583d385abc3f138c235745ed5f4bfef18a64e61eb2159362753,162
runs/user/direct_llm_repair_1_track_a_120_canonical_v0__spark/candidate_sql,CONS_0012__spark.sql,6ac76280e1bf9058e6ff9ea83000c2d2f6e9d77c79a1baea28faddc66c257550,95
runs/user/direct_llm_repair_1_track_a_120_canonical_v0__spark/candidate_sql,CONS_0024__spark.sql,6d6bb29a169d5dfb66b14177e0a837192bdf851ff04307be42bf0c76bb20a3c6,195
runs/user/direct_llm_repair_1_track_a_120_canonical_v0__spark/candidate_sql,CONS_0036__spark.sql,b29e56e488c8a7384628c81890354dff7065933007cbd4b83d089052f0b26045,83
runs/user/direct_llm_repair_1_track_a_120_canonical_v0__spark/candidate_sql,CONS_0037__spark.sql,32c78a961d1b2a8f0fb8b5be1debe9eac0aaf4e102bc3c203d25377410d62826,118
runs/user/direct_llm_repair_1_track_a_120_canonical_v0__spark/candidate_sql,LONGTAIL_0011__spark.sql,4c8191a3fdc40b29771b567a12b0272ba9663686f66f31efdd9d5517b7e826ef,694
runs/user/direct_llm_repair_1_track_a_120_canonical_v0__spark/candidate_sql,LONGTAIL_0012__spark.sql,c28004ca0471f56077e5da8753ac228b40acf19d0136efc69ccdb5c675526660,1263
runs/user/direct_llm_repair_1_track_a_120_canonical_v0__spark/candidate_sql,LONGTAIL_0013__spark.sql,990bedbea1363110b7943844419335c329184c90e9b648e4eeb5b05593f579a6,1858
runs/user/direct_llm_repair_1_track_a_120_canonical_v0__spark/candidate_sql,LONGTAIL_0022__spark.sql,58894a9e5138122779769567303245db31e8f28eba209050a4b910fa5cd902e5,497
runs/user/direct_llm_repair_1_track_a_120_canonical_v0__spark/candidate_sql,LONGTAIL_0023__spark.sql,afca09e1d710f90f347c1a42b3da6a1407705f706174db3b478de7a2f1f37815,644
runs/user/direct_llm_repair_1_track_a_120_canonical_v0__spark/candidate_sql,LONGTAIL_0024__spark.sql,aa1c080adce555be646e5cc80da9ee58e02a4bcb398dc6d5756d908dfa09671a,591
runs/user/direct_llm_repair_1_track_a_120_canonical_v0__spark/candidate_sql,PERF_0006__spark.sql,b7b3ab07efd60755f8d6dac2d299a2e38f1eee1cfbdfc88d85acd7be07a0dbd2,492
runs/user/direct_llm_repair_1_track_a_120_canonical_v0__spark/candidate_sql,PERF_0007__spark.sql,dbd1810b1477d1613239849dea3c53ef4aa637423c929a6a9ba101778a7a5a82,232
runs/user/direct_llm_repair_1_track_a_120_canonical_v0__spark/candidate_sql,PERF_0008__spark.sql,b8d1397ce8d9e1914497a213501cbf04115e4d969ecac7862c6afc7a45b75ecc,453
runs/user/direct_llm_repair_1_track_a_120_canonical_v0__spark/candidate_sql,PERF_0013__spark.sql,e90d2104d1fc5b0b8ab091019c1b9ce94ceb13e52494db54dd9c07a9beea334d,535
runs/user/direct_llm_repair_1_track_a_120_canonical_v0__spark/candidate_sql,PERF_0017__spark.sql,4070b9e3f7207607c282a7842cf0b55735281df54791d9e6ef50ee9642ea75ce,616
runs/user/direct_llm_repair_1_track_a_120_canonical_v0__spark/candidate_sql,PERF_0019__spark.sql,9661ea626028d04dfa25710b5a1373fb9dfb2d458b16ffeeec0c8c42507f03ea,353
runs/user/direct_llm_repair_1_track_a_120_canonical_v0__spark/candidate_sql,PERF_0024__spark.sql,f9b370af61a5dec1e941a61c68a3178bb430083ebf5b3779e1bb0adba2ddb961,705
runs/user/direct_llm_repair_1_track_a_120_canonical_v0__spark/candidate_sql,PERF_0033__spark.sql,74ea710ebaf45481ab9f67eadc8faeee3b4066b7ab332815c7c27dedbbea8ef4,377
runs/user/direct_llm_repair_1_track_a_120_canonical_v0__spark/candidate_sql,PERF_0034__spark.sql,c56cf8354fb4f0eeb25af45008969f917baebaa3d19036497c0ad4966d363e5c,1347
runs/user/direct_llm_repair_1_track_a_120_canonical_v0__spark/candidate_sql,PERF_0035__spark.sql,5bd273892a6d907d803b45ef38cd458881c951356ceefa1827980caa21dd0ace,1612
runs/user/direct_llm_repair_1_track_a_120_canonical_v0__spark/candidate_sql,PERF_0052__spark.sql,fb6da1845b8d47485d3061bc86f4cb156f6d62a1c6e4c12a8a87931440b7a42a,731
runs/user/direct_llm_repair_1_track_a_120_canonical_v0__spark/candidate_sql,PERF_0054__spark.sql,98543efc209674cbbcd5a782293fa5c369d102b014fb03829e4e6af88bcc7bfc,377
runs/user/direct_llm_repair_1_track_a_120_canonical_v0__spark/candidate_sql,PERF_0056__spark.sql,78e56e2ee0fbacbec96cde8d6e1b336becfbd9df5afb267a7883871357df9e71,675
runs/user/direct_llm_repair_1_track_a_120_canonical_v0__spark/candidate_sql,PERF_0062__spark.sql,0b8610a811f21052c769abe53b0543673c6acdbdc9971baa3988e9adb8bb764c,1301
runs/user/direct_llm_repair_1_track_a_120_canonical_v0__spark/candidate_sql,PERF_0077__spark.sql,81e152c0e220b353077b9d3e57675d22b888dd23dd2aeedcbf9d7e8ba2c87fdf,377
runs/user/direct_llm_repair_1_track_a_120_canonical_v0__spark/candidate_sql,PERF_0082__spark.sql,2a47360804ae07091426452cf907003153a0793809e77e16cf6b54c3054f567d,524
runs/user/direct_llm_repair_1_track_a_120_canonical_v0__spark/candidate_sql,PORT_0003__spark.sql,1ca7d8956b6648595031cc7157d28427b8520646f87766425c45d099d5096a63,85
runs/user/direct_llm_repair_1_track_a_120_canonical_v0__spark/candidate_sql,PORT_0004__spark.sql,8dd31d4348991e4bc11763e2f4963aae9d20f08914d94557b62d1ca05ade0dd0,193
runs/user/direct_llm_repair_1_track_a_120_canonical_v0__spark/candidate_sql,PORT_0005__spark.sql,3c4db6838fa0d774ccebd6fe9fccab06558d6b1c0c6cbb755a606f7b7d4e8971,100
runs/user/direct_llm_repair_1_track_a_120_canonical_v0__spark/candidate_sql,PORT_0008__spark.sql,53c46f14a187a55aa537babc1ed47be340f967eb8f187513edae650a6b483a9c,325
runs/user/direct_llm_repair_1_track_a_120_canonical_v0__spark/candidate_sql,PORT_0012__spark.sql,8ed357eddfa68964d582315ace84ed39f31bbf389343daa62c15646e2289fd55,203
runs/user/direct_llm_repair_1_track_a_120_canonical_v0__spark/candidate_sql,PORT_0013__spark.sql,eaf27d18c2b29408151927dcf582d6c1e57ccf4997f6e2a8f77be18734ee5993,201
runs/user/direct_llm_repair_1_track_a_120_canonical_v0__spark/candidate_sql,PORT_0022__spark.sql,aaaff6a11361d13eba134d9e6eb5e41d9dce09dae0b5e14941b9d1eaef2aebb7,206
runs/user/direct_llm_repair_1_track_a_120_canonical_v0__spark/candidate_sql,PORT_0024__spark.sql,86468ef4a9d19da66eac5645da37a8e505a533859d333686ce89bdd0e22e88cd,126
runs/user/direct_llm_repair_1_track_a_120_canonical_v0__spark/candidate_sql,PORT_0025__spark.sql,d2d574642d8a3f50fba7ad97763471f768c1eb124997a296f9170ea482e35f06,188
runs/user/learnedrewrite_fake_runtime_user_facade_smoke_v0/candidate_sql,CONS_0036__postgres.sql,f71239670681bed98da4045befc8a9a5ecd08f09804b9df5f807af0be9077449,43
runs/user/learnedrewrite_fake_runtime_user_facade_smoke_v0/candidate_sql,PERF_0006__postgres.sql,f71239670681bed98da4045befc8a9a5ecd08f09804b9df5f807af0be9077449,43
runs/user/learnedrewrite_pg40_manual_inspection_rerun_v0/candidate_sql,CONS_0005__postgres.sql,6b25ee994c016988d5bbc2d5d451bb5239453936b2d10ff484875387b6406aa5,227
runs/user/learnedrewrite_pg40_manual_inspection_rerun_v0/candidate_sql,CONS_0007__postgres.sql,32d64cf417ac640948898193afd706bf55b2a3e595305a9fbb086c7aee01ea9f,476
runs/user/learnedrewrite_pg40_manual_inspection_rerun_v0/candidate_sql,CONS_0010__postgres.sql,71f2f27a041169e15a71e8257c35d14ceae5915dce2bdf17976b23c740de7ea3,559
runs/user/learnedrewrite_pg40_manual_inspection_rerun_v0/candidate_sql,CONS_0011__postgres.sql,84e36266ad6b16f3d8a914883894e4e7fcd4f4e02ecc3a0f8118c651780694b8,264
runs/user/learnedrewrite_pg40_manual_inspection_rerun_v0/candidate_sql,CONS_0036__postgres.sql,b39c6adda4bd86d016a7981088d38f9a68bdef7e9c3561f8a8ff5c04f1504e80,84
runs/user/learnedrewrite_pg40_manual_inspection_rerun_v0/candidate_sql,CONS_0037__postgres.sql,32c78a961d1b2a8f0fb8b5be1debe9eac0aaf4e102bc3c203d25377410d62826,118
runs/user/learnedrewrite_pg40_manual_inspection_rerun_v0/candidate_sql,LONGTAIL_0011__postgres.sql,afacc54d56c14ec52387f0725635e02a9046d549295d020c20b6712044bd69fe,1131
runs/user/learnedrewrite_pg40_manual_inspection_rerun_v0/candidate_sql,LONGTAIL_0012__postgres.sql,8c1ceb666e523dc3ac82d7878a27368f802cc99617c28c8a0e8db966cc679a68,1263
runs/user/learnedrewrite_pg40_manual_inspection_rerun_v0/candidate_sql,LONGTAIL_0013__postgres.sql,9845d6bd7b590d0ad9a50571eca5b88d78af2cb77276026ecb6a4c69abc39c9b,3306
runs/user/learnedrewrite_pg40_manual_inspection_rerun_v0/candidate_sql,LONGTAIL_0022__postgres.sql,359355565b4b716d0ea930ecf69fd0689bde63e439ce76d1c79e24670a1899aa,552
runs/user/learnedrewrite_pg40_manual_inspection_rerun_v0/candidate_sql,LONGTAIL_0023__postgres.sql,b062467348456a038608b05254ec2b72d93b4cb8bd0c387552655549f57caf37,1270
runs/user/learnedrewrite_pg40_manual_inspection_rerun_v0/candidate_sql,LONGTAIL_0024__postgres.sql,9f9e964b7da691ae5e5367c65f7abcc49f2cea5fa359e9fc367ef8d7ad343936,611
runs/user/learnedrewrite_pg40_manual_inspection_rerun_v0/candidate_sql,PERF_0006__postgres.sql,cbeb74b69237ff7fce4ae691b939baae240520d48575adda087e1256536e829b,472
runs/user/learnedrewrite_pg40_manual_inspection_rerun_v0/candidate_sql,PERF_0007__postgres.sql,54a53bb68a2dc2df5de80e7ca9b228ca084f7204975988865640d8080f01eda5,231
runs/user/learnedrewrite_pg40_manual_inspection_rerun_v0/candidate_sql,PERF_0008__postgres.sql,a1dd1214b01de1ac2d24a91bcc57164b0903bd086c818aad69092c03f0e97849,691
runs/user/learnedrewrite_pg40_manual_inspection_rerun_v0/candidate_sql,PERF_0013__postgres.sql,b8371ff86f68a3fe0c07dbbdb346966764af6f3bc24ff19a135d2f18395ef182,914
runs/user/learnedrewrite_pg40_manual_inspection_rerun_v0/candidate_sql,PERF_0017__postgres.sql,61a73deac973b6019a83222e77baca302c90cd792c124287fa4e1a4998f02151,926
runs/user/learnedrewrite_pg40_manual_inspection_rerun_v0/candidate_sql,PERF_0019__postgres.sql,bfecbc9006f7af09fa66421eaf7a9092ad4d88f9105dcd11d16227d8abfb0dd7,404
runs/user/learnedrewrite_pg40_manual_inspection_rerun_v0/candidate_sql,PERF_0024__postgres.sql,be5b9aaed106af3e2eeecf5cb97307b1d203357361687b19f7c553de2ba66437,909
runs/user/learnedrewrite_pg40_manual_inspection_rerun_v0/candidate_sql,PERF_0033__postgres.sql,9f08723108bc1f9bde5ab839d1f013b7f0b76321cac963746f6cbbd521fa135d,933
runs/user/learnedrewrite_pg40_manual_inspection_rerun_v0/candidate_sql,PERF_0034__postgres.sql,b86d4861020d6a261ec07fa8fac3998cd5cab2a1cd338a88ece716f5af828123,4618
runs/user/learnedrewrite_pg40_manual_inspection_rerun_v0/candidate_sql,PERF_0052__postgres.sql,aac7af85f6dcc79ebde111500f9b09d4e94d9e7288a95a084f07eeeb196fb497,1399
runs/user/learnedrewrite_pg40_manual_inspection_rerun_v0/candidate_sql,PERF_0054__postgres.sql,2c35a67e6b7042a08e9e2e32f012ed55ef52ffd91a18db3b2a5a483b3c951665,1130
runs/user/learnedrewrite_pg40_manual_inspection_rerun_v0/candidate_sql,PERF_0056__postgres.sql,199387bed01a710e9cfaa33bb214bb3f3b9e28db4cb2565343e51d55258b1b8c,1021
runs/user/learnedrewrite_pg40_manual_inspection_rerun_v0/candidate_sql,PERF_0062__postgres.sql,16ab6ffdd00ccb6392f8172671672c36a89762f4e3d35d60f691aaa995a07e9a,2709
runs/user/learnedrewrite_pg40_manual_inspection_rerun_v0/candidate_sql,PERF_0077__postgres.sql,9071513e204fa71b8209f1ebfe5af09d23602257c76c7c137465113a20a291bb,806
runs/user/learnedrewrite_pg40_manual_inspection_rerun_v0/candidate_sql,PERF_0082__postgres.sql,7c7878647a09074755dc29d4a0ee48fb65aaea3ed9dcbe82c728f8a20a636307,1140
runs/user/learnedrewrite_pg40_manual_inspection_rerun_v0/candidate_sql,PORT_0003__postgres.sql,aee2cc2b2425332415a41c09032762c15dcafb531fe6de9fb7bd888aff7eae6c,87
runs/user/learnedrewrite_pg40_manual_inspection_rerun_v0/candidate_sql,PORT_0005__postgres.sql,1e54b4b765859d4e15815a0aa46c12dee6336aaa29aa8c008d1c7b28457b8231,100
runs/user/llm_r2_gpt54_pg40_manual_inspection_rerun_v0/candidate_sql,CONS_0005__postgres.sql,c9848dfcaae2f42f3390adb3f42591c45efad869b2f76539543a14ff56da2b37,238
runs/user/llm_r2_gpt54_pg40_manual_inspection_rerun_v0/candidate_sql,CONS_0007__postgres.sql,27f8aaafa58f6ba082b3d904c469479d8c8a0d6e544f74a1ee76cc07456bb1c1,143
runs/user/llm_r2_gpt54_pg40_manual_inspection_rerun_v0/candidate_sql,CONS_0009__postgres.sql,85e588ca167595c83fdeeb1813edafb170e8da93ea0d3f716bc2bd4a0d7f37cd,434
runs/user/llm_r2_gpt54_pg40_manual_inspection_rerun_v0/candidate_sql,CONS_0010__postgres.sql,0219bb90c61051a9cbc25a9053333619de736c988b0a2d2326e0c2f252907cc0,167
runs/user/llm_r2_gpt54_pg40_manual_inspection_rerun_v0/candidate_sql,CONS_0011__postgres.sql,562463408416e4f1188b8b571cb7e1b28150f5796a339531c05a0f3991e55146,179
runs/user/llm_r2_gpt54_pg40_manual_inspection_rerun_v0/candidate_sql,CONS_0012__postgres.sql,df438410b7ba2f140c9e6c19497188e3ff522bd680efb49cc5ff5b5c12e4539b,136
runs/user/llm_r2_gpt54_pg40_manual_inspection_rerun_v0/candidate_sql,CONS_0024__postgres.sql,e8725ad9abdc9b030171f135b67343c732875aef22a2cdaf04dc4dbbf5ee54c8,207
runs/user/llm_r2_gpt54_pg40_manual_inspection_rerun_v0/candidate_sql,CONS_0036__postgres.sql,b29e56e488c8a7384628c81890354dff7065933007cbd4b83d089052f0b26045,83
runs/user/llm_r2_gpt54_pg40_manual_inspection_rerun_v0/candidate_sql,CONS_0037__postgres.sql,224d7cd9ff0b36b54786911fe445f6c600fa615f1cf7dbd08798e24234ffa7a3,146
runs/user/llm_r2_gpt54_pg40_manual_inspection_rerun_v0/candidate_sql,LONGTAIL_0011__postgres.sql,c34428c56ad37757abe16ad65aac05936274545797347166c9ffc61a4792223d,684
runs/user/llm_r2_gpt54_pg40_manual_inspection_rerun_v0/candidate_sql,LONGTAIL_0012__postgres.sql,e3760d2348e2b02048d19d5b7fb3abfa1dbedef116d7544c842b6f2c24619fd0,1015
runs/user/llm_r2_gpt54_pg40_manual_inspection_rerun_v0/candidate_sql,LONGTAIL_0013__postgres.sql,c862f7e6c2093611fb6585d31065b9915d5b87ae9f8bb1834baf9770793a48a3,1727
runs/user/llm_r2_gpt54_pg40_manual_inspection_rerun_v0/candidate_sql,LONGTAIL_0022__postgres.sql,42262be0758279e229c8dd591b214f9dca3f9409af8dba6d76abdce4a70e4dae,573
runs/user/llm_r2_gpt54_pg40_manual_inspection_rerun_v0/candidate_sql,LONGTAIL_0023__postgres.sql,69acbf2704445220b81ce2058562d8bf1c8317ae3a18526e4f44c30e1c918338,961
runs/user/llm_r2_gpt54_pg40_manual_inspection_rerun_v0/candidate_sql,LONGTAIL_0024__postgres.sql,ef04729d456218f5c0aedd760b094a79ea102ebf263db807be1502bb0b938a28,615
runs/user/llm_r2_gpt54_pg40_manual_inspection_rerun_v0/candidate_sql,PERF_0006__postgres.sql,1835bce691400af514e0e41f0449ea1b202724521b3e6283edfaad7a95be4e6c,723
runs/user/llm_r2_gpt54_pg40_manual_inspection_rerun_v0/candidate_sql,PERF_0007__postgres.sql,d04c1c9f8c36f46bea0a79980536cbc4132416dc0a5d1aa67e0227532aa8125a,234
runs/user/llm_r2_gpt54_pg40_manual_inspection_rerun_v0/candidate_sql,PERF_0008__postgres.sql,99035993330a99fe22631068c12970a73c23c90cfb02453102c643d092090b9e,581
runs/user/llm_r2_gpt54_pg40_manual_inspection_rerun_v0/candidate_sql,PERF_0013__postgres.sql,c2b84ce250906249bcd32b9cea7c315a3ab14401fde5f5d46f902e04b8ade828,707
runs/user/llm_r2_gpt54_pg40_manual_inspection_rerun_v0/candidate_sql,PERF_0017__postgres.sql,9072de0a6141d9b8acf02fc633730115fbd274cbec02c63740e40799ea6141e7,825
runs/user/llm_r2_gpt54_pg40_manual_inspection_rerun_v0/candidate_sql,PERF_0019__postgres.sql,195c0b979b67c35704ff5e8aa2f216696ef976ca7775e87fedcf53e5a28ee378,364
runs/user/llm_r2_gpt54_pg40_manual_inspection_rerun_v0/candidate_sql,PERF_0024__postgres.sql,942c9dfe009ef7e0a1c92334fc7512d813810addea8e11d54abad7d34384238a,892
runs/user/llm_r2_gpt54_pg40_manual_inspection_rerun_v0/candidate_sql,PERF_0033__postgres.sql,f0bd2fb5d8b00834dc32d55a8270243d7193b187e3cfff5be25542d6249dd504,377
runs/user/llm_r2_gpt54_pg40_manual_inspection_rerun_v0/candidate_sql,PERF_0034__postgres.sql,bac26e2d1feaed58c9b67795b2cef8bb430ddb26601f8e766f7f83528aecaed3,1361
runs/user/llm_r2_gpt54_pg40_manual_inspection_rerun_v0/candidate_sql,PERF_0035__postgres.sql,8349808d520de05167854b828a34acf303ee99a7264ac7319f47cc19df2b54f5,1312
runs/user/llm_r2_gpt54_pg40_manual_inspection_rerun_v0/candidate_sql,PERF_0052__postgres.sql,36063b7ec9d17e74e32e7eba5f97f68fcd2194d1bed2bf1c4dc35e63733fca00,810
runs/user/llm_r2_gpt54_pg40_manual_inspection_rerun_v0/candidate_sql,PERF_0054__postgres.sql,6582544793bae2c4ef9a751c918dcbf9e43c2ade948ca6872f8573784c1fa147,377
runs/user/llm_r2_gpt54_pg40_manual_inspection_rerun_v0/candidate_sql,PERF_0056__postgres.sql,ca59970db5fbea1855b4e7674a90742049efd0c2ecd5371a451a147103c75945,722
runs/user/llm_r2_gpt54_pg40_manual_inspection_rerun_v0/candidate_sql,PERF_0062__postgres.sql,8df1a5b2d476a34f275cc67e09689fbaf1889760ee88e568e2f6ceb1a8701e21,1436
runs/user/llm_r2_gpt54_pg40_manual_inspection_rerun_v0/candidate_sql,PERF_0077__postgres.sql,7d1c388c00cb4a8f8d7fefa10180297da81fe05f38155407412f881505f8adc2,358
runs/user/llm_r2_gpt54_pg40_manual_inspection_rerun_v0/candidate_sql,PERF_0082__postgres.sql,388a4f1a0a1883f7362c80dc268f4ccf1165a89bb94b5983c96c7ee1ce55642f,539
runs/user/llm_r2_gpt54_pg40_manual_inspection_rerun_v0/candidate_sql,PORT_0003__postgres.sql,d8b80188b3afbe70ee6773d0a7bef95a087a1ba66c529d9237c2f74e13557613,146
runs/user/llm_r2_gpt54_pg40_manual_inspection_rerun_v0/candidate_sql,PORT_0004__postgres.sql,26d461d9e3fb919425d59e8b2385e04030e3e226b622ed28ff0be709881ddf2e,170
runs/user/llm_r2_gpt54_pg40_manual_inspection_rerun_v0/candidate_sql,PORT_0005__postgres.sql,b2f6f3a2ef37b2508ba463cf6ab8539053276ba122548a54b83526386fc681f3,100
runs/user/llm_r2_gpt54_pg40_manual_inspection_rerun_v0/candidate_sql,PORT_0008__postgres.sql,6fb47caedc65deec38f45374f8d91fc2bd884146e9b16231a49c01031b692529,365
runs/user/llm_r2_gpt54_pg40_manual_inspection_rerun_v0/candidate_sql,PORT_0012__postgres.sql,6a12e47ae7f180beefd33a7cddd045d22bfaddfaa3a5abbfd7f2102f10776b9b,209
runs/user/llm_r2_gpt54_pg40_manual_inspection_rerun_v0/candidate_sql,PORT_0013__postgres.sql,e69593356765a4b4c6f15253b5b01ea98a2bccb64b23db0f159b451a7327dab8,211
runs/user/llm_r2_gpt54_pg40_manual_inspection_rerun_v0/candidate_sql,PORT_0022__postgres.sql,917c33f183470b699c170ef64dc3973e9bb1563abf3bfb06873f8b28002f4899,193
runs/user/llm_r2_gpt54_pg40_manual_inspection_rerun_v0/candidate_sql,PORT_0024__postgres.sql,4a5c5eb5ba378ff5dbb529abc38c45d132c31a178392d649a3ac8e346863090d,128
runs/user/llm_r2_gpt54_pg40_manual_inspection_rerun_v0/candidate_sql,PORT_0025__postgres.sql,bb4c5750623417164b186e8e6f30b417b6a2c042607e64dfc254f7b14fe4a561,238
runs/user/mysql_label_only_diagnostics_patch_check/candidate_sql,PERF_0062__mysql.sql,bd78a1d7f496a356763355c244a4e2f9f10ad7c9c346d8a65c4e07c514b8ec40,1448
runs/user/mysql_label_only_diagnostics_patch_check/candidate_sql,PORT_0004__mysql.sql,4c588aba87c119488b109abe0cd9ed9925138c454b626d38ae575533e7a417df,337
runs/user/mysql_label_only_diagnostics_patch_check/candidate_sql,PORT_0013__mysql.sql,98c956e59551e1f62b5edb49cde0cefbfa93b8c3be27a573fa46580a43d569a3,201
runs/user/mysql_label_only_diagnostics_patch_check/candidate_sql,PORT_0022__mysql.sql,5f5329452b0459003406f63e7c60b5120dc839fa905f5cec64d1af7592a45b7e,227
runs/user/mysql_label_only_diagnostics_patch_check/candidate_sql,PORT_0024__mysql.sql,4d201b063152d76b49fb8fb00c451897d21faabacb7e4b7a4271894529b57d88,134
runs/user/mysql_source_failure_triage/candidate_sql,PORT_0003__mysql.sql,2537261ae47aca73b32159c61d2f914f2812ab79c12b29fa2ca166ad0dd2861f,224
runs/user/mysql_source_failure_triage/candidate_sql,PORT_0005__mysql.sql,cc1a134dcca992ad700f810329a0d797fa2028d23dc6c32c7c53608b72112c6a,237
runs/user/mysql_source_failure_triage/candidate_sql,PORT_0008__mysql.sql,338cf9bd10d592102ca3b7a17fa725dd70b895d55f5a7dd7f59cc623d876aaf2,326
runs/user/mysql_source_failure_triage/candidate_sql,PORT_0012__mysql.sql,6c2f1fc97fccfc98cb0d649e63ef96f1a6fa8c48153a3c5982f0b681a132fdfc,211
runs/user/port_mysql_reverse_preservation_after_numeric_fix/candidate_sql,PORT_0003__mysql.sql,709f76cbb016e2f08a47446bcdc6b346bfa033d487814023a09f8c164a15e391,207
runs/user/port_mysql_reverse_preservation_after_numeric_fix/candidate_sql,PORT_0005__mysql.sql,368b22f7e7935834a1eefe969057f9ab24782fd59ca6d254e445f99fa7bfd495,236
runs/user/port_mysql_reverse_preservation_after_numeric_fix/candidate_sql,PORT_0008__mysql.sql,e77129164e56a6894f190cd21e5bba1c5be7ec0d805ddbf03cb64d5f4e4d6feb,264
runs/user/port_mysql_reverse_preservation_after_numeric_fix/candidate_sql,PORT_0012__mysql.sql,7b38cd11a19f617e9b9f8fd2ac633cc6391f08ffca241830b069f9d76b4dd7fe,171
runs/user/port_mysql_reverse_preservation_after_spark_roles/candidate_sql,PORT_0003__mysql.sql,709f76cbb016e2f08a47446bcdc6b346bfa033d487814023a09f8c164a15e391,207
runs/user/port_mysql_reverse_preservation_after_spark_roles/candidate_sql,PORT_0005__mysql.sql,368b22f7e7935834a1eefe969057f9ab24782fd59ca6d254e445f99fa7bfd495,236
runs/user/port_mysql_reverse_preservation_after_spark_roles/candidate_sql,PORT_0008__mysql.sql,e77129164e56a6894f190cd21e5bba1c5be7ec0d805ddbf03cb64d5f4e4d6feb,264
runs/user/port_mysql_reverse_preservation_after_spark_roles/candidate_sql,PORT_0012__mysql.sql,7b38cd11a19f617e9b9f8fd2ac633cc6391f08ffca241830b069f9d76b4dd7fe,171
runs/user/port_mysql_source_reference_live/candidate_sql,PORT_0004__postgres.sql,8eaee79c200631c489eda66c6aee80fe8b12cb249ba349281302940c7a62151f,335
runs/user/port_mysql_source_reference_live/candidate_sql,PORT_0013__postgres.sql,05e5a1bb489c4913f5153c04b709b4d869738b50dd364e0e113a1f332065e666,206
runs/user/port_mysql_source_reference_live/candidate_sql,PORT_0022__postgres.sql,c2bfad6e238e73027a41a0ef7df09c11324c3d4de6ca631a2cf92049163f967f,235
runs/user/port_mysql_source_reference_live/candidate_sql,PORT_0024__postgres.sql,f3d118fe405944ef044a57ee3cf1834c75a63ffc76cbe15f7640db66726d242f,139
runs/user/port_mysql_source_reference_live/candidate_sql,PORT_0025__postgres.sql,c16914d327c777e614b91cc1196ee05b25b8ee90fb99b3cdbc04002ebb8f6efd,253
runs/user/port_pg_forward_preservation_after_numeric_fix/candidate_sql,PORT_0004__postgres.sql,e7bdc52644b7f8ef9462576e828ca97514ba88763bae5522a1c3af88a7f01442,345
runs/user/port_pg_forward_preservation_after_numeric_fix/candidate_sql,PORT_0013__postgres.sql,ae3492fb48e1b844c0f9493ca5d8d26ce44f9cd0727b3f28c3282b7b1cfa8918,205
runs/user/port_pg_forward_preservation_after_numeric_fix/candidate_sql,PORT_0022__postgres.sql,8d5e4574df4eecb120613e61beb1f485efbec82b61e84311e3e6888173d636d2,187
runs/user/port_pg_forward_preservation_after_numeric_fix/candidate_sql,PORT_0024__postgres.sql,29547e6dfc529eac771cabe7c0da63faa0d65dda933867002b93e6e7bbf5952a,111
runs/user/port_pg_forward_preservation_after_numeric_fix/candidate_sql,PORT_0025__postgres.sql,2690d85ef8513e73cebbb0a3c0aa484a22a0adc77459c4c5fc7e02129d7261b4,215
runs/user/port_pg_forward_preservation_after_spark_roles/candidate_sql,PORT_0004__postgres.sql,e7bdc52644b7f8ef9462576e828ca97514ba88763bae5522a1c3af88a7f01442,345
runs/user/port_pg_forward_preservation_after_spark_roles/candidate_sql,PORT_0013__postgres.sql,ae3492fb48e1b844c0f9493ca5d8d26ce44f9cd0727b3f28c3282b7b1cfa8918,205
runs/user/port_pg_forward_preservation_after_spark_roles/candidate_sql,PORT_0022__postgres.sql,8d5e4574df4eecb120613e61beb1f485efbec82b61e84311e3e6888173d636d2,187
runs/user/port_pg_forward_preservation_after_spark_roles/candidate_sql,PORT_0024__postgres.sql,29547e6dfc529eac771cabe7c0da63faa0d65dda933867002b93e6e7bbf5952a,111
runs/user/port_pg_forward_preservation_after_spark_roles/candidate_sql,PORT_0025__postgres.sql,2690d85ef8513e73cebbb0a3c0aa484a22a0adc77459c4c5fc7e02129d7261b4,215
runs/user/port_pg_target_reference_controlled/candidate_sql,PORT_0004__postgres.sql,e7bdc52644b7f8ef9462576e828ca97514ba88763bae5522a1c3af88a7f01442,345
runs/user/port_pg_target_reference_controlled/candidate_sql,PORT_0013__postgres.sql,ae3492fb48e1b844c0f9493ca5d8d26ce44f9cd0727b3f28c3282b7b1cfa8918,205
runs/user/port_pg_target_reference_controlled/candidate_sql,PORT_0022__postgres.sql,8d5e4574df4eecb120613e61beb1f485efbec82b61e84311e3e6888173d636d2,187
runs/user/port_pg_target_reference_controlled/candidate_sql,PORT_0024__postgres.sql,29547e6dfc529eac771cabe7c0da63faa0d65dda933867002b93e6e7bbf5952a,111
runs/user/port_pg_target_reference_controlled/candidate_sql,PORT_0025__postgres.sql,2690d85ef8513e73cebbb0a3c0aa484a22a0adc77459c4c5fc7e02129d7261b4,215
runs/user/port_pg_target_reference_normalized/candidate_sql,PORT_0004__postgres.sql,e7bdc52644b7f8ef9462576e828ca97514ba88763bae5522a1c3af88a7f01442,345
runs/user/port_pg_target_reference_normalized/candidate_sql,PORT_0013__postgres.sql,ae3492fb48e1b844c0f9493ca5d8d26ce44f9cd0727b3f28c3282b7b1cfa8918,205
runs/user/port_pg_target_reference_normalized/candidate_sql,PORT_0022__postgres.sql,8d5e4574df4eecb120613e61beb1f485efbec82b61e84311e3e6888173d636d2,187
runs/user/port_pg_target_reference_normalized/candidate_sql,PORT_0024__postgres.sql,29547e6dfc529eac771cabe7c0da63faa0d65dda933867002b93e6e7bbf5952a,111
runs/user/port_pg_target_reference_normalized/candidate_sql,PORT_0025__postgres.sql,2690d85ef8513e73cebbb0a3c0aa484a22a0adc77459c4c5fc7e02129d7261b4,215
runs/user/port_spark_target_reference_controlled/candidate_sql,PORT_0003__spark.sql,d7dc1742681be70c7f930e14c6dc26064225b21ac209258c9347de15200eb74c,291
runs/user/port_spark_target_reference_controlled/candidate_sql,PORT_0004__spark.sql,6212df44fe6d01d7d98afa7071f35767b789687899e30fb301843cf8cd14435b,339
runs/user/port_spark_target_reference_controlled/candidate_sql,PORT_0005__spark.sql,4a7c30fe59432c5ca377770494b3e6476f755ee4051f2c57cf222e9e64991e5f,256
runs/user/port_spark_target_reference_controlled/candidate_sql,PORT_0013__spark.sql,51abb1e9876f5283e1c4671789f6e43b80f6824e6b65fb4a3ce8397636a15ec5,195
runs/user/port_spark_target_reference_controlled_after_numeric_fix/candidate_sql,PORT_0003__spark.sql,d7dc1742681be70c7f930e14c6dc26064225b21ac209258c9347de15200eb74c,291
runs/user/port_spark_target_reference_controlled_after_numeric_fix/candidate_sql,PORT_0004__spark.sql,6212df44fe6d01d7d98afa7071f35767b789687899e30fb301843cf8cd14435b,339
runs/user/port_spark_target_reference_controlled_after_numeric_fix/candidate_sql,PORT_0005__spark.sql,4a7c30fe59432c5ca377770494b3e6476f755ee4051f2c57cf222e9e64991e5f,256
runs/user/port_spark_target_reference_controlled_after_numeric_fix/candidate_sql,PORT_0013__spark.sql,51abb1e9876f5283e1c4671789f6e43b80f6824e6b65fb4a3ce8397636a15ec5,195
runs/user/port_spark_unsupported_role_check/candidate_sql,PORT_0008__spark.sql,338cf9bd10d592102ca3b7a17fa725dd70b895d55f5a7dd7f59cc623d876aaf2,326
runs/user/port_spark_unsupported_role_check/candidate_sql,PORT_0012__spark.sql,6c2f1fc97fccfc98cb0d649e63ef96f1a6fa8c48153a3c5982f0b681a132fdfc,211
runs/user/port_spark_unsupported_role_check/candidate_sql,PORT_0022__spark.sql,c2bfad6e238e73027a41a0ef7df09c11324c3d4de6ca631a2cf92049163f967f,235
runs/user/port_spark_unsupported_role_check/candidate_sql,PORT_0024__spark.sql,f3d118fe405944ef044a57ee3cf1834c75a63ffc76cbe15f7640db66726d242f,139
runs/user/port_spark_unsupported_role_check/candidate_sql,PORT_0025__spark.sql,c16914d327c777e614b91cc1196ee05b25b8ee90fb99b3cdbc04002ebb8f6efd,253
runs/user/port_spark_unsupported_role_check_after_numeric_fix/candidate_sql,PORT_0008__spark.sql,338cf9bd10d592102ca3b7a17fa725dd70b895d55f5a7dd7f59cc623d876aaf2,326
runs/user/port_spark_unsupported_role_check_after_numeric_fix/candidate_sql,PORT_0012__spark.sql,6c2f1fc97fccfc98cb0d649e63ef96f1a6fa8c48153a3c5982f0b681a132fdfc,211
runs/user/port_spark_unsupported_role_check_after_numeric_fix/candidate_sql,PORT_0022__spark.sql,c2bfad6e238e73027a41a0ef7df09c11324c3d4de6ca631a2cf92049163f967f,235
runs/user/port_spark_unsupported_role_check_after_numeric_fix/candidate_sql,PORT_0024__spark.sql,f3d118fe405944ef044a57ee3cf1834c75a63ffc76cbe15f7640db66726d242f,139
runs/user/port_spark_unsupported_role_check_after_numeric_fix/candidate_sql,PORT_0025__spark.sql,c16914d327c777e614b91cc1196ee05b25b8ee90fb99b3cdbc04002ebb8f6efd,253
runs/user/postgres_perf_sqlglot_noop_batch_smoke/candidate_sql,PERF_0007__postgres.sql,4e47373f52413aa50af8822b2a8d0763574ea5bdd1ca5e9c1f90bd749d422c75,792
runs/user/postgres_perf_sqlglot_noop_batch_smoke/candidate_sql,PERF_0008__postgres.sql,a8f9159d31704ac622184681461309fb794e9aac074c0d155bfdbb9c4033865c,971
runs/user/postgres_perf_sqlglot_noop_batch_smoke/candidate_sql,PERF_0013__postgres.sql,4d5648724cfa4274cd249cad223576fc184bd0b13ad463fc153a527de642f1ca,1057
runs/user/postgres_perf_sqlglot_noop_batch_smoke/candidate_sql,PERF_0017__postgres.sql,9d3250f1e88a4d74aa2891153a3b3eac27a9ee4f93f0a7990a58b09515afa0af,1079
runs/user/rbot_gpt54_pg40_bounded_diagnostic_rerun_v0/candidate_sql,CONS_0005__postgres.sql,9621e78e3b9af9fdc41360673fb21cd654844fc6567690ea297f2398fd643102,147
runs/user/rbot_gpt54_pg40_bounded_diagnostic_rerun_v0/candidate_sql,CONS_0007__postgres.sql,27f8aaafa58f6ba082b3d904c469479d8c8a0d6e544f74a1ee76cc07456bb1c1,143
runs/user/rbot_gpt54_pg40_bounded_diagnostic_rerun_v0/candidate_sql,CONS_0009__postgres.sql,b3416fcabec4a5a8e80caebdeee983e4a8eb5b51285d92d9cf0dca51f652b0d5,614
runs/user/rbot_gpt54_pg40_bounded_diagnostic_rerun_v0/candidate_sql,CONS_0010__postgres.sql,9b5fc123a92f9dc40c7f3d55138fab98d11b5d098eff3ba140930ca9081d503a,168
runs/user/rbot_gpt54_pg40_bounded_diagnostic_rerun_v0/candidate_sql,CONS_0011__postgres.sql,562463408416e4f1188b8b571cb7e1b28150f5796a339531c05a0f3991e55146,179
runs/user/rbot_gpt54_pg40_bounded_diagnostic_rerun_v0/candidate_sql,CONS_0012__postgres.sql,8c78ee67a8cf66de0462c6500c60ccf1237f5173a489b12a18256c72c98cfeee,112
runs/user/rbot_gpt54_pg40_bounded_diagnostic_rerun_v0/candidate_sql,CONS_0024__postgres.sql,e53c4bdc7e325a64af7edd5bb1f95799c5dec4a8bf2a36c8a9ba329e0f7588c6,250
runs/user/rbot_gpt54_pg40_bounded_diagnostic_rerun_v0/candidate_sql,CONS_0036__postgres.sql,51c610e6015366002686a0fb46d2d0f4d13e2be023f64084ed3d26016f8df02a,83
runs/user/rbot_gpt54_pg40_bounded_diagnostic_rerun_v0/candidate_sql,CONS_0037__postgres.sql,9ee87468462c3b24eb0d632d48b9208d3b87cba73e92931b28525aa7dc6f829f,110
runs/user/rbot_gpt54_pg40_bounded_diagnostic_rerun_v0/candidate_sql,LONGTAIL_0011__postgres.sql,4241c7f5cf3b7cee5f7529f0f92e318cc58af51f9d28b1e5d5dd9bb5b58d53fb,722
runs/user/rbot_gpt54_pg40_bounded_diagnostic_rerun_v0/candidate_sql,LONGTAIL_0012__postgres.sql,31b1f5913015f2b313fd55e24f10b6151260e16258b5007a080058e61449f49f,1009
runs/user/rbot_gpt54_pg40_bounded_diagnostic_rerun_v0/candidate_sql,LONGTAIL_0013__postgres.sql,6ff875284ea89e7e07728d00b38b1ce6b19dc7f0fe0c1fbd2b6ed398e12ad4ba,1311
runs/user/rbot_gpt54_pg40_bounded_diagnostic_rerun_v0/candidate_sql,LONGTAIL_0022__postgres.sql,57d4edc810ed4d2db6d3d093fbb4b1231745f88f387cb36761d30a0bf90c4409,517
runs/user/rbot_gpt54_pg40_bounded_diagnostic_rerun_v0/candidate_sql,LONGTAIL_0023__postgres.sql,0e3f20b25e5e7e29424e8292ab414558966b55f451467e4e2d87fceed063649a,774
runs/user/rbot_gpt54_pg40_bounded_diagnostic_rerun_v0/candidate_sql,LONGTAIL_0024__postgres.sql,ef04729d456218f5c0aedd760b094a79ea102ebf263db807be1502bb0b938a28,615
runs/user/rbot_gpt54_pg40_bounded_diagnostic_rerun_v0/candidate_sql,PERF_0006__postgres.sql,0ebe2423ebf5cd1393a5aa4c375280b8e5c44a94e03c355940a715df6b3f6c1b,705
runs/user/rbot_gpt54_pg40_bounded_diagnostic_rerun_v0/candidate_sql,PERF_0007__postgres.sql,6d9ac28727c57035e4e65188d5d882feef0416d1089429e71d20633cd8252b60,328
runs/user/rbot_gpt54_pg40_bounded_diagnostic_rerun_v0/candidate_sql,PERF_0008__postgres.sql,88c3368641535e183ad8adef846fb6689f43c6d200436cf29def9f038820f51d,763
runs/user/rbot_gpt54_pg40_bounded_diagnostic_rerun_v0/candidate_sql,PERF_0013__postgres.sql,eae3afc19ececa8481b8ddf5681013d8afc125f235c44c17842def036c1d2ead,649
runs/user/rbot_gpt54_pg40_bounded_diagnostic_rerun_v0/candidate_sql,PERF_0017__postgres.sql,9b679d88a0c329fb8f7f660334ec8cbd9bfaa5ef750efc72db3f6c13e0f8f178,829
runs/user/rbot_gpt54_pg40_bounded_diagnostic_rerun_v0/candidate_sql,PERF_0019__postgres.sql,66e3f398e902a71374243617a4b9f419794b25a60ffbb5ca6046376cf2071d43,409
runs/user/rbot_gpt54_pg40_bounded_diagnostic_rerun_v0/candidate_sql,PERF_0024__postgres.sql,927d43c43d3573a67b6209deeaccf57bc9c043ad6f1652e2061c8b897593351d,835
runs/user/rbot_gpt54_pg40_bounded_diagnostic_rerun_v0/candidate_sql,PERF_0033__postgres.sql,2d76756ca9b72217f5c0c93817370236b0acdae89b652db92893768557b1e754,377
runs/user/rbot_gpt54_pg40_bounded_diagnostic_rerun_v0/candidate_sql,PERF_0034__postgres.sql,a39db89dafcda830540c17d5e9ff8becb3e3135c5b72dedc7acc90f09c41aab3,1610
runs/user/rbot_gpt54_pg40_bounded_diagnostic_rerun_v0/candidate_sql,PERF_0035__postgres.sql,4929e6b16123acaeb107b98bfdd2232ab80a76cfbe4c76441e90db886172c379,1604
runs/user/rbot_gpt54_pg40_bounded_diagnostic_rerun_v0/candidate_sql,PERF_0052__postgres.sql,0cb489369917498eb1fae9225d960500d79bf012b9d16956234c53f227eae5b3,862
runs/user/rbot_gpt54_pg40_bounded_diagnostic_rerun_v0/candidate_sql,PERF_0054__postgres.sql,2324488193140a0be480c265726e26571437516329cd461ed48a8ffaa70a9f00,385
runs/user/rbot_gpt54_pg40_bounded_diagnostic_rerun_v0/candidate_sql,PERF_0056__postgres.sql,ae9d56a8d5a0009b9e71805323637106ec25c519b85dfe5cce2932a08ec3ef88,731
runs/user/rbot_gpt54_pg40_bounded_diagnostic_rerun_v0/candidate_sql,PERF_0062__postgres.sql,44c5aa435fb46ccbef0d740aa264197246193d9d794082fe39547285794944b5,2933
runs/user/rbot_gpt54_pg40_bounded_diagnostic_rerun_v0/candidate_sql,PERF_0077__postgres.sql,c74efde7de0de1bcbc6593a2424c29788e7c88c78c684bccbd11382cf8d3d101,515
runs/user/rbot_gpt54_pg40_bounded_diagnostic_rerun_v0/candidate_sql,PERF_0082__postgres.sql,a37033560c4976139a5248aeca0eebdf9f644f46748f6eb929fe624a614215d5,588
runs/user/rbot_gpt54_pg40_bounded_diagnostic_rerun_v0/candidate_sql,PORT_0003__postgres.sql,cc186f542d0d560be03a5c8fdc7ec6bdd5d362c651f793ac50d38e6fa1995078,248
runs/user/rbot_gpt54_pg40_bounded_diagnostic_rerun_v0/candidate_sql,PORT_0004__postgres.sql,633198dd85666fc8b78ac7a3301c7f38d3525148edbbe73f57cba7b5fc2920fe,189
runs/user/rbot_gpt54_pg40_bounded_diagnostic_rerun_v0/candidate_sql,PORT_0005__postgres.sql,b2f6f3a2ef37b2508ba463cf6ab8539053276ba122548a54b83526386fc681f3,100
runs/user/rbot_gpt54_pg40_bounded_diagnostic_rerun_v0/candidate_sql,PORT_0008__postgres.sql,180ee259239b5f2a8d6fa58a8ac036b9b3118f2d42316a3fd988fae70226e035,340
runs/user/rbot_gpt54_pg40_bounded_diagnostic_rerun_v0/candidate_sql,PORT_0012__postgres.sql,6a12e47ae7f180beefd33a7cddd045d22bfaddfaa3a5abbfd7f2102f10776b9b,209
runs/user/rbot_gpt54_pg40_bounded_diagnostic_rerun_v0/candidate_sql,PORT_0013__postgres.sql,492656a249976e1a50deb15108957a57819451a262c37e5bb039e99222ad534c,196
runs/user/rbot_gpt54_pg40_bounded_diagnostic_rerun_v0/candidate_sql,PORT_0022__postgres.sql,00413a9615e58b2f28b7625582772a183e26003e8e3ff0f0164f8dc81304c9ac,189
runs/user/rbot_gpt54_pg40_bounded_diagnostic_rerun_v0/candidate_sql,PORT_0024__postgres.sql,a79cbea37308874bd9b6368c5d2378d5c3f0962081340e1f378cc38e3c16eb55,136
runs/user/rbot_gpt54_pg40_bounded_diagnostic_rerun_v0/candidate_sql,PORT_0025__postgres.sql,a3bee8a2a469776ca35af724cbf4c3a5cfd2fc5a70b002abc704d3d9c1b17e5a,197
runs/user/smoke_dummy_adapter/candidate_sql,CONS_0005__postgres.sql,7fb55d0e5e79d59f62e4eefa8782ae34ec9e5fc7d5d83d74f6c8537aaec060cf,104
runs/user/smoke_dummy_adapter/candidate_sql,PERF_0006__postgres.sql,250256397b1969ed1f7080c201b9440b0c917720508edf89497dab51e841562b,1071
runs/user/smoke_user_entry_hardening_adapter/candidate_sql,PERF_0006__postgres.sql,e3745a482938a81b4e74c4ae903aef2bb3cad5ab5db30c2d424a6ec592fa5041,96
runs/user/smoke_user_entry_hardening_adapter/candidate_sql,PERF_0007__postgres.sql,4aa200d9ee5dbd9010d533ed4cec4dbbbc995a127e4755194a3335ae34e4788d,96
runs/user/smoke_user_entry_mvp/candidate_sql,PERF_0006__postgres.sql,e3745a482938a81b4e74c4ae903aef2bb3cad5ab5db30c2d424a6ec592fa5041,96
runs/user/smoke_user_entry_mvp/candidate_sql,PERF_0007__postgres.sql,4aa200d9ee5dbd9010d533ed4cec4dbbbc995a127e4755194a3335ae34e4788d,96
runs/user/smoke_user_entry_packaging_adapter/candidate_sql,PERF_0006__postgres.sql,e3745a482938a81b4e74c4ae903aef2bb3cad5ab5db30c2d424a6ec592fa5041,96
runs/user/smoke_user_entry_packaging_adapter/candidate_sql,PERF_0007__postgres.sql,4aa200d9ee5dbd9010d533ed4cec4dbbbc995a127e4755194a3335ae34e4788d,96
runs/user/spark_live_smoke/candidate_sql,CONS_0005__spark.sql,7fb55d0e5e79d59f62e4eefa8782ae34ec9e5fc7d5d83d74f6c8537aaec060cf,104
runs/user/spark_live_smoke/candidate_sql,PERF_0006__spark.sql,250256397b1969ed1f7080c201b9440b0c917720508edf89497dab51e841562b,1071
runs/user/spark_sqlglot_noop_statement_boundary_after_patch/candidate_sql,PERF_0008__spark.sql,2c0bddbe7aacfde4d55b5eebf49c6d0d19c99af2aecd6ba04acc524bceee1f93,991
runs/user/spark_sqlglot_noop_statement_boundary_after_patch/candidate_sql,PERF_0013__spark.sql,c39ba34ea5f0bdcd1155269cfff265a0f6366d884b58736701b84478b5f40124,1107
runs/user/spark_sqlglot_noop_statement_boundary_after_patch/candidate_sql,PERF_0017__spark.sql,58b90e89c92e474184adf28fa25a2b5ac93b4b44325506819cf46d02d37be732,1109
runs/user/spark_sqlglot_noop_statement_boundary_after_patch/candidate_sql,PERF_0019__spark.sql,1d467b2e301f3ddf71adc127d2e957d3a7a099e3f17712d5a44da717009758a3,886
runs/user/spark_sqlglot_noop_statement_boundary_after_patch/candidate_sql,PERF_0024__spark.sql,b5588d9c92fb56f583e308fbe7ccd3e57cf75654444a62a64a4e3291b95087c5,646
runs/user/spark_sqlglot_noop_statement_boundary_after_patch/candidate_sql,PERF_0082__spark.sql,77342139cf2ed6a53da2a44428774b41ec96b507f3a8e66f4eaf4c9e10cb0bd4,730
runs/user/spark_sqlglot_noop_two_case_smoke_after_statement_patch/candidate_sql,CONS_0005__spark.sql,79ae0253f201b9fd754a8c6de183ea70848a58fdb8414675526837e4e86db9ec,96
runs/user/spark_sqlglot_noop_two_case_smoke_after_statement_patch/candidate_sql,PERF_0006__spark.sql,33a4fcc230aa2c8f67e6ae340900c4c14b93c3abb8ac4efd712b5b901d5df5ec,1093
runs/user/spark_two_case_regression_after_cons0011_fix/candidate_sql,CONS_0005__spark.sql,7fb55d0e5e79d59f62e4eefa8782ae34ec9e5fc7d5d83d74f6c8537aaec060cf,104
runs/user/spark_two_case_regression_after_cons0011_fix/candidate_sql,PERF_0006__spark.sql,250256397b1969ed1f7080c201b9440b0c917720508edf89497dab51e841562b,1071
runs/user/spark_two_case_regression_after_numeric_fix/candidate_sql,CONS_0005__spark.sql,7fb55d0e5e79d59f62e4eefa8782ae34ec9e5fc7d5d83d74f6c8537aaec060cf,104
runs/user/spark_two_case_regression_after_numeric_fix/candidate_sql,PERF_0006__spark.sql,250256397b1969ed1f7080c201b9440b0c917720508edf89497dab51e841562b,1071
runs/user/spark_two_case_regression_after_port_spark_roles/candidate_sql,CONS_0005__spark.sql,7fb55d0e5e79d59f62e4eefa8782ae34ec9e5fc7d5d83d74f6c8537aaec060cf,104
runs/user/spark_two_case_regression_after_port_spark_roles/candidate_sql,PERF_0006__spark.sql,250256397b1969ed1f7080c201b9440b0c917720508edf89497dab51e841562b,1071
runs/user/sqlglot_noop_capture_pg_smoke/candidate_sql,CONS_0005__postgres.sql,79ae0253f201b9fd754a8c6de183ea70848a58fdb8414675526837e4e86db9ec,96
runs/user/sqlglot_noop_capture_pg_smoke/candidate_sql,PERF_0006__postgres.sql,33a4fcc230aa2c8f67e6ae340900c4c14b93c3abb8ac4efd712b5b901d5df5ec,1093
runs/user/sqlglot_noop_mysql_bounded_smoke/candidate_sql,CONS_0005__mysql.sql,79ae0253f201b9fd754a8c6de183ea70848a58fdb8414675526837e4e86db9ec,96
runs/user/sqlglot_noop_mysql_bounded_smoke/candidate_sql,PERF_0006__mysql.sql,33a4fcc230aa2c8f67e6ae340900c4c14b93c3abb8ac4efd712b5b901d5df5ec,1093
runs/user/sqlglot_noop_pg_bounded_smoke/candidate_sql,CONS_0005__postgres.sql,79ae0253f201b9fd754a8c6de183ea70848a58fdb8414675526837e4e86db9ec,96
runs/user/sqlglot_noop_pg_bounded_smoke/candidate_sql,PERF_0006__postgres.sql,33a4fcc230aa2c8f67e6ae340900c4c14b93c3abb8ac4efd712b5b901d5df5ec,1093
runs/user/sqlglot_noop_port_mysql_target_probe/candidate_sql,PORT_0003__mysql.sql,17fe283051dc45c613baf4c41b4daae8db68e8914d6bfad5e2724f36668f7cf3,224
runs/user/sqlglot_noop_spark_bounded_smoke/candidate_sql,CONS_0005__spark.sql,79ae0253f201b9fd754a8c6de183ea70848a58fdb8414675526837e4e86db9ec,96
runs/user/sqlglot_noop_spark_bounded_smoke/candidate_sql,PERF_0006__spark.sql,33a4fcc230aa2c8f67e6ae340900c4c14b93c3abb8ac4efd712b5b901d5df5ec,1093
runs/user/sqlglot_noop_track_a_120_canonical_v0__mysql/candidate_sql,CONS_0005__mysql.sql,79ae0253f201b9fd754a8c6de183ea70848a58fdb8414675526837e4e86db9ec,96
runs/user/sqlglot_noop_track_a_120_canonical_v0__mysql/candidate_sql,CONS_0007__mysql.sql,a55f4bec333c24d9b71aa66594974dfe82bdc853d3eb562e4f2ad7d5206da4f6,176
runs/user/sqlglot_noop_track_a_120_canonical_v0__mysql/candidate_sql,CONS_0009__mysql.sql,2dae2332a4727a57a88d0078e369933f48a0ec648f2418eca4332f7dc718bad1,150
runs/user/sqlglot_noop_track_a_120_canonical_v0__mysql/candidate_sql,CONS_0010__mysql.sql,6be0c02ce5ae2d5cae506b379546ca8d6010b878dafbec473ffa6bbeb05d311c,151
runs/user/sqlglot_noop_track_a_120_canonical_v0__mysql/candidate_sql,CONS_0011__mysql.sql,858c4465ab5329d623deee18c11e9a6ffe2ad3a923888eea15cfc7c5868d52bd,153
runs/user/sqlglot_noop_track_a_120_canonical_v0__mysql/candidate_sql,CONS_0012__mysql.sql,7e52351df2f6c40d58c1a94b5b044494801d033515acb54a59b1620840e96ddc,105
runs/user/sqlglot_noop_track_a_120_canonical_v0__mysql/candidate_sql,CONS_0024__mysql.sql,d27c63b7bf6160c8c123bbc3abb3e9d0128cc3732d45c10942d6702ebde2def3,190
runs/user/sqlglot_noop_track_a_120_canonical_v0__mysql/candidate_sql,CONS_0036__mysql.sql,b39c6adda4bd86d016a7981088d38f9a68bdef7e9c3561f8a8ff5c04f1504e80,84
runs/user/sqlglot_noop_track_a_120_canonical_v0__mysql/candidate_sql,CONS_0037__mysql.sql,32c78a961d1b2a8f0fb8b5be1debe9eac0aaf4e102bc3c203d25377410d62826,118
runs/user/sqlglot_noop_track_a_120_canonical_v0__mysql/candidate_sql,LONGTAIL_0011__mysql.sql,4f1ab0c8ec315987543c3782910d4afef0f9f0083bf49b4eb611fc7cec301965,666
runs/user/sqlglot_noop_track_a_120_canonical_v0__mysql/candidate_sql,LONGTAIL_0012__mysql.sql,b590b1050891dd123a045aec11a5bb372d0a9891fc8fa34e5803e2fbd1a6c7b0,910
runs/user/sqlglot_noop_track_a_120_canonical_v0__mysql/candidate_sql,LONGTAIL_0013__mysql.sql,f0f9ae7679410b6894e3336bae95039ac6240f739b509f8e4c33ef23ff810434,1243
runs/user/sqlglot_noop_track_a_120_canonical_v0__mysql/candidate_sql,LONGTAIL_0022__mysql.sql,dea12eff4276f5e2b46fd1c952a661b2a33280ebef9cb9ac7c9684bc3a492985,460
runs/user/sqlglot_noop_track_a_120_canonical_v0__mysql/candidate_sql,LONGTAIL_0023__mysql.sql,7c24c2b83b32fa437821f9ed69a381ef580c8b04527976b4bb4a42c6a69c1702,655
runs/user/sqlglot_noop_track_a_120_canonical_v0__mysql/candidate_sql,LONGTAIL_0024__mysql.sql,de19685f56499a5e90e06776bce22cc5476fdf17890c2c6b594df0797fa89b45,532
runs/user/sqlglot_noop_track_a_120_canonical_v0__mysql/candidate_sql,PERF_0006__mysql.sql,33a4fcc230aa2c8f67e6ae340900c4c14b93c3abb8ac4efd712b5b901d5df5ec,1093
runs/user/sqlglot_noop_track_a_120_canonical_v0__mysql/candidate_sql,PERF_0007__mysql.sql,a338badeb9a2cbf8a35c1e4df3bb97c3a016a88f568421318b1e9fc55b99d45e,792
runs/user/sqlglot_noop_track_a_120_canonical_v0__mysql/candidate_sql,PERF_0008__mysql.sql,a8f9159d31704ac622184681461309fb794e9aac074c0d155bfdbb9c4033865c,971
runs/user/sqlglot_noop_track_a_120_canonical_v0__mysql/candidate_sql,PERF_0013__mysql.sql,ea3553c93d15e204aa8dbfb4ecd93d421fcf22a638dedc444a5ca76e1bb0b7f4,1057
runs/user/sqlglot_noop_track_a_120_canonical_v0__mysql/candidate_sql,PERF_0017__mysql.sql,4467f29116377774b357dbe02874e924f0e9d03b72ec0332e4597477e0fba2a8,1079
runs/user/sqlglot_noop_track_a_120_canonical_v0__mysql/candidate_sql,PERF_0019__mysql.sql,1d467b2e301f3ddf71adc127d2e957d3a7a099e3f17712d5a44da717009758a3,886
runs/user/sqlglot_noop_track_a_120_canonical_v0__mysql/candidate_sql,PERF_0024__mysql.sql,e09f455aa5f132227f7c488c11275e855fa7d09c1e695531abe37b43098d6af1,636
runs/user/sqlglot_noop_track_a_120_canonical_v0__mysql/candidate_sql,PERF_0033__mysql.sql,dc2ba17d1c8e64e979c22ea0e092f33ea70fcce5d8a5bc0dfdf4f40d24dca25b,572
runs/user/sqlglot_noop_track_a_120_canonical_v0__mysql/candidate_sql,PERF_0034__mysql.sql,013d23878a5e4e59c7488e14b70487d5598cc3aa4113fbf947f919c8e26045e1,1718
runs/user/sqlglot_noop_track_a_120_canonical_v0__mysql/candidate_sql,PERF_0035__mysql.sql,367a0965654349ea5d8dfa6077a36c3b892895fa36c591febaae0a77fb47105e,1570
runs/user/sqlglot_noop_track_a_120_canonical_v0__mysql/candidate_sql,PERF_0052__mysql.sql,f463f04e633cc45edaba4deece1a527f3db7822ddec0713e35eca754113537cd,831
runs/user/sqlglot_noop_track_a_120_canonical_v0__mysql/candidate_sql,PERF_0054__mysql.sql,fcb210e061e53411e7fa9aefc723deccd1187d72467d8b4a7daccb6d7d5daefd,614
runs/user/sqlglot_noop_track_a_120_canonical_v0__mysql/candidate_sql,PERF_0056__mysql.sql,f2f1acd95192886af8ca3f825772cc0ed293248032ce423be700db64e695e6ef,793
runs/user/sqlglot_noop_track_a_120_canonical_v0__mysql/candidate_sql,PERF_0062__mysql.sql,bd78a1d7f496a356763355c244a4e2f9f10ad7c9c346d8a65c4e07c514b8ec40,1448
runs/user/sqlglot_noop_track_a_120_canonical_v0__mysql/candidate_sql,PERF_0077__mysql.sql,f2ff617e5c56f76b0608a7c51275f517d56326d9947190e370c85baff437b448,492
runs/user/sqlglot_noop_track_a_120_canonical_v0__mysql/candidate_sql,PERF_0082__mysql.sql,1a75abaa0bf144d130acab90d41c325f042f81bfed05237e28cec5c8af999796,690
runs/user/sqlglot_noop_track_a_120_canonical_v0__mysql/candidate_sql,PORT_0003__mysql.sql,17fe283051dc45c613baf4c41b4daae8db68e8914d6bfad5e2724f36668f7cf3,224
runs/user/sqlglot_noop_track_a_120_canonical_v0__mysql/candidate_sql,PORT_0004__mysql.sql,4c588aba87c119488b109abe0cd9ed9925138c454b626d38ae575533e7a417df,337
runs/user/sqlglot_noop_track_a_120_canonical_v0__mysql/candidate_sql,PORT_0005__mysql.sql,6b8371357aca2b5511484154c883c9b18fcb092f65b182b11fb935729bb955cb,238
runs/user/sqlglot_noop_track_a_120_canonical_v0__mysql/candidate_sql,PORT_0008__mysql.sql,e4e6958bb8c910ee3607c4e45f59985531f706ebf9f008d5c84e00df56ee65ae,334
runs/user/sqlglot_noop_track_a_120_canonical_v0__mysql/candidate_sql,PORT_0012__mysql.sql,456920c19acb3a95800e7aa59caec16cd2870a6d58f0bcb41f8d60fdb036ecd3,188
runs/user/sqlglot_noop_track_a_120_canonical_v0__mysql/candidate_sql,PORT_0013__mysql.sql,98c956e59551e1f62b5edb49cde0cefbfa93b8c3be27a573fa46580a43d569a3,201
runs/user/sqlglot_noop_track_a_120_canonical_v0__mysql/candidate_sql,PORT_0022__mysql.sql,5f5329452b0459003406f63e7c60b5120dc839fa905f5cec64d1af7592a45b7e,227
runs/user/sqlglot_noop_track_a_120_canonical_v0__mysql/candidate_sql,PORT_0024__mysql.sql,4d201b063152d76b49fb8fb00c451897d21faabacb7e4b7a4271894529b57d88,134
runs/user/sqlglot_noop_track_a_120_canonical_v0__mysql/candidate_sql,PORT_0025__mysql.sql,f5989ce1228413ef841f4aad77de9756a30e5ab9a722febf36dd667c245da1e0,249
runs/user/sqlglot_noop_track_a_120_canonical_v0__postgres/candidate_sql,CONS_0005__postgres.sql,79ae0253f201b9fd754a8c6de183ea70848a58fdb8414675526837e4e86db9ec,96
runs/user/sqlglot_noop_track_a_120_canonical_v0__postgres/candidate_sql,CONS_0007__postgres.sql,a55f4bec333c24d9b71aa66594974dfe82bdc853d3eb562e4f2ad7d5206da4f6,176
runs/user/sqlglot_noop_track_a_120_canonical_v0__postgres/candidate_sql,CONS_0009__postgres.sql,2dae2332a4727a57a88d0078e369933f48a0ec648f2418eca4332f7dc718bad1,150
runs/user/sqlglot_noop_track_a_120_canonical_v0__postgres/candidate_sql,CONS_0010__postgres.sql,6be0c02ce5ae2d5cae506b379546ca8d6010b878dafbec473ffa6bbeb05d311c,151
runs/user/sqlglot_noop_track_a_120_canonical_v0__postgres/candidate_sql,CONS_0011__postgres.sql,858c4465ab5329d623deee18c11e9a6ffe2ad3a923888eea15cfc7c5868d52bd,153
runs/user/sqlglot_noop_track_a_120_canonical_v0__postgres/candidate_sql,CONS_0012__postgres.sql,7e52351df2f6c40d58c1a94b5b044494801d033515acb54a59b1620840e96ddc,105
runs/user/sqlglot_noop_track_a_120_canonical_v0__postgres/candidate_sql,CONS_0024__postgres.sql,d27c63b7bf6160c8c123bbc3abb3e9d0128cc3732d45c10942d6702ebde2def3,190
runs/user/sqlglot_noop_track_a_120_canonical_v0__postgres/candidate_sql,CONS_0036__postgres.sql,b39c6adda4bd86d016a7981088d38f9a68bdef7e9c3561f8a8ff5c04f1504e80,84
runs/user/sqlglot_noop_track_a_120_canonical_v0__postgres/candidate_sql,CONS_0037__postgres.sql,32c78a961d1b2a8f0fb8b5be1debe9eac0aaf4e102bc3c203d25377410d62826,118
runs/user/sqlglot_noop_track_a_120_canonical_v0__postgres/candidate_sql,LONGTAIL_0011__postgres.sql,4f1ab0c8ec315987543c3782910d4afef0f9f0083bf49b4eb611fc7cec301965,666
runs/user/sqlglot_noop_track_a_120_canonical_v0__postgres/candidate_sql,LONGTAIL_0012__postgres.sql,b590b1050891dd123a045aec11a5bb372d0a9891fc8fa34e5803e2fbd1a6c7b0,910
runs/user/sqlglot_noop_track_a_120_canonical_v0__postgres/candidate_sql,LONGTAIL_0013__postgres.sql,f0f9ae7679410b6894e3336bae95039ac6240f739b509f8e4c33ef23ff810434,1243
runs/user/sqlglot_noop_track_a_120_canonical_v0__postgres/candidate_sql,LONGTAIL_0022__postgres.sql,dea12eff4276f5e2b46fd1c952a661b2a33280ebef9cb9ac7c9684bc3a492985,460
runs/user/sqlglot_noop_track_a_120_canonical_v0__postgres/candidate_sql,LONGTAIL_0023__postgres.sql,7c24c2b83b32fa437821f9ed69a381ef580c8b04527976b4bb4a42c6a69c1702,655
runs/user/sqlglot_noop_track_a_120_canonical_v0__postgres/candidate_sql,LONGTAIL_0024__postgres.sql,de19685f56499a5e90e06776bce22cc5476fdf17890c2c6b594df0797fa89b45,532
runs/user/sqlglot_noop_track_a_120_canonical_v0__postgres/candidate_sql,PERF_0006__postgres.sql,33a4fcc230aa2c8f67e6ae340900c4c14b93c3abb8ac4efd712b5b901d5df5ec,1093
runs/user/sqlglot_noop_track_a_120_canonical_v0__postgres/candidate_sql,PERF_0007__postgres.sql,4e47373f52413aa50af8822b2a8d0763574ea5bdd1ca5e9c1f90bd749d422c75,792
runs/user/sqlglot_noop_track_a_120_canonical_v0__postgres/candidate_sql,PERF_0008__postgres.sql,a8f9159d31704ac622184681461309fb794e9aac074c0d155bfdbb9c4033865c,971
runs/user/sqlglot_noop_track_a_120_canonical_v0__postgres/candidate_sql,PERF_0013__postgres.sql,4d5648724cfa4274cd249cad223576fc184bd0b13ad463fc153a527de642f1ca,1057
runs/user/sqlglot_noop_track_a_120_canonical_v0__postgres/candidate_sql,PERF_0017__postgres.sql,9d3250f1e88a4d74aa2891153a3b3eac27a9ee4f93f0a7990a58b09515afa0af,1079
runs/user/sqlglot_noop_track_a_120_canonical_v0__postgres/candidate_sql,PERF_0019__postgres.sql,1d467b2e301f3ddf71adc127d2e957d3a7a099e3f17712d5a44da717009758a3,886
runs/user/sqlglot_noop_track_a_120_canonical_v0__postgres/candidate_sql,PERF_0024__postgres.sql,cbc58b002a28b4d7ec55bcbf7bb635e3fbe3bef8ff50ab4214d228827179121b,636
runs/user/sqlglot_noop_track_a_120_canonical_v0__postgres/candidate_sql,PERF_0033__postgres.sql,dc2ba17d1c8e64e979c22ea0e092f33ea70fcce5d8a5bc0dfdf4f40d24dca25b,572
runs/user/sqlglot_noop_track_a_120_canonical_v0__postgres/candidate_sql,PERF_0034__postgres.sql,013d23878a5e4e59c7488e14b70487d5598cc3aa4113fbf947f919c8e26045e1,1718
runs/user/sqlglot_noop_track_a_120_canonical_v0__postgres/candidate_sql,PERF_0035__postgres.sql,367a0965654349ea5d8dfa6077a36c3b892895fa36c591febaae0a77fb47105e,1570
runs/user/sqlglot_noop_track_a_120_canonical_v0__postgres/candidate_sql,PERF_0052__postgres.sql,f463f04e633cc45edaba4deece1a527f3db7822ddec0713e35eca754113537cd,831
runs/user/sqlglot_noop_track_a_120_canonical_v0__postgres/candidate_sql,PERF_0054__postgres.sql,fcb210e061e53411e7fa9aefc723deccd1187d72467d8b4a7daccb6d7d5daefd,614
runs/user/sqlglot_noop_track_a_120_canonical_v0__postgres/candidate_sql,PERF_0056__postgres.sql,f2f1acd95192886af8ca3f825772cc0ed293248032ce423be700db64e695e6ef,793
runs/user/sqlglot_noop_track_a_120_canonical_v0__postgres/candidate_sql,PERF_0062__postgres.sql,bd78a1d7f496a356763355c244a4e2f9f10ad7c9c346d8a65c4e07c514b8ec40,1448
runs/user/sqlglot_noop_track_a_120_canonical_v0__postgres/candidate_sql,PERF_0077__postgres.sql,f2ff617e5c56f76b0608a7c51275f517d56326d9947190e370c85baff437b448,492
runs/user/sqlglot_noop_track_a_120_canonical_v0__postgres/candidate_sql,PERF_0082__postgres.sql,1a75abaa0bf144d130acab90d41c325f042f81bfed05237e28cec5c8af999796,690
runs/user/sqlglot_noop_track_a_120_canonical_v0__postgres/candidate_sql,PORT_0003__postgres.sql,19e154045f5992b2d40273d1bde9688c5b7a643c082f1cf18fddf38c40e82c4c,235
runs/user/sqlglot_noop_track_a_120_canonical_v0__postgres/candidate_sql,PORT_0005__postgres.sql,20a2b9975efc7eedff313466842c403b719d0de761258f5623ff2d8ea2d45253,250
runs/user/sqlglot_noop_track_a_120_canonical_v0__postgres/candidate_sql,PORT_0008__postgres.sql,e321e0fe92d31bdb91e88136bd350da4d441b9720f73f45dd574637be17793e3,328
runs/user/sqlglot_noop_track_a_120_canonical_v0__postgres/candidate_sql,PORT_0012__postgres.sql,46246a2f4417193cee3e930157bcd1723356f7fe818106bd65261f2befa02c3e,198
runs/user/sqlglot_noop_track_a_120_canonical_v0__spark/candidate_sql,CONS_0005__spark.sql,79ae0253f201b9fd754a8c6de183ea70848a58fdb8414675526837e4e86db9ec,96
runs/user/sqlglot_noop_track_a_120_canonical_v0__spark/candidate_sql,CONS_0007__spark.sql,a55f4bec333c24d9b71aa66594974dfe82bdc853d3eb562e4f2ad7d5206da4f6,176
runs/user/sqlglot_noop_track_a_120_canonical_v0__spark/candidate_sql,CONS_0009__spark.sql,2dae2332a4727a57a88d0078e369933f48a0ec648f2418eca4332f7dc718bad1,150
runs/user/sqlglot_noop_track_a_120_canonical_v0__spark/candidate_sql,CONS_0010__spark.sql,6be0c02ce5ae2d5cae506b379546ca8d6010b878dafbec473ffa6bbeb05d311c,151
runs/user/sqlglot_noop_track_a_120_canonical_v0__spark/candidate_sql,CONS_0011__spark.sql,858c4465ab5329d623deee18c11e9a6ffe2ad3a923888eea15cfc7c5868d52bd,153
runs/user/sqlglot_noop_track_a_120_canonical_v0__spark/candidate_sql,CONS_0012__spark.sql,7e52351df2f6c40d58c1a94b5b044494801d033515acb54a59b1620840e96ddc,105
runs/user/sqlglot_noop_track_a_120_canonical_v0__spark/candidate_sql,CONS_0024__spark.sql,d27c63b7bf6160c8c123bbc3abb3e9d0128cc3732d45c10942d6702ebde2def3,190
runs/user/sqlglot_noop_track_a_120_canonical_v0__spark/candidate_sql,CONS_0036__spark.sql,b39c6adda4bd86d016a7981088d38f9a68bdef7e9c3561f8a8ff5c04f1504e80,84
runs/user/sqlglot_noop_track_a_120_canonical_v0__spark/candidate_sql,CONS_0037__spark.sql,32c78a961d1b2a8f0fb8b5be1debe9eac0aaf4e102bc3c203d25377410d62826,118
runs/user/sqlglot_noop_track_a_120_canonical_v0__spark/candidate_sql,LONGTAIL_0011__spark.sql,4f1ab0c8ec315987543c3782910d4afef0f9f0083bf49b4eb611fc7cec301965,666
runs/user/sqlglot_noop_track_a_120_canonical_v0__spark/candidate_sql,LONGTAIL_0012__spark.sql,b590b1050891dd123a045aec11a5bb372d0a9891fc8fa34e5803e2fbd1a6c7b0,910
runs/user/sqlglot_noop_track_a_120_canonical_v0__spark/candidate_sql,LONGTAIL_0013__spark.sql,f0f9ae7679410b6894e3336bae95039ac6240f739b509f8e4c33ef23ff810434,1243
runs/user/sqlglot_noop_track_a_120_canonical_v0__spark/candidate_sql,LONGTAIL_0022__spark.sql,dea12eff4276f5e2b46fd1c952a661b2a33280ebef9cb9ac7c9684bc3a492985,460
runs/user/sqlglot_noop_track_a_120_canonical_v0__spark/candidate_sql,LONGTAIL_0023__spark.sql,7c24c2b83b32fa437821f9ed69a381ef580c8b04527976b4bb4a42c6a69c1702,655
runs/user/sqlglot_noop_track_a_120_canonical_v0__spark/candidate_sql,LONGTAIL_0024__spark.sql,de19685f56499a5e90e06776bce22cc5476fdf17890c2c6b594df0797fa89b45,532
runs/user/sqlglot_noop_track_a_120_canonical_v0__spark/candidate_sql,PERF_0006__spark.sql,33a4fcc230aa2c8f67e6ae340900c4c14b93c3abb8ac4efd712b5b901d5df5ec,1093
runs/user/sqlglot_noop_track_a_120_canonical_v0__spark/candidate_sql,PERF_0007__spark.sql,a338badeb9a2cbf8a35c1e4df3bb97c3a016a88f568421318b1e9fc55b99d45e,792
runs/user/sqlglot_noop_track_a_120_canonical_v0__spark/candidate_sql,PERF_0008__spark.sql,2c0bddbe7aacfde4d55b5eebf49c6d0d19c99af2aecd6ba04acc524bceee1f93,991
runs/user/sqlglot_noop_track_a_120_canonical_v0__spark/candidate_sql,PERF_0013__spark.sql,c39ba34ea5f0bdcd1155269cfff265a0f6366d884b58736701b84478b5f40124,1107
runs/user/sqlglot_noop_track_a_120_canonical_v0__spark/candidate_sql,PERF_0017__spark.sql,58b90e89c92e474184adf28fa25a2b5ac93b4b44325506819cf46d02d37be732,1109
runs/user/sqlglot_noop_track_a_120_canonical_v0__spark/candidate_sql,PERF_0019__spark.sql,1d467b2e301f3ddf71adc127d2e957d3a7a099e3f17712d5a44da717009758a3,886
runs/user/sqlglot_noop_track_a_120_canonical_v0__spark/candidate_sql,PERF_0024__spark.sql,b5588d9c92fb56f583e308fbe7ccd3e57cf75654444a62a64a4e3291b95087c5,646
runs/user/sqlglot_noop_track_a_120_canonical_v0__spark/candidate_sql,PERF_0033__spark.sql,1cf89f12ef3507b71a4318c4cf66434cd69fdab7ef1f22e80b793c246bb82109,592
runs/user/sqlglot_noop_track_a_120_canonical_v0__spark/candidate_sql,PERF_0034__spark.sql,7fd2578f048d3db2f03969ca8bc1e2b2f8bb3155c304f8906140a9ca747da976,1808
runs/user/sqlglot_noop_track_a_120_canonical_v0__spark/candidate_sql,PERF_0035__spark.sql,97ade6c32824c5833da0ece010bf772119ec3df7966b5ed98ace5faa092d66a5,1620
runs/user/sqlglot_noop_track_a_120_canonical_v0__spark/candidate_sql,PERF_0052__spark.sql,531b828a14a2e68dbd3dacb06c153653720991ee5093cd94e5d799c1f781e7a9,861
runs/user/sqlglot_noop_track_a_120_canonical_v0__spark/candidate_sql,PERF_0054__spark.sql,27d1943ab82b364260b7c9a6d8a58e1b75e183edc2e1ee51001ec260ea4d12b5,634
runs/user/sqlglot_noop_track_a_120_canonical_v0__spark/candidate_sql,PERF_0056__spark.sql,103e05a6b38cb281891ad16486e2dbaa87c03d1be1bd053085767c1b3c440445,833
runs/user/sqlglot_noop_track_a_120_canonical_v0__spark/candidate_sql,PERF_0062__spark.sql,d5597428dff07c95ebccc1b36e3fdc033359774e2a2e4478b26f7149ad8f4af4,1498
runs/user/sqlglot_noop_track_a_120_canonical_v0__spark/candidate_sql,PERF_0077__spark.sql,35f53029adad5e78985f04eae4f4638990d9a7a02af550a99b5c977f02dea989,522
runs/user/sqlglot_noop_track_a_120_canonical_v0__spark/candidate_sql,PERF_0082__spark.sql,77342139cf2ed6a53da2a44428774b41ec96b507f3a8e66f4eaf4c9e10cb0bd4,730
runs/user/sqlglot_noop_track_a_120_canonical_v0__spark/candidate_sql,PORT_0003__spark.sql,17fe283051dc45c613baf4c41b4daae8db68e8914d6bfad5e2724f36668f7cf3,224
runs/user/sqlglot_noop_track_a_120_canonical_v0__spark/candidate_sql,PORT_0004__spark.sql,359cfc4898ba97e98d917621dfe922f7e6e6e9bfd4a14fb135084d24bc983c95,341
runs/user/sqlglot_noop_track_a_120_canonical_v0__spark/candidate_sql,PORT_0005__spark.sql,6b8371357aca2b5511484154c883c9b18fcb092f65b182b11fb935729bb955cb,238
runs/user/sqlglot_noop_track_a_120_canonical_v0__spark/candidate_sql,PORT_0008__spark.sql,8a85ffb1350375d948e401d6bd5f0ee27047f2bd5229024708cdfc8be87ae464,328
runs/user/sqlglot_noop_track_a_120_canonical_v0__spark/candidate_sql,PORT_0012__spark.sql,cb151bc24cd4462f52be6a7abc3f60af4ffe20744e38feaa6ab12a3570377466,198
runs/user/sqlglot_noop_track_a_120_canonical_v0__spark/candidate_sql,PORT_0013__spark.sql,98c956e59551e1f62b5edb49cde0cefbfa93b8c3be27a573fa46580a43d569a3,201
runs/user/sqlglot_noop_track_a_120_canonical_v0__spark/candidate_sql,PORT_0022__spark.sql,92bb9db8615a7384c09d5a888618aae0c43e3a9e0fb84efef0a87a74fdfadcbf,231
runs/user/sqlglot_noop_track_a_120_canonical_v0__spark/candidate_sql,PORT_0024__spark.sql,4d201b063152d76b49fb8fb00c451897d21faabacb7e4b7a4271894529b57d88,134
runs/user/sqlglot_noop_track_a_120_canonical_v0__spark/candidate_sql,PORT_0025__spark.sql,776830a39db1523f3ec7020ae8c8771562024ab30ea2a3f4012f595b918dbc80,253
runs/user/sqlglot_optimize_capture_pg_smoke/candidate_sql,CONS_0005__postgres.sql,7a41cedccccc6ee27aaa4b72b1b4fa60b72f9ef1ee230d7910110575677ff780,199
runs/user/sqlglot_optimize_capture_pg_smoke/candidate_sql,PERF_0006__postgres.sql,f61640bfcaa08f6e4a0f4c1d57a52f5e12603a382feb019569a3f697038a124c,1360
runs/user/sqlglot_optimize_mysql_bounded_smoke/candidate_sql,CONS_0005__mysql.sql,47809e607dd64c2eb165ffad69a5f59da6a3fa0bb6a99a611fb8f01bfbe68ae4,199
runs/user/sqlglot_optimize_mysql_bounded_smoke/candidate_sql,PERF_0006__mysql.sql,f62b9703f0003551dc4662bf8a7cc045c2090143300bb7d7049b01c5e5d2cc96,1360
runs/user/sqlglot_optimize_pg_bounded_smoke/candidate_sql,CONS_0005__postgres.sql,7a41cedccccc6ee27aaa4b72b1b4fa60b72f9ef1ee230d7910110575677ff780,199
runs/user/sqlglot_optimize_pg_bounded_smoke/candidate_sql,PERF_0006__postgres.sql,f61640bfcaa08f6e4a0f4c1d57a52f5e12603a382feb019569a3f697038a124c,1360
runs/user/sqlglot_optimize_schema_aware_track_a_120_canonical_v0__mysql/candidate_sql,CONS_0007__mysql.sql,ccfbee7d84ae65818c1e752662e8b90961ccd283b30f1b4b868a62c26e939662,200
runs/user/sqlglot_optimize_schema_aware_track_a_120_canonical_v0__mysql/candidate_sql,CONS_0012__mysql.sql,7841e99060b87dac697f1734c0e8e09867b6f7739b2475e774a345a2bdc6d0c5,371
runs/user/sqlglot_optimize_schema_aware_track_a_120_canonical_v0__mysql/candidate_sql,CONS_0024__mysql.sql,64c76579f094df683e3c74028587166c0c0f8f0b579e939d3175f57761ef918a,337
runs/user/sqlglot_optimize_schema_aware_track_a_120_canonical_v0__mysql/candidate_sql,CONS_0036__mysql.sql,917bf6b46c61b85f83d304fe363be98d806db4555911b7a5b8ce9a8d91f8eefc,127
runs/user/sqlglot_optimize_schema_aware_track_a_120_canonical_v0__mysql/candidate_sql,CONS_0037__mysql.sql,bbd053aa9570f3e603382b46b86f43f602147858849b19611c6da0816058355f,185
runs/user/sqlglot_optimize_schema_aware_track_a_120_canonical_v0__mysql/candidate_sql,LONGTAIL_0011__mysql.sql,6639986255659d84c9779223a5eef20530c4cbd76fd9fd9336b51c83ae227901,993
runs/user/sqlglot_optimize_schema_aware_track_a_120_canonical_v0__mysql/candidate_sql,LONGTAIL_0012__mysql.sql,547aedfc4302ffc0ddb7c62cf37890dcc9aa13ed379662ada1bb594544a82ebd,1154
runs/user/sqlglot_optimize_schema_aware_track_a_120_canonical_v0__mysql/candidate_sql,LONGTAIL_0013__mysql.sql,c0a85043fb703233ddc29afbee6162975570f584d15e350f180f74dbf0ee71a0,1922
runs/user/sqlglot_optimize_schema_aware_track_a_120_canonical_v0__mysql/candidate_sql,LONGTAIL_0022__mysql.sql,a54198684daa9883b990dda60381b2a12f4317b71d54c879ff0a2b4c3bf34ae0,632
runs/user/sqlglot_optimize_schema_aware_track_a_120_canonical_v0__mysql/candidate_sql,LONGTAIL_0023__mysql.sql,5af8ae092ea58ba4d1729b4e3b30a2e2f4578649b61a03eb8d651696786292c1,786
runs/user/sqlglot_optimize_schema_aware_track_a_120_canonical_v0__mysql/candidate_sql,LONGTAIL_0024__mysql.sql,0fd33d39b452efb85c1c6664b440319f338b9b0b4f9a6d19ab35396cfd407b55,768
runs/user/sqlglot_optimize_schema_aware_track_a_120_canonical_v0__mysql/candidate_sql,PERF_0006__mysql.sql,f62b9703f0003551dc4662bf8a7cc045c2090143300bb7d7049b01c5e5d2cc96,1360
runs/user/sqlglot_optimize_schema_aware_track_a_120_canonical_v0__mysql/candidate_sql,PERF_0007__mysql.sql,89972a0b37b7d71fbb10f5adb842b8bffdb6388815f73a50dd65447a767d09b3,876
runs/user/sqlglot_optimize_schema_aware_track_a_120_canonical_v0__mysql/candidate_sql,PERF_0024__mysql.sql,7a4d9114af3623f3b173eff3422e70a667769029b11658a2a3823e382bc5a2c7,1393
runs/user/sqlglot_optimize_schema_aware_track_a_120_canonical_v0__mysql/candidate_sql,PERF_0033__mysql.sql,03f452930d15e647506cce18272ba5403a3019407a2e04c35a87e4a0dc2cfd41,644
runs/user/sqlglot_optimize_schema_aware_track_a_120_canonical_v0__mysql/candidate_sql,PERF_0034__mysql.sql,123b066fc191f9fe4ae15d36d8bb368c579d7b706f3f60c8164fea407770994e,2393
runs/user/sqlglot_optimize_schema_aware_track_a_120_canonical_v0__mysql/candidate_sql,PERF_0035__mysql.sql,9cb63f44c7fce9887b7e47c1229bc9aa265c3834172f54128fdcca682bdc3fb9,1966
runs/user/sqlglot_optimize_schema_aware_track_a_120_canonical_v0__mysql/candidate_sql,PERF_0052__mysql.sql,d84c2a7a28d521318d3bb392a32686b7f22c20dc5d52688ebb4488bdff882349,1043
runs/user/sqlglot_optimize_schema_aware_track_a_120_canonical_v0__mysql/candidate_sql,PERF_0054__mysql.sql,3d4e2499ade666c35e588b0f24e02c06f4640d45f569334a386483467c258b6a,740
runs/user/sqlglot_optimize_schema_aware_track_a_120_canonical_v0__mysql/candidate_sql,PERF_0056__mysql.sql,07d17486f98506dca08bad83babe6fc65e0845209e8a5b98d5f6e5c6c5fd09a7,1135
runs/user/sqlglot_optimize_schema_aware_track_a_120_canonical_v0__mysql/candidate_sql,PERF_0062__mysql.sql,850feb5e44aed89f27b77e4f087258e752eaede70c9b7fead5bf0515acf9c45a,2771
runs/user/sqlglot_optimize_schema_aware_track_a_120_canonical_v0__mysql/candidate_sql,PERF_0077__mysql.sql,7277cd4d7b58354c5097d5c062fd26662fb505b885abe60a9d7dbfa8ece80b03,567
runs/user/sqlglot_optimize_schema_aware_track_a_120_canonical_v0__mysql/candidate_sql,PERF_0082__mysql.sql,91f953ad73de76a17e2ea5d79950d83f81a16499d74cadb40b790768801402f7,788
runs/user/sqlglot_optimize_schema_aware_track_a_120_canonical_v0__mysql/candidate_sql,PORT_0003__mysql.sql,048511efb870506a99a6a7e9616cf8a0d77bb974a5e5a0518943eb5d712e32ad,252
runs/user/sqlglot_optimize_schema_aware_track_a_120_canonical_v0__mysql/candidate_sql,PORT_0004__mysql.sql,8420002b12f2e7585bb833b8f220f0ef2a0742477e3041545f28deb3c271969a,384
runs/user/sqlglot_optimize_schema_aware_track_a_120_canonical_v0__mysql/candidate_sql,PORT_0005__mysql.sql,37f6962f7fa67380499b4a5bc998033976628e07fa6a2e94f948a53182a27874,240
runs/user/sqlglot_optimize_schema_aware_track_a_120_canonical_v0__mysql/candidate_sql,PORT_0008__mysql.sql,b922a75dab6bd0edb89ce91e6f54bc433765558b274ac96c8b69b8392de7cc53,427
runs/user/sqlglot_optimize_schema_aware_track_a_120_canonical_v0__mysql/candidate_sql,PORT_0012__mysql.sql,a77174b67934bc82ed7d4096325e3657b2767520c15a7ebbde319b9e82b61d4c,113
runs/user/sqlglot_optimize_schema_aware_track_a_120_canonical_v0__mysql/candidate_sql,PORT_0013__mysql.sql,f6971164e971945b93998a8dd75fb6410834f812a952558a2861da954781febc,207
runs/user/sqlglot_optimize_schema_aware_track_a_120_canonical_v0__mysql/candidate_sql,PORT_0022__mysql.sql,aefb3a8804997ac53693c89a25a200e0afd0ae8a535c73ae5315cf22440b132d,215
runs/user/sqlglot_optimize_schema_aware_track_a_120_canonical_v0__mysql/candidate_sql,PORT_0024__mysql.sql,55bb9311706436011e910a3bf3f82ae4a9e79a0b4a886894381a564356777990,181
runs/user/sqlglot_optimize_schema_aware_track_a_120_canonical_v0__mysql/candidate_sql,PORT_0025__mysql.sql,cd2a65d991fa275aa9366a57888ae8f65fcd4b3aaf4d435f3c07e4a27929064b,259
runs/user/sqlglot_optimize_schema_aware_track_a_120_canonical_v0__postgres/candidate_sql,CONS_0005__postgres.sql,11749aa310c79c21aa40fd255f7364e914d5fe7a8c36e8fc58b3036531f0a8c6,412
runs/user/sqlglot_optimize_schema_aware_track_a_120_canonical_v0__postgres/candidate_sql,CONS_0007__postgres.sql,30081abd841e1b778d7db206a5213627be40675418d98999b0aa01f281e7f3eb,200
runs/user/sqlglot_optimize_schema_aware_track_a_120_canonical_v0__postgres/candidate_sql,CONS_0010__postgres.sql,17592853546a280f437e479cfbc5d4c6a915cd3cfee3478e9ffd23cf9d8f0cbc,382
runs/user/sqlglot_optimize_schema_aware_track_a_120_canonical_v0__postgres/candidate_sql,CONS_0011__postgres.sql,468988a1cd84b39721f18779ac8d1e80aab1442baf1590ec5ece9de1e4ce5deb,207
runs/user/sqlglot_optimize_schema_aware_track_a_120_canonical_v0__postgres/candidate_sql,CONS_0012__postgres.sql,662957e8ea1e0987eaaac0beea6697dde4a6317c671bc87df6ec595c0e7d6e08,371
runs/user/sqlglot_optimize_schema_aware_track_a_120_canonical_v0__postgres/candidate_sql,CONS_0024__postgres.sql,9f8b78929b50fc44923643f879a62bf2988f0ba6105839ac7b4e7f26d3f51a00,337
runs/user/sqlglot_optimize_schema_aware_track_a_120_canonical_v0__postgres/candidate_sql,CONS_0036__postgres.sql,9b55f7df2f2473693b9f3ae20bf6326360ba93e477d2c31e033b04bc24e83345,127
runs/user/sqlglot_optimize_schema_aware_track_a_120_canonical_v0__postgres/candidate_sql,CONS_0037__postgres.sql,fec09f7cddad9c18ed32dc8d1d825fb4e0068a03e7bfbb862c4d21ad74008d2d,185
runs/user/sqlglot_optimize_schema_aware_track_a_120_canonical_v0__postgres/candidate_sql,LONGTAIL_0011__postgres.sql,5af8645c0d952063171a7abeba4102223c51dca145bf6ef3e6abff07fc819fe2,993
runs/user/sqlglot_optimize_schema_aware_track_a_120_canonical_v0__postgres/candidate_sql,LONGTAIL_0012__postgres.sql,908d566419bec3ba13de790917e194d468bba71ffa15bc362b1ec3ac58c5726e,1154
runs/user/sqlglot_optimize_schema_aware_track_a_120_canonical_v0__postgres/candidate_sql,LONGTAIL_0013__postgres.sql,5dff6e1d5e8279d6e81c725f4d11e9bb171ea2055027ac4ca732562683521a6f,1922
runs/user/sqlglot_optimize_schema_aware_track_a_120_canonical_v0__postgres/candidate_sql,LONGTAIL_0022__postgres.sql,89b19eb025e7e6f0a8fc10c479e17840f27e34a18c1481af5dbca7725d4d5143,632
runs/user/sqlglot_optimize_schema_aware_track_a_120_canonical_v0__postgres/candidate_sql,LONGTAIL_0023__postgres.sql,82d22fa4664bd9f680aec0c114ce8ac7703467a4afcaa46a8b3faeba4be4ebe5,786
runs/user/sqlglot_optimize_schema_aware_track_a_120_canonical_v0__postgres/candidate_sql,LONGTAIL_0024__postgres.sql,5ab975305c031ae0311e8cdb0b7e68a031ba1f8b248a9060b0d93442c0c5ad4c,768
runs/user/sqlglot_optimize_schema_aware_track_a_120_canonical_v0__postgres/candidate_sql,PERF_0006__postgres.sql,f61640bfcaa08f6e4a0f4c1d57a52f5e12603a382feb019569a3f697038a124c,1360
runs/user/sqlglot_optimize_schema_aware_track_a_120_canonical_v0__postgres/candidate_sql,PERF_0007__postgres.sql,fbe7a47a74ff247b56a2170146669e182895fa22bd08ae48cd521bd342db0a31,876
runs/user/sqlglot_optimize_schema_aware_track_a_120_canonical_v0__postgres/candidate_sql,PERF_0008__postgres.sql,36e6e1fb18f9e4d12e89c1cfce92a974fc4c48b25d93d08e1e0e38dcb9fe967d,1263
runs/user/sqlglot_optimize_schema_aware_track_a_120_canonical_v0__postgres/candidate_sql,PERF_0013__postgres.sql,b107d7dd17884b16ade960fe0f876a2b4689a7fe3649d3914313b55e6e46c8a4,1383
runs/user/sqlglot_optimize_schema_aware_track_a_120_canonical_v0__postgres/candidate_sql,PERF_0017__postgres.sql,6b7f710fa686d6b1e48cf0a53fd2f45e68391b410c863b69f259df5f034b90a7,1537
runs/user/sqlglot_optimize_schema_aware_track_a_120_canonical_v0__postgres/candidate_sql,PERF_0019__postgres.sql,2298291e806665c85c79d0c5328159eea82c1ff443cd01fc3d3f854aadfe98ce,1194
runs/user/sqlglot_optimize_schema_aware_track_a_120_canonical_v0__postgres/candidate_sql,PERF_0024__postgres.sql,463e22ce70666e6d8d4055a1db8c61167c603b9538d60cefed09c92f818cd2f1,1393
runs/user/sqlglot_optimize_schema_aware_track_a_120_canonical_v0__postgres/candidate_sql,PERF_0033__postgres.sql,2f2491953e9e1a269c829e23f6dd814a1e3b85da71d4d6eb643f603c36596ba7,644
runs/user/sqlglot_optimize_schema_aware_track_a_120_canonical_v0__postgres/candidate_sql,PERF_0034__postgres.sql,0243f06c803aa41369d30d19459b93f54e61b6a79aef7b69e7663bae9bb18b93,2393
runs/user/sqlglot_optimize_schema_aware_track_a_120_canonical_v0__postgres/candidate_sql,PERF_0035__postgres.sql,fbde609025e0cfa242ad776988545489dc785b728ac6b723cea3320bfd45c013,1966
runs/user/sqlglot_optimize_schema_aware_track_a_120_canonical_v0__postgres/candidate_sql,PERF_0052__postgres.sql,9420f12b60326fa3f6889cf272ee123ab9f8dffad21c9dff561f4971f802ce76,1043
runs/user/sqlglot_optimize_schema_aware_track_a_120_canonical_v0__postgres/candidate_sql,PERF_0054__postgres.sql,c04896148c4f9ec98324107025653f58cc6c6b28b3ad9f2ac7677b563383c6c4,740
runs/user/sqlglot_optimize_schema_aware_track_a_120_canonical_v0__postgres/candidate_sql,PERF_0056__postgres.sql,d8b214a6af0ef2f6babd87ddd0840773c49e483b2aa6102889f4e14fc7095463,1135
runs/user/sqlglot_optimize_schema_aware_track_a_120_canonical_v0__postgres/candidate_sql,PERF_0062__postgres.sql,0d28ec3a17e1eb8786181cdc6e9f6a82a153991a9672cf6551b5db483d003cf4,2771
runs/user/sqlglot_optimize_schema_aware_track_a_120_canonical_v0__postgres/candidate_sql,PERF_0077__postgres.sql,a1eb322b2721ba5b35fca9d99c469c8d43b4407a102e1faa9432bda728d9a20a,567
runs/user/sqlglot_optimize_schema_aware_track_a_120_canonical_v0__postgres/candidate_sql,PERF_0082__postgres.sql,bb25b174ea268261d4c01de81521d55633a79d0b0b4a1d8ba0740f770b2814c3,788
runs/user/sqlglot_optimize_schema_aware_track_a_120_canonical_v0__postgres/candidate_sql,PORT_0003__postgres.sql,7a7e1cbdfac9a94cd5471a45d06f17f60b29d619c0e222fe0720576a49b9cb3a,283
runs/user/sqlglot_optimize_schema_aware_track_a_120_canonical_v0__postgres/candidate_sql,PORT_0005__postgres.sql,c2dcdb66d2b1c0cfd2084cd798cdf7db330775078d6e65303b3ce6f2dabebabb,306
runs/user/sqlglot_optimize_schema_aware_track_a_120_canonical_v0__postgres/candidate_sql,PORT_0008__postgres.sql,21741a2406602934ee9221c074b7b26e71031a1ef1309b3c427ba298a16c019a,383
runs/user/sqlglot_optimize_schema_aware_track_a_120_canonical_v0__postgres/candidate_sql,PORT_0012__postgres.sql,5742465add5b4a2d3687c2bee0792d82b6a803fcd9e4386b2634284b721d71b0,263
runs/user/sqlglot_optimize_schema_aware_track_a_120_canonical_v0__spark/candidate_sql,CONS_0005__spark.sql,c93d7bd3d6ef78988462c31223d52876731f8018fe8c38a82cf0cd4c922e56bc,359
runs/user/sqlglot_optimize_schema_aware_track_a_120_canonical_v0__spark/candidate_sql,CONS_0007__spark.sql,ccfbee7d84ae65818c1e752662e8b90961ccd283b30f1b4b868a62c26e939662,200
runs/user/sqlglot_optimize_schema_aware_track_a_120_canonical_v0__spark/candidate_sql,CONS_0010__spark.sql,18721bb2cc90f7f8b94cb7381dcbbec2b4690b7058356b0e6f8408c93a04da1c,382
runs/user/sqlglot_optimize_schema_aware_track_a_120_canonical_v0__spark/candidate_sql,CONS_0011__spark.sql,731a2e87b4e18ae8c547ab3b39cd180da16a356d24d3d8b977574e6f404ca758,207
runs/user/sqlglot_optimize_schema_aware_track_a_120_canonical_v0__spark/candidate_sql,CONS_0012__spark.sql,7841e99060b87dac697f1734c0e8e09867b6f7739b2475e774a345a2bdc6d0c5,371
runs/user/sqlglot_optimize_schema_aware_track_a_120_canonical_v0__spark/candidate_sql,CONS_0024__spark.sql,64c76579f094df683e3c74028587166c0c0f8f0b579e939d3175f57761ef918a,337
runs/user/sqlglot_optimize_schema_aware_track_a_120_canonical_v0__spark/candidate_sql,CONS_0036__spark.sql,955b4991f8da2d76c54875bea0e5d5d90bc1e6c0b86c73ce1444b9d7b1048a20,127
runs/user/sqlglot_optimize_schema_aware_track_a_120_canonical_v0__spark/candidate_sql,CONS_0037__spark.sql,917238d336acb489b51d2c20905aa1faf340afcbc4c91fcdcfd4c37d1893a007,185
runs/user/sqlglot_optimize_schema_aware_track_a_120_canonical_v0__spark/candidate_sql,LONGTAIL_0011__spark.sql,4cbd4fc9ee7ed18ce14555623bcba296bbf2031bab43cedd7e48b5c0852a7c00,993
runs/user/sqlglot_optimize_schema_aware_track_a_120_canonical_v0__spark/candidate_sql,LONGTAIL_0012__spark.sql,7f583fe7450de599e3dce43b7ae1850c91916696d5943a1d9ce8fce5c5d0a2a7,1154
runs/user/sqlglot_optimize_schema_aware_track_a_120_canonical_v0__spark/candidate_sql,LONGTAIL_0013__spark.sql,807b3ce849269f46179e5e0840853d535522169709a74f18f7c8ed1d02779690,1922
runs/user/sqlglot_optimize_schema_aware_track_a_120_canonical_v0__spark/candidate_sql,LONGTAIL_0022__spark.sql,cd7d38c25391e45ecd12b15d2000609c90a701910d267af04fbb7d43ddf5c7f1,632
runs/user/sqlglot_optimize_schema_aware_track_a_120_canonical_v0__spark/candidate_sql,LONGTAIL_0023__spark.sql,c7212f6d5c5d97548f9104bd683d2546e40e8b25085d7dee584c1b5d1b73093b,786
runs/user/sqlglot_optimize_schema_aware_track_a_120_canonical_v0__spark/candidate_sql,LONGTAIL_0024__spark.sql,5b5ab1902955e1664b52c49abed342b79b00879da1675c3e8dfbae697da9c212,768
runs/user/sqlglot_optimize_schema_aware_track_a_120_canonical_v0__spark/candidate_sql,PERF_0006__spark.sql,f62b9703f0003551dc4662bf8a7cc045c2090143300bb7d7049b01c5e5d2cc96,1360
runs/user/sqlglot_optimize_schema_aware_track_a_120_canonical_v0__spark/candidate_sql,PERF_0007__spark.sql,89972a0b37b7d71fbb10f5adb842b8bffdb6388815f73a50dd65447a767d09b3,876
runs/user/sqlglot_optimize_schema_aware_track_a_120_canonical_v0__spark/candidate_sql,PERF_0008__spark.sql,a9a953c85ebdc66f5ebe9ddd5ed8f79a82113bb002134a0d2b4ee4a1334c130a,1263
runs/user/sqlglot_optimize_schema_aware_track_a_120_canonical_v0__spark/candidate_sql,PERF_0013__spark.sql,3ad1acd2c36403a3963d2aa227bfa38d3dacb4a27248eb4f396037216384da7d,1383
runs/user/sqlglot_optimize_schema_aware_track_a_120_canonical_v0__spark/candidate_sql,PERF_0017__spark.sql,1535e7a9dcbd8fed7ae482fa5d66e1d269bca996e4a7c29feb55c86b8caca2dd,1537
runs/user/sqlglot_optimize_schema_aware_track_a_120_canonical_v0__spark/candidate_sql,PERF_0019__spark.sql,7f43e6d3f0e2f755bd0ba8e9364e562ee515f05f1938eb508f38b3454aa1f5e5,1194
runs/user/sqlglot_optimize_schema_aware_track_a_120_canonical_v0__spark/candidate_sql,PERF_0024__spark.sql,7a4d9114af3623f3b173eff3422e70a667769029b11658a2a3823e382bc5a2c7,1393
runs/user/sqlglot_optimize_schema_aware_track_a_120_canonical_v0__spark/candidate_sql,PERF_0033__spark.sql,03f452930d15e647506cce18272ba5403a3019407a2e04c35a87e4a0dc2cfd41,644
runs/user/sqlglot_optimize_schema_aware_track_a_120_canonical_v0__spark/candidate_sql,PERF_0034__spark.sql,123b066fc191f9fe4ae15d36d8bb368c579d7b706f3f60c8164fea407770994e,2393
runs/user/sqlglot_optimize_schema_aware_track_a_120_canonical_v0__spark/candidate_sql,PERF_0035__spark.sql,9cb63f44c7fce9887b7e47c1229bc9aa265c3834172f54128fdcca682bdc3fb9,1966
runs/user/sqlglot_optimize_schema_aware_track_a_120_canonical_v0__spark/candidate_sql,PERF_0052__spark.sql,d84c2a7a28d521318d3bb392a32686b7f22c20dc5d52688ebb4488bdff882349,1043
runs/user/sqlglot_optimize_schema_aware_track_a_120_canonical_v0__spark/candidate_sql,PERF_0054__spark.sql,3d4e2499ade666c35e588b0f24e02c06f4640d45f569334a386483467c258b6a,740
runs/user/sqlglot_optimize_schema_aware_track_a_120_canonical_v0__spark/candidate_sql,PERF_0056__spark.sql,07d17486f98506dca08bad83babe6fc65e0845209e8a5b98d5f6e5c6c5fd09a7,1135
runs/user/sqlglot_optimize_schema_aware_track_a_120_canonical_v0__spark/candidate_sql,PERF_0062__spark.sql,850feb5e44aed89f27b77e4f087258e752eaede70c9b7fead5bf0515acf9c45a,2771
runs/user/sqlglot_optimize_schema_aware_track_a_120_canonical_v0__spark/candidate_sql,PERF_0077__spark.sql,7277cd4d7b58354c5097d5c062fd26662fb505b885abe60a9d7dbfa8ece80b03,567
runs/user/sqlglot_optimize_schema_aware_track_a_120_canonical_v0__spark/candidate_sql,PERF_0082__spark.sql,91f953ad73de76a17e2ea5d79950d83f81a16499d74cadb40b790768801402f7,788
runs/user/sqlglot_optimize_schema_aware_track_a_120_canonical_v0__spark/candidate_sql,PORT_0003__spark.sql,048511efb870506a99a6a7e9616cf8a0d77bb974a5e5a0518943eb5d712e32ad,252
runs/user/sqlglot_optimize_schema_aware_track_a_120_canonical_v0__spark/candidate_sql,PORT_0004__spark.sql,24879cd4cfd4d089e3d5332eb82be62585fcb2144f9190ae63d0ca1111aa8fba,406
runs/user/sqlglot_optimize_schema_aware_track_a_120_canonical_v0__spark/candidate_sql,PORT_0005__spark.sql,37f6962f7fa67380499b4a5bc998033976628e07fa6a2e94f948a53182a27874,240
runs/user/sqlglot_optimize_schema_aware_track_a_120_canonical_v0__spark/candidate_sql,PORT_0008__spark.sql,74d94f3b820a805a5427de8858542e68c99f072b46ecc4b87fee744e2cd178b6,423
runs/user/sqlglot_optimize_schema_aware_track_a_120_canonical_v0__spark/candidate_sql,PORT_0012__spark.sql,a77174b67934bc82ed7d4096325e3657b2767520c15a7ebbde319b9e82b61d4c,113
runs/user/sqlglot_optimize_schema_aware_track_a_120_canonical_v0__spark/candidate_sql,PORT_0013__spark.sql,f6971164e971945b93998a8dd75fb6410834f812a952558a2861da954781febc,207
runs/user/sqlglot_optimize_schema_aware_track_a_120_canonical_v0__spark/candidate_sql,PORT_0022__spark.sql,fab8586c9fc38fe442ca1e33e4f0447d50295dfee5c056ac81e54e2dd00e92fb,237
runs/user/sqlglot_optimize_schema_aware_track_a_120_canonical_v0__spark/candidate_sql,PORT_0024__spark.sql,55bb9311706436011e910a3bf3f82ae4a9e79a0b4a886894381a564356777990,181
runs/user/sqlglot_optimize_schema_aware_track_a_120_canonical_v0__spark/candidate_sql,PORT_0025__spark.sql,ac9c804b4f6dda633f99c990c18e7e2d2c454a84f521ee880e7cfb44aaa4bfb0,263
runs/user/sqlglot_optimize_spark_bounded_smoke/candidate_sql,CONS_0005__spark.sql,47809e607dd64c2eb165ffad69a5f59da6a3fa0bb6a99a611fb8f01bfbe68ae4,199
runs/user/sqlglot_optimize_spark_bounded_smoke/candidate_sql,PERF_0006__spark.sql,f62b9703f0003551dc4662bf8a7cc045c2090143300bb7d7049b01c5e5d2cc96,1360
runs/user/timing_sqlglot_noop_mysql_smoke/candidate_sql,CONS_0005__mysql.sql,79ae0253f201b9fd754a8c6de183ea70848a58fdb8414675526837e4e86db9ec,96
runs/user/timing_sqlglot_noop_mysql_smoke/candidate_sql,PERF_0006__mysql.sql,33a4fcc230aa2c8f67e6ae340900c4c14b93c3abb8ac4efd712b5b901d5df5ec,1093
runs/user/timing_sqlglot_noop_postgres_smoke/candidate_sql,CONS_0005__postgres.sql,79ae0253f201b9fd754a8c6de183ea70848a58fdb8414675526837e4e86db9ec,96
runs/user/timing_sqlglot_noop_postgres_smoke/candidate_sql,PERF_0006__postgres.sql,33a4fcc230aa2c8f67e6ae340900c4c14b93c3abb8ac4efd712b5b901d5df5ec,1093
runs/user/timing_sqlglot_noop_spark_smoke/candidate_sql,CONS_0005__spark.sql,79ae0253f201b9fd754a8c6de183ea70848a58fdb8414675526837e4e86db9ec,96
runs/user/timing_sqlglot_noop_spark_smoke/candidate_sql,PERF_0006__spark.sql,33a4fcc230aa2c8f67e6ae340900c4c14b93c3abb8ac4efd712b5b901d5df5ec,1093
runs/user/unittest_db_checker_non_db_01c56cb52fd746399525a75c9a9cf9fe/candidate_sql,PERF_0006__postgres.sql,e3745a482938a81b4e74c4ae903aef2bb3cad5ab5db30c2d424a6ec592fa5041,96
runs/user/unittest_db_checker_non_db_01c870cb9b6f40619e5cbc770177d375/candidate_sql,PERF_0006__postgres.sql,e3745a482938a81b4e74c4ae903aef2bb3cad5ab5db30c2d424a6ec592fa5041,96
runs/user/unittest_db_checker_non_db_08d994c578214d5c84a8c21d93c2c55d/candidate_sql,PERF_0006__postgres.sql,e3745a482938a81b4e74c4ae903aef2bb3cad5ab5db30c2d424a6ec592fa5041,96
runs/user/unittest_db_checker_non_db_0a08092d73904a679c8f6ea9ed25f46f/candidate_sql,PERF_0006__postgres.sql,e3745a482938a81b4e74c4ae903aef2bb3cad5ab5db30c2d424a6ec592fa5041,96
runs/user/unittest_db_checker_non_db_0c39caa2bd6e4bda97845a8d8c25efb8/candidate_sql,PERF_0006__postgres.sql,e3745a482938a81b4e74c4ae903aef2bb3cad5ab5db30c2d424a6ec592fa5041,96
runs/user/unittest_db_checker_non_db_10c7978db1b647f49cf62c13d7eae9d7/candidate_sql,PERF_0006__postgres.sql,e3745a482938a81b4e74c4ae903aef2bb3cad5ab5db30c2d424a6ec592fa5041,96
runs/user/unittest_db_checker_non_db_112f3e7d53c14401b16d65373a9d7031/candidate_sql,PERF_0006__postgres.sql,e3745a482938a81b4e74c4ae903aef2bb3cad5ab5db30c2d424a6ec592fa5041,96
runs/user/unittest_db_checker_non_db_1528d3f1a4de455f81833685f4b7786a/candidate_sql,PERF_0006__postgres.sql,e3745a482938a81b4e74c4ae903aef2bb3cad5ab5db30c2d424a6ec592fa5041,96
runs/user/unittest_db_checker_non_db_163ddbdf89bb483482c0563526f10401/candidate_sql,PERF_0006__postgres.sql,e3745a482938a81b4e74c4ae903aef2bb3cad5ab5db30c2d424a6ec592fa5041,96
runs/user/unittest_db_checker_non_db_18646f79fdea4020aff630ba309096dd/candidate_sql,PERF_0006__postgres.sql,e3745a482938a81b4e74c4ae903aef2bb3cad5ab5db30c2d424a6ec592fa5041,96
runs/user/unittest_db_checker_non_db_1a90eb6542f94946aed33085cf32d98a/candidate_sql,PERF_0006__postgres.sql,e3745a482938a81b4e74c4ae903aef2bb3cad5ab5db30c2d424a6ec592fa5041,96
runs/user/unittest_db_checker_non_db_1adbe982b1844302aa07738b21474de4/candidate_sql,PERF_0006__postgres.sql,e3745a482938a81b4e74c4ae903aef2bb3cad5ab5db30c2d424a6ec592fa5041,96
runs/user/unittest_db_checker_non_db_1c4dc01a509e49189ef1b8adf1199d92/candidate_sql,PERF_0006__postgres.sql,e3745a482938a81b4e74c4ae903aef2bb3cad5ab5db30c2d424a6ec592fa5041,96
runs/user/unittest_db_checker_non_db_1e9ae312897f4a9aaca9f233f2f65aed/candidate_sql,PERF_0006__postgres.sql,e3745a482938a81b4e74c4ae903aef2bb3cad5ab5db30c2d424a6ec592fa5041,96
runs/user/unittest_db_checker_non_db_20deb996c0de4a86805a6f32ea75c29d/candidate_sql,PERF_0006__postgres.sql,e3745a482938a81b4e74c4ae903aef2bb3cad5ab5db30c2d424a6ec592fa5041,96
runs/user/unittest_db_checker_non_db_28044e14ba6f4a22ac8685d1ccba4c4b/candidate_sql,PERF_0006__postgres.sql,e3745a482938a81b4e74c4ae903aef2bb3cad5ab5db30c2d424a6ec592fa5041,96
runs/user/unittest_db_checker_non_db_2e2b8f9a7f2c44cbb85629f57cb1a572/candidate_sql,PERF_0006__postgres.sql,e3745a482938a81b4e74c4ae903aef2bb3cad5ab5db30c2d424a6ec592fa5041,96
runs/user/unittest_db_checker_non_db_2ec6b2c3b2ef4ee9a66f9a768d685792/candidate_sql,PERF_0006__postgres.sql,e3745a482938a81b4e74c4ae903aef2bb3cad5ab5db30c2d424a6ec592fa5041,96
runs/user/unittest_db_checker_non_db_33e7470e2dd44a53aa71b445ef89e2ea/candidate_sql,PERF_0006__postgres.sql,e3745a482938a81b4e74c4ae903aef2bb3cad5ab5db30c2d424a6ec592fa5041,96
runs/user/unittest_db_checker_non_db_3426088db62c4cdea58bcb3c9fbff496/candidate_sql,PERF_0006__postgres.sql,e3745a482938a81b4e74c4ae903aef2bb3cad5ab5db30c2d424a6ec592fa5041,96
runs/user/unittest_db_checker_non_db_3429bb8fa1024dc28d9f4dbfe5a6e73d/candidate_sql,PERF_0006__postgres.sql,e3745a482938a81b4e74c4ae903aef2bb3cad5ab5db30c2d424a6ec592fa5041,96
runs/user/unittest_db_checker_non_db_3636c66c5d5f4aa68e6a55b52ef9f993/candidate_sql,PERF_0006__postgres.sql,e3745a482938a81b4e74c4ae903aef2bb3cad5ab5db30c2d424a6ec592fa5041,96
runs/user/unittest_db_checker_non_db_36a894b3fb564b579891ef683a6dc0f6/candidate_sql,PERF_0006__postgres.sql,e3745a482938a81b4e74c4ae903aef2bb3cad5ab5db30c2d424a6ec592fa5041,96
runs/user/unittest_db_checker_non_db_3eca6cb0827448f9a52f9d34f04e83d1/candidate_sql,PERF_0006__postgres.sql,e3745a482938a81b4e74c4ae903aef2bb3cad5ab5db30c2d424a6ec592fa5041,96
runs/user/unittest_db_checker_non_db_3f834b3aca6649be89eaa67522365343/candidate_sql,PERF_0006__postgres.sql,e3745a482938a81b4e74c4ae903aef2bb3cad5ab5db30c2d424a6ec592fa5041,96
runs/user/unittest_db_checker_non_db_4244f2e1402647bb8ebe0e640f90b373/candidate_sql,PERF_0006__postgres.sql,e3745a482938a81b4e74c4ae903aef2bb3cad5ab5db30c2d424a6ec592fa5041,96
runs/user/unittest_db_checker_non_db_432556f13d6f4b96b4f6a2f83860e963/candidate_sql,PERF_0006__postgres.sql,e3745a482938a81b4e74c4ae903aef2bb3cad5ab5db30c2d424a6ec592fa5041,96
runs/user/unittest_db_checker_non_db_43eeb2ac3fbe41afbaae03827a04ff73/candidate_sql,PERF_0006__postgres.sql,e3745a482938a81b4e74c4ae903aef2bb3cad5ab5db30c2d424a6ec592fa5041,96
runs/user/unittest_db_checker_non_db_43f01e5761bf478189fa4898ff9969a6/candidate_sql,PERF_0006__postgres.sql,e3745a482938a81b4e74c4ae903aef2bb3cad5ab5db30c2d424a6ec592fa5041,96
runs/user/unittest_db_checker_non_db_46034a38c12e460987c0fef313c03b05/candidate_sql,PERF_0006__postgres.sql,e3745a482938a81b4e74c4ae903aef2bb3cad5ab5db30c2d424a6ec592fa5041,96
runs/user/unittest_db_checker_non_db_49133742ddaa4c16a1ad4b85ed77d7c4/candidate_sql,PERF_0006__postgres.sql,e3745a482938a81b4e74c4ae903aef2bb3cad5ab5db30c2d424a6ec592fa5041,96
runs/user/unittest_db_checker_non_db_4933fe7822404d409b297136227ff494/candidate_sql,PERF_0006__postgres.sql,e3745a482938a81b4e74c4ae903aef2bb3cad5ab5db30c2d424a6ec592fa5041,96
runs/user/unittest_db_checker_non_db_4c6474e881d1422fbdfecce1745ce81f/candidate_sql,PERF_0006__postgres.sql,e3745a482938a81b4e74c4ae903aef2bb3cad5ab5db30c2d424a6ec592fa5041,96
runs/user/unittest_db_checker_non_db_4dbbff0db82142e886b3fc0c78a8f9ba/candidate_sql,PERF_0006__postgres.sql,e3745a482938a81b4e74c4ae903aef2bb3cad5ab5db30c2d424a6ec592fa5041,96
runs/user/unittest_db_checker_non_db_4ebf06c069974eb9b10c393529cba849/candidate_sql,PERF_0006__postgres.sql,e3745a482938a81b4e74c4ae903aef2bb3cad5ab5db30c2d424a6ec592fa5041,96
runs/user/unittest_db_checker_non_db_566c8e33523941c38c6e327d101a02fa/candidate_sql,PERF_0006__postgres.sql,e3745a482938a81b4e74c4ae903aef2bb3cad5ab5db30c2d424a6ec592fa5041,96
runs/user/unittest_db_checker_non_db_5693f637ada04c7499d830158c8c9bd3/candidate_sql,PERF_0006__postgres.sql,e3745a482938a81b4e74c4ae903aef2bb3cad5ab5db30c2d424a6ec592fa5041,96
runs/user/unittest_db_checker_non_db_576c34d536fd46bba7ed1d143de3bcb7/candidate_sql,PERF_0006__postgres.sql,e3745a482938a81b4e74c4ae903aef2bb3cad5ab5db30c2d424a6ec592fa5041,96
runs/user/unittest_db_checker_non_db_584238b301cd406bb9b1cd1742088c78/candidate_sql,PERF_0006__postgres.sql,e3745a482938a81b4e74c4ae903aef2bb3cad5ab5db30c2d424a6ec592fa5041,96
runs/user/unittest_db_checker_non_db_5885310e9651488998d5ab65f773d6e9/candidate_sql,PERF_0006__postgres.sql,e3745a482938a81b4e74c4ae903aef2bb3cad5ab5db30c2d424a6ec592fa5041,96
runs/user/unittest_db_checker_non_db_5dd45b1b7954468eb00ca76cadf5be2b/candidate_sql,PERF_0006__postgres.sql,e3745a482938a81b4e74c4ae903aef2bb3cad5ab5db30c2d424a6ec592fa5041,96
runs/user/unittest_db_checker_non_db_5f5a3066a0e04f369907c5b0c34584ff/candidate_sql,PERF_0006__postgres.sql,e3745a482938a81b4e74c4ae903aef2bb3cad5ab5db30c2d424a6ec592fa5041,96
runs/user/unittest_db_checker_non_db_5fb7bdda4cc44df797287e26883864cf/candidate_sql,PERF_0006__postgres.sql,e3745a482938a81b4e74c4ae903aef2bb3cad5ab5db30c2d424a6ec592fa5041,96
runs/user/unittest_db_checker_non_db_61f7304234fd448c993d17a2e2ecc6e7/candidate_sql,PERF_0006__postgres.sql,e3745a482938a81b4e74c4ae903aef2bb3cad5ab5db30c2d424a6ec592fa5041,96
runs/user/unittest_db_checker_non_db_64853daa4c0c4635beb7dc8da1aa982f/candidate_sql,PERF_0006__postgres.sql,e3745a482938a81b4e74c4ae903aef2bb3cad5ab5db30c2d424a6ec592fa5041,96
runs/user/unittest_db_checker_non_db_6579ef007d6440d1b0eeb6e2a2222c5c/candidate_sql,PERF_0006__postgres.sql,e3745a482938a81b4e74c4ae903aef2bb3cad5ab5db30c2d424a6ec592fa5041,96
runs/user/unittest_db_checker_non_db_67fe925dfb2c4b7da4572b8d2335adbb/candidate_sql,PERF_0006__postgres.sql,e3745a482938a81b4e74c4ae903aef2bb3cad5ab5db30c2d424a6ec592fa5041,96
runs/user/unittest_db_checker_non_db_69fb4f3c61df4a51b6d94a8d0143b733/candidate_sql,PERF_0006__postgres.sql,e3745a482938a81b4e74c4ae903aef2bb3cad5ab5db30c2d424a6ec592fa5041,96
runs/user/unittest_db_checker_non_db_6a7f6a8a389042f4b0c2ebebed22d7ee/candidate_sql,PERF_0006__postgres.sql,e3745a482938a81b4e74c4ae903aef2bb3cad5ab5db30c2d424a6ec592fa5041,96
runs/user/unittest_db_checker_non_db_6b2c731f62e240349c6660cee9b59814/candidate_sql,PERF_0006__postgres.sql,e3745a482938a81b4e74c4ae903aef2bb3cad5ab5db30c2d424a6ec592fa5041,96
runs/user/unittest_db_checker_non_db_6cab5da8f8d14326901e11d1e4510102/candidate_sql,PERF_0006__postgres.sql,e3745a482938a81b4e74c4ae903aef2bb3cad5ab5db30c2d424a6ec592fa5041,96
runs/user/unittest_db_checker_non_db_709e1ab068184760945ee75bc8f8311e/candidate_sql,PERF_0006__postgres.sql,e3745a482938a81b4e74c4ae903aef2bb3cad5ab5db30c2d424a6ec592fa5041,96
runs/user/unittest_db_checker_non_db_731b95c2b8724076b15779d538593f01/candidate_sql,PERF_0006__postgres.sql,e3745a482938a81b4e74c4ae903aef2bb3cad5ab5db30c2d424a6ec592fa5041,96
runs/user/unittest_db_checker_non_db_787cad6062884b7c8c9c331b218465c4/candidate_sql,PERF_0006__postgres.sql,e3745a482938a81b4e74c4ae903aef2bb3cad5ab5db30c2d424a6ec592fa5041,96
runs/user/unittest_db_checker_non_db_794d31d642f3499b94ee2e6ab8583f20/candidate_sql,PERF_0006__postgres.sql,e3745a482938a81b4e74c4ae903aef2bb3cad5ab5db30c2d424a6ec592fa5041,96
runs/user/unittest_db_checker_non_db_7aa8034313414eec80437c4a4bb66e53/candidate_sql,PERF_0006__postgres.sql,e3745a482938a81b4e74c4ae903aef2bb3cad5ab5db30c2d424a6ec592fa5041,96
runs/user/unittest_db_checker_non_db_7c3ab5a166c24e50b24b0b3808f87534/candidate_sql,PERF_0006__postgres.sql,e3745a482938a81b4e74c4ae903aef2bb3cad5ab5db30c2d424a6ec592fa5041,96
runs/user/unittest_db_checker_non_db_7eee3eb4f046485a9d910a9a502b1ff8/candidate_sql,PERF_0006__postgres.sql,e3745a482938a81b4e74c4ae903aef2bb3cad5ab5db30c2d424a6ec592fa5041,96
runs/user/unittest_db_checker_non_db_85edf77b960f43b698319f875eefcf64/candidate_sql,PERF_0006__postgres.sql,e3745a482938a81b4e74c4ae903aef2bb3cad5ab5db30c2d424a6ec592fa5041,96
runs/user/unittest_db_checker_non_db_8f8c058061194a55880c781546597945/candidate_sql,PERF_0006__postgres.sql,e3745a482938a81b4e74c4ae903aef2bb3cad5ab5db30c2d424a6ec592fa5041,96
runs/user/unittest_db_checker_non_db_90c9bff63afd43b9ad4e1005db949ec4/candidate_sql,PERF_0006__postgres.sql,e3745a482938a81b4e74c4ae903aef2bb3cad5ab5db30c2d424a6ec592fa5041,96
runs/user/unittest_db_checker_non_db_919482c142ce4aeb90d7804f6c1d4981/candidate_sql,PERF_0006__postgres.sql,e3745a482938a81b4e74c4ae903aef2bb3cad5ab5db30c2d424a6ec592fa5041,96
runs/user/unittest_db_checker_non_db_96a637cf539e449e982963675545974d/candidate_sql,PERF_0006__postgres.sql,e3745a482938a81b4e74c4ae903aef2bb3cad5ab5db30c2d424a6ec592fa5041,96
runs/user/unittest_db_checker_non_db_972807c775e84da89fa1c5baa0ec53d8/candidate_sql,PERF_0006__postgres.sql,e3745a482938a81b4e74c4ae903aef2bb3cad5ab5db30c2d424a6ec592fa5041,96
runs/user/unittest_db_checker_non_db_9a6cb5a2bb1b45c7a1c430c20ea5be3c/candidate_sql,PERF_0006__postgres.sql,e3745a482938a81b4e74c4ae903aef2bb3cad5ab5db30c2d424a6ec592fa5041,96
runs/user/unittest_db_checker_non_db_9f29c3dcb0214fbbb6ea5ed4b2d0a4e5/candidate_sql,PERF_0006__postgres.sql,e3745a482938a81b4e74c4ae903aef2bb3cad5ab5db30c2d424a6ec592fa5041,96
runs/user/unittest_db_checker_non_db_a16bc4379b514430b720a3578d6ce2ad/candidate_sql,PERF_0006__postgres.sql,e3745a482938a81b4e74c4ae903aef2bb3cad5ab5db30c2d424a6ec592fa5041,96
runs/user/unittest_db_checker_non_db_a27cc410b8934379a618a4a2563d2261/candidate_sql,PERF_0006__postgres.sql,e3745a482938a81b4e74c4ae903aef2bb3cad5ab5db30c2d424a6ec592fa5041,96
runs/user/unittest_db_checker_non_db_a56b8eea92ae4e65941a3aa9d4d1e81d/candidate_sql,PERF_0006__postgres.sql,e3745a482938a81b4e74c4ae903aef2bb3cad5ab5db30c2d424a6ec592fa5041,96
runs/user/unittest_db_checker_non_db_a57dc3d6a1e94bb3a5f7e78d998456ae/candidate_sql,PERF_0006__postgres.sql,e3745a482938a81b4e74c4ae903aef2bb3cad5ab5db30c2d424a6ec592fa5041,96
runs/user/unittest_db_checker_non_db_a59dcb6884c045909ff788c3887f6b7c/candidate_sql,PERF_0006__postgres.sql,e3745a482938a81b4e74c4ae903aef2bb3cad5ab5db30c2d424a6ec592fa5041,96
runs/user/unittest_db_checker_non_db_a7e92323f45a4d17b58bd082f82bae52/candidate_sql,PERF_0006__postgres.sql,e3745a482938a81b4e74c4ae903aef2bb3cad5ab5db30c2d424a6ec592fa5041,96
runs/user/unittest_db_checker_non_db_a827920cccf647f1a22692324ef5cf66/candidate_sql,PERF_0006__postgres.sql,e3745a482938a81b4e74c4ae903aef2bb3cad5ab5db30c2d424a6ec592fa5041,96
runs/user/unittest_db_checker_non_db_a9a6c7666e204834bdb267df9da100be/candidate_sql,PERF_0006__postgres.sql,e3745a482938a81b4e74c4ae903aef2bb3cad5ab5db30c2d424a6ec592fa5041,96
runs/user/unittest_db_checker_non_db_a9bff1ea291845a2971d649dc037b20b/candidate_sql,PERF_0006__postgres.sql,e3745a482938a81b4e74c4ae903aef2bb3cad5ab5db30c2d424a6ec592fa5041,96
runs/user/unittest_db_checker_non_db_aa5f53c78a644e568df548e5a73047bf/candidate_sql,PERF_0006__postgres.sql,e3745a482938a81b4e74c4ae903aef2bb3cad5ab5db30c2d424a6ec592fa5041,96
runs/user/unittest_db_checker_non_db_ac94dc40473d408f92b1148a646c99f4/candidate_sql,PERF_0006__postgres.sql,e3745a482938a81b4e74c4ae903aef2bb3cad5ab5db30c2d424a6ec592fa5041,96
runs/user/unittest_db_checker_non_db_ad68bae14a1e466792f7c633b2ed2351/candidate_sql,PERF_0006__postgres.sql,e3745a482938a81b4e74c4ae903aef2bb3cad5ab5db30c2d424a6ec592fa5041,96
runs/user/unittest_db_checker_non_db_ae5f1917b3014061b86fe30f251ef472/candidate_sql,PERF_0006__postgres.sql,e3745a482938a81b4e74c4ae903aef2bb3cad5ab5db30c2d424a6ec592fa5041,96
runs/user/unittest_db_checker_non_db_aec0ceee639f449d915107bc0b804884/candidate_sql,PERF_0006__postgres.sql,e3745a482938a81b4e74c4ae903aef2bb3cad5ab5db30c2d424a6ec592fa5041,96
runs/user/unittest_db_checker_non_db_b127130c829342af8914042e09e136d3/candidate_sql,PERF_0006__postgres.sql,e3745a482938a81b4e74c4ae903aef2bb3cad5ab5db30c2d424a6ec592fa5041,96
runs/user/unittest_db_checker_non_db_b38618651f7c4a7e93c85910ab8a1e60/candidate_sql,PERF_0006__postgres.sql,e3745a482938a81b4e74c4ae903aef2bb3cad5ab5db30c2d424a6ec592fa5041,96
runs/user/unittest_db_checker_non_db_b538d32ed6cb4fa899579660463dab8c/candidate_sql,PERF_0006__postgres.sql,e3745a482938a81b4e74c4ae903aef2bb3cad5ab5db30c2d424a6ec592fa5041,96
runs/user/unittest_db_checker_non_db_b94dcbd610a24486aee2d7552391409a/candidate_sql,PERF_0006__postgres.sql,e3745a482938a81b4e74c4ae903aef2bb3cad5ab5db30c2d424a6ec592fa5041,96
runs/user/unittest_db_checker_non_db_ba99162d2fcc48f0ab3a641dcf16fed8/candidate_sql,PERF_0006__postgres.sql,e3745a482938a81b4e74c4ae903aef2bb3cad5ab5db30c2d424a6ec592fa5041,96
runs/user/unittest_db_checker_non_db_bc7a8dc1214b4adc85242b4bf626d93e/candidate_sql,PERF_0006__postgres.sql,e3745a482938a81b4e74c4ae903aef2bb3cad5ab5db30c2d424a6ec592fa5041,96
runs/user/unittest_db_checker_non_db_bcf914f1ed384e06a8e87e2403f23127/candidate_sql,PERF_0006__postgres.sql,e3745a482938a81b4e74c4ae903aef2bb3cad5ab5db30c2d424a6ec592fa5041,96
runs/user/unittest_db_checker_non_db_bda9aafc265145a4aad07cd44cc0b29e/candidate_sql,PERF_0006__postgres.sql,e3745a482938a81b4e74c4ae903aef2bb3cad5ab5db30c2d424a6ec592fa5041,96
runs/user/unittest_db_checker_non_db_c0003a15ac88434fbe9e11e697fd4b3f/candidate_sql,PERF_0006__postgres.sql,e3745a482938a81b4e74c4ae903aef2bb3cad5ab5db30c2d424a6ec592fa5041,96
runs/user/unittest_db_checker_non_db_c05c31e12f82449686411cc2ae3c9b9e/candidate_sql,PERF_0006__postgres.sql,e3745a482938a81b4e74c4ae903aef2bb3cad5ab5db30c2d424a6ec592fa5041,96
runs/user/unittest_db_checker_non_db_c186cfc5e50346c2b149ffeb2d3d0dc3/candidate_sql,PERF_0006__postgres.sql,e3745a482938a81b4e74c4ae903aef2bb3cad5ab5db30c2d424a6ec592fa5041,96
runs/user/unittest_db_checker_non_db_c1f22e1890a34fdc9ccc627152ee6c28/candidate_sql,PERF_0006__postgres.sql,e3745a482938a81b4e74c4ae903aef2bb3cad5ab5db30c2d424a6ec592fa5041,96
runs/user/unittest_db_checker_non_db_c2fe1f012e984dc996a60edf79183da9/candidate_sql,PERF_0006__postgres.sql,e3745a482938a81b4e74c4ae903aef2bb3cad5ab5db30c2d424a6ec592fa5041,96
runs/user/unittest_db_checker_non_db_c7cd30568fcd484596e60f5c314a69d3/candidate_sql,PERF_0006__postgres.sql,e3745a482938a81b4e74c4ae903aef2bb3cad5ab5db30c2d424a6ec592fa5041,96
runs/user/unittest_db_checker_non_db_c8b9af1e0c66407e90aff3b35f233fc7/candidate_sql,PERF_0006__postgres.sql,e3745a482938a81b4e74c4ae903aef2bb3cad5ab5db30c2d424a6ec592fa5041,96
runs/user/unittest_db_checker_non_db_cd4ef12c9671466bb4a2698cf05c70ec/candidate_sql,PERF_0006__postgres.sql,e3745a482938a81b4e74c4ae903aef2bb3cad5ab5db30c2d424a6ec592fa5041,96
runs/user/unittest_db_checker_non_db_d020efcb2a234004a04ff1af483517ab/candidate_sql,PERF_0006__postgres.sql,e3745a482938a81b4e74c4ae903aef2bb3cad5ab5db30c2d424a6ec592fa5041,96
runs/user/unittest_db_checker_non_db_d1b4d3b18419430db618f8b308cd93aa/candidate_sql,PERF_0006__postgres.sql,e3745a482938a81b4e74c4ae903aef2bb3cad5ab5db30c2d424a6ec592fa5041,96
runs/user/unittest_db_checker_non_db_d579fb143f014d368c79454531afb50a/candidate_sql,PERF_0006__postgres.sql,e3745a482938a81b4e74c4ae903aef2bb3cad5ab5db30c2d424a6ec592fa5041,96
runs/user/unittest_db_checker_non_db_dbd11bd634ca407f851714632b4a649e/candidate_sql,PERF_0006__postgres.sql,e3745a482938a81b4e74c4ae903aef2bb3cad5ab5db30c2d424a6ec592fa5041,96
runs/user/unittest_db_checker_non_db_dcf48b97038542839b5fd2f1f5551ff7/candidate_sql,PERF_0006__postgres.sql,e3745a482938a81b4e74c4ae903aef2bb3cad5ab5db30c2d424a6ec592fa5041,96
runs/user/unittest_db_checker_non_db_dee8efc9a13144ababb45091c06a3b35/candidate_sql,PERF_0006__postgres.sql,e3745a482938a81b4e74c4ae903aef2bb3cad5ab5db30c2d424a6ec592fa5041,96
runs/user/unittest_db_checker_non_db_deff9114735b4addaa313060f5c6102d/candidate_sql,PERF_0006__postgres.sql,e3745a482938a81b4e74c4ae903aef2bb3cad5ab5db30c2d424a6ec592fa5041,96
runs/user/unittest_db_checker_non_db_e422227a774947999e6143371d66d08f/candidate_sql,PERF_0006__postgres.sql,e3745a482938a81b4e74c4ae903aef2bb3cad5ab5db30c2d424a6ec592fa5041,96
runs/user/unittest_db_checker_non_db_e9b222346efb49728a1875cc8a2670d2/candidate_sql,PERF_0006__postgres.sql,e3745a482938a81b4e74c4ae903aef2bb3cad5ab5db30c2d424a6ec592fa5041,96
runs/user/unittest_db_checker_non_db_f17d53cb92714d80b5a9107ac9589659/candidate_sql,PERF_0006__postgres.sql,e3745a482938a81b4e74c4ae903aef2bb3cad5ab5db30c2d424a6ec592fa5041,96
runs/user/unittest_db_checker_non_db_f216df78685e4f14995cf2f0304560ca/candidate_sql,PERF_0006__postgres.sql,e3745a482938a81b4e74c4ae903aef2bb3cad5ab5db30c2d424a6ec592fa5041,96
runs/user/unittest_db_checker_non_db_ff9cdb1d1359456a8278a7a1f7e2cbe5/candidate_sql,PERF_0006__postgres.sql,e3745a482938a81b4e74c4ae903aef2bb3cad5ab5db30c2d424a6ec592fa5041,96
runs/user/unittest_public_smoke_0310f710a5db4250baa9e25cf452b28d/candidate_sql,CONS_0005__postgres.sql,7fb55d0e5e79d59f62e4eefa8782ae34ec9e5fc7d5d83d74f6c8537aaec060cf,104
runs/user/unittest_public_smoke_0310f710a5db4250baa9e25cf452b28d/candidate_sql,PERF_0006__postgres.sql,250256397b1969ed1f7080c201b9440b0c917720508edf89497dab51e841562b,1071
runs/user/unittest_public_smoke_033a436f343c44bab52c69877eae1de0/candidate_sql,CONS_0005__postgres.sql,7fb55d0e5e79d59f62e4eefa8782ae34ec9e5fc7d5d83d74f6c8537aaec060cf,104
runs/user/unittest_public_smoke_033a436f343c44bab52c69877eae1de0/candidate_sql,PERF_0006__postgres.sql,250256397b1969ed1f7080c201b9440b0c917720508edf89497dab51e841562b,1071
runs/user/unittest_public_smoke_0609d407ad1740fca27d16ab1993c5c4/candidate_sql,CONS_0005__postgres.sql,7fb55d0e5e79d59f62e4eefa8782ae34ec9e5fc7d5d83d74f6c8537aaec060cf,104
runs/user/unittest_public_smoke_0609d407ad1740fca27d16ab1993c5c4/candidate_sql,PERF_0006__postgres.sql,250256397b1969ed1f7080c201b9440b0c917720508edf89497dab51e841562b,1071
runs/user/unittest_public_smoke_06b516b175374d7baa246b80bed04939/candidate_sql,CONS_0005__postgres.sql,7fb55d0e5e79d59f62e4eefa8782ae34ec9e5fc7d5d83d74f6c8537aaec060cf,104
runs/user/unittest_public_smoke_06b516b175374d7baa246b80bed04939/candidate_sql,PERF_0006__postgres.sql,250256397b1969ed1f7080c201b9440b0c917720508edf89497dab51e841562b,1071
runs/user/unittest_public_smoke_080bfb4fbeeb4381a76dc49c8975a44c/candidate_sql,CONS_0005__postgres.sql,7fb55d0e5e79d59f62e4eefa8782ae34ec9e5fc7d5d83d74f6c8537aaec060cf,104
runs/user/unittest_public_smoke_080bfb4fbeeb4381a76dc49c8975a44c/candidate_sql,PERF_0006__postgres.sql,250256397b1969ed1f7080c201b9440b0c917720508edf89497dab51e841562b,1071
runs/user/unittest_public_smoke_0a5a6d5f084b457293344bebc622daa8/candidate_sql,CONS_0005__postgres.sql,7fb55d0e5e79d59f62e4eefa8782ae34ec9e5fc7d5d83d74f6c8537aaec060cf,104
runs/user/unittest_public_smoke_0a5a6d5f084b457293344bebc622daa8/candidate_sql,PERF_0006__postgres.sql,250256397b1969ed1f7080c201b9440b0c917720508edf89497dab51e841562b,1071
runs/user/unittest_public_smoke_0d8ff179ada44d659ab166539d792fb1/candidate_sql,CONS_0005__postgres.sql,7fb55d0e5e79d59f62e4eefa8782ae34ec9e5fc7d5d83d74f6c8537aaec060cf,104
runs/user/unittest_public_smoke_0d8ff179ada44d659ab166539d792fb1/candidate_sql,PERF_0006__postgres.sql,250256397b1969ed1f7080c201b9440b0c917720508edf89497dab51e841562b,1071
runs/user/unittest_public_smoke_0e95268423e84be3a33ede2f27c11140/candidate_sql,CONS_0005__postgres.sql,7fb55d0e5e79d59f62e4eefa8782ae34ec9e5fc7d5d83d74f6c8537aaec060cf,104
runs/user/unittest_public_smoke_0e95268423e84be3a33ede2f27c11140/candidate_sql,PERF_0006__postgres.sql,250256397b1969ed1f7080c201b9440b0c917720508edf89497dab51e841562b,1071
runs/user/unittest_public_smoke_0f116efa714846a49be4aa0d6fa33b28/candidate_sql,CONS_0005__postgres.sql,7fb55d0e5e79d59f62e4eefa8782ae34ec9e5fc7d5d83d74f6c8537aaec060cf,104
runs/user/unittest_public_smoke_0f116efa714846a49be4aa0d6fa33b28/candidate_sql,PERF_0006__postgres.sql,250256397b1969ed1f7080c201b9440b0c917720508edf89497dab51e841562b,1071
runs/user/unittest_public_smoke_10c1a21156644fd8971a71bcc3c55b5f/candidate_sql,CONS_0005__postgres.sql,7fb55d0e5e79d59f62e4eefa8782ae34ec9e5fc7d5d83d74f6c8537aaec060cf,104
runs/user/unittest_public_smoke_10c1a21156644fd8971a71bcc3c55b5f/candidate_sql,PERF_0006__postgres.sql,250256397b1969ed1f7080c201b9440b0c917720508edf89497dab51e841562b,1071
runs/user/unittest_public_smoke_115f018e6a694582ad22117b5f415f0c/candidate_sql,CONS_0005__postgres.sql,7fb55d0e5e79d59f62e4eefa8782ae34ec9e5fc7d5d83d74f6c8537aaec060cf,104
runs/user/unittest_public_smoke_115f018e6a694582ad22117b5f415f0c/candidate_sql,PERF_0006__postgres.sql,250256397b1969ed1f7080c201b9440b0c917720508edf89497dab51e841562b,1071
runs/user/unittest_public_smoke_1569c52df5e14cc99aa280e9ab6c3101/candidate_sql,CONS_0005__postgres.sql,7fb55d0e5e79d59f62e4eefa8782ae34ec9e5fc7d5d83d74f6c8537aaec060cf,104
runs/user/unittest_public_smoke_1569c52df5e14cc99aa280e9ab6c3101/candidate_sql,PERF_0006__postgres.sql,250256397b1969ed1f7080c201b9440b0c917720508edf89497dab51e841562b,1071
runs/user/unittest_public_smoke_17576f9ed0164a4c8e0d514b4c66136e/candidate_sql,CONS_0005__postgres.sql,7fb55d0e5e79d59f62e4eefa8782ae34ec9e5fc7d5d83d74f6c8537aaec060cf,104
runs/user/unittest_public_smoke_17576f9ed0164a4c8e0d514b4c66136e/candidate_sql,PERF_0006__postgres.sql,250256397b1969ed1f7080c201b9440b0c917720508edf89497dab51e841562b,1071
runs/user/unittest_public_smoke_1aeec15481b2444aa48c187a9f99151c/candidate_sql,CONS_0005__postgres.sql,7fb55d0e5e79d59f62e4eefa8782ae34ec9e5fc7d5d83d74f6c8537aaec060cf,104
runs/user/unittest_public_smoke_1aeec15481b2444aa48c187a9f99151c/candidate_sql,PERF_0006__postgres.sql,250256397b1969ed1f7080c201b9440b0c917720508edf89497dab51e841562b,1071
runs/user/unittest_public_smoke_1d89be1aa0704c3995d2c06f030b7b92/candidate_sql,CONS_0005__postgres.sql,7fb55d0e5e79d59f62e4eefa8782ae34ec9e5fc7d5d83d74f6c8537aaec060cf,104
runs/user/unittest_public_smoke_1d89be1aa0704c3995d2c06f030b7b92/candidate_sql,PERF_0006__postgres.sql,250256397b1969ed1f7080c201b9440b0c917720508edf89497dab51e841562b,1071
runs/user/unittest_public_smoke_2055fd6d63dd4a57ad7e23efe8ed4a04/candidate_sql,CONS_0005__postgres.sql,7fb55d0e5e79d59f62e4eefa8782ae34ec9e5fc7d5d83d74f6c8537aaec060cf,104
runs/user/unittest_public_smoke_2055fd6d63dd4a57ad7e23efe8ed4a04/candidate_sql,PERF_0006__postgres.sql,250256397b1969ed1f7080c201b9440b0c917720508edf89497dab51e841562b,1071
runs/user/unittest_public_smoke_215891424b1049b7a55f96a9a757e7a6/candidate_sql,CONS_0005__postgres.sql,7fb55d0e5e79d59f62e4eefa8782ae34ec9e5fc7d5d83d74f6c8537aaec060cf,104
runs/user/unittest_public_smoke_215891424b1049b7a55f96a9a757e7a6/candidate_sql,PERF_0006__postgres.sql,250256397b1969ed1f7080c201b9440b0c917720508edf89497dab51e841562b,1071
runs/user/unittest_public_smoke_23789cd4ad714352b416c96976cb6363/candidate_sql,CONS_0005__postgres.sql,7fb55d0e5e79d59f62e4eefa8782ae34ec9e5fc7d5d83d74f6c8537aaec060cf,104
runs/user/unittest_public_smoke_23789cd4ad714352b416c96976cb6363/candidate_sql,PERF_0006__postgres.sql,250256397b1969ed1f7080c201b9440b0c917720508edf89497dab51e841562b,1071
runs/user/unittest_public_smoke_24ea14b25aeb49e891e6fcca262db2cb/candidate_sql,CONS_0005__postgres.sql,7fb55d0e5e79d59f62e4eefa8782ae34ec9e5fc7d5d83d74f6c8537aaec060cf,104
runs/user/unittest_public_smoke_24ea14b25aeb49e891e6fcca262db2cb/candidate_sql,PERF_0006__postgres.sql,250256397b1969ed1f7080c201b9440b0c917720508edf89497dab51e841562b,1071
runs/user/unittest_public_smoke_281455a2f21443e1aebb6008893c1777/candidate_sql,CONS_0005__postgres.sql,7fb55d0e5e79d59f62e4eefa8782ae34ec9e5fc7d5d83d74f6c8537aaec060cf,104
runs/user/unittest_public_smoke_281455a2f21443e1aebb6008893c1777/candidate_sql,PERF_0006__postgres.sql,250256397b1969ed1f7080c201b9440b0c917720508edf89497dab51e841562b,1071
runs/user/unittest_public_smoke_294339a0249341428e55cec9f8c4b4e1/candidate_sql,CONS_0005__postgres.sql,7fb55d0e5e79d59f62e4eefa8782ae34ec9e5fc7d5d83d74f6c8537aaec060cf,104
runs/user/unittest_public_smoke_294339a0249341428e55cec9f8c4b4e1/candidate_sql,PERF_0006__postgres.sql,250256397b1969ed1f7080c201b9440b0c917720508edf89497dab51e841562b,1071
runs/user/unittest_public_smoke_2c48ea57df154621ba99bba1c08f71f3/candidate_sql,CONS_0005__postgres.sql,7fb55d0e5e79d59f62e4eefa8782ae34ec9e5fc7d5d83d74f6c8537aaec060cf,104
runs/user/unittest_public_smoke_2c48ea57df154621ba99bba1c08f71f3/candidate_sql,PERF_0006__postgres.sql,250256397b1969ed1f7080c201b9440b0c917720508edf89497dab51e841562b,1071
runs/user/unittest_public_smoke_36bdbb877ef94b7daad4d0a57d3797ba/candidate_sql,CONS_0005__postgres.sql,7fb55d0e5e79d59f62e4eefa8782ae34ec9e5fc7d5d83d74f6c8537aaec060cf,104
runs/user/unittest_public_smoke_36bdbb877ef94b7daad4d0a57d3797ba/candidate_sql,PERF_0006__postgres.sql,250256397b1969ed1f7080c201b9440b0c917720508edf89497dab51e841562b,1071
runs/user/unittest_public_smoke_3842a14afbf242e78c1410ca0de681cb/candidate_sql,CONS_0005__postgres.sql,7fb55d0e5e79d59f62e4eefa8782ae34ec9e5fc7d5d83d74f6c8537aaec060cf,104
runs/user/unittest_public_smoke_3842a14afbf242e78c1410ca0de681cb/candidate_sql,PERF_0006__postgres.sql,250256397b1969ed1f7080c201b9440b0c917720508edf89497dab51e841562b,1071
runs/user/unittest_public_smoke_43c04f9974bf47f7a386b547992e865f/candidate_sql,CONS_0005__postgres.sql,7fb55d0e5e79d59f62e4eefa8782ae34ec9e5fc7d5d83d74f6c8537aaec060cf,104
runs/user/unittest_public_smoke_43c04f9974bf47f7a386b547992e865f/candidate_sql,PERF_0006__postgres.sql,250256397b1969ed1f7080c201b9440b0c917720508edf89497dab51e841562b,1071
runs/user/unittest_public_smoke_47e86c41c2264b54992ce4ae02da1c3e/candidate_sql,CONS_0005__postgres.sql,7fb55d0e5e79d59f62e4eefa8782ae34ec9e5fc7d5d83d74f6c8537aaec060cf,104
runs/user/unittest_public_smoke_47e86c41c2264b54992ce4ae02da1c3e/candidate_sql,PERF_0006__postgres.sql,250256397b1969ed1f7080c201b9440b0c917720508edf89497dab51e841562b,1071
runs/user/unittest_public_smoke_483f98287f0f4fdf98259f7235b8d9a7/candidate_sql,CONS_0005__postgres.sql,7fb55d0e5e79d59f62e4eefa8782ae34ec9e5fc7d5d83d74f6c8537aaec060cf,104
runs/user/unittest_public_smoke_483f98287f0f4fdf98259f7235b8d9a7/candidate_sql,PERF_0006__postgres.sql,250256397b1969ed1f7080c201b9440b0c917720508edf89497dab51e841562b,1071
runs/user/unittest_public_smoke_4bb02e80d4224e69980f8d70419c469b/candidate_sql,CONS_0005__postgres.sql,7fb55d0e5e79d59f62e4eefa8782ae34ec9e5fc7d5d83d74f6c8537aaec060cf,104
runs/user/unittest_public_smoke_4bb02e80d4224e69980f8d70419c469b/candidate_sql,PERF_0006__postgres.sql,250256397b1969ed1f7080c201b9440b0c917720508edf89497dab51e841562b,1071
runs/user/unittest_public_smoke_4ddf0d12d2674db89815c832da717dcd/candidate_sql,CONS_0005__postgres.sql,7fb55d0e5e79d59f62e4eefa8782ae34ec9e5fc7d5d83d74f6c8537aaec060cf,104
runs/user/unittest_public_smoke_4ddf0d12d2674db89815c832da717dcd/candidate_sql,PERF_0006__postgres.sql,250256397b1969ed1f7080c201b9440b0c917720508edf89497dab51e841562b,1071
runs/user/unittest_public_smoke_503a82769446485d9fb1475a01ff38d8/candidate_sql,CONS_0005__postgres.sql,7fb55d0e5e79d59f62e4eefa8782ae34ec9e5fc7d5d83d74f6c8537aaec060cf,104
runs/user/unittest_public_smoke_503a82769446485d9fb1475a01ff38d8/candidate_sql,PERF_0006__postgres.sql,250256397b1969ed1f7080c201b9440b0c917720508edf89497dab51e841562b,1071
runs/user/unittest_public_smoke_50ee28d6014b42899b908588f7ee8128/candidate_sql,CONS_0005__postgres.sql,7fb55d0e5e79d59f62e4eefa8782ae34ec9e5fc7d5d83d74f6c8537aaec060cf,104
runs/user/unittest_public_smoke_50ee28d6014b42899b908588f7ee8128/candidate_sql,PERF_0006__postgres.sql,250256397b1969ed1f7080c201b9440b0c917720508edf89497dab51e841562b,1071
runs/user/unittest_public_smoke_5304c14cabb34c2281cce7e38802d0ee/candidate_sql,CONS_0005__postgres.sql,7fb55d0e5e79d59f62e4eefa8782ae34ec9e5fc7d5d83d74f6c8537aaec060cf,104
runs/user/unittest_public_smoke_5304c14cabb34c2281cce7e38802d0ee/candidate_sql,PERF_0006__postgres.sql,250256397b1969ed1f7080c201b9440b0c917720508edf89497dab51e841562b,1071
runs/user/unittest_public_smoke_531e47fa939e4a6c84adb116ee3a2482/candidate_sql,CONS_0005__postgres.sql,7fb55d0e5e79d59f62e4eefa8782ae34ec9e5fc7d5d83d74f6c8537aaec060cf,104
runs/user/unittest_public_smoke_531e47fa939e4a6c84adb116ee3a2482/candidate_sql,PERF_0006__postgres.sql,250256397b1969ed1f7080c201b9440b0c917720508edf89497dab51e841562b,1071
runs/user/unittest_public_smoke_53b4982a91e64fcc887d171aaa00696d/candidate_sql,CONS_0005__postgres.sql,7fb55d0e5e79d59f62e4eefa8782ae34ec9e5fc7d5d83d74f6c8537aaec060cf,104
runs/user/unittest_public_smoke_53b4982a91e64fcc887d171aaa00696d/candidate_sql,PERF_0006__postgres.sql,250256397b1969ed1f7080c201b9440b0c917720508edf89497dab51e841562b,1071
runs/user/unittest_public_smoke_544c4d18b5e94b01a2c75745fca08876/candidate_sql,CONS_0005__postgres.sql,7fb55d0e5e79d59f62e4eefa8782ae34ec9e5fc7d5d83d74f6c8537aaec060cf,104
runs/user/unittest_public_smoke_544c4d18b5e94b01a2c75745fca08876/candidate_sql,PERF_0006__postgres.sql,250256397b1969ed1f7080c201b9440b0c917720508edf89497dab51e841562b,1071
runs/user/unittest_public_smoke_5843f7565ad04863a8ece8b8757063de/candidate_sql,CONS_0005__postgres.sql,7fb55d0e5e79d59f62e4eefa8782ae34ec9e5fc7d5d83d74f6c8537aaec060cf,104
runs/user/unittest_public_smoke_5843f7565ad04863a8ece8b8757063de/candidate_sql,PERF_0006__postgres.sql,250256397b1969ed1f7080c201b9440b0c917720508edf89497dab51e841562b,1071
runs/user/unittest_public_smoke_590ce435e5624671b324aef810acf152/candidate_sql,CONS_0005__postgres.sql,7fb55d0e5e79d59f62e4eefa8782ae34ec9e5fc7d5d83d74f6c8537aaec060cf,104
runs/user/unittest_public_smoke_590ce435e5624671b324aef810acf152/candidate_sql,PERF_0006__postgres.sql,250256397b1969ed1f7080c201b9440b0c917720508edf89497dab51e841562b,1071
runs/user/unittest_public_smoke_5b467a328df9476c9b5ff4d9c5199c16/candidate_sql,CONS_0005__postgres.sql,7fb55d0e5e79d59f62e4eefa8782ae34ec9e5fc7d5d83d74f6c8537aaec060cf,104
runs/user/unittest_public_smoke_5b467a328df9476c9b5ff4d9c5199c16/candidate_sql,PERF_0006__postgres.sql,250256397b1969ed1f7080c201b9440b0c917720508edf89497dab51e841562b,1071
runs/user/unittest_public_smoke_645b9cc2a142454ebd5c3f379962995a/candidate_sql,CONS_0005__postgres.sql,7fb55d0e5e79d59f62e4eefa8782ae34ec9e5fc7d5d83d74f6c8537aaec060cf,104
runs/user/unittest_public_smoke_645b9cc2a142454ebd5c3f379962995a/candidate_sql,PERF_0006__postgres.sql,250256397b1969ed1f7080c201b9440b0c917720508edf89497dab51e841562b,1071
runs/user/unittest_public_smoke_68523983a1904784ab315d326d3b73aa/candidate_sql,CONS_0005__postgres.sql,7fb55d0e5e79d59f62e4eefa8782ae34ec9e5fc7d5d83d74f6c8537aaec060cf,104
runs/user/unittest_public_smoke_68523983a1904784ab315d326d3b73aa/candidate_sql,PERF_0006__postgres.sql,250256397b1969ed1f7080c201b9440b0c917720508edf89497dab51e841562b,1071
runs/user/unittest_public_smoke_68e05d1c781c4577bbcdeb7a86c9ebd6/candidate_sql,CONS_0005__postgres.sql,7fb55d0e5e79d59f62e4eefa8782ae34ec9e5fc7d5d83d74f6c8537aaec060cf,104
runs/user/unittest_public_smoke_68e05d1c781c4577bbcdeb7a86c9ebd6/candidate_sql,PERF_0006__postgres.sql,250256397b1969ed1f7080c201b9440b0c917720508edf89497dab51e841562b,1071
runs/user/unittest_public_smoke_7603b29e2f884483aacd60c212ea52fa/candidate_sql,CONS_0005__postgres.sql,7fb55d0e5e79d59f62e4eefa8782ae34ec9e5fc7d5d83d74f6c8537aaec060cf,104
runs/user/unittest_public_smoke_7603b29e2f884483aacd60c212ea52fa/candidate_sql,PERF_0006__postgres.sql,250256397b1969ed1f7080c201b9440b0c917720508edf89497dab51e841562b,1071
runs/user/unittest_public_smoke_76da591671e84262861eb17299c331d9/candidate_sql,CONS_0005__postgres.sql,7fb55d0e5e79d59f62e4eefa8782ae34ec9e5fc7d5d83d74f6c8537aaec060cf,104
runs/user/unittest_public_smoke_76da591671e84262861eb17299c331d9/candidate_sql,PERF_0006__postgres.sql,250256397b1969ed1f7080c201b9440b0c917720508edf89497dab51e841562b,1071
runs/user/unittest_public_smoke_7ba5698e9d63476688d8ef0b81f17f61/candidate_sql,CONS_0005__postgres.sql,7fb55d0e5e79d59f62e4eefa8782ae34ec9e5fc7d5d83d74f6c8537aaec060cf,104
runs/user/unittest_public_smoke_7ba5698e9d63476688d8ef0b81f17f61/candidate_sql,PERF_0006__postgres.sql,250256397b1969ed1f7080c201b9440b0c917720508edf89497dab51e841562b,1071
runs/user/unittest_public_smoke_7c871cddde32461a80aad0d71dfe7b6b/candidate_sql,CONS_0005__postgres.sql,7fb55d0e5e79d59f62e4eefa8782ae34ec9e5fc7d5d83d74f6c8537aaec060cf,104
runs/user/unittest_public_smoke_7c871cddde32461a80aad0d71dfe7b6b/candidate_sql,PERF_0006__postgres.sql,250256397b1969ed1f7080c201b9440b0c917720508edf89497dab51e841562b,1071
runs/user/unittest_public_smoke_7d885a50e6684f8eb33444889d6c19d2/candidate_sql,CONS_0005__postgres.sql,7fb55d0e5e79d59f62e4eefa8782ae34ec9e5fc7d5d83d74f6c8537aaec060cf,104
runs/user/unittest_public_smoke_7d885a50e6684f8eb33444889d6c19d2/candidate_sql,PERF_0006__postgres.sql,250256397b1969ed1f7080c201b9440b0c917720508edf89497dab51e841562b,1071
runs/user/unittest_public_smoke_7f822b0e51c74990b207384078cabe74/candidate_sql,CONS_0005__postgres.sql,7fb55d0e5e79d59f62e4eefa8782ae34ec9e5fc7d5d83d74f6c8537aaec060cf,104
runs/user/unittest_public_smoke_7f822b0e51c74990b207384078cabe74/candidate_sql,PERF_0006__postgres.sql,250256397b1969ed1f7080c201b9440b0c917720508edf89497dab51e841562b,1071
runs/user/unittest_public_smoke_838a323ce1234845af0eedeb58ae6219/candidate_sql,CONS_0005__postgres.sql,7fb55d0e5e79d59f62e4eefa8782ae34ec9e5fc7d5d83d74f6c8537aaec060cf,104
runs/user/unittest_public_smoke_838a323ce1234845af0eedeb58ae6219/candidate_sql,PERF_0006__postgres.sql,250256397b1969ed1f7080c201b9440b0c917720508edf89497dab51e841562b,1071
runs/user/unittest_public_smoke_85532d5dcec441659edf2e6f296911b6/candidate_sql,CONS_0005__postgres.sql,7fb55d0e5e79d59f62e4eefa8782ae34ec9e5fc7d5d83d74f6c8537aaec060cf,104
runs/user/unittest_public_smoke_85532d5dcec441659edf2e6f296911b6/candidate_sql,PERF_0006__postgres.sql,250256397b1969ed1f7080c201b9440b0c917720508edf89497dab51e841562b,1071
runs/user/unittest_public_smoke_87945d7743c04d82892092fca875bec7/candidate_sql,CONS_0005__postgres.sql,7fb55d0e5e79d59f62e4eefa8782ae34ec9e5fc7d5d83d74f6c8537aaec060cf,104
runs/user/unittest_public_smoke_87945d7743c04d82892092fca875bec7/candidate_sql,PERF_0006__postgres.sql,250256397b1969ed1f7080c201b9440b0c917720508edf89497dab51e841562b,1071
runs/user/unittest_public_smoke_8a8e7e6b60834d428369eefc1836f854/candidate_sql,CONS_0005__postgres.sql,7fb55d0e5e79d59f62e4eefa8782ae34ec9e5fc7d5d83d74f6c8537aaec060cf,104
runs/user/unittest_public_smoke_8a8e7e6b60834d428369eefc1836f854/candidate_sql,PERF_0006__postgres.sql,250256397b1969ed1f7080c201b9440b0c917720508edf89497dab51e841562b,1071
runs/user/unittest_public_smoke_8ccffc6068d0458e8d92b4f17520b6c0/candidate_sql,CONS_0005__postgres.sql,7fb55d0e5e79d59f62e4eefa8782ae34ec9e5fc7d5d83d74f6c8537aaec060cf,104
runs/user/unittest_public_smoke_8ccffc6068d0458e8d92b4f17520b6c0/candidate_sql,PERF_0006__postgres.sql,250256397b1969ed1f7080c201b9440b0c917720508edf89497dab51e841562b,1071
runs/user/unittest_public_smoke_8f7516a1d93240d8886de8192230d926/candidate_sql,CONS_0005__postgres.sql,7fb55d0e5e79d59f62e4eefa8782ae34ec9e5fc7d5d83d74f6c8537aaec060cf,104
runs/user/unittest_public_smoke_8f7516a1d93240d8886de8192230d926/candidate_sql,PERF_0006__postgres.sql,250256397b1969ed1f7080c201b9440b0c917720508edf89497dab51e841562b,1071
runs/user/unittest_public_smoke_934aed43af684a30b0ddd9858af7cbee/candidate_sql,CONS_0005__postgres.sql,7fb55d0e5e79d59f62e4eefa8782ae34ec9e5fc7d5d83d74f6c8537aaec060cf,104
runs/user/unittest_public_smoke_934aed43af684a30b0ddd9858af7cbee/candidate_sql,PERF_0006__postgres.sql,250256397b1969ed1f7080c201b9440b0c917720508edf89497dab51e841562b,1071
runs/user/unittest_public_smoke_99d0709853c3463d89f3f24c89afd1c9/candidate_sql,CONS_0005__postgres.sql,7fb55d0e5e79d59f62e4eefa8782ae34ec9e5fc7d5d83d74f6c8537aaec060cf,104
runs/user/unittest_public_smoke_99d0709853c3463d89f3f24c89afd1c9/candidate_sql,PERF_0006__postgres.sql,250256397b1969ed1f7080c201b9440b0c917720508edf89497dab51e841562b,1071
runs/user/unittest_public_smoke_9b823f075b34425d8b8440a1dcd084cd/candidate_sql,CONS_0005__postgres.sql,7fb55d0e5e79d59f62e4eefa8782ae34ec9e5fc7d5d83d74f6c8537aaec060cf,104
runs/user/unittest_public_smoke_9b823f075b34425d8b8440a1dcd084cd/candidate_sql,PERF_0006__postgres.sql,250256397b1969ed1f7080c201b9440b0c917720508edf89497dab51e841562b,1071
runs/user/unittest_public_smoke_9d38d0e04e0844f8b607316727bfc455/candidate_sql,CONS_0005__postgres.sql,7fb55d0e5e79d59f62e4eefa8782ae34ec9e5fc7d5d83d74f6c8537aaec060cf,104
runs/user/unittest_public_smoke_9d38d0e04e0844f8b607316727bfc455/candidate_sql,PERF_0006__postgres.sql,250256397b1969ed1f7080c201b9440b0c917720508edf89497dab51e841562b,1071
runs/user/unittest_public_smoke_9d72ba3c96514e62b8bada802ce0b171/candidate_sql,CONS_0005__postgres.sql,7fb55d0e5e79d59f62e4eefa8782ae34ec9e5fc7d5d83d74f6c8537aaec060cf,104
runs/user/unittest_public_smoke_9d72ba3c96514e62b8bada802ce0b171/candidate_sql,PERF_0006__postgres.sql,250256397b1969ed1f7080c201b9440b0c917720508edf89497dab51e841562b,1071
runs/user/unittest_public_smoke_9f7e7766825c422a820099958b286e74/candidate_sql,CONS_0005__postgres.sql,7fb55d0e5e79d59f62e4eefa8782ae34ec9e5fc7d5d83d74f6c8537aaec060cf,104
runs/user/unittest_public_smoke_9f7e7766825c422a820099958b286e74/candidate_sql,PERF_0006__postgres.sql,250256397b1969ed1f7080c201b9440b0c917720508edf89497dab51e841562b,1071
runs/user/unittest_public_smoke_9fcef0021bea43c583ef121eb43ec220/candidate_sql,CONS_0005__postgres.sql,7fb55d0e5e79d59f62e4eefa8782ae34ec9e5fc7d5d83d74f6c8537aaec060cf,104
runs/user/unittest_public_smoke_9fcef0021bea43c583ef121eb43ec220/candidate_sql,PERF_0006__postgres.sql,250256397b1969ed1f7080c201b9440b0c917720508edf89497dab51e841562b,1071
runs/user/unittest_public_smoke_9ffc399bb5d1444a9c7616119a759377/candidate_sql,CONS_0005__postgres.sql,7fb55d0e5e79d59f62e4eefa8782ae34ec9e5fc7d5d83d74f6c8537aaec060cf,104
runs/user/unittest_public_smoke_9ffc399bb5d1444a9c7616119a759377/candidate_sql,PERF_0006__postgres.sql,250256397b1969ed1f7080c201b9440b0c917720508edf89497dab51e841562b,1071
runs/user/unittest_public_smoke_a0b867a716794b9b83745aa78829ae60/candidate_sql,CONS_0005__postgres.sql,7fb55d0e5e79d59f62e4eefa8782ae34ec9e5fc7d5d83d74f6c8537aaec060cf,104
runs/user/unittest_public_smoke_a0b867a716794b9b83745aa78829ae60/candidate_sql,PERF_0006__postgres.sql,250256397b1969ed1f7080c201b9440b0c917720508edf89497dab51e841562b,1071
runs/user/unittest_public_smoke_a8929b73213649cb9cb966210ded4203/candidate_sql,CONS_0005__postgres.sql,7fb55d0e5e79d59f62e4eefa8782ae34ec9e5fc7d5d83d74f6c8537aaec060cf,104
runs/user/unittest_public_smoke_a8929b73213649cb9cb966210ded4203/candidate_sql,PERF_0006__postgres.sql,250256397b1969ed1f7080c201b9440b0c917720508edf89497dab51e841562b,1071
runs/user/unittest_public_smoke_a8bceb4323bb4903b63fc558604149ed/candidate_sql,CONS_0005__postgres.sql,7fb55d0e5e79d59f62e4eefa8782ae34ec9e5fc7d5d83d74f6c8537aaec060cf,104
runs/user/unittest_public_smoke_a8bceb4323bb4903b63fc558604149ed/candidate_sql,PERF_0006__postgres.sql,250256397b1969ed1f7080c201b9440b0c917720508edf89497dab51e841562b,1071
runs/user/unittest_public_smoke_ac86a7a67ab24f99b8867c40fd643304/candidate_sql,CONS_0005__postgres.sql,7fb55d0e5e79d59f62e4eefa8782ae34ec9e5fc7d5d83d74f6c8537aaec060cf,104
runs/user/unittest_public_smoke_ac86a7a67ab24f99b8867c40fd643304/candidate_sql,PERF_0006__postgres.sql,250256397b1969ed1f7080c201b9440b0c917720508edf89497dab51e841562b,1071
runs/user/unittest_public_smoke_ad25a9943c68483c9b36fb8483426943/candidate_sql,CONS_0005__postgres.sql,7fb55d0e5e79d59f62e4eefa8782ae34ec9e5fc7d5d83d74f6c8537aaec060cf,104
runs/user/unittest_public_smoke_ad25a9943c68483c9b36fb8483426943/candidate_sql,PERF_0006__postgres.sql,250256397b1969ed1f7080c201b9440b0c917720508edf89497dab51e841562b,1071
runs/user/unittest_public_smoke_b5f7bf345d73414a93a6e257a62f7e1f/candidate_sql,CONS_0005__postgres.sql,7fb55d0e5e79d59f62e4eefa8782ae34ec9e5fc7d5d83d74f6c8537aaec060cf,104
runs/user/unittest_public_smoke_b5f7bf345d73414a93a6e257a62f7e1f/candidate_sql,PERF_0006__postgres.sql,250256397b1969ed1f7080c201b9440b0c917720508edf89497dab51e841562b,1071
runs/user/unittest_public_smoke_b6a1f4bdee104867be2a8c2134e9e7e6/candidate_sql,CONS_0005__postgres.sql,7fb55d0e5e79d59f62e4eefa8782ae34ec9e5fc7d5d83d74f6c8537aaec060cf,104
runs/user/unittest_public_smoke_b6a1f4bdee104867be2a8c2134e9e7e6/candidate_sql,PERF_0006__postgres.sql,250256397b1969ed1f7080c201b9440b0c917720508edf89497dab51e841562b,1071
runs/user/unittest_public_smoke_b82f947c321543b5952d395df0bb4e61/candidate_sql,CONS_0005__postgres.sql,7fb55d0e5e79d59f62e4eefa8782ae34ec9e5fc7d5d83d74f6c8537aaec060cf,104
runs/user/unittest_public_smoke_b82f947c321543b5952d395df0bb4e61/candidate_sql,PERF_0006__postgres.sql,250256397b1969ed1f7080c201b9440b0c917720508edf89497dab51e841562b,1071
runs/user/unittest_public_smoke_bc06fe8f1d00494489770d07d548515f/candidate_sql,CONS_0005__postgres.sql,7fb55d0e5e79d59f62e4eefa8782ae34ec9e5fc7d5d83d74f6c8537aaec060cf,104
runs/user/unittest_public_smoke_bc06fe8f1d00494489770d07d548515f/candidate_sql,PERF_0006__postgres.sql,250256397b1969ed1f7080c201b9440b0c917720508edf89497dab51e841562b,1071
runs/user/unittest_public_smoke_bc6146a5e6e3445d85458c997de36afd/candidate_sql,CONS_0005__postgres.sql,7fb55d0e5e79d59f62e4eefa8782ae34ec9e5fc7d5d83d74f6c8537aaec060cf,104
runs/user/unittest_public_smoke_bc6146a5e6e3445d85458c997de36afd/candidate_sql,PERF_0006__postgres.sql,250256397b1969ed1f7080c201b9440b0c917720508edf89497dab51e841562b,1071
runs/user/unittest_public_smoke_bcd08c028102485184ffdd74add00985/candidate_sql,CONS_0005__postgres.sql,7fb55d0e5e79d59f62e4eefa8782ae34ec9e5fc7d5d83d74f6c8537aaec060cf,104
runs/user/unittest_public_smoke_bcd08c028102485184ffdd74add00985/candidate_sql,PERF_0006__postgres.sql,250256397b1969ed1f7080c201b9440b0c917720508edf89497dab51e841562b,1071
runs/user/unittest_public_smoke_bd8828f2e54f4682892f41edf80cd705/candidate_sql,CONS_0005__postgres.sql,7fb55d0e5e79d59f62e4eefa8782ae34ec9e5fc7d5d83d74f6c8537aaec060cf,104
runs/user/unittest_public_smoke_bd8828f2e54f4682892f41edf80cd705/candidate_sql,PERF_0006__postgres.sql,250256397b1969ed1f7080c201b9440b0c917720508edf89497dab51e841562b,1071
runs/user/unittest_public_smoke_bdc42b043299441898cfa8bbdc80deda/candidate_sql,CONS_0005__postgres.sql,7fb55d0e5e79d59f62e4eefa8782ae34ec9e5fc7d5d83d74f6c8537aaec060cf,104
runs/user/unittest_public_smoke_bdc42b043299441898cfa8bbdc80deda/candidate_sql,PERF_0006__postgres.sql,250256397b1969ed1f7080c201b9440b0c917720508edf89497dab51e841562b,1071
runs/user/unittest_public_smoke_bfd584716e8b46f58be6c851f7d42903/candidate_sql,CONS_0005__postgres.sql,7fb55d0e5e79d59f62e4eefa8782ae34ec9e5fc7d5d83d74f6c8537aaec060cf,104
runs/user/unittest_public_smoke_bfd584716e8b46f58be6c851f7d42903/candidate_sql,PERF_0006__postgres.sql,250256397b1969ed1f7080c201b9440b0c917720508edf89497dab51e841562b,1071
runs/user/unittest_public_smoke_c0c4a5cac1924b5ea9ee145c0b8382b3/candidate_sql,CONS_0005__postgres.sql,7fb55d0e5e79d59f62e4eefa8782ae34ec9e5fc7d5d83d74f6c8537aaec060cf,104
runs/user/unittest_public_smoke_c0c4a5cac1924b5ea9ee145c0b8382b3/candidate_sql,PERF_0006__postgres.sql,250256397b1969ed1f7080c201b9440b0c917720508edf89497dab51e841562b,1071
runs/user/unittest_public_smoke_c221a4dabc7b458fb4dd9edb55a5111f/candidate_sql,CONS_0005__postgres.sql,7fb55d0e5e79d59f62e4eefa8782ae34ec9e5fc7d5d83d74f6c8537aaec060cf,104
runs/user/unittest_public_smoke_c221a4dabc7b458fb4dd9edb55a5111f/candidate_sql,PERF_0006__postgres.sql,250256397b1969ed1f7080c201b9440b0c917720508edf89497dab51e841562b,1071
runs/user/unittest_public_smoke_c2fb20113639482594f3e5770ee85e37/candidate_sql,CONS_0005__postgres.sql,7fb55d0e5e79d59f62e4eefa8782ae34ec9e5fc7d5d83d74f6c8537aaec060cf,104
runs/user/unittest_public_smoke_c2fb20113639482594f3e5770ee85e37/candidate_sql,PERF_0006__postgres.sql,250256397b1969ed1f7080c201b9440b0c917720508edf89497dab51e841562b,1071
runs/user/unittest_public_smoke_c6f8dd53ccfd4c28a64f4f43f5fa0d18/candidate_sql,CONS_0005__postgres.sql,7fb55d0e5e79d59f62e4eefa8782ae34ec9e5fc7d5d83d74f6c8537aaec060cf,104
runs/user/unittest_public_smoke_c6f8dd53ccfd4c28a64f4f43f5fa0d18/candidate_sql,PERF_0006__postgres.sql,250256397b1969ed1f7080c201b9440b0c917720508edf89497dab51e841562b,1071
runs/user/unittest_public_smoke_c70097fd6d8042a68ba9d91856545c9f/candidate_sql,CONS_0005__postgres.sql,7fb55d0e5e79d59f62e4eefa8782ae34ec9e5fc7d5d83d74f6c8537aaec060cf,104
runs/user/unittest_public_smoke_c70097fd6d8042a68ba9d91856545c9f/candidate_sql,PERF_0006__postgres.sql,250256397b1969ed1f7080c201b9440b0c917720508edf89497dab51e841562b,1071
runs/user/unittest_public_smoke_cbe9d0fdeb0c446591b082116431f855/candidate_sql,CONS_0005__postgres.sql,7fb55d0e5e79d59f62e4eefa8782ae34ec9e5fc7d5d83d74f6c8537aaec060cf,104
runs/user/unittest_public_smoke_cbe9d0fdeb0c446591b082116431f855/candidate_sql,PERF_0006__postgres.sql,250256397b1969ed1f7080c201b9440b0c917720508edf89497dab51e841562b,1071
runs/user/unittest_public_smoke_cbf97db5ba66407d9e7501076a4c3020/candidate_sql,CONS_0005__postgres.sql,7fb55d0e5e79d59f62e4eefa8782ae34ec9e5fc7d5d83d74f6c8537aaec060cf,104
runs/user/unittest_public_smoke_cbf97db5ba66407d9e7501076a4c3020/candidate_sql,PERF_0006__postgres.sql,250256397b1969ed1f7080c201b9440b0c917720508edf89497dab51e841562b,1071
runs/user/unittest_public_smoke_cc23c4b8b1a84336a6349eb9335682ab/candidate_sql,CONS_0005__postgres.sql,7fb55d0e5e79d59f62e4eefa8782ae34ec9e5fc7d5d83d74f6c8537aaec060cf,104
runs/user/unittest_public_smoke_cc23c4b8b1a84336a6349eb9335682ab/candidate_sql,PERF_0006__postgres.sql,250256397b1969ed1f7080c201b9440b0c917720508edf89497dab51e841562b,1071
runs/user/unittest_public_smoke_cd89c49c08184a97900b0eecf57e702b/candidate_sql,CONS_0005__postgres.sql,7fb55d0e5e79d59f62e4eefa8782ae34ec9e5fc7d5d83d74f6c8537aaec060cf,104
runs/user/unittest_public_smoke_cd89c49c08184a97900b0eecf57e702b/candidate_sql,PERF_0006__postgres.sql,250256397b1969ed1f7080c201b9440b0c917720508edf89497dab51e841562b,1071
runs/user/unittest_public_smoke_d249e97e37e34975a5efd3796e4d0dd6/candidate_sql,CONS_0005__postgres.sql,7fb55d0e5e79d59f62e4eefa8782ae34ec9e5fc7d5d83d74f6c8537aaec060cf,104
runs/user/unittest_public_smoke_d249e97e37e34975a5efd3796e4d0dd6/candidate_sql,PERF_0006__postgres.sql,250256397b1969ed1f7080c201b9440b0c917720508edf89497dab51e841562b,1071
runs/user/unittest_public_smoke_d4477a4878ed4af7a89ad9490db8f39b/candidate_sql,CONS_0005__postgres.sql,7fb55d0e5e79d59f62e4eefa8782ae34ec9e5fc7d5d83d74f6c8537aaec060cf,104
runs/user/unittest_public_smoke_d4477a4878ed4af7a89ad9490db8f39b/candidate_sql,PERF_0006__postgres.sql,250256397b1969ed1f7080c201b9440b0c917720508edf89497dab51e841562b,1071
runs/user/unittest_public_smoke_d7dbf4c289214a76b55df2769f88756a/candidate_sql,CONS_0005__postgres.sql,7fb55d0e5e79d59f62e4eefa8782ae34ec9e5fc7d5d83d74f6c8537aaec060cf,104
runs/user/unittest_public_smoke_d7dbf4c289214a76b55df2769f88756a/candidate_sql,PERF_0006__postgres.sql,250256397b1969ed1f7080c201b9440b0c917720508edf89497dab51e841562b,1071
runs/user/unittest_public_smoke_dc56bc5f7e2544b79ad2b351a55a77d1/candidate_sql,CONS_0005__postgres.sql,7fb55d0e5e79d59f62e4eefa8782ae34ec9e5fc7d5d83d74f6c8537aaec060cf,104
runs/user/unittest_public_smoke_dc56bc5f7e2544b79ad2b351a55a77d1/candidate_sql,PERF_0006__postgres.sql,250256397b1969ed1f7080c201b9440b0c917720508edf89497dab51e841562b,1071
runs/user/unittest_public_smoke_dc6caa6d4d2b4c5d848cb63b676a22f3/candidate_sql,CONS_0005__postgres.sql,7fb55d0e5e79d59f62e4eefa8782ae34ec9e5fc7d5d83d74f6c8537aaec060cf,104
runs/user/unittest_public_smoke_dc6caa6d4d2b4c5d848cb63b676a22f3/candidate_sql,PERF_0006__postgres.sql,250256397b1969ed1f7080c201b9440b0c917720508edf89497dab51e841562b,1071
runs/user/unittest_public_smoke_dcb08febe7f847abb2931f764e693ba8/candidate_sql,CONS_0005__postgres.sql,7fb55d0e5e79d59f62e4eefa8782ae34ec9e5fc7d5d83d74f6c8537aaec060cf,104
runs/user/unittest_public_smoke_dcb08febe7f847abb2931f764e693ba8/candidate_sql,PERF_0006__postgres.sql,250256397b1969ed1f7080c201b9440b0c917720508edf89497dab51e841562b,1071
runs/user/unittest_public_smoke_df8e002741e845d793bb88706dc2bb40/candidate_sql,CONS_0005__postgres.sql,7fb55d0e5e79d59f62e4eefa8782ae34ec9e5fc7d5d83d74f6c8537aaec060cf,104
runs/user/unittest_public_smoke_df8e002741e845d793bb88706dc2bb40/candidate_sql,PERF_0006__postgres.sql,250256397b1969ed1f7080c201b9440b0c917720508edf89497dab51e841562b,1071
runs/user/unittest_public_smoke_e0b69844fce447f2ad0adbedfcddff1d/candidate_sql,CONS_0005__postgres.sql,7fb55d0e5e79d59f62e4eefa8782ae34ec9e5fc7d5d83d74f6c8537aaec060cf,104
runs/user/unittest_public_smoke_e0b69844fce447f2ad0adbedfcddff1d/candidate_sql,PERF_0006__postgres.sql,250256397b1969ed1f7080c201b9440b0c917720508edf89497dab51e841562b,1071
runs/user/unittest_public_smoke_e4b1ef7fda1a4a32b763c9c48f390164/candidate_sql,CONS_0005__postgres.sql,7fb55d0e5e79d59f62e4eefa8782ae34ec9e5fc7d5d83d74f6c8537aaec060cf,104
runs/user/unittest_public_smoke_e4b1ef7fda1a4a32b763c9c48f390164/candidate_sql,PERF_0006__postgres.sql,250256397b1969ed1f7080c201b9440b0c917720508edf89497dab51e841562b,1071
runs/user/unittest_public_smoke_e7423033ad3e421989cd8b19a3be00c6/candidate_sql,CONS_0005__postgres.sql,7fb55d0e5e79d59f62e4eefa8782ae34ec9e5fc7d5d83d74f6c8537aaec060cf,104
runs/user/unittest_public_smoke_e7423033ad3e421989cd8b19a3be00c6/candidate_sql,PERF_0006__postgres.sql,250256397b1969ed1f7080c201b9440b0c917720508edf89497dab51e841562b,1071
runs/user/unittest_public_smoke_e883c68a82b342c58dfec28efd71da22/candidate_sql,CONS_0005__postgres.sql,7fb55d0e5e79d59f62e4eefa8782ae34ec9e5fc7d5d83d74f6c8537aaec060cf,104
runs/user/unittest_public_smoke_e883c68a82b342c58dfec28efd71da22/candidate_sql,PERF_0006__postgres.sql,250256397b1969ed1f7080c201b9440b0c917720508edf89497dab51e841562b,1071
runs/user/unittest_public_smoke_eec9e544c66d44e98711188755bba158/candidate_sql,CONS_0005__postgres.sql,7fb55d0e5e79d59f62e4eefa8782ae34ec9e5fc7d5d83d74f6c8537aaec060cf,104
runs/user/unittest_public_smoke_eec9e544c66d44e98711188755bba158/candidate_sql,PERF_0006__postgres.sql,250256397b1969ed1f7080c201b9440b0c917720508edf89497dab51e841562b,1071
runs/user/unittest_public_smoke_f3413a9cb4614c099a945d9e818be30b/candidate_sql,CONS_0005__postgres.sql,7fb55d0e5e79d59f62e4eefa8782ae34ec9e5fc7d5d83d74f6c8537aaec060cf,104
runs/user/unittest_public_smoke_f3413a9cb4614c099a945d9e818be30b/candidate_sql,PERF_0006__postgres.sql,250256397b1969ed1f7080c201b9440b0c917720508edf89497dab51e841562b,1071
runs/user/unittest_public_smoke_f388476f384447dca2d3c66353742c80/candidate_sql,CONS_0005__postgres.sql,7fb55d0e5e79d59f62e4eefa8782ae34ec9e5fc7d5d83d74f6c8537aaec060cf,104
runs/user/unittest_public_smoke_f388476f384447dca2d3c66353742c80/candidate_sql,PERF_0006__postgres.sql,250256397b1969ed1f7080c201b9440b0c917720508edf89497dab51e841562b,1071
runs/user/unittest_public_smoke_f417a705394a4926bda9b5d3caf31fdc/candidate_sql,CONS_0005__postgres.sql,7fb55d0e5e79d59f62e4eefa8782ae34ec9e5fc7d5d83d74f6c8537aaec060cf,104
runs/user/unittest_public_smoke_f417a705394a4926bda9b5d3caf31fdc/candidate_sql,PERF_0006__postgres.sql,250256397b1969ed1f7080c201b9440b0c917720508edf89497dab51e841562b,1071
runs/user/unittest_public_smoke_f43909eb081b4eaeadb39a1346c44784/candidate_sql,CONS_0005__postgres.sql,7fb55d0e5e79d59f62e4eefa8782ae34ec9e5fc7d5d83d74f6c8537aaec060cf,104
runs/user/unittest_public_smoke_f43909eb081b4eaeadb39a1346c44784/candidate_sql,PERF_0006__postgres.sql,250256397b1969ed1f7080c201b9440b0c917720508edf89497dab51e841562b,1071
runs/user/unittest_public_smoke_f477b65c9c3b47e88e5c424878870a3e/candidate_sql,CONS_0005__postgres.sql,7fb55d0e5e79d59f62e4eefa8782ae34ec9e5fc7d5d83d74f6c8537aaec060cf,104
runs/user/unittest_public_smoke_f477b65c9c3b47e88e5c424878870a3e/candidate_sql,PERF_0006__postgres.sql,250256397b1969ed1f7080c201b9440b0c917720508edf89497dab51e841562b,1071
runs/user/unittest_public_smoke_f52da0ec90ed4a0f9a59f3bf36635ca8/candidate_sql,CONS_0005__postgres.sql,7fb55d0e5e79d59f62e4eefa8782ae34ec9e5fc7d5d83d74f6c8537aaec060cf,104
runs/user/unittest_public_smoke_f52da0ec90ed4a0f9a59f3bf36635ca8/candidate_sql,PERF_0006__postgres.sql,250256397b1969ed1f7080c201b9440b0c917720508edf89497dab51e841562b,1071
runs/user/unittest_public_smoke_f643b035770545efa2baa2fbe016f862/candidate_sql,CONS_0005__postgres.sql,7fb55d0e5e79d59f62e4eefa8782ae34ec9e5fc7d5d83d74f6c8537aaec060cf,104
runs/user/unittest_public_smoke_f643b035770545efa2baa2fbe016f862/candidate_sql,PERF_0006__postgres.sql,250256397b1969ed1f7080c201b9440b0c917720508edf89497dab51e841562b,1071
runs/user/unittest_public_smoke_f9c34230811641f6bf0e95f32a420abf/candidate_sql,CONS_0005__postgres.sql,7fb55d0e5e79d59f62e4eefa8782ae34ec9e5fc7d5d83d74f6c8537aaec060cf,104
runs/user/unittest_public_smoke_f9c34230811641f6bf0e95f32a420abf/candidate_sql,PERF_0006__postgres.sql,250256397b1969ed1f7080c201b9440b0c917720508edf89497dab51e841562b,1071
runs/user/unittest_public_smoke_f9dafd3bb42a4bc485fe01215cdceb1a/candidate_sql,CONS_0005__postgres.sql,7fb55d0e5e79d59f62e4eefa8782ae34ec9e5fc7d5d83d74f6c8537aaec060cf,104
runs/user/unittest_public_smoke_f9dafd3bb42a4bc485fe01215cdceb1a/candidate_sql,PERF_0006__postgres.sql,250256397b1969ed1f7080c201b9440b0c917720508edf89497dab51e841562b,1071
runs/user/unittest_public_smoke_fb12393f1a71435cb2857f10cd17dcb8/candidate_sql,CONS_0005__postgres.sql,7fb55d0e5e79d59f62e4eefa8782ae34ec9e5fc7d5d83d74f6c8537aaec060cf,104
runs/user/unittest_public_smoke_fb12393f1a71435cb2857f10cd17dcb8/candidate_sql,PERF_0006__postgres.sql,250256397b1969ed1f7080c201b9440b0c917720508edf89497dab51e841562b,1071
runs/user/unittest_public_smoke_fc9c7ebc68de45fab416a7a266f867a6/candidate_sql,CONS_0005__postgres.sql,7fb55d0e5e79d59f62e4eefa8782ae34ec9e5fc7d5d83d74f6c8537aaec060cf,104
runs/user/unittest_public_smoke_fc9c7ebc68de45fab416a7a266f867a6/candidate_sql,PERF_0006__postgres.sql,250256397b1969ed1f7080c201b9440b0c917720508edf89497dab51e841562b,1071
runs/user/unittest_public_smoke_feeafa8628834703b727225da9eacb1c/candidate_sql,CONS_0005__postgres.sql,7fb55d0e5e79d59f62e4eefa8782ae34ec9e5fc7d5d83d74f6c8537aaec060cf,104
runs/user/unittest_public_smoke_feeafa8628834703b727225da9eacb1c/candidate_sql,PERF_0006__postgres.sql,250256397b1969ed1f7080c201b9440b0c917720508edf89497dab51e841562b,1071
runs/user/unittest_public_smoke_ff313c1f33b346248404f4d2a9a796d7/candidate_sql,CONS_0005__postgres.sql,7fb55d0e5e79d59f62e4eefa8782ae34ec9e5fc7d5d83d74f6c8537aaec060cf,104
runs/user/unittest_public_smoke_ff313c1f33b346248404f4d2a9a796d7/candidate_sql,PERF_0006__postgres.sql,250256397b1969ed1f7080c201b9440b0c917720508edf89497dab51e841562b,1071
runs/user/unittest_sqlglot_noop_017e5ab735394434b04e0419bbc3e34e/candidate_sql,PERF_0006__postgres.sql,33a4fcc230aa2c8f67e6ae340900c4c14b93c3abb8ac4efd712b5b901d5df5ec,1093
runs/user/unittest_sqlglot_noop_04cae2bcef0e4d9fb759030a734a7458/candidate_sql,PERF_0006__postgres.sql,33a4fcc230aa2c8f67e6ae340900c4c14b93c3abb8ac4efd712b5b901d5df5ec,1093
runs/user/unittest_sqlglot_noop_06ec886d92b04149b7671496d89cff0d/candidate_sql,PERF_0006__postgres.sql,33a4fcc230aa2c8f67e6ae340900c4c14b93c3abb8ac4efd712b5b901d5df5ec,1093
runs/user/unittest_sqlglot_noop_093fb0e239464828952d46f0495fb88e/candidate_sql,PERF_0006__postgres.sql,33a4fcc230aa2c8f67e6ae340900c4c14b93c3abb8ac4efd712b5b901d5df5ec,1093
runs/user/unittest_sqlglot_noop_0b699915aa564c5099089d49ec2092f0/candidate_sql,PERF_0006__postgres.sql,33a4fcc230aa2c8f67e6ae340900c4c14b93c3abb8ac4efd712b5b901d5df5ec,1093
runs/user/unittest_sqlglot_noop_0b90769f7df741e2b712d1b67fc8b2c2/candidate_sql,PERF_0006__postgres.sql,33a4fcc230aa2c8f67e6ae340900c4c14b93c3abb8ac4efd712b5b901d5df5ec,1093
runs/user/unittest_sqlglot_noop_12484dfa78e1412dbf5028568b1b4e29/candidate_sql,PERF_0006__postgres.sql,33a4fcc230aa2c8f67e6ae340900c4c14b93c3abb8ac4efd712b5b901d5df5ec,1093
runs/user/unittest_sqlglot_noop_12da732e93cb43538b8930d09b9ae058/candidate_sql,PERF_0006__postgres.sql,33a4fcc230aa2c8f67e6ae340900c4c14b93c3abb8ac4efd712b5b901d5df5ec,1093
runs/user/unittest_sqlglot_noop_1b893234da274adf8989dfef3f3824b1/candidate_sql,PERF_0006__postgres.sql,33a4fcc230aa2c8f67e6ae340900c4c14b93c3abb8ac4efd712b5b901d5df5ec,1093
runs/user/unittest_sqlglot_noop_21ca54c890b34d5f9a2ee8ea045b1490/candidate_sql,PERF_0006__postgres.sql,33a4fcc230aa2c8f67e6ae340900c4c14b93c3abb8ac4efd712b5b901d5df5ec,1093
runs/user/unittest_sqlglot_noop_2233b78c615f426688285ce3f1fe94fc/candidate_sql,PERF_0006__postgres.sql,33a4fcc230aa2c8f67e6ae340900c4c14b93c3abb8ac4efd712b5b901d5df5ec,1093
runs/user/unittest_sqlglot_noop_23425146e7af421e9ca1fcd554f41d79/candidate_sql,PERF_0006__postgres.sql,33a4fcc230aa2c8f67e6ae340900c4c14b93c3abb8ac4efd712b5b901d5df5ec,1093
runs/user/unittest_sqlglot_noop_24c9f624c2864eeeb18247cc9925e6da/candidate_sql,PERF_0006__postgres.sql,33a4fcc230aa2c8f67e6ae340900c4c14b93c3abb8ac4efd712b5b901d5df5ec,1093
runs/user/unittest_sqlglot_noop_2550b0a700fd46e9b251d46b738d940d/candidate_sql,PERF_0006__postgres.sql,33a4fcc230aa2c8f67e6ae340900c4c14b93c3abb8ac4efd712b5b901d5df5ec,1093
runs/user/unittest_sqlglot_noop_26d0148a4621482e9b06aac37189b7a9/candidate_sql,PERF_0006__postgres.sql,33a4fcc230aa2c8f67e6ae340900c4c14b93c3abb8ac4efd712b5b901d5df5ec,1093
runs/user/unittest_sqlglot_noop_27a6f51927804dfbb8db273aca7b3a5c/candidate_sql,PERF_0006__postgres.sql,33a4fcc230aa2c8f67e6ae340900c4c14b93c3abb8ac4efd712b5b901d5df5ec,1093
runs/user/unittest_sqlglot_noop_2adffc1e719544ee883ef7a9f80519a2/candidate_sql,PERF_0006__postgres.sql,33a4fcc230aa2c8f67e6ae340900c4c14b93c3abb8ac4efd712b5b901d5df5ec,1093
runs/user/unittest_sqlglot_noop_2b07be7e394e4b4b8963632683c700f0/candidate_sql,PERF_0006__postgres.sql,33a4fcc230aa2c8f67e6ae340900c4c14b93c3abb8ac4efd712b5b901d5df5ec,1093
runs/user/unittest_sqlglot_noop_2fafe722251d45bd83bb93486e62b86f/candidate_sql,PERF_0006__postgres.sql,33a4fcc230aa2c8f67e6ae340900c4c14b93c3abb8ac4efd712b5b901d5df5ec,1093
runs/user/unittest_sqlglot_noop_3369cc41cc6044d08c8ab00f7c4cd931/candidate_sql,PERF_0006__postgres.sql,33a4fcc230aa2c8f67e6ae340900c4c14b93c3abb8ac4efd712b5b901d5df5ec,1093
runs/user/unittest_sqlglot_noop_36bed852b38c4283b08d901f6a9810e0/candidate_sql,PERF_0006__postgres.sql,33a4fcc230aa2c8f67e6ae340900c4c14b93c3abb8ac4efd712b5b901d5df5ec,1093
runs/user/unittest_sqlglot_noop_37ab749a6e05467eb7814fea396178aa/candidate_sql,PERF_0006__postgres.sql,33a4fcc230aa2c8f67e6ae340900c4c14b93c3abb8ac4efd712b5b901d5df5ec,1093
runs/user/unittest_sqlglot_noop_399451cf2fe54eeb86e7190907101664/candidate_sql,PERF_0006__postgres.sql,33a4fcc230aa2c8f67e6ae340900c4c14b93c3abb8ac4efd712b5b901d5df5ec,1093
runs/user/unittest_sqlglot_noop_3a5e14ad2e8f46b59222801e24b764f8/candidate_sql,PERF_0006__postgres.sql,33a4fcc230aa2c8f67e6ae340900c4c14b93c3abb8ac4efd712b5b901d5df5ec,1093
runs/user/unittest_sqlglot_noop_3c89c1dbe7444f238536ede64b8668cf/candidate_sql,PERF_0006__postgres.sql,33a4fcc230aa2c8f67e6ae340900c4c14b93c3abb8ac4efd712b5b901d5df5ec,1093
runs/user/unittest_sqlglot_noop_3e0043cdc3774318a5c851ec6c58552e/candidate_sql,PERF_0006__postgres.sql,33a4fcc230aa2c8f67e6ae340900c4c14b93c3abb8ac4efd712b5b901d5df5ec,1093
runs/user/unittest_sqlglot_noop_4078539f85984ba386a76bcd770a77d2/candidate_sql,PERF_0006__postgres.sql,33a4fcc230aa2c8f67e6ae340900c4c14b93c3abb8ac4efd712b5b901d5df5ec,1093
runs/user/unittest_sqlglot_noop_42ab3601357c42b1990d94c9f9f23418/candidate_sql,PERF_0006__postgres.sql,33a4fcc230aa2c8f67e6ae340900c4c14b93c3abb8ac4efd712b5b901d5df5ec,1093
runs/user/unittest_sqlglot_noop_43e8c431e1d94f75af79185bd927da47/candidate_sql,PERF_0006__postgres.sql,33a4fcc230aa2c8f67e6ae340900c4c14b93c3abb8ac4efd712b5b901d5df5ec,1093
runs/user/unittest_sqlglot_noop_491fd4bfe6aa4a0ca920144cd7219c1c/candidate_sql,PERF_0006__postgres.sql,33a4fcc230aa2c8f67e6ae340900c4c14b93c3abb8ac4efd712b5b901d5df5ec,1093
runs/user/unittest_sqlglot_noop_4dada49931ba4a8a8d6564f77ceb6681/candidate_sql,PERF_0006__postgres.sql,33a4fcc230aa2c8f67e6ae340900c4c14b93c3abb8ac4efd712b5b901d5df5ec,1093
runs/user/unittest_sqlglot_noop_5016e686eb7d4c65ba45e7ca82aca5bc/candidate_sql,PERF_0006__postgres.sql,33a4fcc230aa2c8f67e6ae340900c4c14b93c3abb8ac4efd712b5b901d5df5ec,1093
runs/user/unittest_sqlglot_noop_51db9a01a4f8446d90a39425f401179b/candidate_sql,PERF_0006__postgres.sql,33a4fcc230aa2c8f67e6ae340900c4c14b93c3abb8ac4efd712b5b901d5df5ec,1093
runs/user/unittest_sqlglot_noop_551742c762b945f8b5790e6890baae07/candidate_sql,PERF_0006__postgres.sql,33a4fcc230aa2c8f67e6ae340900c4c14b93c3abb8ac4efd712b5b901d5df5ec,1093
runs/user/unittest_sqlglot_noop_556387259a3c4b27bbbfa3db6f61dcc6/candidate_sql,PERF_0006__postgres.sql,33a4fcc230aa2c8f67e6ae340900c4c14b93c3abb8ac4efd712b5b901d5df5ec,1093
runs/user/unittest_sqlglot_noop_58b9ddc553344cc6b25f63da04ec855d/candidate_sql,PERF_0006__postgres.sql,33a4fcc230aa2c8f67e6ae340900c4c14b93c3abb8ac4efd712b5b901d5df5ec,1093
runs/user/unittest_sqlglot_noop_5a3ca225dc8b4a6fbe39dcc5a2c043da/candidate_sql,PERF_0006__postgres.sql,33a4fcc230aa2c8f67e6ae340900c4c14b93c3abb8ac4efd712b5b901d5df5ec,1093
runs/user/unittest_sqlglot_noop_5cd54868b9db4ec98bb972da9922d05d/candidate_sql,PERF_0006__postgres.sql,33a4fcc230aa2c8f67e6ae340900c4c14b93c3abb8ac4efd712b5b901d5df5ec,1093
runs/user/unittest_sqlglot_noop_606a8472c3804877aebed5483f5915f6/candidate_sql,PERF_0006__postgres.sql,33a4fcc230aa2c8f67e6ae340900c4c14b93c3abb8ac4efd712b5b901d5df5ec,1093
runs/user/unittest_sqlglot_noop_62581c2c3baa4048a0d9321310c450a8/candidate_sql,PERF_0006__postgres.sql,33a4fcc230aa2c8f67e6ae340900c4c14b93c3abb8ac4efd712b5b901d5df5ec,1093
runs/user/unittest_sqlglot_noop_68fa583737f94baa8891476e6a2b481c/candidate_sql,PERF_0006__postgres.sql,33a4fcc230aa2c8f67e6ae340900c4c14b93c3abb8ac4efd712b5b901d5df5ec,1093
runs/user/unittest_sqlglot_noop_6b0ca78484f248eb91994ede485bdef6/candidate_sql,PERF_0006__postgres.sql,33a4fcc230aa2c8f67e6ae340900c4c14b93c3abb8ac4efd712b5b901d5df5ec,1093
runs/user/unittest_sqlglot_noop_6cbe74f2ad004e89862ef0279db2ae0f/candidate_sql,PERF_0006__postgres.sql,33a4fcc230aa2c8f67e6ae340900c4c14b93c3abb8ac4efd712b5b901d5df5ec,1093
runs/user/unittest_sqlglot_noop_7162b1d051dd48889111e21b5a7987b0/candidate_sql,PERF_0006__postgres.sql,33a4fcc230aa2c8f67e6ae340900c4c14b93c3abb8ac4efd712b5b901d5df5ec,1093
runs/user/unittest_sqlglot_noop_719c62681696473d8590c68711c0f6d6/candidate_sql,PERF_0006__postgres.sql,33a4fcc230aa2c8f67e6ae340900c4c14b93c3abb8ac4efd712b5b901d5df5ec,1093
runs/user/unittest_sqlglot_noop_756c8f2fb52942078134981d53768b44/candidate_sql,PERF_0006__postgres.sql,33a4fcc230aa2c8f67e6ae340900c4c14b93c3abb8ac4efd712b5b901d5df5ec,1093
runs/user/unittest_sqlglot_noop_760851763ab144f5a4d89e77f6286cba/candidate_sql,PERF_0006__postgres.sql,33a4fcc230aa2c8f67e6ae340900c4c14b93c3abb8ac4efd712b5b901d5df5ec,1093
runs/user/unittest_sqlglot_noop_78af98f8d1184285896a96c805d7bb33/candidate_sql,PERF_0006__postgres.sql,33a4fcc230aa2c8f67e6ae340900c4c14b93c3abb8ac4efd712b5b901d5df5ec,1093
runs/user/unittest_sqlglot_noop_79f9ef4901eb498281719f3db12472a3/candidate_sql,PERF_0006__postgres.sql,33a4fcc230aa2c8f67e6ae340900c4c14b93c3abb8ac4efd712b5b901d5df5ec,1093
runs/user/unittest_sqlglot_noop_7eb2a47cf2f843ebae116d8f9515070c/candidate_sql,PERF_0006__postgres.sql,33a4fcc230aa2c8f67e6ae340900c4c14b93c3abb8ac4efd712b5b901d5df5ec,1093
runs/user/unittest_sqlglot_noop_8112479241884a9c9f59e07bfb27b075/candidate_sql,PERF_0006__postgres.sql,33a4fcc230aa2c8f67e6ae340900c4c14b93c3abb8ac4efd712b5b901d5df5ec,1093
runs/user/unittest_sqlglot_noop_828ee087bc744901ba9eaff4ad30c3e1/candidate_sql,PERF_0006__postgres.sql,33a4fcc230aa2c8f67e6ae340900c4c14b93c3abb8ac4efd712b5b901d5df5ec,1093
runs/user/unittest_sqlglot_noop_88f3859bdb2e41beb181701b00f4ceb2/candidate_sql,PERF_0006__postgres.sql,33a4fcc230aa2c8f67e6ae340900c4c14b93c3abb8ac4efd712b5b901d5df5ec,1093
runs/user/unittest_sqlglot_noop_89727e779afd4370ba76f67ff704a48e/candidate_sql,PERF_0006__postgres.sql,33a4fcc230aa2c8f67e6ae340900c4c14b93c3abb8ac4efd712b5b901d5df5ec,1093
runs/user/unittest_sqlglot_noop_920a42e747c444ae9d0a55d2516587f5/candidate_sql,PERF_0006__postgres.sql,33a4fcc230aa2c8f67e6ae340900c4c14b93c3abb8ac4efd712b5b901d5df5ec,1093
runs/user/unittest_sqlglot_noop_98780964a16a43c086105c244ce5eefc/candidate_sql,PERF_0006__postgres.sql,33a4fcc230aa2c8f67e6ae340900c4c14b93c3abb8ac4efd712b5b901d5df5ec,1093
runs/user/unittest_sqlglot_noop_9c4e2e9353814193a291a1b6851f0165/candidate_sql,PERF_0006__postgres.sql,33a4fcc230aa2c8f67e6ae340900c4c14b93c3abb8ac4efd712b5b901d5df5ec,1093
runs/user/unittest_sqlglot_noop_9c797fffc93b4e708664f68aeeb49499/candidate_sql,PERF_0006__postgres.sql,33a4fcc230aa2c8f67e6ae340900c4c14b93c3abb8ac4efd712b5b901d5df5ec,1093
runs/user/unittest_sqlglot_noop_9ccf26cf5d924584bcea668f5e70e1a3/candidate_sql,PERF_0006__postgres.sql,33a4fcc230aa2c8f67e6ae340900c4c14b93c3abb8ac4efd712b5b901d5df5ec,1093
runs/user/unittest_sqlglot_noop_9e57cfe965b24bb6a4b0ff8b63f67c2f/candidate_sql,PERF_0006__postgres.sql,33a4fcc230aa2c8f67e6ae340900c4c14b93c3abb8ac4efd712b5b901d5df5ec,1093
runs/user/unittest_sqlglot_noop_9f71681ad028481695104bfb51e71e1f/candidate_sql,PERF_0006__postgres.sql,33a4fcc230aa2c8f67e6ae340900c4c14b93c3abb8ac4efd712b5b901d5df5ec,1093
runs/user/unittest_sqlglot_noop_a09df6d4ccf34e28aaeeb81fe5309de7/candidate_sql,PERF_0006__postgres.sql,33a4fcc230aa2c8f67e6ae340900c4c14b93c3abb8ac4efd712b5b901d5df5ec,1093
runs/user/unittest_sqlglot_noop_ab93af3d97e34bcc9c18fbc6ee44c394/candidate_sql,PERF_0006__postgres.sql,33a4fcc230aa2c8f67e6ae340900c4c14b93c3abb8ac4efd712b5b901d5df5ec,1093
runs/user/unittest_sqlglot_noop_ac939e39ac8c482db038b256752cbf94/candidate_sql,PERF_0006__postgres.sql,33a4fcc230aa2c8f67e6ae340900c4c14b93c3abb8ac4efd712b5b901d5df5ec,1093
runs/user/unittest_sqlglot_noop_af924e7d862444e782aef9f1e42b03fc/candidate_sql,PERF_0006__postgres.sql,33a4fcc230aa2c8f67e6ae340900c4c14b93c3abb8ac4efd712b5b901d5df5ec,1093
runs/user/unittest_sqlglot_noop_b63b998448074acd978d59df1f4a3888/candidate_sql,PERF_0006__postgres.sql,33a4fcc230aa2c8f67e6ae340900c4c14b93c3abb8ac4efd712b5b901d5df5ec,1093
runs/user/unittest_sqlglot_noop_b6e3ebe2490d474ba284143a7825696d/candidate_sql,PERF_0006__postgres.sql,33a4fcc230aa2c8f67e6ae340900c4c14b93c3abb8ac4efd712b5b901d5df5ec,1093
runs/user/unittest_sqlglot_noop_c399c76bfd7242f9bc5582add42ddbf5/candidate_sql,PERF_0006__postgres.sql,33a4fcc230aa2c8f67e6ae340900c4c14b93c3abb8ac4efd712b5b901d5df5ec,1093
runs/user/unittest_sqlglot_noop_c4c69073110442c9b53b5a1edcdf7a83/candidate_sql,PERF_0006__postgres.sql,33a4fcc230aa2c8f67e6ae340900c4c14b93c3abb8ac4efd712b5b901d5df5ec,1093
runs/user/unittest_sqlglot_noop_c7a84829d8ee4da9922c7951666e6081/candidate_sql,PERF_0006__postgres.sql,33a4fcc230aa2c8f67e6ae340900c4c14b93c3abb8ac4efd712b5b901d5df5ec,1093
runs/user/unittest_sqlglot_noop_caa0c17902b248f781dc614c6190b784/candidate_sql,PERF_0006__postgres.sql,33a4fcc230aa2c8f67e6ae340900c4c14b93c3abb8ac4efd712b5b901d5df5ec,1093
runs/user/unittest_sqlglot_noop_cbd657f707254c16906b87942ccb9bfc/candidate_sql,PERF_0006__postgres.sql,33a4fcc230aa2c8f67e6ae340900c4c14b93c3abb8ac4efd712b5b901d5df5ec,1093
runs/user/unittest_sqlglot_noop_ce5489bb9b254e6b9b7d3bd3185df29e/candidate_sql,PERF_0006__postgres.sql,33a4fcc230aa2c8f67e6ae340900c4c14b93c3abb8ac4efd712b5b901d5df5ec,1093
runs/user/unittest_sqlglot_noop_d1cf47adc6a448319c6080fdfa6a1a5f/candidate_sql,PERF_0006__postgres.sql,33a4fcc230aa2c8f67e6ae340900c4c14b93c3abb8ac4efd712b5b901d5df5ec,1093
runs/user/unittest_sqlglot_noop_d49469a8997b4a87a81d7462eda6591b/candidate_sql,PERF_0006__postgres.sql,33a4fcc230aa2c8f67e6ae340900c4c14b93c3abb8ac4efd712b5b901d5df5ec,1093
runs/user/unittest_sqlglot_noop_d9bb195e62cd4e968100bb5d3158598f/candidate_sql,PERF_0006__postgres.sql,33a4fcc230aa2c8f67e6ae340900c4c14b93c3abb8ac4efd712b5b901d5df5ec,1093
runs/user/unittest_sqlglot_noop_dc767c351bd64138b9c2a25799771ab2/candidate_sql,PERF_0006__postgres.sql,33a4fcc230aa2c8f67e6ae340900c4c14b93c3abb8ac4efd712b5b901d5df5ec,1093
runs/user/unittest_sqlglot_noop_dcce417edd3d4ee8a0ccdbb32ff8273f/candidate_sql,PERF_0006__postgres.sql,33a4fcc230aa2c8f67e6ae340900c4c14b93c3abb8ac4efd712b5b901d5df5ec,1093
runs/user/unittest_sqlglot_noop_e01b95bff65a4da18f29bd08cb453bca/candidate_sql,PERF_0006__postgres.sql,33a4fcc230aa2c8f67e6ae340900c4c14b93c3abb8ac4efd712b5b901d5df5ec,1093
runs/user/unittest_sqlglot_noop_e5a9e71d87cb47dc8d2a4a7b58c6373a/candidate_sql,PERF_0006__postgres.sql,33a4fcc230aa2c8f67e6ae340900c4c14b93c3abb8ac4efd712b5b901d5df5ec,1093
runs/user/unittest_sqlglot_noop_e981d36681f5498087592b5ed4ccaf56/candidate_sql,PERF_0006__postgres.sql,33a4fcc230aa2c8f67e6ae340900c4c14b93c3abb8ac4efd712b5b901d5df5ec,1093
runs/user/unittest_sqlglot_noop_e9a593ee3528449b9ccec17b8c07710b/candidate_sql,PERF_0006__postgres.sql,33a4fcc230aa2c8f67e6ae340900c4c14b93c3abb8ac4efd712b5b901d5df5ec,1093
runs/user/unittest_sqlglot_noop_eb38367765684b5881b275143c200e9b/candidate_sql,PERF_0006__postgres.sql,33a4fcc230aa2c8f67e6ae340900c4c14b93c3abb8ac4efd712b5b901d5df5ec,1093
runs/user/unittest_sqlglot_noop_f0a5c093ef1a4fe5a8422d77beaa5d61/candidate_sql,PERF_0006__postgres.sql,33a4fcc230aa2c8f67e6ae340900c4c14b93c3abb8ac4efd712b5b901d5df5ec,1093
runs/user/unittest_sqlglot_noop_f26f8114e284401d8593563af2bff683/candidate_sql,PERF_0006__postgres.sql,33a4fcc230aa2c8f67e6ae340900c4c14b93c3abb8ac4efd712b5b901d5df5ec,1093
runs/user/unittest_sqlglot_noop_f40835af43e0479fa658a344952bbca0/candidate_sql,PERF_0006__postgres.sql,33a4fcc230aa2c8f67e6ae340900c4c14b93c3abb8ac4efd712b5b901d5df5ec,1093
runs/user/unittest_sqlglot_noop_f4228bee706846dfbeacc61767ed8c89/candidate_sql,PERF_0006__postgres.sql,33a4fcc230aa2c8f67e6ae340900c4c14b93c3abb8ac4efd712b5b901d5df5ec,1093
runs/user/unittest_sqlglot_noop_f60c351179bf4cf0b7bfc3f215f96dc9/candidate_sql,PERF_0006__postgres.sql,33a4fcc230aa2c8f67e6ae340900c4c14b93c3abb8ac4efd712b5b901d5df5ec,1093
runs/user/unittest_sqlglot_noop_fb6786ddea5d4597b3cbcc817d872183/candidate_sql,PERF_0006__postgres.sql,33a4fcc230aa2c8f67e6ae340900c4c14b93c3abb8ac4efd712b5b901d5df5ec,1093
runs/user/unittest_sqlglot_noop_fd08e627893f45b483bee9958a02e94c/candidate_sql,PERF_0006__postgres.sql,33a4fcc230aa2c8f67e6ae340900c4c14b93c3abb8ac4efd712b5b901d5df5ec,1093
runs/user/unittest_sqlglot_optimize_02112bbf9afa4795838add7497505458/candidate_sql,PERF_0006__postgres.sql,f61640bfcaa08f6e4a0f4c1d57a52f5e12603a382feb019569a3f697038a124c,1360
runs/user/unittest_sqlglot_optimize_07bbd4f87c4a43a389c044ed235ac7f6/candidate_sql,PERF_0006__postgres.sql,f61640bfcaa08f6e4a0f4c1d57a52f5e12603a382feb019569a3f697038a124c,1360
runs/user/unittest_sqlglot_optimize_0e260023538048a88e769bd232b73006/candidate_sql,PERF_0006__postgres.sql,f61640bfcaa08f6e4a0f4c1d57a52f5e12603a382feb019569a3f697038a124c,1360
runs/user/unittest_sqlglot_optimize_0fcb7d1ce5444aeaa73acb371155aefa/candidate_sql,PERF_0006__postgres.sql,f61640bfcaa08f6e4a0f4c1d57a52f5e12603a382feb019569a3f697038a124c,1360
runs/user/unittest_sqlglot_optimize_104e92b54bc040158f46c34d4329d199/candidate_sql,PERF_0006__postgres.sql,f61640bfcaa08f6e4a0f4c1d57a52f5e12603a382feb019569a3f697038a124c,1360
runs/user/unittest_sqlglot_optimize_12631bf0980842f6aea577a7911d1e3e/candidate_sql,PERF_0006__postgres.sql,f61640bfcaa08f6e4a0f4c1d57a52f5e12603a382feb019569a3f697038a124c,1360
runs/user/unittest_sqlglot_optimize_140c4f2628c94eb1bcb58627ead23c3b/candidate_sql,PERF_0006__postgres.sql,f61640bfcaa08f6e4a0f4c1d57a52f5e12603a382feb019569a3f697038a124c,1360
runs/user/unittest_sqlglot_optimize_1854fffc34994b6a8b3ee17ee2f491e3/candidate_sql,PERF_0006__postgres.sql,f61640bfcaa08f6e4a0f4c1d57a52f5e12603a382feb019569a3f697038a124c,1360
runs/user/unittest_sqlglot_optimize_19b4dd6809ed4b8a8aee6e460b4778eb/candidate_sql,PERF_0006__postgres.sql,f61640bfcaa08f6e4a0f4c1d57a52f5e12603a382feb019569a3f697038a124c,1360
runs/user/unittest_sqlglot_optimize_1bb9085542c845579745b5921a96ea43/candidate_sql,PERF_0006__postgres.sql,f61640bfcaa08f6e4a0f4c1d57a52f5e12603a382feb019569a3f697038a124c,1360
runs/user/unittest_sqlglot_optimize_1bc8b7c4754347e3bebe1697c6f01958/candidate_sql,PERF_0006__postgres.sql,f61640bfcaa08f6e4a0f4c1d57a52f5e12603a382feb019569a3f697038a124c,1360
runs/user/unittest_sqlglot_optimize_1d3b22ecafaa4033bfd674e646345f03/candidate_sql,PERF_0006__postgres.sql,f61640bfcaa08f6e4a0f4c1d57a52f5e12603a382feb019569a3f697038a124c,1360
runs/user/unittest_sqlglot_optimize_21d12b1a67e444fb9ea8e6f046fd79f2/candidate_sql,PERF_0006__postgres.sql,f61640bfcaa08f6e4a0f4c1d57a52f5e12603a382feb019569a3f697038a124c,1360
runs/user/unittest_sqlglot_optimize_226cbf3cd3844fa4833f3b3ba4756d8a/candidate_sql,PERF_0006__postgres.sql,f61640bfcaa08f6e4a0f4c1d57a52f5e12603a382feb019569a3f697038a124c,1360
runs/user/unittest_sqlglot_optimize_239e0b279e22445696fee56d8ea5d9d9/candidate_sql,PERF_0006__postgres.sql,f61640bfcaa08f6e4a0f4c1d57a52f5e12603a382feb019569a3f697038a124c,1360
runs/user/unittest_sqlglot_optimize_274f4cf26fe04f1d96a212f57a3b5c93/candidate_sql,PERF_0006__postgres.sql,f61640bfcaa08f6e4a0f4c1d57a52f5e12603a382feb019569a3f697038a124c,1360
runs/user/unittest_sqlglot_optimize_2826494d06094b168d5bd560eae20dba/candidate_sql,PERF_0006__postgres.sql,f61640bfcaa08f6e4a0f4c1d57a52f5e12603a382feb019569a3f697038a124c,1360
runs/user/unittest_sqlglot_optimize_323ecd6ad0db4811be87dbcf8dd3bb95/candidate_sql,PERF_0006__postgres.sql,f61640bfcaa08f6e4a0f4c1d57a52f5e12603a382feb019569a3f697038a124c,1360
runs/user/unittest_sqlglot_optimize_3714bc21cc5945cda06b7557a8f56a49/candidate_sql,PERF_0006__postgres.sql,f61640bfcaa08f6e4a0f4c1d57a52f5e12603a382feb019569a3f697038a124c,1360
runs/user/unittest_sqlglot_optimize_377de9d9f61b45758f98826c49b4a68d/candidate_sql,PERF_0006__postgres.sql,f61640bfcaa08f6e4a0f4c1d57a52f5e12603a382feb019569a3f697038a124c,1360
runs/user/unittest_sqlglot_optimize_38161b8531e0435fa5a8ed150cf48941/candidate_sql,PERF_0006__postgres.sql,f61640bfcaa08f6e4a0f4c1d57a52f5e12603a382feb019569a3f697038a124c,1360
runs/user/unittest_sqlglot_optimize_38a390afc6d84926821b41c43f3633dc/candidate_sql,PERF_0006__postgres.sql,f61640bfcaa08f6e4a0f4c1d57a52f5e12603a382feb019569a3f697038a124c,1360
runs/user/unittest_sqlglot_optimize_3914d1f5f8384f769f340b850d9ae3cd/candidate_sql,PERF_0006__postgres.sql,f61640bfcaa08f6e4a0f4c1d57a52f5e12603a382feb019569a3f697038a124c,1360
runs/user/unittest_sqlglot_optimize_39ddd8b18d294007b936b93617f65d99/candidate_sql,PERF_0006__postgres.sql,f61640bfcaa08f6e4a0f4c1d57a52f5e12603a382feb019569a3f697038a124c,1360
runs/user/unittest_sqlglot_optimize_3ab1f3a42fe547f2841250616a499667/candidate_sql,PERF_0006__postgres.sql,f61640bfcaa08f6e4a0f4c1d57a52f5e12603a382feb019569a3f697038a124c,1360
runs/user/unittest_sqlglot_optimize_3b5924c5af9d440099015bd74ab3520a/candidate_sql,PERF_0006__postgres.sql,f61640bfcaa08f6e4a0f4c1d57a52f5e12603a382feb019569a3f697038a124c,1360
runs/user/unittest_sqlglot_optimize_3e080abf4d114e12957175925a17cefa/candidate_sql,PERF_0006__postgres.sql,f61640bfcaa08f6e4a0f4c1d57a52f5e12603a382feb019569a3f697038a124c,1360
runs/user/unittest_sqlglot_optimize_41bccaa78b0a4a8eac8070ddea4f2518/candidate_sql,PERF_0006__postgres.sql,f61640bfcaa08f6e4a0f4c1d57a52f5e12603a382feb019569a3f697038a124c,1360
runs/user/unittest_sqlglot_optimize_47c25596d6ed476db6758139f30f884c/candidate_sql,PERF_0006__postgres.sql,f61640bfcaa08f6e4a0f4c1d57a52f5e12603a382feb019569a3f697038a124c,1360
runs/user/unittest_sqlglot_optimize_4a8e8146b55c488fa078da9ef9b214cd/candidate_sql,PERF_0006__postgres.sql,f61640bfcaa08f6e4a0f4c1d57a52f5e12603a382feb019569a3f697038a124c,1360
runs/user/unittest_sqlglot_optimize_4b11c59aa2e14d18afd5e6cd39f3448c/candidate_sql,PERF_0006__postgres.sql,f61640bfcaa08f6e4a0f4c1d57a52f5e12603a382feb019569a3f697038a124c,1360
runs/user/unittest_sqlglot_optimize_4bf106e09a174d2297e444fd10e3ae2b/candidate_sql,PERF_0006__postgres.sql,f61640bfcaa08f6e4a0f4c1d57a52f5e12603a382feb019569a3f697038a124c,1360
runs/user/unittest_sqlglot_optimize_4ea878fda8624f3cb92a2aa1c6803be3/candidate_sql,PERF_0006__postgres.sql,f61640bfcaa08f6e4a0f4c1d57a52f5e12603a382feb019569a3f697038a124c,1360
runs/user/unittest_sqlglot_optimize_5211c6b942ce41cbb76fbfd7a4e78fda/candidate_sql,PERF_0006__postgres.sql,f61640bfcaa08f6e4a0f4c1d57a52f5e12603a382feb019569a3f697038a124c,1360
runs/user/unittest_sqlglot_optimize_54c0b99d152a4c988706f260bd60a30f/candidate_sql,PERF_0006__postgres.sql,f61640bfcaa08f6e4a0f4c1d57a52f5e12603a382feb019569a3f697038a124c,1360
runs/user/unittest_sqlglot_optimize_562101f81ed641a89b47afbe9e3d36bc/candidate_sql,PERF_0006__postgres.sql,f61640bfcaa08f6e4a0f4c1d57a52f5e12603a382feb019569a3f697038a124c,1360
runs/user/unittest_sqlglot_optimize_5a8b0bc2416046bb977c14ae125dff51/candidate_sql,PERF_0006__postgres.sql,f61640bfcaa08f6e4a0f4c1d57a52f5e12603a382feb019569a3f697038a124c,1360
runs/user/unittest_sqlglot_optimize_5b969aa3587d47e594950e3fbe76272d/candidate_sql,PERF_0006__postgres.sql,f61640bfcaa08f6e4a0f4c1d57a52f5e12603a382feb019569a3f697038a124c,1360
runs/user/unittest_sqlglot_optimize_5cc1e01faff94504bf3ea95c2e2b7196/candidate_sql,PERF_0006__postgres.sql,f61640bfcaa08f6e4a0f4c1d57a52f5e12603a382feb019569a3f697038a124c,1360
runs/user/unittest_sqlglot_optimize_5dfb2111287545c499b692020225cbd9/candidate_sql,PERF_0006__postgres.sql,f61640bfcaa08f6e4a0f4c1d57a52f5e12603a382feb019569a3f697038a124c,1360
runs/user/unittest_sqlglot_optimize_5f1c504d6c294694afab13aee9609a07/candidate_sql,PERF_0006__postgres.sql,f61640bfcaa08f6e4a0f4c1d57a52f5e12603a382feb019569a3f697038a124c,1360
runs/user/unittest_sqlglot_optimize_67e862fdb2ad4f52bca8584f8ecdeae1/candidate_sql,PERF_0006__postgres.sql,f61640bfcaa08f6e4a0f4c1d57a52f5e12603a382feb019569a3f697038a124c,1360
runs/user/unittest_sqlglot_optimize_7021cb6924f3407fbdbdb785e919a28d/candidate_sql,PERF_0006__postgres.sql,f61640bfcaa08f6e4a0f4c1d57a52f5e12603a382feb019569a3f697038a124c,1360
runs/user/unittest_sqlglot_optimize_7292a58ac6574fc9a0fa949f9af5c9e5/candidate_sql,PERF_0006__postgres.sql,f61640bfcaa08f6e4a0f4c1d57a52f5e12603a382feb019569a3f697038a124c,1360
runs/user/unittest_sqlglot_optimize_73d13368b067443dad6543073c18cc6c/candidate_sql,PERF_0006__postgres.sql,f61640bfcaa08f6e4a0f4c1d57a52f5e12603a382feb019569a3f697038a124c,1360
runs/user/unittest_sqlglot_optimize_75b3e38b68894312af529e584d4136a9/candidate_sql,PERF_0006__postgres.sql,f61640bfcaa08f6e4a0f4c1d57a52f5e12603a382feb019569a3f697038a124c,1360
runs/user/unittest_sqlglot_optimize_76f15c8db9cc4c0e8fafd2b35a113c21/candidate_sql,PERF_0006__postgres.sql,f61640bfcaa08f6e4a0f4c1d57a52f5e12603a382feb019569a3f697038a124c,1360
runs/user/unittest_sqlglot_optimize_7c64598e2acf4a42a3979d5c20975f40/candidate_sql,PERF_0006__postgres.sql,f61640bfcaa08f6e4a0f4c1d57a52f5e12603a382feb019569a3f697038a124c,1360
runs/user/unittest_sqlglot_optimize_7f138252bd2c4d6990b6db25f501729b/candidate_sql,PERF_0006__postgres.sql,f61640bfcaa08f6e4a0f4c1d57a52f5e12603a382feb019569a3f697038a124c,1360
runs/user/unittest_sqlglot_optimize_7f7873148fd44ba0977f546a190e578d/candidate_sql,PERF_0006__postgres.sql,f61640bfcaa08f6e4a0f4c1d57a52f5e12603a382feb019569a3f697038a124c,1360
runs/user/unittest_sqlglot_optimize_813cc778a5214645ae54bf962a57e7f7/candidate_sql,PERF_0006__postgres.sql,f61640bfcaa08f6e4a0f4c1d57a52f5e12603a382feb019569a3f697038a124c,1360
runs/user/unittest_sqlglot_optimize_8718d0f3d77b4b428cafb28aa90bc478/candidate_sql,PERF_0006__postgres.sql,f61640bfcaa08f6e4a0f4c1d57a52f5e12603a382feb019569a3f697038a124c,1360
runs/user/unittest_sqlglot_optimize_874ad437a1f64fe9a281cbf21c9aba9f/candidate_sql,PERF_0006__postgres.sql,f61640bfcaa08f6e4a0f4c1d57a52f5e12603a382feb019569a3f697038a124c,1360
runs/user/unittest_sqlglot_optimize_8900c6ecb01d48e5a5ee30becbc672d7/candidate_sql,PERF_0006__postgres.sql,f61640bfcaa08f6e4a0f4c1d57a52f5e12603a382feb019569a3f697038a124c,1360
runs/user/unittest_sqlglot_optimize_8c7dbeeea6d74963b7ae106e0fb57eb7/candidate_sql,PERF_0006__postgres.sql,f61640bfcaa08f6e4a0f4c1d57a52f5e12603a382feb019569a3f697038a124c,1360
runs/user/unittest_sqlglot_optimize_9006064c71074691aa5f3e1eef36de44/candidate_sql,PERF_0006__postgres.sql,f61640bfcaa08f6e4a0f4c1d57a52f5e12603a382feb019569a3f697038a124c,1360
runs/user/unittest_sqlglot_optimize_905db44e03464064a63086c23f3b4cb9/candidate_sql,PERF_0006__postgres.sql,f61640bfcaa08f6e4a0f4c1d57a52f5e12603a382feb019569a3f697038a124c,1360
runs/user/unittest_sqlglot_optimize_93231e1cb0ab4711a5cc23b76c7ec841/candidate_sql,PERF_0006__postgres.sql,f61640bfcaa08f6e4a0f4c1d57a52f5e12603a382feb019569a3f697038a124c,1360
runs/user/unittest_sqlglot_optimize_94be537ae5c3484dbc8915ecf84580b3/candidate_sql,PERF_0006__postgres.sql,f61640bfcaa08f6e4a0f4c1d57a52f5e12603a382feb019569a3f697038a124c,1360
runs/user/unittest_sqlglot_optimize_96871f037814413e8ed82b045e149dbd/candidate_sql,PERF_0006__postgres.sql,f61640bfcaa08f6e4a0f4c1d57a52f5e12603a382feb019569a3f697038a124c,1360
runs/user/unittest_sqlglot_optimize_96c9d86411b9488db32487309f8cf458/candidate_sql,PERF_0006__postgres.sql,f61640bfcaa08f6e4a0f4c1d57a52f5e12603a382feb019569a3f697038a124c,1360
runs/user/unittest_sqlglot_optimize_989748112a924e62878f4b63f9f801f6/candidate_sql,PERF_0006__postgres.sql,f61640bfcaa08f6e4a0f4c1d57a52f5e12603a382feb019569a3f697038a124c,1360
runs/user/unittest_sqlglot_optimize_9b745dc915394c60b5e38996cac58624/candidate_sql,PERF_0006__postgres.sql,f61640bfcaa08f6e4a0f4c1d57a52f5e12603a382feb019569a3f697038a124c,1360
runs/user/unittest_sqlglot_optimize_9d0d300850c84a5d8dd4015c80e3a875/candidate_sql,PERF_0006__postgres.sql,f61640bfcaa08f6e4a0f4c1d57a52f5e12603a382feb019569a3f697038a124c,1360
runs/user/unittest_sqlglot_optimize_9e0121a97bca42518bbf2d56f0f6d0f4/candidate_sql,PERF_0006__postgres.sql,f61640bfcaa08f6e4a0f4c1d57a52f5e12603a382feb019569a3f697038a124c,1360
runs/user/unittest_sqlglot_optimize_a60d359fbd0e4ccba2b61a421185450b/candidate_sql,PERF_0006__postgres.sql,f61640bfcaa08f6e4a0f4c1d57a52f5e12603a382feb019569a3f697038a124c,1360
runs/user/unittest_sqlglot_optimize_aae5b10bf0a04970ac4dcbe91815aef1/candidate_sql,PERF_0006__postgres.sql,f61640bfcaa08f6e4a0f4c1d57a52f5e12603a382feb019569a3f697038a124c,1360
runs/user/unittest_sqlglot_optimize_aaf2cccdd9cb417ab12ca751a7d7a013/candidate_sql,PERF_0006__postgres.sql,f61640bfcaa08f6e4a0f4c1d57a52f5e12603a382feb019569a3f697038a124c,1360
runs/user/unittest_sqlglot_optimize_ad00afde3f9940e6a1c68bbbc6deb450/candidate_sql,PERF_0006__postgres.sql,f61640bfcaa08f6e4a0f4c1d57a52f5e12603a382feb019569a3f697038a124c,1360
runs/user/unittest_sqlglot_optimize_bc82eec6638b40448c1d777989061d21/candidate_sql,PERF_0006__postgres.sql,f61640bfcaa08f6e4a0f4c1d57a52f5e12603a382feb019569a3f697038a124c,1360
runs/user/unittest_sqlglot_optimize_becc5c3a33824b54b8d2c9c6971e0311/candidate_sql,PERF_0006__postgres.sql,f61640bfcaa08f6e4a0f4c1d57a52f5e12603a382feb019569a3f697038a124c,1360
runs/user/unittest_sqlglot_optimize_c53069753c654f048ab01ff5175302a1/candidate_sql,PERF_0006__postgres.sql,f61640bfcaa08f6e4a0f4c1d57a52f5e12603a382feb019569a3f697038a124c,1360
runs/user/unittest_sqlglot_optimize_caf2c73f35d14112a050509d23c09475/candidate_sql,PERF_0006__postgres.sql,f61640bfcaa08f6e4a0f4c1d57a52f5e12603a382feb019569a3f697038a124c,1360
runs/user/unittest_sqlglot_optimize_cbf0d524b12c45f8a34308fcfbc6017b/candidate_sql,PERF_0006__postgres.sql,f61640bfcaa08f6e4a0f4c1d57a52f5e12603a382feb019569a3f697038a124c,1360
runs/user/unittest_sqlglot_optimize_cf0ca93dc634420fae2af801d271a8a1/candidate_sql,PERF_0006__postgres.sql,f61640bfcaa08f6e4a0f4c1d57a52f5e12603a382feb019569a3f697038a124c,1360
runs/user/unittest_sqlglot_optimize_d1989413aa0d44499a3925551fc68316/candidate_sql,PERF_0006__postgres.sql,f61640bfcaa08f6e4a0f4c1d57a52f5e12603a382feb019569a3f697038a124c,1360
runs/user/unittest_sqlglot_optimize_d6cef0bbe9db4b308b6b7f7f96c0d4e0/candidate_sql,PERF_0006__postgres.sql,f61640bfcaa08f6e4a0f4c1d57a52f5e12603a382feb019569a3f697038a124c,1360
runs/user/unittest_sqlglot_optimize_d811d1fb03454506964db19d5011b76f/candidate_sql,PERF_0006__postgres.sql,f61640bfcaa08f6e4a0f4c1d57a52f5e12603a382feb019569a3f697038a124c,1360
runs/user/unittest_sqlglot_optimize_d9f27541a1c94a0c8b9782398c28b708/candidate_sql,PERF_0006__postgres.sql,f61640bfcaa08f6e4a0f4c1d57a52f5e12603a382feb019569a3f697038a124c,1360
runs/user/unittest_sqlglot_optimize_dab4b58a9c9a4838b5d4e6a28ca6fc6d/candidate_sql,PERF_0006__postgres.sql,f61640bfcaa08f6e4a0f4c1d57a52f5e12603a382feb019569a3f697038a124c,1360
runs/user/unittest_sqlglot_optimize_df561e64c71846c7a34d63faa0242ea4/candidate_sql,PERF_0006__postgres.sql,f61640bfcaa08f6e4a0f4c1d57a52f5e12603a382feb019569a3f697038a124c,1360
runs/user/unittest_sqlglot_optimize_e161768e057641a8aad66ea3340ae694/candidate_sql,PERF_0006__postgres.sql,f61640bfcaa08f6e4a0f4c1d57a52f5e12603a382feb019569a3f697038a124c,1360
runs/user/unittest_sqlglot_optimize_e1c281341ef7444b9bd9c71c17f4ffba/candidate_sql,PERF_0006__postgres.sql,f61640bfcaa08f6e4a0f4c1d57a52f5e12603a382feb019569a3f697038a124c,1360
runs/user/unittest_sqlglot_optimize_e2ed4d7118704060811378ed5ad0de89/candidate_sql,PERF_0006__postgres.sql,f61640bfcaa08f6e4a0f4c1d57a52f5e12603a382feb019569a3f697038a124c,1360
runs/user/unittest_sqlglot_optimize_e494460515e44c9f9dea100368353f73/candidate_sql,PERF_0006__postgres.sql,f61640bfcaa08f6e4a0f4c1d57a52f5e12603a382feb019569a3f697038a124c,1360
runs/user/unittest_sqlglot_optimize_e726e8c3b02c4a64a54291db6770d910/candidate_sql,PERF_0006__postgres.sql,f61640bfcaa08f6e4a0f4c1d57a52f5e12603a382feb019569a3f697038a124c,1360
runs/user/unittest_sqlglot_optimize_ed971b96e72b449ba2cf49ac8b52a6c2/candidate_sql,PERF_0006__postgres.sql,f61640bfcaa08f6e4a0f4c1d57a52f5e12603a382feb019569a3f697038a124c,1360
runs/user/unittest_sqlglot_optimize_f043c912ee364f4f95ffeb9fd68dbcd0/candidate_sql,PERF_0006__postgres.sql,f61640bfcaa08f6e4a0f4c1d57a52f5e12603a382feb019569a3f697038a124c,1360
runs/user/unittest_sqlglot_optimize_f8d3b4fbfcb447ae8d9ca13c1919411f/candidate_sql,PERF_0006__postgres.sql,f61640bfcaa08f6e4a0f4c1d57a52f5e12603a382feb019569a3f697038a124c,1360
runs/user/unittest_sqlglot_optimize_fa986a161c05455f92b8d7c7666d713d/candidate_sql,PERF_0006__postgres.sql,f61640bfcaa08f6e4a0f4c1d57a52f5e12603a382feb019569a3f697038a124c,1360
runs/user/unittest_u3_preflight_blocks_db_004c0409abe94187bc06ec7f82dfd4cc/candidate_sql,PERF_0006__postgres.sql,82b52fdee7064419a7564983aaf23ba78e495e2ba9be3128fc1ec31abfab259d,17
runs/user/unittest_u3_preflight_blocks_db_0183e8fab7c54d65b90cf428f8e04993/candidate_sql,PERF_0006__postgres.sql,82b52fdee7064419a7564983aaf23ba78e495e2ba9be3128fc1ec31abfab259d,17
runs/user/unittest_u3_preflight_blocks_db_03385403bd7943e6967c15a062ba0800/candidate_sql,PERF_0006__postgres.sql,82b52fdee7064419a7564983aaf23ba78e495e2ba9be3128fc1ec31abfab259d,17
runs/user/unittest_u3_preflight_blocks_db_03b1944c5e42458b848698bdf70f3d88/candidate_sql,PERF_0006__postgres.sql,82b52fdee7064419a7564983aaf23ba78e495e2ba9be3128fc1ec31abfab259d,17
runs/user/unittest_u3_preflight_blocks_db_06d2238d72e64a71974ce6ed953681ef/candidate_sql,PERF_0006__postgres.sql,82b52fdee7064419a7564983aaf23ba78e495e2ba9be3128fc1ec31abfab259d,17
runs/user/unittest_u3_preflight_blocks_db_075843c5c5104913abeb0e3180d4d116/candidate_sql,PERF_0006__postgres.sql,82b52fdee7064419a7564983aaf23ba78e495e2ba9be3128fc1ec31abfab259d,17
runs/user/unittest_u3_preflight_blocks_db_079b4d049d6e4cec906b2e091dc89495/candidate_sql,PERF_0006__postgres.sql,82b52fdee7064419a7564983aaf23ba78e495e2ba9be3128fc1ec31abfab259d,17
runs/user/unittest_u3_preflight_blocks_db_088660c6569f463591d3f143b5980969/candidate_sql,PERF_0006__postgres.sql,82b52fdee7064419a7564983aaf23ba78e495e2ba9be3128fc1ec31abfab259d,17
runs/user/unittest_u3_preflight_blocks_db_0a20f48b76fe4630a8edcee49753b953/candidate_sql,PERF_0006__postgres.sql,82b52fdee7064419a7564983aaf23ba78e495e2ba9be3128fc1ec31abfab259d,17
runs/user/unittest_u3_preflight_blocks_db_0a98dda1f1d540079ccf7a1c35d0e8da/candidate_sql,PERF_0006__postgres.sql,82b52fdee7064419a7564983aaf23ba78e495e2ba9be3128fc1ec31abfab259d,17
runs/user/unittest_u3_preflight_blocks_db_0daa9a6b0ea34ec596d8e7ec1f819325/candidate_sql,PERF_0006__postgres.sql,82b52fdee7064419a7564983aaf23ba78e495e2ba9be3128fc1ec31abfab259d,17
runs/user/unittest_u3_preflight_blocks_db_0df58516161447fbbe5c4f9f821985dc/candidate_sql,PERF_0006__postgres.sql,82b52fdee7064419a7564983aaf23ba78e495e2ba9be3128fc1ec31abfab259d,17
runs/user/unittest_u3_preflight_blocks_db_0e59b65611eb43f1882d06db1fed7678/candidate_sql,PERF_0006__postgres.sql,82b52fdee7064419a7564983aaf23ba78e495e2ba9be3128fc1ec31abfab259d,17
runs/user/unittest_u3_preflight_blocks_db_0f3a28f1235d4d35bc0e7a9acd8216e6/candidate_sql,PERF_0006__postgres.sql,82b52fdee7064419a7564983aaf23ba78e495e2ba9be3128fc1ec31abfab259d,17
runs/user/unittest_u3_preflight_blocks_db_1117f32ab54a47a1bb1606ce42e592b0/candidate_sql,PERF_0006__postgres.sql,82b52fdee7064419a7564983aaf23ba78e495e2ba9be3128fc1ec31abfab259d,17
runs/user/unittest_u3_preflight_blocks_db_1471a8fa2967428dbf9662c0609d170b/candidate_sql,PERF_0006__postgres.sql,82b52fdee7064419a7564983aaf23ba78e495e2ba9be3128fc1ec31abfab259d,17
runs/user/unittest_u3_preflight_blocks_db_189112e77ba74b9386fbc79b5c455cdd/candidate_sql,PERF_0006__postgres.sql,82b52fdee7064419a7564983aaf23ba78e495e2ba9be3128fc1ec31abfab259d,17
runs/user/unittest_u3_preflight_blocks_db_1aaa3969e66841d9b17697b9f8158587/candidate_sql,PERF_0006__postgres.sql,82b52fdee7064419a7564983aaf23ba78e495e2ba9be3128fc1ec31abfab259d,17
runs/user/unittest_u3_preflight_blocks_db_1c8456cae1d3408da314003af499a2e2/candidate_sql,PERF_0006__postgres.sql,82b52fdee7064419a7564983aaf23ba78e495e2ba9be3128fc1ec31abfab259d,17
runs/user/unittest_u3_preflight_blocks_db_1daa5ec94d7f4d99aba3c5d463e11694/candidate_sql,PERF_0006__postgres.sql,82b52fdee7064419a7564983aaf23ba78e495e2ba9be3128fc1ec31abfab259d,17
runs/user/unittest_u3_preflight_blocks_db_2142e02731dc4243a0a81d796762835a/candidate_sql,PERF_0006__postgres.sql,82b52fdee7064419a7564983aaf23ba78e495e2ba9be3128fc1ec31abfab259d,17
runs/user/unittest_u3_preflight_blocks_db_243637d3848f4081983ae4b8c42451df/candidate_sql,PERF_0006__postgres.sql,82b52fdee7064419a7564983aaf23ba78e495e2ba9be3128fc1ec31abfab259d,17
runs/user/unittest_u3_preflight_blocks_db_24d95dfb016b4939958a92dfc43afca5/candidate_sql,PERF_0006__postgres.sql,82b52fdee7064419a7564983aaf23ba78e495e2ba9be3128fc1ec31abfab259d,17
runs/user/unittest_u3_preflight_blocks_db_27761e1bddad4ab3be87674c0c5cbbca/candidate_sql,PERF_0006__postgres.sql,82b52fdee7064419a7564983aaf23ba78e495e2ba9be3128fc1ec31abfab259d,17
runs/user/unittest_u3_preflight_blocks_db_29dd2e911b2546c69c601fc15f8bcc64/candidate_sql,PERF_0006__postgres.sql,82b52fdee7064419a7564983aaf23ba78e495e2ba9be3128fc1ec31abfab259d,17
runs/user/unittest_u3_preflight_blocks_db_2a51a3c1d26b4a4fb5abc2e7574479b7/candidate_sql,PERF_0006__postgres.sql,82b52fdee7064419a7564983aaf23ba78e495e2ba9be3128fc1ec31abfab259d,17
runs/user/unittest_u3_preflight_blocks_db_2b2c4d84241f44c6a206b2b253357247/candidate_sql,PERF_0006__postgres.sql,82b52fdee7064419a7564983aaf23ba78e495e2ba9be3128fc1ec31abfab259d,17
runs/user/unittest_u3_preflight_blocks_db_2cb153c95cb9482cb45c35f416d35424/candidate_sql,PERF_0006__postgres.sql,82b52fdee7064419a7564983aaf23ba78e495e2ba9be3128fc1ec31abfab259d,17
runs/user/unittest_u3_preflight_blocks_db_2f35ef11f8454436a0daaec49f5faed0/candidate_sql,PERF_0006__postgres.sql,82b52fdee7064419a7564983aaf23ba78e495e2ba9be3128fc1ec31abfab259d,17
runs/user/unittest_u3_preflight_blocks_db_3056a198e549488ab2df4d745f18eac3/candidate_sql,PERF_0006__postgres.sql,82b52fdee7064419a7564983aaf23ba78e495e2ba9be3128fc1ec31abfab259d,17
runs/user/unittest_u3_preflight_blocks_db_310da06526b24f83aa2c9c392778e252/candidate_sql,PERF_0006__postgres.sql,82b52fdee7064419a7564983aaf23ba78e495e2ba9be3128fc1ec31abfab259d,17
runs/user/unittest_u3_preflight_blocks_db_358a3ab15ee549329470bb4b7c4c41fb/candidate_sql,PERF_0006__postgres.sql,82b52fdee7064419a7564983aaf23ba78e495e2ba9be3128fc1ec31abfab259d,17
runs/user/unittest_u3_preflight_blocks_db_3da554054bb04878a690691f3552356c/candidate_sql,PERF_0006__postgres.sql,82b52fdee7064419a7564983aaf23ba78e495e2ba9be3128fc1ec31abfab259d,17
runs/user/unittest_u3_preflight_blocks_db_3ebcb83777ba4f729870559bc9b8bd89/candidate_sql,PERF_0006__postgres.sql,82b52fdee7064419a7564983aaf23ba78e495e2ba9be3128fc1ec31abfab259d,17
runs/user/unittest_u3_preflight_blocks_db_3f01315393664d10bfea912030504555/candidate_sql,PERF_0006__postgres.sql,82b52fdee7064419a7564983aaf23ba78e495e2ba9be3128fc1ec31abfab259d,17
runs/user/unittest_u3_preflight_blocks_db_3f2a7eb498754e9fbcdef209ed4ae58b/candidate_sql,PERF_0006__postgres.sql,82b52fdee7064419a7564983aaf23ba78e495e2ba9be3128fc1ec31abfab259d,17
runs/user/unittest_u3_preflight_blocks_db_439283785b7b4d2391c6e66976d74149/candidate_sql,PERF_0006__postgres.sql,82b52fdee7064419a7564983aaf23ba78e495e2ba9be3128fc1ec31abfab259d,17
runs/user/unittest_u3_preflight_blocks_db_446948279317408b91131ac21dc034f2/candidate_sql,PERF_0006__postgres.sql,82b52fdee7064419a7564983aaf23ba78e495e2ba9be3128fc1ec31abfab259d,17
runs/user/unittest_u3_preflight_blocks_db_460c3f969fc34b89825832d105c4ec68/candidate_sql,PERF_0006__postgres.sql,82b52fdee7064419a7564983aaf23ba78e495e2ba9be3128fc1ec31abfab259d,17
runs/user/unittest_u3_preflight_blocks_db_4704e8a5bdda47258567e30aa6db8717/candidate_sql,PERF_0006__postgres.sql,82b52fdee7064419a7564983aaf23ba78e495e2ba9be3128fc1ec31abfab259d,17
runs/user/unittest_u3_preflight_blocks_db_4b006f645b0342fbb4ec5e8fb450bcb8/candidate_sql,PERF_0006__postgres.sql,82b52fdee7064419a7564983aaf23ba78e495e2ba9be3128fc1ec31abfab259d,17
runs/user/unittest_u3_preflight_blocks_db_4c7e215003284d7e9d82816a5d19e72a/candidate_sql,PERF_0006__postgres.sql,82b52fdee7064419a7564983aaf23ba78e495e2ba9be3128fc1ec31abfab259d,17
runs/user/unittest_u3_preflight_blocks_db_4dc9eb90db9444ecb1fb004460a6864f/candidate_sql,PERF_0006__postgres.sql,82b52fdee7064419a7564983aaf23ba78e495e2ba9be3128fc1ec31abfab259d,17
runs/user/unittest_u3_preflight_blocks_db_4e4c33fd494545baa8b51a76b36d4e4a/candidate_sql,PERF_0006__postgres.sql,82b52fdee7064419a7564983aaf23ba78e495e2ba9be3128fc1ec31abfab259d,17
runs/user/unittest_u3_preflight_blocks_db_58c7d487202e4bebbe95d7859c4db20b/candidate_sql,PERF_0006__postgres.sql,82b52fdee7064419a7564983aaf23ba78e495e2ba9be3128fc1ec31abfab259d,17
runs/user/unittest_u3_preflight_blocks_db_60259416180d4094a8149423c7b3ba7b/candidate_sql,PERF_0006__postgres.sql,82b52fdee7064419a7564983aaf23ba78e495e2ba9be3128fc1ec31abfab259d,17
runs/user/unittest_u3_preflight_blocks_db_625ac8422c20427293b105a6e71586e2/candidate_sql,PERF_0006__postgres.sql,82b52fdee7064419a7564983aaf23ba78e495e2ba9be3128fc1ec31abfab259d,17
runs/user/unittest_u3_preflight_blocks_db_62a4716c2c3a43078d513b046bd64419/candidate_sql,PERF_0006__postgres.sql,82b52fdee7064419a7564983aaf23ba78e495e2ba9be3128fc1ec31abfab259d,17
runs/user/unittest_u3_preflight_blocks_db_6624799771f0420f8e9c503f7e18ea91/candidate_sql,PERF_0006__postgres.sql,82b52fdee7064419a7564983aaf23ba78e495e2ba9be3128fc1ec31abfab259d,17
runs/user/unittest_u3_preflight_blocks_db_6931bf08c47e473ebdbc2efd469296c6/candidate_sql,PERF_0006__postgres.sql,82b52fdee7064419a7564983aaf23ba78e495e2ba9be3128fc1ec31abfab259d,17
runs/user/unittest_u3_preflight_blocks_db_6dd3ce1cb62d4fd4b0afa2f9af41d985/candidate_sql,PERF_0006__postgres.sql,82b52fdee7064419a7564983aaf23ba78e495e2ba9be3128fc1ec31abfab259d,17
runs/user/unittest_u3_preflight_blocks_db_7218304faf694b13abc55375af48b3d5/candidate_sql,PERF_0006__postgres.sql,82b52fdee7064419a7564983aaf23ba78e495e2ba9be3128fc1ec31abfab259d,17
runs/user/unittest_u3_preflight_blocks_db_762588a6079e4f47a65bd43155c7e8e6/candidate_sql,PERF_0006__postgres.sql,82b52fdee7064419a7564983aaf23ba78e495e2ba9be3128fc1ec31abfab259d,17
runs/user/unittest_u3_preflight_blocks_db_76b2bf0f5a21453385cfd7be8a5daf41/candidate_sql,PERF_0006__postgres.sql,82b52fdee7064419a7564983aaf23ba78e495e2ba9be3128fc1ec31abfab259d,17
runs/user/unittest_u3_preflight_blocks_db_7b29881411e94af692993db98708a559/candidate_sql,PERF_0006__postgres.sql,82b52fdee7064419a7564983aaf23ba78e495e2ba9be3128fc1ec31abfab259d,17
runs/user/unittest_u3_preflight_blocks_db_830fa033001f4c48996fced7a80d6de8/candidate_sql,PERF_0006__postgres.sql,82b52fdee7064419a7564983aaf23ba78e495e2ba9be3128fc1ec31abfab259d,17
runs/user/unittest_u3_preflight_blocks_db_83fad180e67346749bd9eb67ac58c579/candidate_sql,PERF_0006__postgres.sql,82b52fdee7064419a7564983aaf23ba78e495e2ba9be3128fc1ec31abfab259d,17
runs/user/unittest_u3_preflight_blocks_db_850b65a10913467b97df74d66ab821fd/candidate_sql,PERF_0006__postgres.sql,82b52fdee7064419a7564983aaf23ba78e495e2ba9be3128fc1ec31abfab259d,17
runs/user/unittest_u3_preflight_blocks_db_898a3c7aec8d466f9d1f175e91305e37/candidate_sql,PERF_0006__postgres.sql,82b52fdee7064419a7564983aaf23ba78e495e2ba9be3128fc1ec31abfab259d,17
runs/user/unittest_u3_preflight_blocks_db_8d5bd022ae84463f9086d90ed058cb19/candidate_sql,PERF_0006__postgres.sql,82b52fdee7064419a7564983aaf23ba78e495e2ba9be3128fc1ec31abfab259d,17
runs/user/unittest_u3_preflight_blocks_db_8d7f28ce52644278bd5a986ba0f46bba/candidate_sql,PERF_0006__postgres.sql,82b52fdee7064419a7564983aaf23ba78e495e2ba9be3128fc1ec31abfab259d,17
runs/user/unittest_u3_preflight_blocks_db_907dfd363fb240cc8dc175ec7edb1bd4/candidate_sql,PERF_0006__postgres.sql,82b52fdee7064419a7564983aaf23ba78e495e2ba9be3128fc1ec31abfab259d,17
runs/user/unittest_u3_preflight_blocks_db_9348c906007c4e67b7a5eb0945cd80f7/candidate_sql,PERF_0006__postgres.sql,82b52fdee7064419a7564983aaf23ba78e495e2ba9be3128fc1ec31abfab259d,17
runs/user/unittest_u3_preflight_blocks_db_9386ee81e934413b9af48acd1afea088/candidate_sql,PERF_0006__postgres.sql,82b52fdee7064419a7564983aaf23ba78e495e2ba9be3128fc1ec31abfab259d,17
runs/user/unittest_u3_preflight_blocks_db_9791b646f9d641f4baca5dc5f26f838e/candidate_sql,PERF_0006__postgres.sql,82b52fdee7064419a7564983aaf23ba78e495e2ba9be3128fc1ec31abfab259d,17
runs/user/unittest_u3_preflight_blocks_db_993f851827484d5395c0a3760f1606e0/candidate_sql,PERF_0006__postgres.sql,82b52fdee7064419a7564983aaf23ba78e495e2ba9be3128fc1ec31abfab259d,17
runs/user/unittest_u3_preflight_blocks_db_9f57b15dd0284ffc8673c6942602088a/candidate_sql,PERF_0006__postgres.sql,82b52fdee7064419a7564983aaf23ba78e495e2ba9be3128fc1ec31abfab259d,17
runs/user/unittest_u3_preflight_blocks_db_a22207ee4e0a44c588456a9c1b37dcd1/candidate_sql,PERF_0006__postgres.sql,82b52fdee7064419a7564983aaf23ba78e495e2ba9be3128fc1ec31abfab259d,17
runs/user/unittest_u3_preflight_blocks_db_a22bab0e99ca4a01afa0d91bdeb5a843/candidate_sql,PERF_0006__postgres.sql,82b52fdee7064419a7564983aaf23ba78e495e2ba9be3128fc1ec31abfab259d,17
runs/user/unittest_u3_preflight_blocks_db_a25cbfeb28e445379e6401bc6b701cc3/candidate_sql,PERF_0006__postgres.sql,82b52fdee7064419a7564983aaf23ba78e495e2ba9be3128fc1ec31abfab259d,17
runs/user/unittest_u3_preflight_blocks_db_a49ee971551d4314be92c2b5b013148b/candidate_sql,PERF_0006__postgres.sql,82b52fdee7064419a7564983aaf23ba78e495e2ba9be3128fc1ec31abfab259d,17
runs/user/unittest_u3_preflight_blocks_db_ab5575686e474a2ea4d16929aaef60bc/candidate_sql,PERF_0006__postgres.sql,82b52fdee7064419a7564983aaf23ba78e495e2ba9be3128fc1ec31abfab259d,17
runs/user/unittest_u3_preflight_blocks_db_baad519b7bc44311ace5d9df1a5d8cca/candidate_sql,PERF_0006__postgres.sql,82b52fdee7064419a7564983aaf23ba78e495e2ba9be3128fc1ec31abfab259d,17
runs/user/unittest_u3_preflight_blocks_db_bda965e4e27b44c6b4d92c1dc1de7b56/candidate_sql,PERF_0006__postgres.sql,82b52fdee7064419a7564983aaf23ba78e495e2ba9be3128fc1ec31abfab259d,17
runs/user/unittest_u3_preflight_blocks_db_c677cdb477f04daeaaec3fcf6a0317e4/candidate_sql,PERF_0006__postgres.sql,82b52fdee7064419a7564983aaf23ba78e495e2ba9be3128fc1ec31abfab259d,17
runs/user/unittest_u3_preflight_blocks_db_c85960f6b4e6424fa5a1603a03a9a11b/candidate_sql,PERF_0006__postgres.sql,82b52fdee7064419a7564983aaf23ba78e495e2ba9be3128fc1ec31abfab259d,17
runs/user/unittest_u3_preflight_blocks_db_c982e5a17da24b59828fad8269333af0/candidate_sql,PERF_0006__postgres.sql,82b52fdee7064419a7564983aaf23ba78e495e2ba9be3128fc1ec31abfab259d,17
runs/user/unittest_u3_preflight_blocks_db_cae279c70d894e2683dac7d24996674a/candidate_sql,PERF_0006__postgres.sql,82b52fdee7064419a7564983aaf23ba78e495e2ba9be3128fc1ec31abfab259d,17
runs/user/unittest_u3_preflight_blocks_db_cbe7cc7be1714e5e89c979f43faec1e5/candidate_sql,PERF_0006__postgres.sql,82b52fdee7064419a7564983aaf23ba78e495e2ba9be3128fc1ec31abfab259d,17
runs/user/unittest_u3_preflight_blocks_db_ce7c441fd2d349c08f1a06e34f6c2b32/candidate_sql,PERF_0006__postgres.sql,82b52fdee7064419a7564983aaf23ba78e495e2ba9be3128fc1ec31abfab259d,17
runs/user/unittest_u3_preflight_blocks_db_d143a23990014a8ea16d7ea487a3a5d2/candidate_sql,PERF_0006__postgres.sql,82b52fdee7064419a7564983aaf23ba78e495e2ba9be3128fc1ec31abfab259d,17
runs/user/unittest_u3_preflight_blocks_db_d27be60301b149d88ae9e14e1d596f8a/candidate_sql,PERF_0006__postgres.sql,82b52fdee7064419a7564983aaf23ba78e495e2ba9be3128fc1ec31abfab259d,17
runs/user/unittest_u3_preflight_blocks_db_d56172bcdf5f413ab757d5d9970493d7/candidate_sql,PERF_0006__postgres.sql,82b52fdee7064419a7564983aaf23ba78e495e2ba9be3128fc1ec31abfab259d,17
runs/user/unittest_u3_preflight_blocks_db_d6d544a4993240f381179ce87ac52958/candidate_sql,PERF_0006__postgres.sql,82b52fdee7064419a7564983aaf23ba78e495e2ba9be3128fc1ec31abfab259d,17
runs/user/unittest_u3_preflight_blocks_db_d9dca0520d074504b5786a7920543f45/candidate_sql,PERF_0006__postgres.sql,82b52fdee7064419a7564983aaf23ba78e495e2ba9be3128fc1ec31abfab259d,17
runs/user/unittest_u3_preflight_blocks_db_dc2de6d9b06d4de994d1da2d51f2d333/candidate_sql,PERF_0006__postgres.sql,82b52fdee7064419a7564983aaf23ba78e495e2ba9be3128fc1ec31abfab259d,17
runs/user/unittest_u3_preflight_blocks_db_e67648ca699a430fa43bd267667d31f7/candidate_sql,PERF_0006__postgres.sql,82b52fdee7064419a7564983aaf23ba78e495e2ba9be3128fc1ec31abfab259d,17
runs/user/unittest_u3_preflight_blocks_db_e768db0c016d435292c848fd907215e6/candidate_sql,PERF_0006__postgres.sql,82b52fdee7064419a7564983aaf23ba78e495e2ba9be3128fc1ec31abfab259d,17
runs/user/unittest_u3_preflight_blocks_db_e84b2840a28e44d4b913ce47edb859f7/candidate_sql,PERF_0006__postgres.sql,82b52fdee7064419a7564983aaf23ba78e495e2ba9be3128fc1ec31abfab259d,17
runs/user/unittest_u3_preflight_blocks_db_e8c3c1ab49324c6bba9cc55b1791bf72/candidate_sql,PERF_0006__postgres.sql,82b52fdee7064419a7564983aaf23ba78e495e2ba9be3128fc1ec31abfab259d,17
runs/user/unittest_u3_preflight_blocks_db_e9c80003cc8148538901b179b324c3d4/candidate_sql,PERF_0006__postgres.sql,82b52fdee7064419a7564983aaf23ba78e495e2ba9be3128fc1ec31abfab259d,17
runs/user/unittest_u3_preflight_blocks_db_eaa17b5d1c8c4bbb852a7e52c026e48b/candidate_sql,PERF_0006__postgres.sql,82b52fdee7064419a7564983aaf23ba78e495e2ba9be3128fc1ec31abfab259d,17
runs/user/unittest_u3_preflight_blocks_db_edecec08f5194ffabb067c094931d4e5/candidate_sql,PERF_0006__postgres.sql,82b52fdee7064419a7564983aaf23ba78e495e2ba9be3128fc1ec31abfab259d,17
runs/user/unittest_u3_preflight_blocks_db_f05861cb2c8f4d9b9115b2d24970090f/candidate_sql,PERF_0006__postgres.sql,82b52fdee7064419a7564983aaf23ba78e495e2ba9be3128fc1ec31abfab259d,17
runs/user/unittest_u3_preflight_blocks_db_f1ba1363e02042cbaed50a98d1babedd/candidate_sql,PERF_0006__postgres.sql,82b52fdee7064419a7564983aaf23ba78e495e2ba9be3128fc1ec31abfab259d,17
runs/user/unittest_u3_preflight_blocks_db_f2805d118e474fa69f6fb643c863a67c/candidate_sql,PERF_0006__postgres.sql,82b52fdee7064419a7564983aaf23ba78e495e2ba9be3128fc1ec31abfab259d,17
runs/user/unittest_u3_preflight_blocks_db_f38f1ab2c476454da5e18cdd40e124d6/candidate_sql,PERF_0006__postgres.sql,82b52fdee7064419a7564983aaf23ba78e495e2ba9be3128fc1ec31abfab259d,17
runs/user/unittest_u3_preflight_blocks_db_f7e894c48ef540b6b2af493ed75ceeec/candidate_sql,PERF_0006__postgres.sql,82b52fdee7064419a7564983aaf23ba78e495e2ba9be3128fc1ec31abfab259d,17
runs/user/unittest_u3_preflight_blocks_db_f9d595ec82ff4a278f44a0050aedc620/candidate_sql,PERF_0006__postgres.sql,82b52fdee7064419a7564983aaf23ba78e495e2ba9be3128fc1ec31abfab259d,17
runs/user/unittest_u3_preflight_blocks_db_ff0ce49337834873a82e8ec25e6723ee/candidate_sql,PERF_0006__postgres.sql,82b52fdee7064419a7564983aaf23ba78e495e2ba9be3128fc1ec31abfab259d,17
runs/user/unittest_u3_public_smoke_preflight_00663c97c9644c49b1d40bb32cf60577/candidate_sql,CONS_0005__postgres.sql,7fb55d0e5e79d59f62e4eefa8782ae34ec9e5fc7d5d83d74f6c8537aaec060cf,104
runs/user/unittest_u3_public_smoke_preflight_00663c97c9644c49b1d40bb32cf60577/candidate_sql,PERF_0006__postgres.sql,250256397b1969ed1f7080c201b9440b0c917720508edf89497dab51e841562b,1071
runs/user/unittest_u3_public_smoke_preflight_019cc117771d47428c463f35edcc868c/candidate_sql,CONS_0005__postgres.sql,7fb55d0e5e79d59f62e4eefa8782ae34ec9e5fc7d5d83d74f6c8537aaec060cf,104
runs/user/unittest_u3_public_smoke_preflight_019cc117771d47428c463f35edcc868c/candidate_sql,PERF_0006__postgres.sql,250256397b1969ed1f7080c201b9440b0c917720508edf89497dab51e841562b,1071
runs/user/unittest_u3_public_smoke_preflight_02d4110dbda145bda94b7c718be34c50/candidate_sql,CONS_0005__postgres.sql,7fb55d0e5e79d59f62e4eefa8782ae34ec9e5fc7d5d83d74f6c8537aaec060cf,104
runs/user/unittest_u3_public_smoke_preflight_02d4110dbda145bda94b7c718be34c50/candidate_sql,PERF_0006__postgres.sql,250256397b1969ed1f7080c201b9440b0c917720508edf89497dab51e841562b,1071
runs/user/unittest_u3_public_smoke_preflight_04f329c5ddc8457e88a90e20c7a73b3f/candidate_sql,CONS_0005__postgres.sql,7fb55d0e5e79d59f62e4eefa8782ae34ec9e5fc7d5d83d74f6c8537aaec060cf,104
runs/user/unittest_u3_public_smoke_preflight_04f329c5ddc8457e88a90e20c7a73b3f/candidate_sql,PERF_0006__postgres.sql,250256397b1969ed1f7080c201b9440b0c917720508edf89497dab51e841562b,1071
runs/user/unittest_u3_public_smoke_preflight_07c2f4918c294e1ea5f781fe579d34a9/candidate_sql,CONS_0005__postgres.sql,7fb55d0e5e79d59f62e4eefa8782ae34ec9e5fc7d5d83d74f6c8537aaec060cf,104
runs/user/unittest_u3_public_smoke_preflight_07c2f4918c294e1ea5f781fe579d34a9/candidate_sql,PERF_0006__postgres.sql,250256397b1969ed1f7080c201b9440b0c917720508edf89497dab51e841562b,1071
runs/user/unittest_u3_public_smoke_preflight_0ab667ff0be94eeaa88d30373ad1cf0b/candidate_sql,CONS_0005__postgres.sql,7fb55d0e5e79d59f62e4eefa8782ae34ec9e5fc7d5d83d74f6c8537aaec060cf,104
runs/user/unittest_u3_public_smoke_preflight_0ab667ff0be94eeaa88d30373ad1cf0b/candidate_sql,PERF_0006__postgres.sql,250256397b1969ed1f7080c201b9440b0c917720508edf89497dab51e841562b,1071
runs/user/unittest_u3_public_smoke_preflight_0e841e5958ba40e2b62b2dc01cf16822/candidate_sql,CONS_0005__postgres.sql,7fb55d0e5e79d59f62e4eefa8782ae34ec9e5fc7d5d83d74f6c8537aaec060cf,104
runs/user/unittest_u3_public_smoke_preflight_0e841e5958ba40e2b62b2dc01cf16822/candidate_sql,PERF_0006__postgres.sql,250256397b1969ed1f7080c201b9440b0c917720508edf89497dab51e841562b,1071
runs/user/unittest_u3_public_smoke_preflight_0f99bed0d5ce454ab317781702eb4b4b/candidate_sql,CONS_0005__postgres.sql,7fb55d0e5e79d59f62e4eefa8782ae34ec9e5fc7d5d83d74f6c8537aaec060cf,104
runs/user/unittest_u3_public_smoke_preflight_0f99bed0d5ce454ab317781702eb4b4b/candidate_sql,PERF_0006__postgres.sql,250256397b1969ed1f7080c201b9440b0c917720508edf89497dab51e841562b,1071
runs/user/unittest_u3_public_smoke_preflight_113d681aa4b5459ca9e596a04f773098/candidate_sql,CONS_0005__postgres.sql,7fb55d0e5e79d59f62e4eefa8782ae34ec9e5fc7d5d83d74f6c8537aaec060cf,104
runs/user/unittest_u3_public_smoke_preflight_113d681aa4b5459ca9e596a04f773098/candidate_sql,PERF_0006__postgres.sql,250256397b1969ed1f7080c201b9440b0c917720508edf89497dab51e841562b,1071
runs/user/unittest_u3_public_smoke_preflight_152e6711e884401889fbd4d0acff3c4f/candidate_sql,CONS_0005__postgres.sql,7fb55d0e5e79d59f62e4eefa8782ae34ec9e5fc7d5d83d74f6c8537aaec060cf,104
runs/user/unittest_u3_public_smoke_preflight_152e6711e884401889fbd4d0acff3c4f/candidate_sql,PERF_0006__postgres.sql,250256397b1969ed1f7080c201b9440b0c917720508edf89497dab51e841562b,1071
runs/user/unittest_u3_public_smoke_preflight_15a7e82af8b64ad69845f19dbdba77ca/candidate_sql,CONS_0005__postgres.sql,7fb55d0e5e79d59f62e4eefa8782ae34ec9e5fc7d5d83d74f6c8537aaec060cf,104
runs/user/unittest_u3_public_smoke_preflight_15a7e82af8b64ad69845f19dbdba77ca/candidate_sql,PERF_0006__postgres.sql,250256397b1969ed1f7080c201b9440b0c917720508edf89497dab51e841562b,1071
runs/user/unittest_u3_public_smoke_preflight_1e0bcdc95d994d23aad3d29035c56051/candidate_sql,CONS_0005__postgres.sql,7fb55d0e5e79d59f62e4eefa8782ae34ec9e5fc7d5d83d74f6c8537aaec060cf,104
runs/user/unittest_u3_public_smoke_preflight_1e0bcdc95d994d23aad3d29035c56051/candidate_sql,PERF_0006__postgres.sql,250256397b1969ed1f7080c201b9440b0c917720508edf89497dab51e841562b,1071
runs/user/unittest_u3_public_smoke_preflight_1e907e062a874282bd2fee353bc63ed1/candidate_sql,CONS_0005__postgres.sql,7fb55d0e5e79d59f62e4eefa8782ae34ec9e5fc7d5d83d74f6c8537aaec060cf,104
runs/user/unittest_u3_public_smoke_preflight_1e907e062a874282bd2fee353bc63ed1/candidate_sql,PERF_0006__postgres.sql,250256397b1969ed1f7080c201b9440b0c917720508edf89497dab51e841562b,1071
runs/user/unittest_u3_public_smoke_preflight_26c21e866b534d45bb5bda56730de297/candidate_sql,CONS_0005__postgres.sql,7fb55d0e5e79d59f62e4eefa8782ae34ec9e5fc7d5d83d74f6c8537aaec060cf,104
runs/user/unittest_u3_public_smoke_preflight_26c21e866b534d45bb5bda56730de297/candidate_sql,PERF_0006__postgres.sql,250256397b1969ed1f7080c201b9440b0c917720508edf89497dab51e841562b,1071
runs/user/unittest_u3_public_smoke_preflight_26c78aa2344249309875d9169aae3903/candidate_sql,CONS_0005__postgres.sql,7fb55d0e5e79d59f62e4eefa8782ae34ec9e5fc7d5d83d74f6c8537aaec060cf,104
runs/user/unittest_u3_public_smoke_preflight_26c78aa2344249309875d9169aae3903/candidate_sql,PERF_0006__postgres.sql,250256397b1969ed1f7080c201b9440b0c917720508edf89497dab51e841562b,1071
runs/user/unittest_u3_public_smoke_preflight_2960d6ef9c224e97adf65d5a639c49f2/candidate_sql,CONS_0005__postgres.sql,7fb55d0e5e79d59f62e4eefa8782ae34ec9e5fc7d5d83d74f6c8537aaec060cf,104
runs/user/unittest_u3_public_smoke_preflight_2960d6ef9c224e97adf65d5a639c49f2/candidate_sql,PERF_0006__postgres.sql,250256397b1969ed1f7080c201b9440b0c917720508edf89497dab51e841562b,1071
runs/user/unittest_u3_public_smoke_preflight_2aeed56c870649c5940d8be7709d95f7/candidate_sql,CONS_0005__postgres.sql,7fb55d0e5e79d59f62e4eefa8782ae34ec9e5fc7d5d83d74f6c8537aaec060cf,104
runs/user/unittest_u3_public_smoke_preflight_2aeed56c870649c5940d8be7709d95f7/candidate_sql,PERF_0006__postgres.sql,250256397b1969ed1f7080c201b9440b0c917720508edf89497dab51e841562b,1071
runs/user/unittest_u3_public_smoke_preflight_2f5b1cc8d1e24f24bd02663733202e1b/candidate_sql,CONS_0005__postgres.sql,7fb55d0e5e79d59f62e4eefa8782ae34ec9e5fc7d5d83d74f6c8537aaec060cf,104
runs/user/unittest_u3_public_smoke_preflight_2f5b1cc8d1e24f24bd02663733202e1b/candidate_sql,PERF_0006__postgres.sql,250256397b1969ed1f7080c201b9440b0c917720508edf89497dab51e841562b,1071
runs/user/unittest_u3_public_smoke_preflight_2fef8521203c486a9806f555348e3073/candidate_sql,CONS_0005__postgres.sql,7fb55d0e5e79d59f62e4eefa8782ae34ec9e5fc7d5d83d74f6c8537aaec060cf,104
runs/user/unittest_u3_public_smoke_preflight_2fef8521203c486a9806f555348e3073/candidate_sql,PERF_0006__postgres.sql,250256397b1969ed1f7080c201b9440b0c917720508edf89497dab51e841562b,1071
runs/user/unittest_u3_public_smoke_preflight_31b342c4bffe4be39073f2538118c28e/candidate_sql,CONS_0005__postgres.sql,7fb55d0e5e79d59f62e4eefa8782ae34ec9e5fc7d5d83d74f6c8537aaec060cf,104
runs/user/unittest_u3_public_smoke_preflight_31b342c4bffe4be39073f2538118c28e/candidate_sql,PERF_0006__postgres.sql,250256397b1969ed1f7080c201b9440b0c917720508edf89497dab51e841562b,1071
runs/user/unittest_u3_public_smoke_preflight_3647bd2702b64cf1aa414f685f9a1c58/candidate_sql,CONS_0005__postgres.sql,7fb55d0e5e79d59f62e4eefa8782ae34ec9e5fc7d5d83d74f6c8537aaec060cf,104
runs/user/unittest_u3_public_smoke_preflight_3647bd2702b64cf1aa414f685f9a1c58/candidate_sql,PERF_0006__postgres.sql,250256397b1969ed1f7080c201b9440b0c917720508edf89497dab51e841562b,1071
runs/user/unittest_u3_public_smoke_preflight_3760b8f36e5043078156f7e80b37e997/candidate_sql,CONS_0005__postgres.sql,7fb55d0e5e79d59f62e4eefa8782ae34ec9e5fc7d5d83d74f6c8537aaec060cf,104
runs/user/unittest_u3_public_smoke_preflight_3760b8f36e5043078156f7e80b37e997/candidate_sql,PERF_0006__postgres.sql,250256397b1969ed1f7080c201b9440b0c917720508edf89497dab51e841562b,1071
runs/user/unittest_u3_public_smoke_preflight_398ed64378774ebc986ddf20eec267bc/candidate_sql,CONS_0005__postgres.sql,7fb55d0e5e79d59f62e4eefa8782ae34ec9e5fc7d5d83d74f6c8537aaec060cf,104
runs/user/unittest_u3_public_smoke_preflight_398ed64378774ebc986ddf20eec267bc/candidate_sql,PERF_0006__postgres.sql,250256397b1969ed1f7080c201b9440b0c917720508edf89497dab51e841562b,1071
runs/user/unittest_u3_public_smoke_preflight_3a1bbfcf2c114a4b90e464a3e754de55/candidate_sql,CONS_0005__postgres.sql,7fb55d0e5e79d59f62e4eefa8782ae34ec9e5fc7d5d83d74f6c8537aaec060cf,104
runs/user/unittest_u3_public_smoke_preflight_3a1bbfcf2c114a4b90e464a3e754de55/candidate_sql,PERF_0006__postgres.sql,250256397b1969ed1f7080c201b9440b0c917720508edf89497dab51e841562b,1071
runs/user/unittest_u3_public_smoke_preflight_3b3788d0fcbf40b1a1249bfe7030c1bc/candidate_sql,CONS_0005__postgres.sql,7fb55d0e5e79d59f62e4eefa8782ae34ec9e5fc7d5d83d74f6c8537aaec060cf,104
runs/user/unittest_u3_public_smoke_preflight_3b3788d0fcbf40b1a1249bfe7030c1bc/candidate_sql,PERF_0006__postgres.sql,250256397b1969ed1f7080c201b9440b0c917720508edf89497dab51e841562b,1071
runs/user/unittest_u3_public_smoke_preflight_3cd080d111454b7f9e26760f495d9fe5/candidate_sql,CONS_0005__postgres.sql,7fb55d0e5e79d59f62e4eefa8782ae34ec9e5fc7d5d83d74f6c8537aaec060cf,104
runs/user/unittest_u3_public_smoke_preflight_3cd080d111454b7f9e26760f495d9fe5/candidate_sql,PERF_0006__postgres.sql,250256397b1969ed1f7080c201b9440b0c917720508edf89497dab51e841562b,1071
runs/user/unittest_u3_public_smoke_preflight_3dd9adf357ab49efa7df2bcebe6ababa/candidate_sql,CONS_0005__postgres.sql,7fb55d0e5e79d59f62e4eefa8782ae34ec9e5fc7d5d83d74f6c8537aaec060cf,104
runs/user/unittest_u3_public_smoke_preflight_3dd9adf357ab49efa7df2bcebe6ababa/candidate_sql,PERF_0006__postgres.sql,250256397b1969ed1f7080c201b9440b0c917720508edf89497dab51e841562b,1071
runs/user/unittest_u3_public_smoke_preflight_3e847bbc1a3b4344914e552f93dd4798/candidate_sql,CONS_0005__postgres.sql,7fb55d0e5e79d59f62e4eefa8782ae34ec9e5fc7d5d83d74f6c8537aaec060cf,104
runs/user/unittest_u3_public_smoke_preflight_3e847bbc1a3b4344914e552f93dd4798/candidate_sql,PERF_0006__postgres.sql,250256397b1969ed1f7080c201b9440b0c917720508edf89497dab51e841562b,1071
runs/user/unittest_u3_public_smoke_preflight_3eed450a9c4845b0abbcfa471c7a86a7/candidate_sql,CONS_0005__postgres.sql,7fb55d0e5e79d59f62e4eefa8782ae34ec9e5fc7d5d83d74f6c8537aaec060cf,104
runs/user/unittest_u3_public_smoke_preflight_3eed450a9c4845b0abbcfa471c7a86a7/candidate_sql,PERF_0006__postgres.sql,250256397b1969ed1f7080c201b9440b0c917720508edf89497dab51e841562b,1071
runs/user/unittest_u3_public_smoke_preflight_409dcd67533541709d1fa49e26640990/candidate_sql,CONS_0005__postgres.sql,7fb55d0e5e79d59f62e4eefa8782ae34ec9e5fc7d5d83d74f6c8537aaec060cf,104
runs/user/unittest_u3_public_smoke_preflight_409dcd67533541709d1fa49e26640990/candidate_sql,PERF_0006__postgres.sql,250256397b1969ed1f7080c201b9440b0c917720508edf89497dab51e841562b,1071
runs/user/unittest_u3_public_smoke_preflight_4131b6e980ac4acab17253af83f819df/candidate_sql,CONS_0005__postgres.sql,7fb55d0e5e79d59f62e4eefa8782ae34ec9e5fc7d5d83d74f6c8537aaec060cf,104
runs/user/unittest_u3_public_smoke_preflight_4131b6e980ac4acab17253af83f819df/candidate_sql,PERF_0006__postgres.sql,250256397b1969ed1f7080c201b9440b0c917720508edf89497dab51e841562b,1071
runs/user/unittest_u3_public_smoke_preflight_4883dce07c0844ed9025a0c4c5ebac5d/candidate_sql,CONS_0005__postgres.sql,7fb55d0e5e79d59f62e4eefa8782ae34ec9e5fc7d5d83d74f6c8537aaec060cf,104
runs/user/unittest_u3_public_smoke_preflight_4883dce07c0844ed9025a0c4c5ebac5d/candidate_sql,PERF_0006__postgres.sql,250256397b1969ed1f7080c201b9440b0c917720508edf89497dab51e841562b,1071
runs/user/unittest_u3_public_smoke_preflight_49dfca5c807e49ccbd2a80e2bb603fe0/candidate_sql,CONS_0005__postgres.sql,7fb55d0e5e79d59f62e4eefa8782ae34ec9e5fc7d5d83d74f6c8537aaec060cf,104
runs/user/unittest_u3_public_smoke_preflight_49dfca5c807e49ccbd2a80e2bb603fe0/candidate_sql,PERF_0006__postgres.sql,250256397b1969ed1f7080c201b9440b0c917720508edf89497dab51e841562b,1071
runs/user/unittest_u3_public_smoke_preflight_4c1450e74a8d48b8afe0fd571f55b204/candidate_sql,CONS_0005__postgres.sql,7fb55d0e5e79d59f62e4eefa8782ae34ec9e5fc7d5d83d74f6c8537aaec060cf,104
runs/user/unittest_u3_public_smoke_preflight_4c1450e74a8d48b8afe0fd571f55b204/candidate_sql,PERF_0006__postgres.sql,250256397b1969ed1f7080c201b9440b0c917720508edf89497dab51e841562b,1071
runs/user/unittest_u3_public_smoke_preflight_4c48b264743846cb9f3ab86b80e331b9/candidate_sql,CONS_0005__postgres.sql,7fb55d0e5e79d59f62e4eefa8782ae34ec9e5fc7d5d83d74f6c8537aaec060cf,104
runs/user/unittest_u3_public_smoke_preflight_4c48b264743846cb9f3ab86b80e331b9/candidate_sql,PERF_0006__postgres.sql,250256397b1969ed1f7080c201b9440b0c917720508edf89497dab51e841562b,1071
runs/user/unittest_u3_public_smoke_preflight_4e1854118a7e492aa5325b5443a77dd7/candidate_sql,CONS_0005__postgres.sql,7fb55d0e5e79d59f62e4eefa8782ae34ec9e5fc7d5d83d74f6c8537aaec060cf,104
runs/user/unittest_u3_public_smoke_preflight_4e1854118a7e492aa5325b5443a77dd7/candidate_sql,PERF_0006__postgres.sql,250256397b1969ed1f7080c201b9440b0c917720508edf89497dab51e841562b,1071
runs/user/unittest_u3_public_smoke_preflight_506421c81d8b410aa6a45413d78722bd/candidate_sql,CONS_0005__postgres.sql,7fb55d0e5e79d59f62e4eefa8782ae34ec9e5fc7d5d83d74f6c8537aaec060cf,104
runs/user/unittest_u3_public_smoke_preflight_506421c81d8b410aa6a45413d78722bd/candidate_sql,PERF_0006__postgres.sql,250256397b1969ed1f7080c201b9440b0c917720508edf89497dab51e841562b,1071
runs/user/unittest_u3_public_smoke_preflight_51121cf998034575add4419d9922749c/candidate_sql,CONS_0005__postgres.sql,7fb55d0e5e79d59f62e4eefa8782ae34ec9e5fc7d5d83d74f6c8537aaec060cf,104
runs/user/unittest_u3_public_smoke_preflight_51121cf998034575add4419d9922749c/candidate_sql,PERF_0006__postgres.sql,250256397b1969ed1f7080c201b9440b0c917720508edf89497dab51e841562b,1071
runs/user/unittest_u3_public_smoke_preflight_52739bd80c7f41d0b5d74a2370128d1b/candidate_sql,CONS_0005__postgres.sql,7fb55d0e5e79d59f62e4eefa8782ae34ec9e5fc7d5d83d74f6c8537aaec060cf,104
runs/user/unittest_u3_public_smoke_preflight_52739bd80c7f41d0b5d74a2370128d1b/candidate_sql,PERF_0006__postgres.sql,250256397b1969ed1f7080c201b9440b0c917720508edf89497dab51e841562b,1071
runs/user/unittest_u3_public_smoke_preflight_559d49dc949747ae894646d50a7cd260/candidate_sql,CONS_0005__postgres.sql,7fb55d0e5e79d59f62e4eefa8782ae34ec9e5fc7d5d83d74f6c8537aaec060cf,104
runs/user/unittest_u3_public_smoke_preflight_559d49dc949747ae894646d50a7cd260/candidate_sql,PERF_0006__postgres.sql,250256397b1969ed1f7080c201b9440b0c917720508edf89497dab51e841562b,1071
runs/user/unittest_u3_public_smoke_preflight_5c25db69e47e4d0aa1c9798c19baa304/candidate_sql,CONS_0005__postgres.sql,7fb55d0e5e79d59f62e4eefa8782ae34ec9e5fc7d5d83d74f6c8537aaec060cf,104
runs/user/unittest_u3_public_smoke_preflight_5c25db69e47e4d0aa1c9798c19baa304/candidate_sql,PERF_0006__postgres.sql,250256397b1969ed1f7080c201b9440b0c917720508edf89497dab51e841562b,1071
runs/user/unittest_u3_public_smoke_preflight_5c5f03a9c66f461f9b450bfacdbc24d9/candidate_sql,CONS_0005__postgres.sql,7fb55d0e5e79d59f62e4eefa8782ae34ec9e5fc7d5d83d74f6c8537aaec060cf,104
runs/user/unittest_u3_public_smoke_preflight_5c5f03a9c66f461f9b450bfacdbc24d9/candidate_sql,PERF_0006__postgres.sql,250256397b1969ed1f7080c201b9440b0c917720508edf89497dab51e841562b,1071
runs/user/unittest_u3_public_smoke_preflight_6397beb1f0994bc1ba10b15a1404e193/candidate_sql,CONS_0005__postgres.sql,7fb55d0e5e79d59f62e4eefa8782ae34ec9e5fc7d5d83d74f6c8537aaec060cf,104
runs/user/unittest_u3_public_smoke_preflight_6397beb1f0994bc1ba10b15a1404e193/candidate_sql,PERF_0006__postgres.sql,250256397b1969ed1f7080c201b9440b0c917720508edf89497dab51e841562b,1071
runs/user/unittest_u3_public_smoke_preflight_6642e0722784467f9b340ecdea3540a6/candidate_sql,CONS_0005__postgres.sql,7fb55d0e5e79d59f62e4eefa8782ae34ec9e5fc7d5d83d74f6c8537aaec060cf,104
runs/user/unittest_u3_public_smoke_preflight_6642e0722784467f9b340ecdea3540a6/candidate_sql,PERF_0006__postgres.sql,250256397b1969ed1f7080c201b9440b0c917720508edf89497dab51e841562b,1071
runs/user/unittest_u3_public_smoke_preflight_67c6d9f0cb7941b08f32eda607b2de2c/candidate_sql,CONS_0005__postgres.sql,7fb55d0e5e79d59f62e4eefa8782ae34ec9e5fc7d5d83d74f6c8537aaec060cf,104
runs/user/unittest_u3_public_smoke_preflight_67c6d9f0cb7941b08f32eda607b2de2c/candidate_sql,PERF_0006__postgres.sql,250256397b1969ed1f7080c201b9440b0c917720508edf89497dab51e841562b,1071
runs/user/unittest_u3_public_smoke_preflight_6cd3c0a2039f4bb8a233d27377907d95/candidate_sql,CONS_0005__postgres.sql,7fb55d0e5e79d59f62e4eefa8782ae34ec9e5fc7d5d83d74f6c8537aaec060cf,104
runs/user/unittest_u3_public_smoke_preflight_6cd3c0a2039f4bb8a233d27377907d95/candidate_sql,PERF_0006__postgres.sql,250256397b1969ed1f7080c201b9440b0c917720508edf89497dab51e841562b,1071
runs/user/unittest_u3_public_smoke_preflight_732056cc65b24d7e9976094f52a8cadb/candidate_sql,CONS_0005__postgres.sql,7fb55d0e5e79d59f62e4eefa8782ae34ec9e5fc7d5d83d74f6c8537aaec060cf,104
runs/user/unittest_u3_public_smoke_preflight_732056cc65b24d7e9976094f52a8cadb/candidate_sql,PERF_0006__postgres.sql,250256397b1969ed1f7080c201b9440b0c917720508edf89497dab51e841562b,1071
runs/user/unittest_u3_public_smoke_preflight_77bb5cefd8a1493389869350e038dfcc/candidate_sql,CONS_0005__postgres.sql,7fb55d0e5e79d59f62e4eefa8782ae34ec9e5fc7d5d83d74f6c8537aaec060cf,104
runs/user/unittest_u3_public_smoke_preflight_77bb5cefd8a1493389869350e038dfcc/candidate_sql,PERF_0006__postgres.sql,250256397b1969ed1f7080c201b9440b0c917720508edf89497dab51e841562b,1071
runs/user/unittest_u3_public_smoke_preflight_7901ac5b66c041a499bf3c76a1efe521/candidate_sql,CONS_0005__postgres.sql,7fb55d0e5e79d59f62e4eefa8782ae34ec9e5fc7d5d83d74f6c8537aaec060cf,104
runs/user/unittest_u3_public_smoke_preflight_7901ac5b66c041a499bf3c76a1efe521/candidate_sql,PERF_0006__postgres.sql,250256397b1969ed1f7080c201b9440b0c917720508edf89497dab51e841562b,1071
runs/user/unittest_u3_public_smoke_preflight_80da17d3f5b04b2d8aeca4b54f60b2e9/candidate_sql,CONS_0005__postgres.sql,7fb55d0e5e79d59f62e4eefa8782ae34ec9e5fc7d5d83d74f6c8537aaec060cf,104
runs/user/unittest_u3_public_smoke_preflight_80da17d3f5b04b2d8aeca4b54f60b2e9/candidate_sql,PERF_0006__postgres.sql,250256397b1969ed1f7080c201b9440b0c917720508edf89497dab51e841562b,1071
runs/user/unittest_u3_public_smoke_preflight_839fd0ede4f24a4fb73618b752b05f23/candidate_sql,CONS_0005__postgres.sql,7fb55d0e5e79d59f62e4eefa8782ae34ec9e5fc7d5d83d74f6c8537aaec060cf,104
runs/user/unittest_u3_public_smoke_preflight_839fd0ede4f24a4fb73618b752b05f23/candidate_sql,PERF_0006__postgres.sql,250256397b1969ed1f7080c201b9440b0c917720508edf89497dab51e841562b,1071
runs/user/unittest_u3_public_smoke_preflight_94d3f9b56c254010ac8d279689f07d5f/candidate_sql,CONS_0005__postgres.sql,7fb55d0e5e79d59f62e4eefa8782ae34ec9e5fc7d5d83d74f6c8537aaec060cf,104
runs/user/unittest_u3_public_smoke_preflight_94d3f9b56c254010ac8d279689f07d5f/candidate_sql,PERF_0006__postgres.sql,250256397b1969ed1f7080c201b9440b0c917720508edf89497dab51e841562b,1071
runs/user/unittest_u3_public_smoke_preflight_96d8b6075464414fbb12533385ef6222/candidate_sql,CONS_0005__postgres.sql,7fb55d0e5e79d59f62e4eefa8782ae34ec9e5fc7d5d83d74f6c8537aaec060cf,104
runs/user/unittest_u3_public_smoke_preflight_96d8b6075464414fbb12533385ef6222/candidate_sql,PERF_0006__postgres.sql,250256397b1969ed1f7080c201b9440b0c917720508edf89497dab51e841562b,1071
runs/user/unittest_u3_public_smoke_preflight_97e57b9ec9c3403eb6a5f985dfdd9212/candidate_sql,CONS_0005__postgres.sql,7fb55d0e5e79d59f62e4eefa8782ae34ec9e5fc7d5d83d74f6c8537aaec060cf,104
runs/user/unittest_u3_public_smoke_preflight_97e57b9ec9c3403eb6a5f985dfdd9212/candidate_sql,PERF_0006__postgres.sql,250256397b1969ed1f7080c201b9440b0c917720508edf89497dab51e841562b,1071
runs/user/unittest_u3_public_smoke_preflight_9b1af7ff1881469d9c6499dec0c41e0f/candidate_sql,CONS_0005__postgres.sql,7fb55d0e5e79d59f62e4eefa8782ae34ec9e5fc7d5d83d74f6c8537aaec060cf,104
runs/user/unittest_u3_public_smoke_preflight_9b1af7ff1881469d9c6499dec0c41e0f/candidate_sql,PERF_0006__postgres.sql,250256397b1969ed1f7080c201b9440b0c917720508edf89497dab51e841562b,1071
runs/user/unittest_u3_public_smoke_preflight_9d05ba6df5d34eb68f67d028ef81dd44/candidate_sql,CONS_0005__postgres.sql,7fb55d0e5e79d59f62e4eefa8782ae34ec9e5fc7d5d83d74f6c8537aaec060cf,104
runs/user/unittest_u3_public_smoke_preflight_9d05ba6df5d34eb68f67d028ef81dd44/candidate_sql,PERF_0006__postgres.sql,250256397b1969ed1f7080c201b9440b0c917720508edf89497dab51e841562b,1071
runs/user/unittest_u3_public_smoke_preflight_a0788097f45e4d8c9037b7a4dedd3cd6/candidate_sql,CONS_0005__postgres.sql,7fb55d0e5e79d59f62e4eefa8782ae34ec9e5fc7d5d83d74f6c8537aaec060cf,104
runs/user/unittest_u3_public_smoke_preflight_a0788097f45e4d8c9037b7a4dedd3cd6/candidate_sql,PERF_0006__postgres.sql,250256397b1969ed1f7080c201b9440b0c917720508edf89497dab51e841562b,1071
runs/user/unittest_u3_public_smoke_preflight_a127e50f0d0146dd831fbe4f15cb867f/candidate_sql,CONS_0005__postgres.sql,7fb55d0e5e79d59f62e4eefa8782ae34ec9e5fc7d5d83d74f6c8537aaec060cf,104
runs/user/unittest_u3_public_smoke_preflight_a127e50f0d0146dd831fbe4f15cb867f/candidate_sql,PERF_0006__postgres.sql,250256397b1969ed1f7080c201b9440b0c917720508edf89497dab51e841562b,1071
runs/user/unittest_u3_public_smoke_preflight_a2dcaf6ea8834662abe9e183c5bce2cc/candidate_sql,CONS_0005__postgres.sql,7fb55d0e5e79d59f62e4eefa8782ae34ec9e5fc7d5d83d74f6c8537aaec060cf,104
runs/user/unittest_u3_public_smoke_preflight_a2dcaf6ea8834662abe9e183c5bce2cc/candidate_sql,PERF_0006__postgres.sql,250256397b1969ed1f7080c201b9440b0c917720508edf89497dab51e841562b,1071
runs/user/unittest_u3_public_smoke_preflight_a364cf41ee624b0fbb24651f76616a54/candidate_sql,CONS_0005__postgres.sql,7fb55d0e5e79d59f62e4eefa8782ae34ec9e5fc7d5d83d74f6c8537aaec060cf,104
runs/user/unittest_u3_public_smoke_preflight_a364cf41ee624b0fbb24651f76616a54/candidate_sql,PERF_0006__postgres.sql,250256397b1969ed1f7080c201b9440b0c917720508edf89497dab51e841562b,1071
runs/user/unittest_u3_public_smoke_preflight_a4a87a52c78c4d9b99db92a7de66ae8d/candidate_sql,CONS_0005__postgres.sql,7fb55d0e5e79d59f62e4eefa8782ae34ec9e5fc7d5d83d74f6c8537aaec060cf,104
runs/user/unittest_u3_public_smoke_preflight_a4a87a52c78c4d9b99db92a7de66ae8d/candidate_sql,PERF_0006__postgres.sql,250256397b1969ed1f7080c201b9440b0c917720508edf89497dab51e841562b,1071
runs/user/unittest_u3_public_smoke_preflight_a51d232cab7643f49d1cc244dd1a4c44/candidate_sql,CONS_0005__postgres.sql,7fb55d0e5e79d59f62e4eefa8782ae34ec9e5fc7d5d83d74f6c8537aaec060cf,104
runs/user/unittest_u3_public_smoke_preflight_a51d232cab7643f49d1cc244dd1a4c44/candidate_sql,PERF_0006__postgres.sql,250256397b1969ed1f7080c201b9440b0c917720508edf89497dab51e841562b,1071
runs/user/unittest_u3_public_smoke_preflight_a7d003a2edfd4050b12c3e0ae4cfc1b0/candidate_sql,CONS_0005__postgres.sql,7fb55d0e5e79d59f62e4eefa8782ae34ec9e5fc7d5d83d74f6c8537aaec060cf,104
runs/user/unittest_u3_public_smoke_preflight_a7d003a2edfd4050b12c3e0ae4cfc1b0/candidate_sql,PERF_0006__postgres.sql,250256397b1969ed1f7080c201b9440b0c917720508edf89497dab51e841562b,1071
runs/user/unittest_u3_public_smoke_preflight_a81447e87cac4000bf2454064a521c76/candidate_sql,CONS_0005__postgres.sql,7fb55d0e5e79d59f62e4eefa8782ae34ec9e5fc7d5d83d74f6c8537aaec060cf,104
runs/user/unittest_u3_public_smoke_preflight_a81447e87cac4000bf2454064a521c76/candidate_sql,PERF_0006__postgres.sql,250256397b1969ed1f7080c201b9440b0c917720508edf89497dab51e841562b,1071
runs/user/unittest_u3_public_smoke_preflight_ad006d98f5774433856cb018d509a609/candidate_sql,CONS_0005__postgres.sql,7fb55d0e5e79d59f62e4eefa8782ae34ec9e5fc7d5d83d74f6c8537aaec060cf,104
runs/user/unittest_u3_public_smoke_preflight_ad006d98f5774433856cb018d509a609/candidate_sql,PERF_0006__postgres.sql,250256397b1969ed1f7080c201b9440b0c917720508edf89497dab51e841562b,1071
runs/user/unittest_u3_public_smoke_preflight_aed641806a9340018a1eed1c3d1cb7a0/candidate_sql,CONS_0005__postgres.sql,7fb55d0e5e79d59f62e4eefa8782ae34ec9e5fc7d5d83d74f6c8537aaec060cf,104
runs/user/unittest_u3_public_smoke_preflight_aed641806a9340018a1eed1c3d1cb7a0/candidate_sql,PERF_0006__postgres.sql,250256397b1969ed1f7080c201b9440b0c917720508edf89497dab51e841562b,1071
runs/user/unittest_u3_public_smoke_preflight_af5871be7e7149a4887c6e1677cdbb3d/candidate_sql,CONS_0005__postgres.sql,7fb55d0e5e79d59f62e4eefa8782ae34ec9e5fc7d5d83d74f6c8537aaec060cf,104
runs/user/unittest_u3_public_smoke_preflight_af5871be7e7149a4887c6e1677cdbb3d/candidate_sql,PERF_0006__postgres.sql,250256397b1969ed1f7080c201b9440b0c917720508edf89497dab51e841562b,1071
runs/user/unittest_u3_public_smoke_preflight_b0c2d13d0e6e42849fdcec149fb45dcf/candidate_sql,CONS_0005__postgres.sql,7fb55d0e5e79d59f62e4eefa8782ae34ec9e5fc7d5d83d74f6c8537aaec060cf,104
runs/user/unittest_u3_public_smoke_preflight_b0c2d13d0e6e42849fdcec149fb45dcf/candidate_sql,PERF_0006__postgres.sql,250256397b1969ed1f7080c201b9440b0c917720508edf89497dab51e841562b,1071
runs/user/unittest_u3_public_smoke_preflight_b128368b983d4c84bc1a5e6664806ad1/candidate_sql,CONS_0005__postgres.sql,7fb55d0e5e79d59f62e4eefa8782ae34ec9e5fc7d5d83d74f6c8537aaec060cf,104
runs/user/unittest_u3_public_smoke_preflight_b128368b983d4c84bc1a5e6664806ad1/candidate_sql,PERF_0006__postgres.sql,250256397b1969ed1f7080c201b9440b0c917720508edf89497dab51e841562b,1071
runs/user/unittest_u3_public_smoke_preflight_b27ed3023c824c4ba0f9e142f930f388/candidate_sql,CONS_0005__postgres.sql,7fb55d0e5e79d59f62e4eefa8782ae34ec9e5fc7d5d83d74f6c8537aaec060cf,104
runs/user/unittest_u3_public_smoke_preflight_b27ed3023c824c4ba0f9e142f930f388/candidate_sql,PERF_0006__postgres.sql,250256397b1969ed1f7080c201b9440b0c917720508edf89497dab51e841562b,1071
runs/user/unittest_u3_public_smoke_preflight_b2a0ab4a7d4048feb5a62dec92867e59/candidate_sql,CONS_0005__postgres.sql,7fb55d0e5e79d59f62e4eefa8782ae34ec9e5fc7d5d83d74f6c8537aaec060cf,104
runs/user/unittest_u3_public_smoke_preflight_b2a0ab4a7d4048feb5a62dec92867e59/candidate_sql,PERF_0006__postgres.sql,250256397b1969ed1f7080c201b9440b0c917720508edf89497dab51e841562b,1071
runs/user/unittest_u3_public_smoke_preflight_b2a249c3ad4d4caabb4e966ca3f163ee/candidate_sql,CONS_0005__postgres.sql,7fb55d0e5e79d59f62e4eefa8782ae34ec9e5fc7d5d83d74f6c8537aaec060cf,104
runs/user/unittest_u3_public_smoke_preflight_b2a249c3ad4d4caabb4e966ca3f163ee/candidate_sql,PERF_0006__postgres.sql,250256397b1969ed1f7080c201b9440b0c917720508edf89497dab51e841562b,1071
runs/user/unittest_u3_public_smoke_preflight_ba02c1be185748948776d6913c3394c2/candidate_sql,CONS_0005__postgres.sql,7fb55d0e5e79d59f62e4eefa8782ae34ec9e5fc7d5d83d74f6c8537aaec060cf,104
runs/user/unittest_u3_public_smoke_preflight_ba02c1be185748948776d6913c3394c2/candidate_sql,PERF_0006__postgres.sql,250256397b1969ed1f7080c201b9440b0c917720508edf89497dab51e841562b,1071
runs/user/unittest_u3_public_smoke_preflight_bb9287cd2800454eb208176bd9f1e771/candidate_sql,CONS_0005__postgres.sql,7fb55d0e5e79d59f62e4eefa8782ae34ec9e5fc7d5d83d74f6c8537aaec060cf,104
runs/user/unittest_u3_public_smoke_preflight_bb9287cd2800454eb208176bd9f1e771/candidate_sql,PERF_0006__postgres.sql,250256397b1969ed1f7080c201b9440b0c917720508edf89497dab51e841562b,1071
runs/user/unittest_u3_public_smoke_preflight_bba7802a02a74958adc5c49d149458ce/candidate_sql,CONS_0005__postgres.sql,7fb55d0e5e79d59f62e4eefa8782ae34ec9e5fc7d5d83d74f6c8537aaec060cf,104
runs/user/unittest_u3_public_smoke_preflight_bba7802a02a74958adc5c49d149458ce/candidate_sql,PERF_0006__postgres.sql,250256397b1969ed1f7080c201b9440b0c917720508edf89497dab51e841562b,1071
runs/user/unittest_u3_public_smoke_preflight_bc2f6ded835545adbff66eec20786d26/candidate_sql,CONS_0005__postgres.sql,7fb55d0e5e79d59f62e4eefa8782ae34ec9e5fc7d5d83d74f6c8537aaec060cf,104
runs/user/unittest_u3_public_smoke_preflight_bc2f6ded835545adbff66eec20786d26/candidate_sql,PERF_0006__postgres.sql,250256397b1969ed1f7080c201b9440b0c917720508edf89497dab51e841562b,1071
runs/user/unittest_u3_public_smoke_preflight_c0be883b87cf4f5bb4ee27ab0b999bd0/candidate_sql,CONS_0005__postgres.sql,7fb55d0e5e79d59f62e4eefa8782ae34ec9e5fc7d5d83d74f6c8537aaec060cf,104
runs/user/unittest_u3_public_smoke_preflight_c0be883b87cf4f5bb4ee27ab0b999bd0/candidate_sql,PERF_0006__postgres.sql,250256397b1969ed1f7080c201b9440b0c917720508edf89497dab51e841562b,1071
runs/user/unittest_u3_public_smoke_preflight_c274438c47e64a039b322722e244f401/candidate_sql,CONS_0005__postgres.sql,7fb55d0e5e79d59f62e4eefa8782ae34ec9e5fc7d5d83d74f6c8537aaec060cf,104
runs/user/unittest_u3_public_smoke_preflight_c274438c47e64a039b322722e244f401/candidate_sql,PERF_0006__postgres.sql,250256397b1969ed1f7080c201b9440b0c917720508edf89497dab51e841562b,1071
runs/user/unittest_u3_public_smoke_preflight_c51692be686144caba31a47a3d6c7691/candidate_sql,CONS_0005__postgres.sql,7fb55d0e5e79d59f62e4eefa8782ae34ec9e5fc7d5d83d74f6c8537aaec060cf,104
runs/user/unittest_u3_public_smoke_preflight_c51692be686144caba31a47a3d6c7691/candidate_sql,PERF_0006__postgres.sql,250256397b1969ed1f7080c201b9440b0c917720508edf89497dab51e841562b,1071
runs/user/unittest_u3_public_smoke_preflight_c87043ab5e334a81bded11169958d0b1/candidate_sql,CONS_0005__postgres.sql,7fb55d0e5e79d59f62e4eefa8782ae34ec9e5fc7d5d83d74f6c8537aaec060cf,104
runs/user/unittest_u3_public_smoke_preflight_c87043ab5e334a81bded11169958d0b1/candidate_sql,PERF_0006__postgres.sql,250256397b1969ed1f7080c201b9440b0c917720508edf89497dab51e841562b,1071
runs/user/unittest_u3_public_smoke_preflight_d18dd7eca7ec409382e16b028f2df518/candidate_sql,CONS_0005__postgres.sql,7fb55d0e5e79d59f62e4eefa8782ae34ec9e5fc7d5d83d74f6c8537aaec060cf,104
runs/user/unittest_u3_public_smoke_preflight_d18dd7eca7ec409382e16b028f2df518/candidate_sql,PERF_0006__postgres.sql,250256397b1969ed1f7080c201b9440b0c917720508edf89497dab51e841562b,1071
runs/user/unittest_u3_public_smoke_preflight_d2497f221b154f4f8ec8609ae77798bf/candidate_sql,CONS_0005__postgres.sql,7fb55d0e5e79d59f62e4eefa8782ae34ec9e5fc7d5d83d74f6c8537aaec060cf,104
runs/user/unittest_u3_public_smoke_preflight_d2497f221b154f4f8ec8609ae77798bf/candidate_sql,PERF_0006__postgres.sql,250256397b1969ed1f7080c201b9440b0c917720508edf89497dab51e841562b,1071
runs/user/unittest_u3_public_smoke_preflight_d49ef307a2c6410c8cc6d8527f0701f4/candidate_sql,CONS_0005__postgres.sql,7fb55d0e5e79d59f62e4eefa8782ae34ec9e5fc7d5d83d74f6c8537aaec060cf,104
runs/user/unittest_u3_public_smoke_preflight_d49ef307a2c6410c8cc6d8527f0701f4/candidate_sql,PERF_0006__postgres.sql,250256397b1969ed1f7080c201b9440b0c917720508edf89497dab51e841562b,1071
runs/user/unittest_u3_public_smoke_preflight_d500032df8c346f3a6f05926603cf4a4/candidate_sql,CONS_0005__postgres.sql,7fb55d0e5e79d59f62e4eefa8782ae34ec9e5fc7d5d83d74f6c8537aaec060cf,104
runs/user/unittest_u3_public_smoke_preflight_d500032df8c346f3a6f05926603cf4a4/candidate_sql,PERF_0006__postgres.sql,250256397b1969ed1f7080c201b9440b0c917720508edf89497dab51e841562b,1071
runs/user/unittest_u3_public_smoke_preflight_da26323839a24a5a94f18e30fa31fb5c/candidate_sql,CONS_0005__postgres.sql,7fb55d0e5e79d59f62e4eefa8782ae34ec9e5fc7d5d83d74f6c8537aaec060cf,104
runs/user/unittest_u3_public_smoke_preflight_da26323839a24a5a94f18e30fa31fb5c/candidate_sql,PERF_0006__postgres.sql,250256397b1969ed1f7080c201b9440b0c917720508edf89497dab51e841562b,1071
runs/user/unittest_u3_public_smoke_preflight_da679c7084554a79ac9e098b095e6474/candidate_sql,CONS_0005__postgres.sql,7fb55d0e5e79d59f62e4eefa8782ae34ec9e5fc7d5d83d74f6c8537aaec060cf,104
runs/user/unittest_u3_public_smoke_preflight_da679c7084554a79ac9e098b095e6474/candidate_sql,PERF_0006__postgres.sql,250256397b1969ed1f7080c201b9440b0c917720508edf89497dab51e841562b,1071
runs/user/unittest_u3_public_smoke_preflight_db97d11c8be4415681e0dd17467d8d7f/candidate_sql,CONS_0005__postgres.sql,7fb55d0e5e79d59f62e4eefa8782ae34ec9e5fc7d5d83d74f6c8537aaec060cf,104
runs/user/unittest_u3_public_smoke_preflight_db97d11c8be4415681e0dd17467d8d7f/candidate_sql,PERF_0006__postgres.sql,250256397b1969ed1f7080c201b9440b0c917720508edf89497dab51e841562b,1071
runs/user/unittest_u3_public_smoke_preflight_e15584622ee6437192306be0bba1ebe7/candidate_sql,CONS_0005__postgres.sql,7fb55d0e5e79d59f62e4eefa8782ae34ec9e5fc7d5d83d74f6c8537aaec060cf,104
runs/user/unittest_u3_public_smoke_preflight_e15584622ee6437192306be0bba1ebe7/candidate_sql,PERF_0006__postgres.sql,250256397b1969ed1f7080c201b9440b0c917720508edf89497dab51e841562b,1071
runs/user/unittest_u3_public_smoke_preflight_e1dbaccf1e5c4073bd96dd6deb59e766/candidate_sql,CONS_0005__postgres.sql,7fb55d0e5e79d59f62e4eefa8782ae34ec9e5fc7d5d83d74f6c8537aaec060cf,104
runs/user/unittest_u3_public_smoke_preflight_e1dbaccf1e5c4073bd96dd6deb59e766/candidate_sql,PERF_0006__postgres.sql,250256397b1969ed1f7080c201b9440b0c917720508edf89497dab51e841562b,1071
runs/user/unittest_u3_public_smoke_preflight_e5ad23caa8e6498cb7dc969c10bdd237/candidate_sql,CONS_0005__postgres.sql,7fb55d0e5e79d59f62e4eefa8782ae34ec9e5fc7d5d83d74f6c8537aaec060cf,104
runs/user/unittest_u3_public_smoke_preflight_e5ad23caa8e6498cb7dc969c10bdd237/candidate_sql,PERF_0006__postgres.sql,250256397b1969ed1f7080c201b9440b0c917720508edf89497dab51e841562b,1071
runs/user/unittest_u3_public_smoke_preflight_e81a879dd2a74bc799c642eb3469a1f6/candidate_sql,CONS_0005__postgres.sql,7fb55d0e5e79d59f62e4eefa8782ae34ec9e5fc7d5d83d74f6c8537aaec060cf,104
runs/user/unittest_u3_public_smoke_preflight_e81a879dd2a74bc799c642eb3469a1f6/candidate_sql,PERF_0006__postgres.sql,250256397b1969ed1f7080c201b9440b0c917720508edf89497dab51e841562b,1071
runs/user/unittest_u3_public_smoke_preflight_eacb31153b4344f5aeb42c48324400d0/candidate_sql,CONS_0005__postgres.sql,7fb55d0e5e79d59f62e4eefa8782ae34ec9e5fc7d5d83d74f6c8537aaec060cf,104
runs/user/unittest_u3_public_smoke_preflight_eacb31153b4344f5aeb42c48324400d0/candidate_sql,PERF_0006__postgres.sql,250256397b1969ed1f7080c201b9440b0c917720508edf89497dab51e841562b,1071
runs/user/unittest_u3_public_smoke_preflight_ee8b8bf6b18b450480e9b3eb2f081c99/candidate_sql,CONS_0005__postgres.sql,7fb55d0e5e79d59f62e4eefa8782ae34ec9e5fc7d5d83d74f6c8537aaec060cf,104
runs/user/unittest_u3_public_smoke_preflight_ee8b8bf6b18b450480e9b3eb2f081c99/candidate_sql,PERF_0006__postgres.sql,250256397b1969ed1f7080c201b9440b0c917720508edf89497dab51e841562b,1071
runs/user/unittest_u3_public_smoke_preflight_f26d5356ccf1441ca7925c33ce6bb001/candidate_sql,CONS_0005__postgres.sql,7fb55d0e5e79d59f62e4eefa8782ae34ec9e5fc7d5d83d74f6c8537aaec060cf,104
runs/user/unittest_u3_public_smoke_preflight_f26d5356ccf1441ca7925c33ce6bb001/candidate_sql,PERF_0006__postgres.sql,250256397b1969ed1f7080c201b9440b0c917720508edf89497dab51e841562b,1071
runs/user/unittest_u3_public_smoke_preflight_f50a1863e1534869a1ab79673a221f2e/candidate_sql,CONS_0005__postgres.sql,7fb55d0e5e79d59f62e4eefa8782ae34ec9e5fc7d5d83d74f6c8537aaec060cf,104
runs/user/unittest_u3_public_smoke_preflight_f50a1863e1534869a1ab79673a221f2e/candidate_sql,PERF_0006__postgres.sql,250256397b1969ed1f7080c201b9440b0c917720508edf89497dab51e841562b,1071
runs/user/unittest_u3_public_smoke_preflight_f6fd840b08fc4d62a301ac38de76d515/candidate_sql,CONS_0005__postgres.sql,7fb55d0e5e79d59f62e4eefa8782ae34ec9e5fc7d5d83d74f6c8537aaec060cf,104
runs/user/unittest_u3_public_smoke_preflight_f6fd840b08fc4d62a301ac38de76d515/candidate_sql,PERF_0006__postgres.sql,250256397b1969ed1f7080c201b9440b0c917720508edf89497dab51e841562b,1071
runs/user/unittest_u3_public_smoke_preflight_f7959b43b468405b926e63e9e2013e6c/candidate_sql,CONS_0005__postgres.sql,7fb55d0e5e79d59f62e4eefa8782ae34ec9e5fc7d5d83d74f6c8537aaec060cf,104
runs/user/unittest_u3_public_smoke_preflight_f7959b43b468405b926e63e9e2013e6c/candidate_sql,PERF_0006__postgres.sql,250256397b1969ed1f7080c201b9440b0c917720508edf89497dab51e841562b,1071
runs/user/unittest_u3_public_smoke_preflight_f8e16fdc7a2a444895d1096f81b2526b/candidate_sql,CONS_0005__postgres.sql,7fb55d0e5e79d59f62e4eefa8782ae34ec9e5fc7d5d83d74f6c8537aaec060cf,104
runs/user/unittest_u3_public_smoke_preflight_f8e16fdc7a2a444895d1096f81b2526b/candidate_sql,PERF_0006__postgres.sql,250256397b1969ed1f7080c201b9440b0c917720508edf89497dab51e841562b,1071
runs/user/unittest_u3_public_smoke_preflight_fa06123b29024644bdbc90dea5e43790/candidate_sql,CONS_0005__postgres.sql,7fb55d0e5e79d59f62e4eefa8782ae34ec9e5fc7d5d83d74f6c8537aaec060cf,104
runs/user/unittest_u3_public_smoke_preflight_fa06123b29024644bdbc90dea5e43790/candidate_sql,PERF_0006__postgres.sql,250256397b1969ed1f7080c201b9440b0c917720508edf89497dab51e841562b,1071
runs/user/unittest_u3_public_smoke_preflight_fe2458f6d2aa4545a0a6efff58868469/candidate_sql,CONS_0005__postgres.sql,7fb55d0e5e79d59f62e4eefa8782ae34ec9e5fc7d5d83d74f6c8537aaec060cf,104
runs/user/unittest_u3_public_smoke_preflight_fe2458f6d2aa4545a0a6efff58868469/candidate_sql,PERF_0006__postgres.sql,250256397b1969ed1f7080c201b9440b0c917720508edf89497dab51e841562b,1071
runs/user/unittest_user_entry_stdout_04d733baa3b54e2b8c044c0fe5708dcc/candidate_sql,PERF_0006__postgres.sql,94bdde448a8b0453f5b95e44da27c4fd307a59a3396e404c2271eab670caff96,101
runs/user/unittest_user_entry_stdout_052a7c23a3be46b881700b80eb08d04a/candidate_sql,PERF_0006__postgres.sql,94bdde448a8b0453f5b95e44da27c4fd307a59a3396e404c2271eab670caff96,101
runs/user/unittest_user_entry_stdout_065a96333eeb4f8b8eced74ca5641a92/candidate_sql,PERF_0006__postgres.sql,94bdde448a8b0453f5b95e44da27c4fd307a59a3396e404c2271eab670caff96,101
runs/user/unittest_user_entry_stdout_0865f253a7ab4e23a5bb871d0b486a17/candidate_sql,PERF_0006__postgres.sql,94bdde448a8b0453f5b95e44da27c4fd307a59a3396e404c2271eab670caff96,101
runs/user/unittest_user_entry_stdout_08c7b672f596455789a30b530b023ca7/candidate_sql,PERF_0006__postgres.sql,94bdde448a8b0453f5b95e44da27c4fd307a59a3396e404c2271eab670caff96,101
runs/user/unittest_user_entry_stdout_097b48769c5d4aaba96a63267840c080/candidate_sql,PERF_0006__postgres.sql,94bdde448a8b0453f5b95e44da27c4fd307a59a3396e404c2271eab670caff96,101
runs/user/unittest_user_entry_stdout_0be78d7b6cf649f982d41fe1e054537c/candidate_sql,PERF_0006__postgres.sql,94bdde448a8b0453f5b95e44da27c4fd307a59a3396e404c2271eab670caff96,101
runs/user/unittest_user_entry_stdout_0d3f60808428454e95d4e30f12c78fac/candidate_sql,PERF_0006__postgres.sql,94bdde448a8b0453f5b95e44da27c4fd307a59a3396e404c2271eab670caff96,101
runs/user/unittest_user_entry_stdout_0e9719cef04240cc8d2af10f7f7c16d0/candidate_sql,PERF_0006__postgres.sql,94bdde448a8b0453f5b95e44da27c4fd307a59a3396e404c2271eab670caff96,101
runs/user/unittest_user_entry_stdout_0ef083ea58a7488a8222fa856138fb57/candidate_sql,PERF_0006__postgres.sql,94bdde448a8b0453f5b95e44da27c4fd307a59a3396e404c2271eab670caff96,101
runs/user/unittest_user_entry_stdout_105c7b564fcf45ee9fe410789727907f/candidate_sql,PERF_0006__postgres.sql,94bdde448a8b0453f5b95e44da27c4fd307a59a3396e404c2271eab670caff96,101
runs/user/unittest_user_entry_stdout_10680d0927e344dea1a4a266d5f61503/candidate_sql,PERF_0006__postgres.sql,94bdde448a8b0453f5b95e44da27c4fd307a59a3396e404c2271eab670caff96,101
runs/user/unittest_user_entry_stdout_1262ec588d06408dbf7fb32adc23be10/candidate_sql,PERF_0006__postgres.sql,94bdde448a8b0453f5b95e44da27c4fd307a59a3396e404c2271eab670caff96,101
runs/user/unittest_user_entry_stdout_132b60a79be1451ba8b7f41ee8638ab5/candidate_sql,PERF_0006__postgres.sql,94bdde448a8b0453f5b95e44da27c4fd307a59a3396e404c2271eab670caff96,101
runs/user/unittest_user_entry_stdout_1a274c5c0eaa47e09c95e2df15f7165f/candidate_sql,PERF_0006__postgres.sql,94bdde448a8b0453f5b95e44da27c4fd307a59a3396e404c2271eab670caff96,101
runs/user/unittest_user_entry_stdout_1a8109974ebc44fd8c92b6e4b5e62fe0/candidate_sql,PERF_0006__postgres.sql,94bdde448a8b0453f5b95e44da27c4fd307a59a3396e404c2271eab670caff96,101
runs/user/unittest_user_entry_stdout_1cd44bcdaf90450e9f3eb832ceb52608/candidate_sql,PERF_0006__postgres.sql,94bdde448a8b0453f5b95e44da27c4fd307a59a3396e404c2271eab670caff96,101
runs/user/unittest_user_entry_stdout_1cf335ffd7e64f3288e3ba172e83c720/candidate_sql,PERF_0006__postgres.sql,94bdde448a8b0453f5b95e44da27c4fd307a59a3396e404c2271eab670caff96,101
runs/user/unittest_user_entry_stdout_2236659ccb9a4a10b76393d7adc1c7de/candidate_sql,PERF_0006__postgres.sql,94bdde448a8b0453f5b95e44da27c4fd307a59a3396e404c2271eab670caff96,101
runs/user/unittest_user_entry_stdout_245bfdc67f1946f2b2c1a24d44eccb6c/candidate_sql,PERF_0006__postgres.sql,94bdde448a8b0453f5b95e44da27c4fd307a59a3396e404c2271eab670caff96,101
runs/user/unittest_user_entry_stdout_247371d3b65142bd846128cb9ebe0d12/candidate_sql,PERF_0006__postgres.sql,94bdde448a8b0453f5b95e44da27c4fd307a59a3396e404c2271eab670caff96,101
runs/user/unittest_user_entry_stdout_24aa18c22f454eeea5d57193b5d013fa/candidate_sql,PERF_0006__postgres.sql,94bdde448a8b0453f5b95e44da27c4fd307a59a3396e404c2271eab670caff96,101
runs/user/unittest_user_entry_stdout_25d59bd9fe124a21aae46c7ed1d0158d/candidate_sql,PERF_0006__postgres.sql,94bdde448a8b0453f5b95e44da27c4fd307a59a3396e404c2271eab670caff96,101
runs/user/unittest_user_entry_stdout_277c5f4f0cba4e38b3a7c055374caf4b/candidate_sql,PERF_0006__postgres.sql,94bdde448a8b0453f5b95e44da27c4fd307a59a3396e404c2271eab670caff96,101
runs/user/unittest_user_entry_stdout_289478f0c1eb4703a821f3b6465bbffb/candidate_sql,PERF_0006__postgres.sql,94bdde448a8b0453f5b95e44da27c4fd307a59a3396e404c2271eab670caff96,101
runs/user/unittest_user_entry_stdout_2b770d2cc36944889e1aaf1b7b503c5e/candidate_sql,PERF_0006__postgres.sql,94bdde448a8b0453f5b95e44da27c4fd307a59a3396e404c2271eab670caff96,101
runs/user/unittest_user_entry_stdout_30a45d7852844df9bdb4982471c15799/candidate_sql,PERF_0006__postgres.sql,94bdde448a8b0453f5b95e44da27c4fd307a59a3396e404c2271eab670caff96,101
runs/user/unittest_user_entry_stdout_31750c89436249a893b760ff93dfe6b1/candidate_sql,PERF_0006__postgres.sql,94bdde448a8b0453f5b95e44da27c4fd307a59a3396e404c2271eab670caff96,101
runs/user/unittest_user_entry_stdout_33106a774ead42bea9172eb74b900c19/candidate_sql,PERF_0006__postgres.sql,94bdde448a8b0453f5b95e44da27c4fd307a59a3396e404c2271eab670caff96,101
runs/user/unittest_user_entry_stdout_3356aa6ad9e344a48c49924f6ba0f4a2/candidate_sql,PERF_0006__postgres.sql,94bdde448a8b0453f5b95e44da27c4fd307a59a3396e404c2271eab670caff96,101
runs/user/unittest_user_entry_stdout_352d17369ede4420b89458bc6ebef9bd/candidate_sql,PERF_0006__postgres.sql,94bdde448a8b0453f5b95e44da27c4fd307a59a3396e404c2271eab670caff96,101
runs/user/unittest_user_entry_stdout_36e78d4c145a44a18222ec67acdf8216/candidate_sql,PERF_0006__postgres.sql,94bdde448a8b0453f5b95e44da27c4fd307a59a3396e404c2271eab670caff96,101
runs/user/unittest_user_entry_stdout_3c1761977ea34fc88a9b4474e4f710ee/candidate_sql,PERF_0006__postgres.sql,94bdde448a8b0453f5b95e44da27c4fd307a59a3396e404c2271eab670caff96,101
runs/user/unittest_user_entry_stdout_3d2b8719c439410585a450b04c661d1b/candidate_sql,PERF_0006__postgres.sql,94bdde448a8b0453f5b95e44da27c4fd307a59a3396e404c2271eab670caff96,101
runs/user/unittest_user_entry_stdout_4044d5d9b171400196619b51e7777249/candidate_sql,PERF_0006__postgres.sql,94bdde448a8b0453f5b95e44da27c4fd307a59a3396e404c2271eab670caff96,101
runs/user/unittest_user_entry_stdout_422265a24a6b495aaa9871e7625dfa78/candidate_sql,PERF_0006__postgres.sql,94bdde448a8b0453f5b95e44da27c4fd307a59a3396e404c2271eab670caff96,101
runs/user/unittest_user_entry_stdout_4556bc9806cd4cc782b98c207878d9f3/candidate_sql,PERF_0006__postgres.sql,94bdde448a8b0453f5b95e44da27c4fd307a59a3396e404c2271eab670caff96,101
runs/user/unittest_user_entry_stdout_455b61843dfa495c9aaae34ac3ee6d2f/candidate_sql,PERF_0006__postgres.sql,94bdde448a8b0453f5b95e44da27c4fd307a59a3396e404c2271eab670caff96,101
runs/user/unittest_user_entry_stdout_4783a20b164e47deb7c057b99fcdf6b5/candidate_sql,PERF_0006__postgres.sql,94bdde448a8b0453f5b95e44da27c4fd307a59a3396e404c2271eab670caff96,101
runs/user/unittest_user_entry_stdout_4b38a90e270b4ce99e5239f565290f4e/candidate_sql,PERF_0006__postgres.sql,94bdde448a8b0453f5b95e44da27c4fd307a59a3396e404c2271eab670caff96,101
runs/user/unittest_user_entry_stdout_4e7206fc255b45b2b49bf82b7c55ecd5/candidate_sql,PERF_0006__postgres.sql,94bdde448a8b0453f5b95e44da27c4fd307a59a3396e404c2271eab670caff96,101
runs/user/unittest_user_entry_stdout_5023f5c92c234439b0cfe02af783134e/candidate_sql,PERF_0006__postgres.sql,94bdde448a8b0453f5b95e44da27c4fd307a59a3396e404c2271eab670caff96,101
runs/user/unittest_user_entry_stdout_5337ce898b3e4f34a48abf41ce9a11e2/candidate_sql,PERF_0006__postgres.sql,94bdde448a8b0453f5b95e44da27c4fd307a59a3396e404c2271eab670caff96,101
runs/user/unittest_user_entry_stdout_578bfe92e09a44ab942b837316540714/candidate_sql,PERF_0006__postgres.sql,94bdde448a8b0453f5b95e44da27c4fd307a59a3396e404c2271eab670caff96,101
runs/user/unittest_user_entry_stdout_5d017f391a6e4c1eb92f5a9743acd917/candidate_sql,PERF_0006__postgres.sql,94bdde448a8b0453f5b95e44da27c4fd307a59a3396e404c2271eab670caff96,101
runs/user/unittest_user_entry_stdout_6256f2ff239c404b9633b90f2156cde4/candidate_sql,PERF_0006__postgres.sql,94bdde448a8b0453f5b95e44da27c4fd307a59a3396e404c2271eab670caff96,101
runs/user/unittest_user_entry_stdout_62ee21a7da3d455ebe989bdcf3c2c007/candidate_sql,PERF_0006__postgres.sql,94bdde448a8b0453f5b95e44da27c4fd307a59a3396e404c2271eab670caff96,101
runs/user/unittest_user_entry_stdout_662f28bde0e24282b3e08ee92ea1848c/candidate_sql,PERF_0006__postgres.sql,94bdde448a8b0453f5b95e44da27c4fd307a59a3396e404c2271eab670caff96,101
runs/user/unittest_user_entry_stdout_6742b41903314fbfa0c24c25677965e9/candidate_sql,PERF_0006__postgres.sql,94bdde448a8b0453f5b95e44da27c4fd307a59a3396e404c2271eab670caff96,101
runs/user/unittest_user_entry_stdout_687606bba9954c2a885a589d2ba6e699/candidate_sql,PERF_0006__postgres.sql,94bdde448a8b0453f5b95e44da27c4fd307a59a3396e404c2271eab670caff96,101
runs/user/unittest_user_entry_stdout_699b725d9bbe484ab24ef78a4e0d24c9/candidate_sql,PERF_0006__postgres.sql,94bdde448a8b0453f5b95e44da27c4fd307a59a3396e404c2271eab670caff96,101
runs/user/unittest_user_entry_stdout_69f703332b524d5d91cc1b11c3d388a3/candidate_sql,PERF_0006__postgres.sql,94bdde448a8b0453f5b95e44da27c4fd307a59a3396e404c2271eab670caff96,101
runs/user/unittest_user_entry_stdout_6a026a0c1f1f4750a5dbcd4b649dfb39/candidate_sql,PERF_0006__postgres.sql,94bdde448a8b0453f5b95e44da27c4fd307a59a3396e404c2271eab670caff96,101
runs/user/unittest_user_entry_stdout_6bb70816fb4d40b49faee9810af16c89/candidate_sql,PERF_0006__postgres.sql,94bdde448a8b0453f5b95e44da27c4fd307a59a3396e404c2271eab670caff96,101
runs/user/unittest_user_entry_stdout_6fa92af1fa274910b633cf4b3ed9acdc/candidate_sql,PERF_0006__postgres.sql,94bdde448a8b0453f5b95e44da27c4fd307a59a3396e404c2271eab670caff96,101
runs/user/unittest_user_entry_stdout_7165f745ea2743368d160888883f0cd5/candidate_sql,PERF_0006__postgres.sql,94bdde448a8b0453f5b95e44da27c4fd307a59a3396e404c2271eab670caff96,101
runs/user/unittest_user_entry_stdout_71da5f6118104e8aa67a0ded7914cd28/candidate_sql,PERF_0006__postgres.sql,94bdde448a8b0453f5b95e44da27c4fd307a59a3396e404c2271eab670caff96,101
runs/user/unittest_user_entry_stdout_727413bf772e450baffbc63336cc9730/candidate_sql,PERF_0006__postgres.sql,94bdde448a8b0453f5b95e44da27c4fd307a59a3396e404c2271eab670caff96,101
runs/user/unittest_user_entry_stdout_72be332ba0134892939d27015b9e9a0b/candidate_sql,PERF_0006__postgres.sql,94bdde448a8b0453f5b95e44da27c4fd307a59a3396e404c2271eab670caff96,101
runs/user/unittest_user_entry_stdout_78e6f8df1f0b45beb4fff23e7d90cb75/candidate_sql,PERF_0006__postgres.sql,94bdde448a8b0453f5b95e44da27c4fd307a59a3396e404c2271eab670caff96,101
runs/user/unittest_user_entry_stdout_78ea977a0cd9463ea96ca3fd41a2db4a/candidate_sql,PERF_0006__postgres.sql,94bdde448a8b0453f5b95e44da27c4fd307a59a3396e404c2271eab670caff96,101
runs/user/unittest_user_entry_stdout_7f7fba2443494228bfbc21ead4116b8c/candidate_sql,PERF_0006__postgres.sql,94bdde448a8b0453f5b95e44da27c4fd307a59a3396e404c2271eab670caff96,101
runs/user/unittest_user_entry_stdout_865cd4a82b4944f28205c19efa971de5/candidate_sql,PERF_0006__postgres.sql,94bdde448a8b0453f5b95e44da27c4fd307a59a3396e404c2271eab670caff96,101
runs/user/unittest_user_entry_stdout_89d5aaadf6854500bfa48c9bf17804ca/candidate_sql,PERF_0006__postgres.sql,94bdde448a8b0453f5b95e44da27c4fd307a59a3396e404c2271eab670caff96,101
runs/user/unittest_user_entry_stdout_8a6a74c671474deca98f1b12b4b214ac/candidate_sql,PERF_0006__postgres.sql,94bdde448a8b0453f5b95e44da27c4fd307a59a3396e404c2271eab670caff96,101
runs/user/unittest_user_entry_stdout_8b5efe11340349869bd822d0e9d9c69b/candidate_sql,PERF_0006__postgres.sql,94bdde448a8b0453f5b95e44da27c4fd307a59a3396e404c2271eab670caff96,101
runs/user/unittest_user_entry_stdout_8e866f6e6bb7478eb0f53960ffbdbe23/candidate_sql,PERF_0006__postgres.sql,94bdde448a8b0453f5b95e44da27c4fd307a59a3396e404c2271eab670caff96,101
runs/user/unittest_user_entry_stdout_8fd8004224274b06a213bc5fb42a6c4a/candidate_sql,PERF_0006__postgres.sql,94bdde448a8b0453f5b95e44da27c4fd307a59a3396e404c2271eab670caff96,101
runs/user/unittest_user_entry_stdout_912f6ea488b74360a28915e95f5e264a/candidate_sql,PERF_0006__postgres.sql,94bdde448a8b0453f5b95e44da27c4fd307a59a3396e404c2271eab670caff96,101
runs/user/unittest_user_entry_stdout_94f6fdb9d0854d819e1f21ffc071fea7/candidate_sql,PERF_0006__postgres.sql,94bdde448a8b0453f5b95e44da27c4fd307a59a3396e404c2271eab670caff96,101
runs/user/unittest_user_entry_stdout_97f16e597b2249fc959cece3c93f0333/candidate_sql,PERF_0006__postgres.sql,94bdde448a8b0453f5b95e44da27c4fd307a59a3396e404c2271eab670caff96,101
runs/user/unittest_user_entry_stdout_9dd01168a3e64492a71dda6eca1e0d6c/candidate_sql,PERF_0006__postgres.sql,94bdde448a8b0453f5b95e44da27c4fd307a59a3396e404c2271eab670caff96,101
runs/user/unittest_user_entry_stdout_9f73347d1e7c4b96af1d49dcdc3037b0/candidate_sql,PERF_0006__postgres.sql,94bdde448a8b0453f5b95e44da27c4fd307a59a3396e404c2271eab670caff96,101
runs/user/unittest_user_entry_stdout_a222bc2960de438d9b097029807eace1/candidate_sql,PERF_0006__postgres.sql,94bdde448a8b0453f5b95e44da27c4fd307a59a3396e404c2271eab670caff96,101
runs/user/unittest_user_entry_stdout_a40fcced99a64e87aa830d7e72e3288b/candidate_sql,PERF_0006__postgres.sql,94bdde448a8b0453f5b95e44da27c4fd307a59a3396e404c2271eab670caff96,101
runs/user/unittest_user_entry_stdout_a4bc73f238924cf3b036a7cf038d8fe1/candidate_sql,PERF_0006__postgres.sql,94bdde448a8b0453f5b95e44da27c4fd307a59a3396e404c2271eab670caff96,101
runs/user/unittest_user_entry_stdout_a91db7107df249f2add4f96122a87547/candidate_sql,PERF_0006__postgres.sql,94bdde448a8b0453f5b95e44da27c4fd307a59a3396e404c2271eab670caff96,101
runs/user/unittest_user_entry_stdout_afeb67a8ca3149e190f26ceba5ac1419/candidate_sql,PERF_0006__postgres.sql,94bdde448a8b0453f5b95e44da27c4fd307a59a3396e404c2271eab670caff96,101
runs/user/unittest_user_entry_stdout_b4b2fcaf9e8440479daafd47aadba34d/candidate_sql,PERF_0006__postgres.sql,94bdde448a8b0453f5b95e44da27c4fd307a59a3396e404c2271eab670caff96,101
runs/user/unittest_user_entry_stdout_b5e8928d075c4b668121b4b15c6789ed/candidate_sql,PERF_0006__postgres.sql,94bdde448a8b0453f5b95e44da27c4fd307a59a3396e404c2271eab670caff96,101
runs/user/unittest_user_entry_stdout_b721400a48274adb8060199c84ad5cd6/candidate_sql,PERF_0006__postgres.sql,94bdde448a8b0453f5b95e44da27c4fd307a59a3396e404c2271eab670caff96,101
runs/user/unittest_user_entry_stdout_b86259f2018b4b3aa2daeb408bcd87c5/candidate_sql,PERF_0006__postgres.sql,94bdde448a8b0453f5b95e44da27c4fd307a59a3396e404c2271eab670caff96,101
runs/user/unittest_user_entry_stdout_ba26a6e1cd81438b8394dfd321a8c19d/candidate_sql,PERF_0006__postgres.sql,94bdde448a8b0453f5b95e44da27c4fd307a59a3396e404c2271eab670caff96,101
runs/user/unittest_user_entry_stdout_bba8bb1d89184ac58e73f2ea84f513da/candidate_sql,PERF_0006__postgres.sql,94bdde448a8b0453f5b95e44da27c4fd307a59a3396e404c2271eab670caff96,101
runs/user/unittest_user_entry_stdout_be81afc0a4524d62ae00e0f756a5dc6e/candidate_sql,PERF_0006__postgres.sql,94bdde448a8b0453f5b95e44da27c4fd307a59a3396e404c2271eab670caff96,101
runs/user/unittest_user_entry_stdout_c04ce5f1edbc47f9a9c389147f1ae6de/candidate_sql,PERF_0006__postgres.sql,94bdde448a8b0453f5b95e44da27c4fd307a59a3396e404c2271eab670caff96,101
runs/user/unittest_user_entry_stdout_c33075a092754bcbae3820008548f9f7/candidate_sql,PERF_0006__postgres.sql,94bdde448a8b0453f5b95e44da27c4fd307a59a3396e404c2271eab670caff96,101
runs/user/unittest_user_entry_stdout_c5e8d4813dbc42c799f62018c6bdc3c8/candidate_sql,PERF_0006__postgres.sql,94bdde448a8b0453f5b95e44da27c4fd307a59a3396e404c2271eab670caff96,101
runs/user/unittest_user_entry_stdout_c8727635b69f4cbe973e57f07f38bb16/candidate_sql,PERF_0006__postgres.sql,94bdde448a8b0453f5b95e44da27c4fd307a59a3396e404c2271eab670caff96,101
runs/user/unittest_user_entry_stdout_cb8903f4275b43a7bcb0c4eac5022c05/candidate_sql,PERF_0006__postgres.sql,94bdde448a8b0453f5b95e44da27c4fd307a59a3396e404c2271eab670caff96,101
runs/user/unittest_user_entry_stdout_cdd9bee80af74c4fb731b2e76a52d154/candidate_sql,PERF_0006__postgres.sql,94bdde448a8b0453f5b95e44da27c4fd307a59a3396e404c2271eab670caff96,101
runs/user/unittest_user_entry_stdout_d0c46bd60b184841b9a860b9645d7d2a/candidate_sql,PERF_0006__postgres.sql,94bdde448a8b0453f5b95e44da27c4fd307a59a3396e404c2271eab670caff96,101
runs/user/unittest_user_entry_stdout_d3cfb268f35f4908a232e3b4a826e9cd/candidate_sql,PERF_0006__postgres.sql,94bdde448a8b0453f5b95e44da27c4fd307a59a3396e404c2271eab670caff96,101
runs/user/unittest_user_entry_stdout_d525fd9230da4a0695971b521eaceea5/candidate_sql,PERF_0006__postgres.sql,94bdde448a8b0453f5b95e44da27c4fd307a59a3396e404c2271eab670caff96,101
runs/user/unittest_user_entry_stdout_e13a648be02c4f1693dc8c53a421b661/candidate_sql,PERF_0006__postgres.sql,94bdde448a8b0453f5b95e44da27c4fd307a59a3396e404c2271eab670caff96,101
runs/user/unittest_user_entry_stdout_e2d1c1c1feeb4946b411ff9f72cd60e7/candidate_sql,PERF_0006__postgres.sql,94bdde448a8b0453f5b95e44da27c4fd307a59a3396e404c2271eab670caff96,101
runs/user/unittest_user_entry_stdout_e45d06f8b4fd4be9b264d155d7c3093c/candidate_sql,PERF_0006__postgres.sql,94bdde448a8b0453f5b95e44da27c4fd307a59a3396e404c2271eab670caff96,101
runs/user/unittest_user_entry_stdout_e66faa18ff66455691f2e79361e452cd/candidate_sql,PERF_0006__postgres.sql,94bdde448a8b0453f5b95e44da27c4fd307a59a3396e404c2271eab670caff96,101
runs/user/unittest_user_entry_stdout_e7149dd473424892a0a89321ee84118b/candidate_sql,PERF_0006__postgres.sql,94bdde448a8b0453f5b95e44da27c4fd307a59a3396e404c2271eab670caff96,101
runs/user/unittest_user_entry_stdout_f15fce0bfcf14f13bfb4f43be89557d5/candidate_sql,PERF_0006__postgres.sql,94bdde448a8b0453f5b95e44da27c4fd307a59a3396e404c2271eab670caff96,101
runs/user/unittest_user_entry_stdout_f17861acd4a64d8ea15d0fc91da93dc9/candidate_sql,PERF_0006__postgres.sql,94bdde448a8b0453f5b95e44da27c4fd307a59a3396e404c2271eab670caff96,101
runs/user/unittest_user_entry_stdout_f28f83ee686a40c598799024050baa18/candidate_sql,PERF_0006__postgres.sql,94bdde448a8b0453f5b95e44da27c4fd307a59a3396e404c2271eab670caff96,101
runs/user/unittest_user_entry_stdout_f353ca832b004292beb55c1496e7f1a4/candidate_sql,PERF_0006__postgres.sql,94bdde448a8b0453f5b95e44da27c4fd307a59a3396e404c2271eab670caff96,101
runs/user/unittest_user_entry_stdout_f68ab65a2afa42e289fcb0c843893c03/candidate_sql,PERF_0006__postgres.sql,94bdde448a8b0453f5b95e44da27c4fd307a59a3396e404c2271eab670caff96,101
runs/user/unittest_user_entry_stdout_f8a7434d1eb44e5a90953d23767477e6/candidate_sql,PERF_0006__postgres.sql,94bdde448a8b0453f5b95e44da27c4fd307a59a3396e404c2271eab670caff96,101
runs/user/unittest_user_entry_stdout_f9460cca065d4d27a2babae3c7d30ff5/candidate_sql,PERF_0006__postgres.sql,94bdde448a8b0453f5b95e44da27c4fd307a59a3396e404c2271eab670caff96,101
runs/user/unittest_user_entry_stdout_fa29ebd7469b465a8b1c26dc607ec20a/candidate_sql,PERF_0006__postgres.sql,94bdde448a8b0453f5b95e44da27c4fd307a59a3396e404c2271eab670caff96,101
runs/user/unittest_user_entry_stdout_fa2fcb520fd942a084b68a1cd2f4765d/candidate_sql,PERF_0006__postgres.sql,94bdde448a8b0453f5b95e44da27c4fd307a59a3396e404c2271eab670caff96,101
runs/user/unittest_user_entry_stdout_fdbb4788cb7b44a6bbf0bc15d410729f/candidate_sql,PERF_0006__postgres.sql,94bdde448a8b0453f5b95e44da27c4fd307a59a3396e404c2271eab670caff96,101
runs/user/unittest_user_entry_success_000181fc27224e42bc110510fb5058e1/candidate_sql,PERF_0006__postgres.sql,e3745a482938a81b4e74c4ae903aef2bb3cad5ab5db30c2d424a6ec592fa5041,96
runs/user/unittest_user_entry_success_000181fc27224e42bc110510fb5058e1/candidate_sql,PERF_0007__postgres.sql,4aa200d9ee5dbd9010d533ed4cec4dbbbc995a127e4755194a3335ae34e4788d,96
runs/user/unittest_user_entry_success_011774e2ea2c48cd8a1de79d1999e4bb/candidate_sql,PERF_0006__postgres.sql,e3745a482938a81b4e74c4ae903aef2bb3cad5ab5db30c2d424a6ec592fa5041,96
runs/user/unittest_user_entry_success_011774e2ea2c48cd8a1de79d1999e4bb/candidate_sql,PERF_0007__postgres.sql,4aa200d9ee5dbd9010d533ed4cec4dbbbc995a127e4755194a3335ae34e4788d,96
runs/user/unittest_user_entry_success_03a5d7e695d94568be3698f970b6d485/candidate_sql,PERF_0006__postgres.sql,e3745a482938a81b4e74c4ae903aef2bb3cad5ab5db30c2d424a6ec592fa5041,96
runs/user/unittest_user_entry_success_03a5d7e695d94568be3698f970b6d485/candidate_sql,PERF_0007__postgres.sql,4aa200d9ee5dbd9010d533ed4cec4dbbbc995a127e4755194a3335ae34e4788d,96
runs/user/unittest_user_entry_success_076efeb9ddc24bd6ac9fb70e96032948/candidate_sql,PERF_0006__postgres.sql,e3745a482938a81b4e74c4ae903aef2bb3cad5ab5db30c2d424a6ec592fa5041,96
runs/user/unittest_user_entry_success_076efeb9ddc24bd6ac9fb70e96032948/candidate_sql,PERF_0007__postgres.sql,4aa200d9ee5dbd9010d533ed4cec4dbbbc995a127e4755194a3335ae34e4788d,96
runs/user/unittest_user_entry_success_0c06afe9715549aca3af8fb1b99b2dd0/candidate_sql,PERF_0006__postgres.sql,e3745a482938a81b4e74c4ae903aef2bb3cad5ab5db30c2d424a6ec592fa5041,96
runs/user/unittest_user_entry_success_0c06afe9715549aca3af8fb1b99b2dd0/candidate_sql,PERF_0007__postgres.sql,4aa200d9ee5dbd9010d533ed4cec4dbbbc995a127e4755194a3335ae34e4788d,96
runs/user/unittest_user_entry_success_0c64a6fcada04cd4b046efbdeb111fad/candidate_sql,PERF_0006__postgres.sql,e3745a482938a81b4e74c4ae903aef2bb3cad5ab5db30c2d424a6ec592fa5041,96
runs/user/unittest_user_entry_success_0c64a6fcada04cd4b046efbdeb111fad/candidate_sql,PERF_0007__postgres.sql,4aa200d9ee5dbd9010d533ed4cec4dbbbc995a127e4755194a3335ae34e4788d,96
runs/user/unittest_user_entry_success_17a6c5a996dd43f4b0e8f1068665faf0/candidate_sql,PERF_0006__postgres.sql,e3745a482938a81b4e74c4ae903aef2bb3cad5ab5db30c2d424a6ec592fa5041,96
runs/user/unittest_user_entry_success_17a6c5a996dd43f4b0e8f1068665faf0/candidate_sql,PERF_0007__postgres.sql,4aa200d9ee5dbd9010d533ed4cec4dbbbc995a127e4755194a3335ae34e4788d,96
runs/user/unittest_user_entry_success_194ece06c81c4b198b5dade541fcc89d/candidate_sql,PERF_0006__postgres.sql,e3745a482938a81b4e74c4ae903aef2bb3cad5ab5db30c2d424a6ec592fa5041,96
runs/user/unittest_user_entry_success_194ece06c81c4b198b5dade541fcc89d/candidate_sql,PERF_0007__postgres.sql,4aa200d9ee5dbd9010d533ed4cec4dbbbc995a127e4755194a3335ae34e4788d,96
runs/user/unittest_user_entry_success_19a4992a38a440ac992d30d92f1b0434/candidate_sql,PERF_0006__postgres.sql,e3745a482938a81b4e74c4ae903aef2bb3cad5ab5db30c2d424a6ec592fa5041,96
runs/user/unittest_user_entry_success_19a4992a38a440ac992d30d92f1b0434/candidate_sql,PERF_0007__postgres.sql,4aa200d9ee5dbd9010d533ed4cec4dbbbc995a127e4755194a3335ae34e4788d,96
runs/user/unittest_user_entry_success_1bb2ea38d72c43e59b59bc4dd87cd624/candidate_sql,PERF_0006__postgres.sql,e3745a482938a81b4e74c4ae903aef2bb3cad5ab5db30c2d424a6ec592fa5041,96
runs/user/unittest_user_entry_success_1bb2ea38d72c43e59b59bc4dd87cd624/candidate_sql,PERF_0007__postgres.sql,4aa200d9ee5dbd9010d533ed4cec4dbbbc995a127e4755194a3335ae34e4788d,96
runs/user/unittest_user_entry_success_1bc559004b304b0bb9476db7613f16b9/candidate_sql,PERF_0006__postgres.sql,e3745a482938a81b4e74c4ae903aef2bb3cad5ab5db30c2d424a6ec592fa5041,96
runs/user/unittest_user_entry_success_1bc559004b304b0bb9476db7613f16b9/candidate_sql,PERF_0007__postgres.sql,4aa200d9ee5dbd9010d533ed4cec4dbbbc995a127e4755194a3335ae34e4788d,96
runs/user/unittest_user_entry_success_1c229c14d4af40169be84b3be00ab8e3/candidate_sql,PERF_0006__postgres.sql,e3745a482938a81b4e74c4ae903aef2bb3cad5ab5db30c2d424a6ec592fa5041,96
runs/user/unittest_user_entry_success_1c229c14d4af40169be84b3be00ab8e3/candidate_sql,PERF_0007__postgres.sql,4aa200d9ee5dbd9010d533ed4cec4dbbbc995a127e4755194a3335ae34e4788d,96
runs/user/unittest_user_entry_success_1c822a3f2b854fcc85ea5b2a5e73f110/candidate_sql,PERF_0006__postgres.sql,e3745a482938a81b4e74c4ae903aef2bb3cad5ab5db30c2d424a6ec592fa5041,96
runs/user/unittest_user_entry_success_1c822a3f2b854fcc85ea5b2a5e73f110/candidate_sql,PERF_0007__postgres.sql,4aa200d9ee5dbd9010d533ed4cec4dbbbc995a127e4755194a3335ae34e4788d,96
runs/user/unittest_user_entry_success_1e66f7f2b3254749a4c14a897b385da0/candidate_sql,PERF_0006__postgres.sql,e3745a482938a81b4e74c4ae903aef2bb3cad5ab5db30c2d424a6ec592fa5041,96
runs/user/unittest_user_entry_success_1e66f7f2b3254749a4c14a897b385da0/candidate_sql,PERF_0007__postgres.sql,4aa200d9ee5dbd9010d533ed4cec4dbbbc995a127e4755194a3335ae34e4788d,96
runs/user/unittest_user_entry_success_22ad3511a04540d0bab09ec5836b3497/candidate_sql,PERF_0006__postgres.sql,e3745a482938a81b4e74c4ae903aef2bb3cad5ab5db30c2d424a6ec592fa5041,96
runs/user/unittest_user_entry_success_22ad3511a04540d0bab09ec5836b3497/candidate_sql,PERF_0007__postgres.sql,4aa200d9ee5dbd9010d533ed4cec4dbbbc995a127e4755194a3335ae34e4788d,96
runs/user/unittest_user_entry_success_244f2473e8b645aabef44bb00fb420fe/candidate_sql,PERF_0006__postgres.sql,e3745a482938a81b4e74c4ae903aef2bb3cad5ab5db30c2d424a6ec592fa5041,96
runs/user/unittest_user_entry_success_244f2473e8b645aabef44bb00fb420fe/candidate_sql,PERF_0007__postgres.sql,4aa200d9ee5dbd9010d533ed4cec4dbbbc995a127e4755194a3335ae34e4788d,96
runs/user/unittest_user_entry_success_24fe8b7a5a6148ed9030e4580e532b55/candidate_sql,PERF_0006__postgres.sql,e3745a482938a81b4e74c4ae903aef2bb3cad5ab5db30c2d424a6ec592fa5041,96
runs/user/unittest_user_entry_success_24fe8b7a5a6148ed9030e4580e532b55/candidate_sql,PERF_0007__postgres.sql,4aa200d9ee5dbd9010d533ed4cec4dbbbc995a127e4755194a3335ae34e4788d,96
runs/user/unittest_user_entry_success_27c7f75f4a7b4a8c96228276ae7b22de/candidate_sql,PERF_0006__postgres.sql,e3745a482938a81b4e74c4ae903aef2bb3cad5ab5db30c2d424a6ec592fa5041,96
runs/user/unittest_user_entry_success_27c7f75f4a7b4a8c96228276ae7b22de/candidate_sql,PERF_0007__postgres.sql,4aa200d9ee5dbd9010d533ed4cec4dbbbc995a127e4755194a3335ae34e4788d,96
runs/user/unittest_user_entry_success_282cfcb9f1ac469585c060b1b7c44c94/candidate_sql,PERF_0006__postgres.sql,e3745a482938a81b4e74c4ae903aef2bb3cad5ab5db30c2d424a6ec592fa5041,96
runs/user/unittest_user_entry_success_282cfcb9f1ac469585c060b1b7c44c94/candidate_sql,PERF_0007__postgres.sql,4aa200d9ee5dbd9010d533ed4cec4dbbbc995a127e4755194a3335ae34e4788d,96
runs/user/unittest_user_entry_success_2b415b797fc14ec0b15d6b74c83a09d2/candidate_sql,PERF_0006__postgres.sql,e3745a482938a81b4e74c4ae903aef2bb3cad5ab5db30c2d424a6ec592fa5041,96
runs/user/unittest_user_entry_success_2b415b797fc14ec0b15d6b74c83a09d2/candidate_sql,PERF_0007__postgres.sql,4aa200d9ee5dbd9010d533ed4cec4dbbbc995a127e4755194a3335ae34e4788d,96
runs/user/unittest_user_entry_success_2ccf4eda8b1347729469ae33ff067c5a/candidate_sql,PERF_0006__postgres.sql,e3745a482938a81b4e74c4ae903aef2bb3cad5ab5db30c2d424a6ec592fa5041,96
runs/user/unittest_user_entry_success_2ccf4eda8b1347729469ae33ff067c5a/candidate_sql,PERF_0007__postgres.sql,4aa200d9ee5dbd9010d533ed4cec4dbbbc995a127e4755194a3335ae34e4788d,96
runs/user/unittest_user_entry_success_2d7debfe93334d378663f170918f80c0/candidate_sql,PERF_0006__postgres.sql,e3745a482938a81b4e74c4ae903aef2bb3cad5ab5db30c2d424a6ec592fa5041,96
runs/user/unittest_user_entry_success_2d7debfe93334d378663f170918f80c0/candidate_sql,PERF_0007__postgres.sql,4aa200d9ee5dbd9010d533ed4cec4dbbbc995a127e4755194a3335ae34e4788d,96
runs/user/unittest_user_entry_success_30ae2d0a61da4799bc9d554200e1a457/candidate_sql,PERF_0006__postgres.sql,e3745a482938a81b4e74c4ae903aef2bb3cad5ab5db30c2d424a6ec592fa5041,96
runs/user/unittest_user_entry_success_30ae2d0a61da4799bc9d554200e1a457/candidate_sql,PERF_0007__postgres.sql,4aa200d9ee5dbd9010d533ed4cec4dbbbc995a127e4755194a3335ae34e4788d,96
runs/user/unittest_user_entry_success_37c9c7723cee4663a8de1086cf45fc76/candidate_sql,PERF_0006__postgres.sql,e3745a482938a81b4e74c4ae903aef2bb3cad5ab5db30c2d424a6ec592fa5041,96
runs/user/unittest_user_entry_success_37c9c7723cee4663a8de1086cf45fc76/candidate_sql,PERF_0007__postgres.sql,4aa200d9ee5dbd9010d533ed4cec4dbbbc995a127e4755194a3335ae34e4788d,96
runs/user/unittest_user_entry_success_37f53af3416447719bf1dbbd3161187a/candidate_sql,PERF_0006__postgres.sql,e3745a482938a81b4e74c4ae903aef2bb3cad5ab5db30c2d424a6ec592fa5041,96
runs/user/unittest_user_entry_success_37f53af3416447719bf1dbbd3161187a/candidate_sql,PERF_0007__postgres.sql,4aa200d9ee5dbd9010d533ed4cec4dbbbc995a127e4755194a3335ae34e4788d,96
runs/user/unittest_user_entry_success_38458a42a7b547e49104715dedd302cc/candidate_sql,PERF_0006__postgres.sql,e3745a482938a81b4e74c4ae903aef2bb3cad5ab5db30c2d424a6ec592fa5041,96
runs/user/unittest_user_entry_success_38458a42a7b547e49104715dedd302cc/candidate_sql,PERF_0007__postgres.sql,4aa200d9ee5dbd9010d533ed4cec4dbbbc995a127e4755194a3335ae34e4788d,96
runs/user/unittest_user_entry_success_39aca1bb7f09495aa4d203424997f0e3/candidate_sql,PERF_0006__postgres.sql,e3745a482938a81b4e74c4ae903aef2bb3cad5ab5db30c2d424a6ec592fa5041,96
runs/user/unittest_user_entry_success_39aca1bb7f09495aa4d203424997f0e3/candidate_sql,PERF_0007__postgres.sql,4aa200d9ee5dbd9010d533ed4cec4dbbbc995a127e4755194a3335ae34e4788d,96
runs/user/unittest_user_entry_success_3a31fddfe5cc4257a681cace8cc53247/candidate_sql,PERF_0006__postgres.sql,e3745a482938a81b4e74c4ae903aef2bb3cad5ab5db30c2d424a6ec592fa5041,96
runs/user/unittest_user_entry_success_3a31fddfe5cc4257a681cace8cc53247/candidate_sql,PERF_0007__postgres.sql,4aa200d9ee5dbd9010d533ed4cec4dbbbc995a127e4755194a3335ae34e4788d,96
runs/user/unittest_user_entry_success_3dfaa3c448ad423095ba5060fbda5602/candidate_sql,PERF_0006__postgres.sql,e3745a482938a81b4e74c4ae903aef2bb3cad5ab5db30c2d424a6ec592fa5041,96
runs/user/unittest_user_entry_success_3dfaa3c448ad423095ba5060fbda5602/candidate_sql,PERF_0007__postgres.sql,4aa200d9ee5dbd9010d533ed4cec4dbbbc995a127e4755194a3335ae34e4788d,96
runs/user/unittest_user_entry_success_45ae9b7bc166435aa6bff5fbd936e71a/candidate_sql,PERF_0006__postgres.sql,e3745a482938a81b4e74c4ae903aef2bb3cad5ab5db30c2d424a6ec592fa5041,96
runs/user/unittest_user_entry_success_45ae9b7bc166435aa6bff5fbd936e71a/candidate_sql,PERF_0007__postgres.sql,4aa200d9ee5dbd9010d533ed4cec4dbbbc995a127e4755194a3335ae34e4788d,96
runs/user/unittest_user_entry_success_4b2708c707f548429b2c1ed102cd2f4b/candidate_sql,PERF_0006__postgres.sql,e3745a482938a81b4e74c4ae903aef2bb3cad5ab5db30c2d424a6ec592fa5041,96
runs/user/unittest_user_entry_success_4b2708c707f548429b2c1ed102cd2f4b/candidate_sql,PERF_0007__postgres.sql,4aa200d9ee5dbd9010d533ed4cec4dbbbc995a127e4755194a3335ae34e4788d,96
runs/user/unittest_user_entry_success_4cbeec32345d4c1f90ba16aacd754fe1/candidate_sql,PERF_0006__postgres.sql,e3745a482938a81b4e74c4ae903aef2bb3cad5ab5db30c2d424a6ec592fa5041,96
runs/user/unittest_user_entry_success_4cbeec32345d4c1f90ba16aacd754fe1/candidate_sql,PERF_0007__postgres.sql,4aa200d9ee5dbd9010d533ed4cec4dbbbc995a127e4755194a3335ae34e4788d,96
runs/user/unittest_user_entry_success_4e038c2afead410da33fb39d6eaa815d/candidate_sql,PERF_0006__postgres.sql,e3745a482938a81b4e74c4ae903aef2bb3cad5ab5db30c2d424a6ec592fa5041,96
runs/user/unittest_user_entry_success_4e038c2afead410da33fb39d6eaa815d/candidate_sql,PERF_0007__postgres.sql,4aa200d9ee5dbd9010d533ed4cec4dbbbc995a127e4755194a3335ae34e4788d,96
runs/user/unittest_user_entry_success_4e13a3a3f1624f33b880b9c930d88f23/candidate_sql,PERF_0006__postgres.sql,e3745a482938a81b4e74c4ae903aef2bb3cad5ab5db30c2d424a6ec592fa5041,96
runs/user/unittest_user_entry_success_4e13a3a3f1624f33b880b9c930d88f23/candidate_sql,PERF_0007__postgres.sql,4aa200d9ee5dbd9010d533ed4cec4dbbbc995a127e4755194a3335ae34e4788d,96
runs/user/unittest_user_entry_success_51144fe79c274c8c93afb200f6264563/candidate_sql,PERF_0006__postgres.sql,e3745a482938a81b4e74c4ae903aef2bb3cad5ab5db30c2d424a6ec592fa5041,96
runs/user/unittest_user_entry_success_51144fe79c274c8c93afb200f6264563/candidate_sql,PERF_0007__postgres.sql,4aa200d9ee5dbd9010d533ed4cec4dbbbc995a127e4755194a3335ae34e4788d,96
runs/user/unittest_user_entry_success_511eddae5ad84584830b37fa9295e4b8/candidate_sql,PERF_0006__postgres.sql,e3745a482938a81b4e74c4ae903aef2bb3cad5ab5db30c2d424a6ec592fa5041,96
runs/user/unittest_user_entry_success_511eddae5ad84584830b37fa9295e4b8/candidate_sql,PERF_0007__postgres.sql,4aa200d9ee5dbd9010d533ed4cec4dbbbc995a127e4755194a3335ae34e4788d,96
runs/user/unittest_user_entry_success_518c075b69f24c8eb94fda4edbc9fb5f/candidate_sql,PERF_0006__postgres.sql,e3745a482938a81b4e74c4ae903aef2bb3cad5ab5db30c2d424a6ec592fa5041,96
runs/user/unittest_user_entry_success_518c075b69f24c8eb94fda4edbc9fb5f/candidate_sql,PERF_0007__postgres.sql,4aa200d9ee5dbd9010d533ed4cec4dbbbc995a127e4755194a3335ae34e4788d,96
runs/user/unittest_user_entry_success_57b1c5abeb7443fe94c914abb02f993e/candidate_sql,PERF_0006__postgres.sql,e3745a482938a81b4e74c4ae903aef2bb3cad5ab5db30c2d424a6ec592fa5041,96
runs/user/unittest_user_entry_success_57b1c5abeb7443fe94c914abb02f993e/candidate_sql,PERF_0007__postgres.sql,4aa200d9ee5dbd9010d533ed4cec4dbbbc995a127e4755194a3335ae34e4788d,96
runs/user/unittest_user_entry_success_595b07ed25614f7fbc6b79778801836d/candidate_sql,PERF_0006__postgres.sql,e3745a482938a81b4e74c4ae903aef2bb3cad5ab5db30c2d424a6ec592fa5041,96
runs/user/unittest_user_entry_success_595b07ed25614f7fbc6b79778801836d/candidate_sql,PERF_0007__postgres.sql,4aa200d9ee5dbd9010d533ed4cec4dbbbc995a127e4755194a3335ae34e4788d,96
runs/user/unittest_user_entry_success_59bd82fdaa994fa19529879d83ee6dd2/candidate_sql,PERF_0006__postgres.sql,e3745a482938a81b4e74c4ae903aef2bb3cad5ab5db30c2d424a6ec592fa5041,96
runs/user/unittest_user_entry_success_59bd82fdaa994fa19529879d83ee6dd2/candidate_sql,PERF_0007__postgres.sql,4aa200d9ee5dbd9010d533ed4cec4dbbbc995a127e4755194a3335ae34e4788d,96
runs/user/unittest_user_entry_success_5d179708e44044788599294542975fb8/candidate_sql,PERF_0006__postgres.sql,e3745a482938a81b4e74c4ae903aef2bb3cad5ab5db30c2d424a6ec592fa5041,96
runs/user/unittest_user_entry_success_5d179708e44044788599294542975fb8/candidate_sql,PERF_0007__postgres.sql,4aa200d9ee5dbd9010d533ed4cec4dbbbc995a127e4755194a3335ae34e4788d,96
runs/user/unittest_user_entry_success_61a659c728d54d538214b9872d385863/candidate_sql,PERF_0006__postgres.sql,e3745a482938a81b4e74c4ae903aef2bb3cad5ab5db30c2d424a6ec592fa5041,96
runs/user/unittest_user_entry_success_61a659c728d54d538214b9872d385863/candidate_sql,PERF_0007__postgres.sql,4aa200d9ee5dbd9010d533ed4cec4dbbbc995a127e4755194a3335ae34e4788d,96
runs/user/unittest_user_entry_success_6304b7b00f1341c4abc1893348c1f461/candidate_sql,PERF_0006__postgres.sql,e3745a482938a81b4e74c4ae903aef2bb3cad5ab5db30c2d424a6ec592fa5041,96
runs/user/unittest_user_entry_success_6304b7b00f1341c4abc1893348c1f461/candidate_sql,PERF_0007__postgres.sql,4aa200d9ee5dbd9010d533ed4cec4dbbbc995a127e4755194a3335ae34e4788d,96
runs/user/unittest_user_entry_success_631228871760445192027558345d49ec/candidate_sql,PERF_0006__postgres.sql,e3745a482938a81b4e74c4ae903aef2bb3cad5ab5db30c2d424a6ec592fa5041,96
runs/user/unittest_user_entry_success_631228871760445192027558345d49ec/candidate_sql,PERF_0007__postgres.sql,4aa200d9ee5dbd9010d533ed4cec4dbbbc995a127e4755194a3335ae34e4788d,96
runs/user/unittest_user_entry_success_67917d771a32493eaf3d34ff7825a42b/candidate_sql,PERF_0006__postgres.sql,e3745a482938a81b4e74c4ae903aef2bb3cad5ab5db30c2d424a6ec592fa5041,96
runs/user/unittest_user_entry_success_67917d771a32493eaf3d34ff7825a42b/candidate_sql,PERF_0007__postgres.sql,4aa200d9ee5dbd9010d533ed4cec4dbbbc995a127e4755194a3335ae34e4788d,96
runs/user/unittest_user_entry_success_67dc787bc6d94a6ea97a55e3498cc866/candidate_sql,PERF_0006__postgres.sql,e3745a482938a81b4e74c4ae903aef2bb3cad5ab5db30c2d424a6ec592fa5041,96
runs/user/unittest_user_entry_success_67dc787bc6d94a6ea97a55e3498cc866/candidate_sql,PERF_0007__postgres.sql,4aa200d9ee5dbd9010d533ed4cec4dbbbc995a127e4755194a3335ae34e4788d,96
runs/user/unittest_user_entry_success_74506ac8a0364e62840b922a053a9fdd/candidate_sql,PERF_0006__postgres.sql,e3745a482938a81b4e74c4ae903aef2bb3cad5ab5db30c2d424a6ec592fa5041,96
runs/user/unittest_user_entry_success_74506ac8a0364e62840b922a053a9fdd/candidate_sql,PERF_0007__postgres.sql,4aa200d9ee5dbd9010d533ed4cec4dbbbc995a127e4755194a3335ae34e4788d,96
runs/user/unittest_user_entry_success_781571512ef44f1d99b798b150b29ac6/candidate_sql,PERF_0006__postgres.sql,e3745a482938a81b4e74c4ae903aef2bb3cad5ab5db30c2d424a6ec592fa5041,96
runs/user/unittest_user_entry_success_781571512ef44f1d99b798b150b29ac6/candidate_sql,PERF_0007__postgres.sql,4aa200d9ee5dbd9010d533ed4cec4dbbbc995a127e4755194a3335ae34e4788d,96
runs/user/unittest_user_entry_success_7b50a5b8021146e5a426f5326d555a4c/candidate_sql,PERF_0006__postgres.sql,e3745a482938a81b4e74c4ae903aef2bb3cad5ab5db30c2d424a6ec592fa5041,96
runs/user/unittest_user_entry_success_7b50a5b8021146e5a426f5326d555a4c/candidate_sql,PERF_0007__postgres.sql,4aa200d9ee5dbd9010d533ed4cec4dbbbc995a127e4755194a3335ae34e4788d,96
runs/user/unittest_user_entry_success_7d04193b43114a08b3d72d0a23c3ee7b/candidate_sql,PERF_0006__postgres.sql,e3745a482938a81b4e74c4ae903aef2bb3cad5ab5db30c2d424a6ec592fa5041,96
runs/user/unittest_user_entry_success_7d04193b43114a08b3d72d0a23c3ee7b/candidate_sql,PERF_0007__postgres.sql,4aa200d9ee5dbd9010d533ed4cec4dbbbc995a127e4755194a3335ae34e4788d,96
runs/user/unittest_user_entry_success_7dc03f29c00342b8bfd0079f0ca9726d/candidate_sql,PERF_0006__postgres.sql,e3745a482938a81b4e74c4ae903aef2bb3cad5ab5db30c2d424a6ec592fa5041,96
runs/user/unittest_user_entry_success_7dc03f29c00342b8bfd0079f0ca9726d/candidate_sql,PERF_0007__postgres.sql,4aa200d9ee5dbd9010d533ed4cec4dbbbc995a127e4755194a3335ae34e4788d,96
runs/user/unittest_user_entry_success_81cc0b0e5dc44b9fb0fc8f1a22416bbb/candidate_sql,PERF_0006__postgres.sql,e3745a482938a81b4e74c4ae903aef2bb3cad5ab5db30c2d424a6ec592fa5041,96
runs/user/unittest_user_entry_success_81cc0b0e5dc44b9fb0fc8f1a22416bbb/candidate_sql,PERF_0007__postgres.sql,4aa200d9ee5dbd9010d533ed4cec4dbbbc995a127e4755194a3335ae34e4788d,96
runs/user/unittest_user_entry_success_83370126a82a499ca01ec884e3082303/candidate_sql,PERF_0006__postgres.sql,e3745a482938a81b4e74c4ae903aef2bb3cad5ab5db30c2d424a6ec592fa5041,96
runs/user/unittest_user_entry_success_83370126a82a499ca01ec884e3082303/candidate_sql,PERF_0007__postgres.sql,4aa200d9ee5dbd9010d533ed4cec4dbbbc995a127e4755194a3335ae34e4788d,96
runs/user/unittest_user_entry_success_835bae83d5034986a2cd2199fcefa821/candidate_sql,PERF_0006__postgres.sql,e3745a482938a81b4e74c4ae903aef2bb3cad5ab5db30c2d424a6ec592fa5041,96
runs/user/unittest_user_entry_success_835bae83d5034986a2cd2199fcefa821/candidate_sql,PERF_0007__postgres.sql,4aa200d9ee5dbd9010d533ed4cec4dbbbc995a127e4755194a3335ae34e4788d,96
runs/user/unittest_user_entry_success_88e239a8a47a47249ad430ac62bd94d7/candidate_sql,PERF_0006__postgres.sql,e3745a482938a81b4e74c4ae903aef2bb3cad5ab5db30c2d424a6ec592fa5041,96
runs/user/unittest_user_entry_success_88e239a8a47a47249ad430ac62bd94d7/candidate_sql,PERF_0007__postgres.sql,4aa200d9ee5dbd9010d533ed4cec4dbbbc995a127e4755194a3335ae34e4788d,96
runs/user/unittest_user_entry_success_8a4d32d12a194dd3ab1aae0d7f026e68/candidate_sql,PERF_0006__postgres.sql,e3745a482938a81b4e74c4ae903aef2bb3cad5ab5db30c2d424a6ec592fa5041,96
runs/user/unittest_user_entry_success_8a4d32d12a194dd3ab1aae0d7f026e68/candidate_sql,PERF_0007__postgres.sql,4aa200d9ee5dbd9010d533ed4cec4dbbbc995a127e4755194a3335ae34e4788d,96
runs/user/unittest_user_entry_success_8ce4fdf4c9724be3a9b893f3c6fba4f7/candidate_sql,PERF_0006__postgres.sql,e3745a482938a81b4e74c4ae903aef2bb3cad5ab5db30c2d424a6ec592fa5041,96
runs/user/unittest_user_entry_success_8ce4fdf4c9724be3a9b893f3c6fba4f7/candidate_sql,PERF_0007__postgres.sql,4aa200d9ee5dbd9010d533ed4cec4dbbbc995a127e4755194a3335ae34e4788d,96
runs/user/unittest_user_entry_success_8d3eef2e185a427f964b1368c82c54d2/candidate_sql,PERF_0006__postgres.sql,e3745a482938a81b4e74c4ae903aef2bb3cad5ab5db30c2d424a6ec592fa5041,96
runs/user/unittest_user_entry_success_8d3eef2e185a427f964b1368c82c54d2/candidate_sql,PERF_0007__postgres.sql,4aa200d9ee5dbd9010d533ed4cec4dbbbc995a127e4755194a3335ae34e4788d,96
runs/user/unittest_user_entry_success_9115d1e96b5c42c1a18a7a60e0dcbc74/candidate_sql,PERF_0006__postgres.sql,e3745a482938a81b4e74c4ae903aef2bb3cad5ab5db30c2d424a6ec592fa5041,96
runs/user/unittest_user_entry_success_9115d1e96b5c42c1a18a7a60e0dcbc74/candidate_sql,PERF_0007__postgres.sql,4aa200d9ee5dbd9010d533ed4cec4dbbbc995a127e4755194a3335ae34e4788d,96
runs/user/unittest_user_entry_success_95f16037303a435b8e163d482d9c84d2/candidate_sql,PERF_0006__postgres.sql,e3745a482938a81b4e74c4ae903aef2bb3cad5ab5db30c2d424a6ec592fa5041,96
runs/user/unittest_user_entry_success_95f16037303a435b8e163d482d9c84d2/candidate_sql,PERF_0007__postgres.sql,4aa200d9ee5dbd9010d533ed4cec4dbbbc995a127e4755194a3335ae34e4788d,96
runs/user/unittest_user_entry_success_97ffa1e322cd4f1a941b42e682ad9823/candidate_sql,PERF_0006__postgres.sql,e3745a482938a81b4e74c4ae903aef2bb3cad5ab5db30c2d424a6ec592fa5041,96
runs/user/unittest_user_entry_success_97ffa1e322cd4f1a941b42e682ad9823/candidate_sql,PERF_0007__postgres.sql,4aa200d9ee5dbd9010d533ed4cec4dbbbc995a127e4755194a3335ae34e4788d,96
runs/user/unittest_user_entry_success_9816137bc9214ca9a9249152810b9ef8/candidate_sql,PERF_0006__postgres.sql,e3745a482938a81b4e74c4ae903aef2bb3cad5ab5db30c2d424a6ec592fa5041,96
runs/user/unittest_user_entry_success_9816137bc9214ca9a9249152810b9ef8/candidate_sql,PERF_0007__postgres.sql,4aa200d9ee5dbd9010d533ed4cec4dbbbc995a127e4755194a3335ae34e4788d,96
runs/user/unittest_user_entry_success_9b3702e31f994ce69a590753eddec69a/candidate_sql,PERF_0006__postgres.sql,e3745a482938a81b4e74c4ae903aef2bb3cad5ab5db30c2d424a6ec592fa5041,96
runs/user/unittest_user_entry_success_9b3702e31f994ce69a590753eddec69a/candidate_sql,PERF_0007__postgres.sql,4aa200d9ee5dbd9010d533ed4cec4dbbbc995a127e4755194a3335ae34e4788d,96
runs/user/unittest_user_entry_success_a10920c908ff4efa90efc764c3a1fcbe/candidate_sql,PERF_0006__postgres.sql,e3745a482938a81b4e74c4ae903aef2bb3cad5ab5db30c2d424a6ec592fa5041,96
runs/user/unittest_user_entry_success_a10920c908ff4efa90efc764c3a1fcbe/candidate_sql,PERF_0007__postgres.sql,4aa200d9ee5dbd9010d533ed4cec4dbbbc995a127e4755194a3335ae34e4788d,96
runs/user/unittest_user_entry_success_a15044e0039e417693aaa9d2dbd52f4c/candidate_sql,PERF_0006__postgres.sql,e3745a482938a81b4e74c4ae903aef2bb3cad5ab5db30c2d424a6ec592fa5041,96
runs/user/unittest_user_entry_success_a15044e0039e417693aaa9d2dbd52f4c/candidate_sql,PERF_0007__postgres.sql,4aa200d9ee5dbd9010d533ed4cec4dbbbc995a127e4755194a3335ae34e4788d,96
runs/user/unittest_user_entry_success_a2f6679f265948659779de530e7af507/candidate_sql,PERF_0006__postgres.sql,e3745a482938a81b4e74c4ae903aef2bb3cad5ab5db30c2d424a6ec592fa5041,96
runs/user/unittest_user_entry_success_a2f6679f265948659779de530e7af507/candidate_sql,PERF_0007__postgres.sql,4aa200d9ee5dbd9010d533ed4cec4dbbbc995a127e4755194a3335ae34e4788d,96
runs/user/unittest_user_entry_success_a2fdd1005ee64ce4aef896135ec05a4a/candidate_sql,PERF_0006__postgres.sql,e3745a482938a81b4e74c4ae903aef2bb3cad5ab5db30c2d424a6ec592fa5041,96
runs/user/unittest_user_entry_success_a2fdd1005ee64ce4aef896135ec05a4a/candidate_sql,PERF_0007__postgres.sql,4aa200d9ee5dbd9010d533ed4cec4dbbbc995a127e4755194a3335ae34e4788d,96
runs/user/unittest_user_entry_success_a375a565bd7e4243b4ed72f12f86429b/candidate_sql,PERF_0006__postgres.sql,e3745a482938a81b4e74c4ae903aef2bb3cad5ab5db30c2d424a6ec592fa5041,96
runs/user/unittest_user_entry_success_a375a565bd7e4243b4ed72f12f86429b/candidate_sql,PERF_0007__postgres.sql,4aa200d9ee5dbd9010d533ed4cec4dbbbc995a127e4755194a3335ae34e4788d,96
runs/user/unittest_user_entry_success_a6a1cd90736a4c6e82d48a2996d5acfd/candidate_sql,PERF_0006__postgres.sql,e3745a482938a81b4e74c4ae903aef2bb3cad5ab5db30c2d424a6ec592fa5041,96
runs/user/unittest_user_entry_success_a6a1cd90736a4c6e82d48a2996d5acfd/candidate_sql,PERF_0007__postgres.sql,4aa200d9ee5dbd9010d533ed4cec4dbbbc995a127e4755194a3335ae34e4788d,96
runs/user/unittest_user_entry_success_a76a5bfaec4e445fa3aec4ae2fa1285b/candidate_sql,PERF_0006__postgres.sql,e3745a482938a81b4e74c4ae903aef2bb3cad5ab5db30c2d424a6ec592fa5041,96
runs/user/unittest_user_entry_success_a76a5bfaec4e445fa3aec4ae2fa1285b/candidate_sql,PERF_0007__postgres.sql,4aa200d9ee5dbd9010d533ed4cec4dbbbc995a127e4755194a3335ae34e4788d,96
runs/user/unittest_user_entry_success_a7c546cc649a4d13896c68a492ca959b/candidate_sql,PERF_0006__postgres.sql,e3745a482938a81b4e74c4ae903aef2bb3cad5ab5db30c2d424a6ec592fa5041,96
runs/user/unittest_user_entry_success_a7c546cc649a4d13896c68a492ca959b/candidate_sql,PERF_0007__postgres.sql,4aa200d9ee5dbd9010d533ed4cec4dbbbc995a127e4755194a3335ae34e4788d,96
runs/user/unittest_user_entry_success_aa210d053110439286415a30c7465f92/candidate_sql,PERF_0006__postgres.sql,e3745a482938a81b4e74c4ae903aef2bb3cad5ab5db30c2d424a6ec592fa5041,96
runs/user/unittest_user_entry_success_aa210d053110439286415a30c7465f92/candidate_sql,PERF_0007__postgres.sql,4aa200d9ee5dbd9010d533ed4cec4dbbbc995a127e4755194a3335ae34e4788d,96
runs/user/unittest_user_entry_success_ab7732dff13d43768fb20ff014d23a60/candidate_sql,PERF_0006__postgres.sql,e3745a482938a81b4e74c4ae903aef2bb3cad5ab5db30c2d424a6ec592fa5041,96
runs/user/unittest_user_entry_success_ab7732dff13d43768fb20ff014d23a60/candidate_sql,PERF_0007__postgres.sql,4aa200d9ee5dbd9010d533ed4cec4dbbbc995a127e4755194a3335ae34e4788d,96
runs/user/unittest_user_entry_success_ab7cf075e8114416a899f679035f350f/candidate_sql,PERF_0006__postgres.sql,e3745a482938a81b4e74c4ae903aef2bb3cad5ab5db30c2d424a6ec592fa5041,96
runs/user/unittest_user_entry_success_ab7cf075e8114416a899f679035f350f/candidate_sql,PERF_0007__postgres.sql,4aa200d9ee5dbd9010d533ed4cec4dbbbc995a127e4755194a3335ae34e4788d,96
runs/user/unittest_user_entry_success_ab84ad03d3bb43f68fbad9ca285e08d1/candidate_sql,PERF_0006__postgres.sql,e3745a482938a81b4e74c4ae903aef2bb3cad5ab5db30c2d424a6ec592fa5041,96
runs/user/unittest_user_entry_success_ab84ad03d3bb43f68fbad9ca285e08d1/candidate_sql,PERF_0007__postgres.sql,4aa200d9ee5dbd9010d533ed4cec4dbbbc995a127e4755194a3335ae34e4788d,96
runs/user/unittest_user_entry_success_ad37ecaa021f47a8914edcb2091c4934/candidate_sql,PERF_0006__postgres.sql,e3745a482938a81b4e74c4ae903aef2bb3cad5ab5db30c2d424a6ec592fa5041,96
runs/user/unittest_user_entry_success_ad37ecaa021f47a8914edcb2091c4934/candidate_sql,PERF_0007__postgres.sql,4aa200d9ee5dbd9010d533ed4cec4dbbbc995a127e4755194a3335ae34e4788d,96
runs/user/unittest_user_entry_success_b669fe696def49f0841fa05fbe678b11/candidate_sql,PERF_0006__postgres.sql,e3745a482938a81b4e74c4ae903aef2bb3cad5ab5db30c2d424a6ec592fa5041,96
runs/user/unittest_user_entry_success_b669fe696def49f0841fa05fbe678b11/candidate_sql,PERF_0007__postgres.sql,4aa200d9ee5dbd9010d533ed4cec4dbbbc995a127e4755194a3335ae34e4788d,96
runs/user/unittest_user_entry_success_b7141306e83b4f5ea3233f0b81165a0e/candidate_sql,PERF_0006__postgres.sql,e3745a482938a81b4e74c4ae903aef2bb3cad5ab5db30c2d424a6ec592fa5041,96
runs/user/unittest_user_entry_success_b7141306e83b4f5ea3233f0b81165a0e/candidate_sql,PERF_0007__postgres.sql,4aa200d9ee5dbd9010d533ed4cec4dbbbc995a127e4755194a3335ae34e4788d,96
runs/user/unittest_user_entry_success_b94d3bbb7da449e8aecbed1a91586fab/candidate_sql,PERF_0006__postgres.sql,e3745a482938a81b4e74c4ae903aef2bb3cad5ab5db30c2d424a6ec592fa5041,96
runs/user/unittest_user_entry_success_b94d3bbb7da449e8aecbed1a91586fab/candidate_sql,PERF_0007__postgres.sql,4aa200d9ee5dbd9010d533ed4cec4dbbbc995a127e4755194a3335ae34e4788d,96
runs/user/unittest_user_entry_success_bf48389c353849038d526430bfac0cc9/candidate_sql,PERF_0006__postgres.sql,e3745a482938a81b4e74c4ae903aef2bb3cad5ab5db30c2d424a6ec592fa5041,96
runs/user/unittest_user_entry_success_bf48389c353849038d526430bfac0cc9/candidate_sql,PERF_0007__postgres.sql,4aa200d9ee5dbd9010d533ed4cec4dbbbc995a127e4755194a3335ae34e4788d,96
runs/user/unittest_user_entry_success_c0ab3a419d214060bab5afba2adbf056/candidate_sql,PERF_0006__postgres.sql,e3745a482938a81b4e74c4ae903aef2bb3cad5ab5db30c2d424a6ec592fa5041,96
runs/user/unittest_user_entry_success_c0ab3a419d214060bab5afba2adbf056/candidate_sql,PERF_0007__postgres.sql,4aa200d9ee5dbd9010d533ed4cec4dbbbc995a127e4755194a3335ae34e4788d,96
runs/user/unittest_user_entry_success_c3d5fa6e7793471a8415679dc963a655/candidate_sql,PERF_0006__postgres.sql,e3745a482938a81b4e74c4ae903aef2bb3cad5ab5db30c2d424a6ec592fa5041,96
runs/user/unittest_user_entry_success_c3d5fa6e7793471a8415679dc963a655/candidate_sql,PERF_0007__postgres.sql,4aa200d9ee5dbd9010d533ed4cec4dbbbc995a127e4755194a3335ae34e4788d,96
runs/user/unittest_user_entry_success_c98a9861f00c4909b92e70a1fa40625c/candidate_sql,PERF_0006__postgres.sql,e3745a482938a81b4e74c4ae903aef2bb3cad5ab5db30c2d424a6ec592fa5041,96
runs/user/unittest_user_entry_success_c98a9861f00c4909b92e70a1fa40625c/candidate_sql,PERF_0007__postgres.sql,4aa200d9ee5dbd9010d533ed4cec4dbbbc995a127e4755194a3335ae34e4788d,96
runs/user/unittest_user_entry_success_cb2915f58a3b43569b0176fb590df8b9/candidate_sql,PERF_0006__postgres.sql,e3745a482938a81b4e74c4ae903aef2bb3cad5ab5db30c2d424a6ec592fa5041,96
runs/user/unittest_user_entry_success_cb2915f58a3b43569b0176fb590df8b9/candidate_sql,PERF_0007__postgres.sql,4aa200d9ee5dbd9010d533ed4cec4dbbbc995a127e4755194a3335ae34e4788d,96
runs/user/unittest_user_entry_success_cbe7493ded12475386ee382b03bc1fe3/candidate_sql,PERF_0006__postgres.sql,e3745a482938a81b4e74c4ae903aef2bb3cad5ab5db30c2d424a6ec592fa5041,96
runs/user/unittest_user_entry_success_cbe7493ded12475386ee382b03bc1fe3/candidate_sql,PERF_0007__postgres.sql,4aa200d9ee5dbd9010d533ed4cec4dbbbc995a127e4755194a3335ae34e4788d,96
runs/user/unittest_user_entry_success_ccc7beb2ea8b42a1b9f919543239e01f/candidate_sql,PERF_0006__postgres.sql,e3745a482938a81b4e74c4ae903aef2bb3cad5ab5db30c2d424a6ec592fa5041,96
runs/user/unittest_user_entry_success_ccc7beb2ea8b42a1b9f919543239e01f/candidate_sql,PERF_0007__postgres.sql,4aa200d9ee5dbd9010d533ed4cec4dbbbc995a127e4755194a3335ae34e4788d,96
runs/user/unittest_user_entry_success_cea89bccd38b49709e54d5782a4cfd4c/candidate_sql,PERF_0006__postgres.sql,e3745a482938a81b4e74c4ae903aef2bb3cad5ab5db30c2d424a6ec592fa5041,96
runs/user/unittest_user_entry_success_cea89bccd38b49709e54d5782a4cfd4c/candidate_sql,PERF_0007__postgres.sql,4aa200d9ee5dbd9010d533ed4cec4dbbbc995a127e4755194a3335ae34e4788d,96
runs/user/unittest_user_entry_success_d094693bf0f24a7a9522e30441d76199/candidate_sql,PERF_0006__postgres.sql,e3745a482938a81b4e74c4ae903aef2bb3cad5ab5db30c2d424a6ec592fa5041,96
runs/user/unittest_user_entry_success_d094693bf0f24a7a9522e30441d76199/candidate_sql,PERF_0007__postgres.sql,4aa200d9ee5dbd9010d533ed4cec4dbbbc995a127e4755194a3335ae34e4788d,96
runs/user/unittest_user_entry_success_d3223b9ab4d84e289bcb50d262c61ef4/candidate_sql,PERF_0006__postgres.sql,e3745a482938a81b4e74c4ae903aef2bb3cad5ab5db30c2d424a6ec592fa5041,96
runs/user/unittest_user_entry_success_d3223b9ab4d84e289bcb50d262c61ef4/candidate_sql,PERF_0007__postgres.sql,4aa200d9ee5dbd9010d533ed4cec4dbbbc995a127e4755194a3335ae34e4788d,96
runs/user/unittest_user_entry_success_d561526ffd724af3a78b645ca15b4ab7/candidate_sql,PERF_0006__postgres.sql,e3745a482938a81b4e74c4ae903aef2bb3cad5ab5db30c2d424a6ec592fa5041,96
runs/user/unittest_user_entry_success_d561526ffd724af3a78b645ca15b4ab7/candidate_sql,PERF_0007__postgres.sql,4aa200d9ee5dbd9010d533ed4cec4dbbbc995a127e4755194a3335ae34e4788d,96
runs/user/unittest_user_entry_success_d6753340ab7c4f93a46ab06c9152432f/candidate_sql,PERF_0006__postgres.sql,e3745a482938a81b4e74c4ae903aef2bb3cad5ab5db30c2d424a6ec592fa5041,96
runs/user/unittest_user_entry_success_d6753340ab7c4f93a46ab06c9152432f/candidate_sql,PERF_0007__postgres.sql,4aa200d9ee5dbd9010d533ed4cec4dbbbc995a127e4755194a3335ae34e4788d,96
runs/user/unittest_user_entry_success_d79dbae23a97441a97f7d92edccb29e5/candidate_sql,PERF_0006__postgres.sql,e3745a482938a81b4e74c4ae903aef2bb3cad5ab5db30c2d424a6ec592fa5041,96
runs/user/unittest_user_entry_success_d79dbae23a97441a97f7d92edccb29e5/candidate_sql,PERF_0007__postgres.sql,4aa200d9ee5dbd9010d533ed4cec4dbbbc995a127e4755194a3335ae34e4788d,96
runs/user/unittest_user_entry_success_d9ea1f1026b34985832547e8b144e383/candidate_sql,PERF_0006__postgres.sql,e3745a482938a81b4e74c4ae903aef2bb3cad5ab5db30c2d424a6ec592fa5041,96
runs/user/unittest_user_entry_success_d9ea1f1026b34985832547e8b144e383/candidate_sql,PERF_0007__postgres.sql,4aa200d9ee5dbd9010d533ed4cec4dbbbc995a127e4755194a3335ae34e4788d,96
runs/user/unittest_user_entry_success_daee5ea7429449489aee74e61a4f480d/candidate_sql,PERF_0006__postgres.sql,e3745a482938a81b4e74c4ae903aef2bb3cad5ab5db30c2d424a6ec592fa5041,96
runs/user/unittest_user_entry_success_daee5ea7429449489aee74e61a4f480d/candidate_sql,PERF_0007__postgres.sql,4aa200d9ee5dbd9010d533ed4cec4dbbbc995a127e4755194a3335ae34e4788d,96
runs/user/unittest_user_entry_success_ddac9322005644b1b4a86a19a8261480/candidate_sql,PERF_0006__postgres.sql,e3745a482938a81b4e74c4ae903aef2bb3cad5ab5db30c2d424a6ec592fa5041,96
runs/user/unittest_user_entry_success_ddac9322005644b1b4a86a19a8261480/candidate_sql,PERF_0007__postgres.sql,4aa200d9ee5dbd9010d533ed4cec4dbbbc995a127e4755194a3335ae34e4788d,96
runs/user/unittest_user_entry_success_dde0bdb58866478d9d39d2443eba0b18/candidate_sql,PERF_0006__postgres.sql,e3745a482938a81b4e74c4ae903aef2bb3cad5ab5db30c2d424a6ec592fa5041,96
runs/user/unittest_user_entry_success_dde0bdb58866478d9d39d2443eba0b18/candidate_sql,PERF_0007__postgres.sql,4aa200d9ee5dbd9010d533ed4cec4dbbbc995a127e4755194a3335ae34e4788d,96
runs/user/unittest_user_entry_success_de8b838ced8f401680dcf86d8df80862/candidate_sql,PERF_0006__postgres.sql,e3745a482938a81b4e74c4ae903aef2bb3cad5ab5db30c2d424a6ec592fa5041,96
runs/user/unittest_user_entry_success_de8b838ced8f401680dcf86d8df80862/candidate_sql,PERF_0007__postgres.sql,4aa200d9ee5dbd9010d533ed4cec4dbbbc995a127e4755194a3335ae34e4788d,96
runs/user/unittest_user_entry_success_df49d07663b642efb919a4fecbd36339/candidate_sql,PERF_0006__postgres.sql,e3745a482938a81b4e74c4ae903aef2bb3cad5ab5db30c2d424a6ec592fa5041,96
runs/user/unittest_user_entry_success_df49d07663b642efb919a4fecbd36339/candidate_sql,PERF_0007__postgres.sql,4aa200d9ee5dbd9010d533ed4cec4dbbbc995a127e4755194a3335ae34e4788d,96
runs/user/unittest_user_entry_success_e0b66af125604fd1a8505d7198a7e48e/candidate_sql,PERF_0006__postgres.sql,e3745a482938a81b4e74c4ae903aef2bb3cad5ab5db30c2d424a6ec592fa5041,96
runs/user/unittest_user_entry_success_e0b66af125604fd1a8505d7198a7e48e/candidate_sql,PERF_0007__postgres.sql,4aa200d9ee5dbd9010d533ed4cec4dbbbc995a127e4755194a3335ae34e4788d,96
runs/user/unittest_user_entry_success_e973658c96e94d66bfde58095ad2c65b/candidate_sql,PERF_0006__postgres.sql,e3745a482938a81b4e74c4ae903aef2bb3cad5ab5db30c2d424a6ec592fa5041,96
runs/user/unittest_user_entry_success_e973658c96e94d66bfde58095ad2c65b/candidate_sql,PERF_0007__postgres.sql,4aa200d9ee5dbd9010d533ed4cec4dbbbc995a127e4755194a3335ae34e4788d,96
runs/user/unittest_user_entry_success_eb57ce7fabc24e3cba12959ec77b1c96/candidate_sql,PERF_0006__postgres.sql,e3745a482938a81b4e74c4ae903aef2bb3cad5ab5db30c2d424a6ec592fa5041,96
runs/user/unittest_user_entry_success_eb57ce7fabc24e3cba12959ec77b1c96/candidate_sql,PERF_0007__postgres.sql,4aa200d9ee5dbd9010d533ed4cec4dbbbc995a127e4755194a3335ae34e4788d,96
runs/user/unittest_user_entry_success_ec95fcb681844b7bb60206cbdaf90295/candidate_sql,PERF_0006__postgres.sql,e3745a482938a81b4e74c4ae903aef2bb3cad5ab5db30c2d424a6ec592fa5041,96
runs/user/unittest_user_entry_success_ec95fcb681844b7bb60206cbdaf90295/candidate_sql,PERF_0007__postgres.sql,4aa200d9ee5dbd9010d533ed4cec4dbbbc995a127e4755194a3335ae34e4788d,96
runs/user/unittest_user_entry_success_f2122229a1474640b85a230dd7cad7c2/candidate_sql,PERF_0006__postgres.sql,e3745a482938a81b4e74c4ae903aef2bb3cad5ab5db30c2d424a6ec592fa5041,96
runs/user/unittest_user_entry_success_f2122229a1474640b85a230dd7cad7c2/candidate_sql,PERF_0007__postgres.sql,4aa200d9ee5dbd9010d533ed4cec4dbbbc995a127e4755194a3335ae34e4788d,96
runs/user/unittest_user_entry_success_f53dd3f428464190abd2b766d16aa210/candidate_sql,PERF_0006__postgres.sql,e3745a482938a81b4e74c4ae903aef2bb3cad5ab5db30c2d424a6ec592fa5041,96
runs/user/unittest_user_entry_success_f53dd3f428464190abd2b766d16aa210/candidate_sql,PERF_0007__postgres.sql,4aa200d9ee5dbd9010d533ed4cec4dbbbc995a127e4755194a3335ae34e4788d,96
runs/user/unittest_user_entry_success_f76a7a5495714fe585c521bca839c8bc/candidate_sql,PERF_0006__postgres.sql,e3745a482938a81b4e74c4ae903aef2bb3cad5ab5db30c2d424a6ec592fa5041,96
runs/user/unittest_user_entry_success_f76a7a5495714fe585c521bca839c8bc/candidate_sql,PERF_0007__postgres.sql,4aa200d9ee5dbd9010d533ed4cec4dbbbc995a127e4755194a3335ae34e4788d,96
runs/user/unittest_user_entry_success_f9493789030c4b70944c6be38010092e/candidate_sql,PERF_0006__postgres.sql,e3745a482938a81b4e74c4ae903aef2bb3cad5ab5db30c2d424a6ec592fa5041,96
runs/user/unittest_user_entry_success_f9493789030c4b70944c6be38010092e/candidate_sql,PERF_0007__postgres.sql,4aa200d9ee5dbd9010d533ed4cec4dbbbc995a127e4755194a3335ae34e4788d,96
runs/user/unittest_user_entry_success_fa0e35f88b4149838aec20d6aaa42f97/candidate_sql,PERF_0006__postgres.sql,e3745a482938a81b4e74c4ae903aef2bb3cad5ab5db30c2d424a6ec592fa5041,96
runs/user/unittest_user_entry_success_fa0e35f88b4149838aec20d6aaa42f97/candidate_sql,PERF_0007__postgres.sql,4aa200d9ee5dbd9010d533ed4cec4dbbbc995a127e4755194a3335ae34e4788d,96
runs/user/unittest_user_entry_success_fa2bfa3220c94bc6bdc2f2ab047542f6/candidate_sql,PERF_0006__postgres.sql,e3745a482938a81b4e74c4ae903aef2bb3cad5ab5db30c2d424a6ec592fa5041,96
runs/user/unittest_user_entry_success_fa2bfa3220c94bc6bdc2f2ab047542f6/candidate_sql,PERF_0007__postgres.sql,4aa200d9ee5dbd9010d533ed4cec4dbbbc995a127e4755194a3335ae34e4788d,96
runs/user/unittest_user_entry_success_fbfb8c4eb4724c39bac9255aff82849b/candidate_sql,PERF_0006__postgres.sql,e3745a482938a81b4e74c4ae903aef2bb3cad5ab5db30c2d424a6ec592fa5041,96
runs/user/unittest_user_entry_success_fbfb8c4eb4724c39bac9255aff82849b/candidate_sql,PERF_0007__postgres.sql,4aa200d9ee5dbd9010d533ed4cec4dbbbc995a127e4755194a3335ae34e4788d,96
