root_path,inferred_method_id,inferred_route_id,source_run_id,scope_guess,engine_guess,candidate_file_count,common_core_case_match_count,pg40_complete,track_a_120_complete,file_pattern,ambiguous,preservation_priority,safe_to_delete,notes
runs/user/calcite_hep_target_dialect_runtime_mode_v0__mysql/candidate_sql,calcite_hep_fail_closed,calcite_hep_target_dialect_runtime_mode_v0,calcite_hep_target_dialect_runtime_mode_v0__mysql,unclear_local_user_run,mysql,5,5,no,no,case_engine_suffix_sql,no,medium,no,read-only candidate root inventoried
runs/user/calcite_hep_target_dialect_runtime_mode_v0__postgres/candidate_sql,calcite_hep_fail_closed,calcite_hep_target_dialect_runtime_mode_v0,calcite_hep_target_dialect_runtime_mode_v0__postgres,unclear_local_user_run,postgres,5,5,no,no,case_engine_suffix_sql,no,medium,no,read-only candidate root inventoried
runs/user/calcite_hep_target_dialect_runtime_mode_v0__spark/candidate_sql,calcite_hep_fail_closed,calcite_hep_target_dialect_runtime_mode_v0,calcite_hep_target_dialect_runtime_mode_v0__spark,unclear_local_user_run,spark,5,5,no,no,case_engine_suffix_sql,no,medium,no,read-only candidate root inventoried
runs/user/calcite_hep_track_a_120_canonical_v0__mysql/candidate_sql,calcite_hep_fail_closed,calcite_hep_track_a_120_canonical_v0,calcite_hep_track_a_120_canonical_v0__mysql,track_a_120_canonical_component,mysql,33,33,no,no,case_engine_suffix_sql,no,medium,no,read-only candidate root inventoried
runs/user/calcite_hep_track_a_120_canonical_v0__postgres/candidate_sql,calcite_hep_fail_closed,calcite_hep_track_a_120_canonical_v0,calcite_hep_track_a_120_canonical_v0__postgres,track_a_120_canonical_component,postgres,33,33,no,no,case_engine_suffix_sql,no,medium,no,read-only candidate root inventoried
runs/user/calcite_hep_track_a_120_canonical_v0__spark/candidate_sql,calcite_hep_fail_closed,calcite_hep_track_a_120_canonical_v0,calcite_hep_track_a_120_canonical_v0__spark,track_a_120_canonical_component,spark,33,33,no,no,case_engine_suffix_sql,no,medium,no,read-only candidate root inventoried
runs/user/calcite_hep_track_a_120_execution_checker_v0__mysql/candidate_sql,calcite_hep_fail_closed,calcite_hep_track_a_120_execution_checker_v0,calcite_hep_track_a_120_execution_checker_v0__mysql,unclear_local_user_run,mysql,33,33,no,no,case_engine_suffix_sql,no,medium,no,read-only candidate root inventoried
runs/user/calcite_hep_track_a_120_execution_checker_v0__postgres/candidate_sql,calcite_hep_fail_closed,calcite_hep_track_a_120_execution_checker_v0,calcite_hep_track_a_120_execution_checker_v0__postgres,unclear_local_user_run,postgres,33,33,no,no,case_engine_suffix_sql,no,medium,no,read-only candidate root inventoried
runs/user/calcite_hep_track_a_120_execution_checker_v0__spark/candidate_sql,calcite_hep_fail_closed,calcite_hep_track_a_120_execution_checker_v0,calcite_hep_track_a_120_execution_checker_v0__spark,unclear_local_user_run,spark,33,33,no,no,case_engine_suffix_sql,no,medium,no,read-only candidate root inventoried
runs/user/calcite_hep_tri_engine_readiness_after_guard_v0__mysql/candidate_sql,calcite_hep_fail_closed,calcite_hep_tri_engine_readiness_after_guard_v0,calcite_hep_tri_engine_readiness_after_guard_v0__mysql,tiny_smoke_or_unit,mysql,0,0,no,no,empty_or_no_files,no,medium,no,read-only candidate root inventoried
runs/user/calcite_hep_tri_engine_readiness_after_guard_v0__postgres/candidate_sql,calcite_hep_fail_closed,calcite_hep_tri_engine_readiness_after_guard_v0,calcite_hep_tri_engine_readiness_after_guard_v0__postgres,unclear_local_user_run,postgres,5,5,no,no,case_engine_suffix_sql,no,medium,no,read-only candidate root inventoried
runs/user/calcite_hep_tri_engine_readiness_after_guard_v0__spark/candidate_sql,calcite_hep_fail_closed,calcite_hep_tri_engine_readiness_after_guard_v0,calcite_hep_tri_engine_readiness_after_guard_v0__spark,tiny_smoke_or_unit,spark,0,0,no,no,empty_or_no_files,no,medium,no,read-only candidate root inventoried
runs/user/calcite_hep_tri_engine_readiness_smoke_v0__mysql/candidate_sql,calcite_hep_fail_closed,calcite_hep_tri_engine_readiness_smoke_v0,calcite_hep_tri_engine_readiness_smoke_v0__mysql,bounded_smoke_or_probe,mysql,5,5,no,no,case_engine_suffix_sql,no,medium,no,read-only candidate root inventoried
runs/user/calcite_hep_tri_engine_readiness_smoke_v0__postgres/candidate_sql,calcite_hep_fail_closed,calcite_hep_tri_engine_readiness_smoke_v0,calcite_hep_tri_engine_readiness_smoke_v0__postgres,bounded_smoke_or_probe,postgres,5,5,no,no,case_engine_suffix_sql,no,medium,no,read-only candidate root inventoried
runs/user/calcite_hep_tri_engine_readiness_smoke_v0__spark/candidate_sql,calcite_hep_fail_closed,calcite_hep_tri_engine_readiness_smoke_v0,calcite_hep_tri_engine_readiness_smoke_v0__spark,bounded_smoke_or_probe,spark,5,5,no,no,case_engine_suffix_sql,no,medium,no,read-only candidate root inventoried
runs/user/common_core_mysql_noop_db_checker/candidate_sql,sqlglot_noop,common_core_mysql_noop_db_checker,common_core_mysql_noop_db_checker,mysql_common_core_40,mysql,40,40,no,no,case_engine_suffix_sql,no,medium,no,read-only candidate root inventoried
runs/user/common_core_pg_noop_db_checker/candidate_sql,sqlglot_noop,common_core_pg_noop_db_checker,common_core_pg_noop_db_checker,postgres_pg40,postgres,40,40,yes,no,case_engine_suffix_sql,no,high,no,root has all 40 Common-core PostgreSQL candidate files
runs/user/common_core_spark_after_cons0011_order_fix/candidate_sql,sqlglot_noop,common_core_spark_after_cons0011_order_fix,common_core_spark_after_cons0011_order_fix,spark_common_core_40,spark,40,40,no,no,case_engine_suffix_sql,no,medium,no,read-only candidate root inventoried
runs/user/common_core_spark_noop_db_checker/candidate_sql,sqlglot_noop,common_core_spark_noop_db_checker,common_core_spark_noop_db_checker,spark_common_core_40,spark,40,40,no,no,case_engine_suffix_sql,no,medium,no,read-only candidate root inventoried
runs/user/common_core_spark_sqlglot_noop_after_statement_patch/candidate_sql,sqlglot_noop,common_core_spark_sqlglot_noop_after_statement_patch,common_core_spark_sqlglot_noop_after_statement_patch,spark_common_core_40,spark,40,40,no,no,case_engine_suffix_sql,no,medium,no,read-only candidate root inventoried
runs/user/common_core_sqlglot_noop_mysql_snapshot/candidate_sql,sqlglot_noop,common_core_sqlglot_noop_mysql_snapshot,common_core_sqlglot_noop_mysql_snapshot,mysql_common_core_40,mysql,40,40,no,no,case_engine_suffix_sql,no,medium,no,read-only candidate root inventoried
runs/user/common_core_sqlglot_noop_postgres_snapshot/candidate_sql,sqlglot_noop,common_core_sqlglot_noop_postgres_snapshot,common_core_sqlglot_noop_postgres_snapshot,unclear_local_user_run,postgres,35,35,no,no,case_engine_suffix_sql,no,medium,no,read-only candidate root inventoried
runs/user/common_core_sqlglot_noop_spark_snapshot/candidate_sql,sqlglot_noop,common_core_sqlglot_noop_spark_snapshot,common_core_sqlglot_noop_spark_snapshot,spark_common_core_40,spark,40,40,no,no,case_engine_suffix_sql,no,medium,no,read-only candidate root inventoried
runs/user/cons0011_spark_order_fix/candidate_sql,unknown,cons0011_spark_order_fix,cons0011_spark_order_fix,tiny_smoke_or_unit,spark,1,1,no,no,case_engine_suffix_sql,yes,medium,no,read-only candidate root inventoried
runs/user/db_checker_postgres_perf0006_smoke/candidate_sql,smoke_or_test_artifact,db_checker_postgres_perf0006_smoke,db_checker_postgres_perf0006_smoke,bounded_smoke_or_probe,postgres,1,1,no,no,case_engine_suffix_sql,yes,medium,no,read-only candidate root inventoried
runs/user/direct_llm_gptsapi_403_access_probe_v0_adapter_one_row/candidate_sql,unknown,direct_llm_gptsapi_403_access_probe_v0_adapter_one_row,direct_llm_gptsapi_403_access_probe_v0_adapter_one_row,tiny_smoke_or_unit,unknown,0,0,no,no,empty_or_no_files,yes,medium,no,read-only candidate root inventoried
runs/user/direct_llm_original_bounded_live_api_smoke_live_enabled_retry_v0__postgres/candidate_sql,direct_llm_original,direct_llm_original_bounded_live_api_smoke_live_enabled_retry_v0,direct_llm_original_bounded_live_api_smoke_live_enabled_retry_v0__postgres,bounded_smoke_or_probe,postgres,0,0,no,no,empty_or_no_files,no,medium,no,read-only candidate root inventoried
runs/user/direct_llm_original_bounded_live_api_smoke_live_enabled_v0__mysql/candidate_sql,direct_llm_original,direct_llm_original_bounded_live_api_smoke_live_enabled_v0,direct_llm_original_bounded_live_api_smoke_live_enabled_v0__mysql,bounded_smoke_or_probe,mysql,0,0,no,no,empty_or_no_files,no,medium,no,read-only candidate root inventoried
runs/user/direct_llm_original_bounded_live_api_smoke_live_enabled_v0__postgres/candidate_sql,direct_llm_original,direct_llm_original_bounded_live_api_smoke_live_enabled_v0,direct_llm_original_bounded_live_api_smoke_live_enabled_v0__postgres,bounded_smoke_or_probe,postgres,0,0,no,no,empty_or_no_files,no,medium,no,read-only candidate root inventoried
runs/user/direct_llm_original_bounded_live_api_smoke_live_enabled_v0__spark/candidate_sql,direct_llm_original,direct_llm_original_bounded_live_api_smoke_live_enabled_v0,direct_llm_original_bounded_live_api_smoke_live_enabled_v0__spark,bounded_smoke_or_probe,spark,0,0,no,no,empty_or_no_files,no,medium,no,read-only candidate root inventoried
runs/user/direct_llm_original_bounded_live_api_smoke_post_user_agent_fix_v0__mysql/candidate_sql,direct_llm_original,direct_llm_original_bounded_live_api_smoke_post_user_agent_fix_v0,direct_llm_original_bounded_live_api_smoke_post_user_agent_fix_v0__mysql,bounded_smoke_or_probe,mysql,2,2,no,no,case_engine_suffix_sql,no,medium,no,read-only candidate root inventoried
runs/user/direct_llm_original_bounded_live_api_smoke_post_user_agent_fix_v0__postgres/candidate_sql,direct_llm_original,direct_llm_original_bounded_live_api_smoke_post_user_agent_fix_v0,direct_llm_original_bounded_live_api_smoke_post_user_agent_fix_v0__postgres,bounded_smoke_or_probe,postgres,2,2,no,no,case_engine_suffix_sql,no,medium,no,read-only candidate root inventoried
runs/user/direct_llm_original_bounded_live_api_smoke_post_user_agent_fix_v0__spark/candidate_sql,direct_llm_original,direct_llm_original_bounded_live_api_smoke_post_user_agent_fix_v0,direct_llm_original_bounded_live_api_smoke_post_user_agent_fix_v0__spark,bounded_smoke_or_probe,spark,2,2,no,no,case_engine_suffix_sql,no,medium,no,read-only candidate root inventoried
runs/user/direct_llm_original_bounded_live_api_smoke_v0__mysql/candidate_sql,direct_llm_original,direct_llm_original_bounded_live_api_smoke_v0,direct_llm_original_bounded_live_api_smoke_v0__mysql,bounded_smoke_or_probe,mysql,0,0,no,no,empty_or_no_files,no,medium,no,read-only candidate root inventoried
runs/user/direct_llm_original_bounded_live_api_smoke_v0__postgres/candidate_sql,direct_llm_original,direct_llm_original_bounded_live_api_smoke_v0,direct_llm_original_bounded_live_api_smoke_v0__postgres,bounded_smoke_or_probe,postgres,0,0,no,no,empty_or_no_files,no,medium,no,read-only candidate root inventoried
runs/user/direct_llm_original_bounded_live_api_smoke_v0__spark/candidate_sql,direct_llm_original,direct_llm_original_bounded_live_api_smoke_v0,direct_llm_original_bounded_live_api_smoke_v0__spark,bounded_smoke_or_probe,spark,0,0,no,no,empty_or_no_files,no,medium,no,read-only candidate root inventoried
runs/user/direct_llm_original_fake_smoke_v0/candidate_sql,direct_llm_original,direct_llm_original_fake_smoke_v0,direct_llm_original_fake_smoke_v0,bounded_smoke_or_probe,postgres,2,2,no,no,case_engine_suffix_sql,no,medium,no,read-only candidate root inventoried
runs/user/direct_llm_original_fake_smoke_v1/candidate_sql,direct_llm_original,direct_llm_original_fake_smoke_v1,direct_llm_original_fake_smoke_v1,bounded_smoke_or_probe,postgres,2,2,no,no,case_engine_suffix_sql,no,medium,no,read-only candidate root inventoried
runs/user/direct_llm_original_fake_smoke_v2/candidate_sql,direct_llm_original,direct_llm_original_fake_smoke_v2,direct_llm_original_fake_smoke_v2,bounded_smoke_or_probe,postgres,2,2,no,no,case_engine_suffix_sql,no,medium,no,read-only candidate root inventoried
runs/user/direct_llm_original_track_a_120_canonical_v0__mysql/candidate_sql,direct_llm_original,direct_llm_original_track_a_120_canonical_v0,direct_llm_original_track_a_120_canonical_v0__mysql,track_a_120_canonical_component,mysql,40,40,no,yes,case_engine_suffix_sql,no,high,no,source-run family has complete Track A 120 case-engine coverage across companion roots
runs/user/direct_llm_original_track_a_120_canonical_v0__postgres/candidate_sql,direct_llm_original,direct_llm_original_track_a_120_canonical_v0,direct_llm_original_track_a_120_canonical_v0__postgres,track_a_120_canonical_component,postgres,40,40,yes,yes,case_engine_suffix_sql,no,high,no,source-run family has complete Track A 120 case-engine coverage across companion roots; root has all 40 Common-core PostgreSQL candidate files
runs/user/direct_llm_original_track_a_120_canonical_v0__spark/candidate_sql,direct_llm_original,direct_llm_original_track_a_120_canonical_v0,direct_llm_original_track_a_120_canonical_v0__spark,track_a_120_canonical_component,spark,40,40,no,yes,case_engine_suffix_sql,no,high,no,source-run family has complete Track A 120 case-engine coverage across companion roots
runs/user/direct_llm_repair_1_track_a_120_canonical_v0__mysql/candidate_sql,direct_llm_repair_1,direct_llm_repair_1_track_a_120_canonical_v0,direct_llm_repair_1_track_a_120_canonical_v0__mysql,track_a_120_canonical_component,mysql,40,40,no,yes,case_engine_suffix_sql,no,high,no,source-run family has complete Track A 120 case-engine coverage across companion roots
runs/user/direct_llm_repair_1_track_a_120_canonical_v0__postgres/candidate_sql,direct_llm_repair_1,direct_llm_repair_1_track_a_120_canonical_v0,direct_llm_repair_1_track_a_120_canonical_v0__postgres,track_a_120_canonical_component,postgres,40,40,yes,yes,case_engine_suffix_sql,no,high,no,source-run family has complete Track A 120 case-engine coverage across companion roots; root has all 40 Common-core PostgreSQL candidate files
runs/user/direct_llm_repair_1_track_a_120_canonical_v0__spark/candidate_sql,direct_llm_repair_1,direct_llm_repair_1_track_a_120_canonical_v0,direct_llm_repair_1_track_a_120_canonical_v0__spark,track_a_120_canonical_component,spark,40,40,no,yes,case_engine_suffix_sql,no,high,no,source-run family has complete Track A 120 case-engine coverage across companion roots
runs/user/learnedrewrite_fake_runtime_user_facade_smoke_v0/candidate_sql,learnedrewrite,learnedrewrite_fake_runtime_user_facade_smoke_v0,learnedrewrite_fake_runtime_user_facade_smoke_v0,bounded_smoke_or_probe,postgres,2,2,no,no,case_engine_suffix_sql,no,medium,no,read-only candidate root inventoried
runs/user/learnedrewrite_pg40_manual_inspection_rerun_v0/candidate_sql,learnedrewrite,learnedrewrite_pg40_manual_inspection_rerun_v0,learnedrewrite_pg40_manual_inspection_rerun_v0,postgres_pg40,postgres,29,29,no,no,case_engine_suffix_sql,no,medium,no,read-only candidate root inventoried
runs/user/llm_r2_gpt54_pg40_manual_inspection_rerun_v0/candidate_sql,llm_r2_gpt54_adapted,llm_r2_gpt54_pg40_manual_inspection_rerun_v0,llm_r2_gpt54_pg40_manual_inspection_rerun_v0,postgres_pg40,postgres,40,40,yes,no,case_engine_suffix_sql,no,high,no,root has all 40 Common-core PostgreSQL candidate files
runs/user/mysql_label_only_diagnostics_patch_check/candidate_sql,unknown,mysql_label_only_diagnostics_patch_check,mysql_label_only_diagnostics_patch_check,unclear_local_user_run,mysql,5,5,no,no,case_engine_suffix_sql,yes,medium,no,read-only candidate root inventoried
runs/user/mysql_source_failure_triage/candidate_sql,unknown,mysql_source_failure_triage,mysql_source_failure_triage,unclear_local_user_run,mysql,4,4,no,no,case_engine_suffix_sql,yes,medium,no,read-only candidate root inventoried
runs/user/port_mysql_reverse_preservation_after_numeric_fix/candidate_sql,portability_diagnostic,port_mysql_reverse_preservation_after_numeric_fix,port_mysql_reverse_preservation_after_numeric_fix,portability_diagnostic,mysql,4,4,no,no,case_engine_suffix_sql,no,medium,no,read-only candidate root inventoried
runs/user/port_mysql_reverse_preservation_after_spark_roles/candidate_sql,portability_diagnostic,port_mysql_reverse_preservation_after_spark_roles,port_mysql_reverse_preservation_after_spark_roles,portability_diagnostic,mysql,4,4,no,no,case_engine_suffix_sql,no,medium,no,read-only candidate root inventoried
runs/user/port_mysql_source_reference_live/candidate_sql,portability_diagnostic,port_mysql_source_reference_live,port_mysql_source_reference_live,portability_diagnostic,postgres,5,5,no,no,case_engine_suffix_sql,no,medium,no,read-only candidate root inventoried
runs/user/port_pg_forward_preservation_after_numeric_fix/candidate_sql,portability_diagnostic,port_pg_forward_preservation_after_numeric_fix,port_pg_forward_preservation_after_numeric_fix,portability_diagnostic,postgres,5,5,no,no,case_engine_suffix_sql,no,medium,no,read-only candidate root inventoried
runs/user/port_pg_forward_preservation_after_spark_roles/candidate_sql,portability_diagnostic,port_pg_forward_preservation_after_spark_roles,port_pg_forward_preservation_after_spark_roles,portability_diagnostic,postgres,5,5,no,no,case_engine_suffix_sql,no,medium,no,read-only candidate root inventoried
runs/user/port_pg_target_reference_controlled/candidate_sql,portability_diagnostic,port_pg_target_reference_controlled,port_pg_target_reference_controlled,portability_diagnostic,postgres,5,5,no,no,case_engine_suffix_sql,no,medium,no,read-only candidate root inventoried
runs/user/port_pg_target_reference_normalized/candidate_sql,portability_diagnostic,port_pg_target_reference_normalized,port_pg_target_reference_normalized,portability_diagnostic,postgres,5,5,no,no,case_engine_suffix_sql,no,medium,no,read-only candidate root inventoried
runs/user/port_spark_target_reference_controlled/candidate_sql,portability_diagnostic,port_spark_target_reference_controlled,port_spark_target_reference_controlled,portability_diagnostic,spark,4,4,no,no,case_engine_suffix_sql,no,medium,no,read-only candidate root inventoried
runs/user/port_spark_target_reference_controlled_after_numeric_fix/candidate_sql,portability_diagnostic,port_spark_target_reference_controlled_after_numeric_fix,port_spark_target_reference_controlled_after_numeric_fix,portability_diagnostic,spark,4,4,no,no,case_engine_suffix_sql,no,medium,no,read-only candidate root inventoried
runs/user/port_spark_unsupported_role_check/candidate_sql,portability_diagnostic,port_spark_unsupported_role_check,port_spark_unsupported_role_check,portability_diagnostic,spark,5,5,no,no,case_engine_suffix_sql,no,medium,no,read-only candidate root inventoried
runs/user/port_spark_unsupported_role_check_after_numeric_fix/candidate_sql,portability_diagnostic,port_spark_unsupported_role_check_after_numeric_fix,port_spark_unsupported_role_check_after_numeric_fix,portability_diagnostic,spark,5,5,no,no,case_engine_suffix_sql,no,medium,no,read-only candidate root inventoried
runs/user/postgres_perf_sqlglot_noop_batch_smoke/candidate_sql,sqlglot_noop,postgres_perf_sqlglot_noop_batch_smoke,postgres_perf_sqlglot_noop_batch_smoke,bounded_smoke_or_probe,postgres,4,4,no,no,case_engine_suffix_sql,no,medium,no,read-only candidate root inventoried
runs/user/rbot_gpt54_pg40_bounded_diagnostic_rerun_v0/candidate_sql,rbot_gpt54_adapted,rbot_gpt54_pg40_bounded_diagnostic_rerun_v0,rbot_gpt54_pg40_bounded_diagnostic_rerun_v0,postgres_pg40,postgres,40,40,yes,no,case_engine_suffix_sql,no,high,no,root has all 40 Common-core PostgreSQL candidate files
runs/user/smoke_dummy_adapter/candidate_sql,smoke_or_test_artifact,smoke_dummy_adapter,smoke_dummy_adapter,bounded_smoke_or_probe,postgres,2,2,no,no,case_engine_suffix_sql,yes,medium,no,read-only candidate root inventoried
runs/user/smoke_user_entry_hardening_adapter/candidate_sql,smoke_or_test_artifact,smoke_user_entry_hardening_adapter,smoke_user_entry_hardening_adapter,bounded_smoke_or_probe,postgres,2,2,no,no,case_engine_suffix_sql,yes,medium,no,read-only candidate root inventoried
runs/user/smoke_user_entry_hardening_dry_run/candidate_sql,smoke_or_test_artifact,smoke_user_entry_hardening_dry_run,smoke_user_entry_hardening_dry_run,bounded_smoke_or_probe,unknown,0,0,no,no,empty_or_no_files,yes,medium,no,read-only candidate root inventoried
runs/user/smoke_user_entry_mvp/candidate_sql,smoke_or_test_artifact,smoke_user_entry_mvp,smoke_user_entry_mvp,bounded_smoke_or_probe,postgres,2,2,no,no,case_engine_suffix_sql,yes,medium,no,read-only candidate root inventoried
runs/user/smoke_user_entry_packaging_adapter/candidate_sql,smoke_or_test_artifact,smoke_user_entry_packaging_adapter,smoke_user_entry_packaging_adapter,bounded_smoke_or_probe,postgres,2,2,no,no,case_engine_suffix_sql,yes,medium,no,read-only candidate root inventoried
runs/user/smoke_user_entry_packaging_dry_run/candidate_sql,smoke_or_test_artifact,smoke_user_entry_packaging_dry_run,smoke_user_entry_packaging_dry_run,bounded_smoke_or_probe,unknown,0,0,no,no,empty_or_no_files,yes,medium,no,read-only candidate root inventoried
runs/user/spark_live_smoke/candidate_sql,smoke_or_test_artifact,spark_live_smoke,spark_live_smoke,bounded_smoke_or_probe,spark,2,2,no,no,case_engine_suffix_sql,yes,medium,no,read-only candidate root inventoried
runs/user/spark_sqlglot_noop_statement_boundary_after_patch/candidate_sql,sqlglot_noop,spark_sqlglot_noop_statement_boundary_after_patch,spark_sqlglot_noop_statement_boundary_after_patch,unclear_local_user_run,spark,6,6,no,no,case_engine_suffix_sql,no,medium,no,read-only candidate root inventoried
runs/user/spark_sqlglot_noop_two_case_smoke_after_statement_patch/candidate_sql,sqlglot_noop,spark_sqlglot_noop_two_case_smoke_after_statement_patch,spark_sqlglot_noop_two_case_smoke_after_statement_patch,bounded_smoke_or_probe,spark,2,2,no,no,case_engine_suffix_sql,no,medium,no,read-only candidate root inventoried
runs/user/spark_two_case_regression_after_cons0011_fix/candidate_sql,unknown,spark_two_case_regression_after_cons0011_fix,spark_two_case_regression_after_cons0011_fix,tiny_smoke_or_unit,spark,2,2,no,no,case_engine_suffix_sql,yes,medium,no,read-only candidate root inventoried
runs/user/spark_two_case_regression_after_numeric_fix/candidate_sql,unknown,spark_two_case_regression_after_numeric_fix,spark_two_case_regression_after_numeric_fix,tiny_smoke_or_unit,spark,2,2,no,no,case_engine_suffix_sql,yes,medium,no,read-only candidate root inventoried
runs/user/spark_two_case_regression_after_port_spark_roles/candidate_sql,portability_diagnostic,spark_two_case_regression_after_port_spark_roles,spark_two_case_regression_after_port_spark_roles,portability_diagnostic,spark,2,2,no,no,case_engine_suffix_sql,no,medium,no,read-only candidate root inventoried
runs/user/sqlglot_noop_capture_pg_smoke/candidate_sql,sqlglot_noop,sqlglot_noop_capture_pg_smoke,sqlglot_noop_capture_pg_smoke,bounded_smoke_or_probe,postgres,2,2,no,no,case_engine_suffix_sql,no,medium,no,read-only candidate root inventoried
runs/user/sqlglot_noop_dry_run_smoke/candidate_sql,sqlglot_noop,sqlglot_noop_dry_run_smoke,sqlglot_noop_dry_run_smoke,bounded_smoke_or_probe,unknown,0,0,no,no,empty_or_no_files,no,medium,no,read-only candidate root inventoried
runs/user/sqlglot_noop_mysql_bounded_smoke/candidate_sql,sqlglot_noop,sqlglot_noop_mysql_bounded_smoke,sqlglot_noop_mysql_bounded_smoke,bounded_smoke_or_probe,mysql,2,2,no,no,case_engine_suffix_sql,no,medium,no,read-only candidate root inventoried
runs/user/sqlglot_noop_pg_bounded_smoke/candidate_sql,sqlglot_noop,sqlglot_noop_pg_bounded_smoke,sqlglot_noop_pg_bounded_smoke,bounded_smoke_or_probe,postgres,2,2,no,no,case_engine_suffix_sql,no,medium,no,read-only candidate root inventoried
runs/user/sqlglot_noop_port_mysql_target_probe/candidate_sql,sqlglot_noop,sqlglot_noop_port_mysql_target_probe,sqlglot_noop_port_mysql_target_probe,portability_diagnostic,mysql,1,1,no,no,case_engine_suffix_sql,no,medium,no,read-only candidate root inventoried
runs/user/sqlglot_noop_port_pg_target_probe/candidate_sql,sqlglot_noop,sqlglot_noop_port_pg_target_probe,sqlglot_noop_port_pg_target_probe,portability_diagnostic,unknown,0,0,no,no,empty_or_no_files,no,medium,no,read-only candidate root inventoried
runs/user/sqlglot_noop_spark_bounded_smoke/candidate_sql,sqlglot_noop,sqlglot_noop_spark_bounded_smoke,sqlglot_noop_spark_bounded_smoke,bounded_smoke_or_probe,spark,2,2,no,no,case_engine_suffix_sql,no,medium,no,read-only candidate root inventoried
runs/user/sqlglot_noop_track_a_120_canonical_v0__mysql/candidate_sql,sqlglot_noop,sqlglot_noop_track_a_120_canonical_v0,sqlglot_noop_track_a_120_canonical_v0__mysql,track_a_120_canonical_component,mysql,40,40,no,no,case_engine_suffix_sql,no,medium,no,read-only candidate root inventoried
runs/user/sqlglot_noop_track_a_120_canonical_v0__postgres/candidate_sql,sqlglot_noop,sqlglot_noop_track_a_120_canonical_v0,sqlglot_noop_track_a_120_canonical_v0__postgres,track_a_120_canonical_component,postgres,35,35,no,no,case_engine_suffix_sql,no,medium,no,read-only candidate root inventoried
runs/user/sqlglot_noop_track_a_120_canonical_v0__spark/candidate_sql,sqlglot_noop,sqlglot_noop_track_a_120_canonical_v0,sqlglot_noop_track_a_120_canonical_v0__spark,track_a_120_canonical_component,spark,40,40,no,no,case_engine_suffix_sql,no,medium,no,read-only candidate root inventoried
runs/user/sqlglot_optimize_capture_pg_smoke/candidate_sql,sqlglot_optimize_schema_aware,sqlglot_optimize_capture_pg_smoke,sqlglot_optimize_capture_pg_smoke,bounded_smoke_or_probe,postgres,2,2,no,no,case_engine_suffix_sql,no,medium,no,read-only candidate root inventoried
runs/user/sqlglot_optimize_mysql_bounded_smoke/candidate_sql,sqlglot_optimize_schema_aware,sqlglot_optimize_mysql_bounded_smoke,sqlglot_optimize_mysql_bounded_smoke,bounded_smoke_or_probe,mysql,2,2,no,no,case_engine_suffix_sql,no,medium,no,read-only candidate root inventoried
runs/user/sqlglot_optimize_pg_bounded_smoke/candidate_sql,sqlglot_optimize_schema_aware,sqlglot_optimize_pg_bounded_smoke,sqlglot_optimize_pg_bounded_smoke,bounded_smoke_or_probe,postgres,2,2,no,no,case_engine_suffix_sql,no,medium,no,read-only candidate root inventoried
runs/user/sqlglot_optimize_schema_aware_track_a_120_canonical_v0__mysql/candidate_sql,sqlglot_optimize_schema_aware,sqlglot_optimize_schema_aware_track_a_120_canonical_v0,sqlglot_optimize_schema_aware_track_a_120_canonical_v0__mysql,track_a_120_canonical_component,mysql,32,32,no,no,case_engine_suffix_sql,no,medium,no,read-only candidate root inventoried
runs/user/sqlglot_optimize_schema_aware_track_a_120_canonical_v0__postgres/candidate_sql,sqlglot_optimize_schema_aware,sqlglot_optimize_schema_aware_track_a_120_canonical_v0,sqlglot_optimize_schema_aware_track_a_120_canonical_v0__postgres,track_a_120_canonical_component,postgres,34,34,no,no,case_engine_suffix_sql,no,medium,no,read-only candidate root inventoried
runs/user/sqlglot_optimize_schema_aware_track_a_120_canonical_v0__spark/candidate_sql,sqlglot_optimize_schema_aware,sqlglot_optimize_schema_aware_track_a_120_canonical_v0,sqlglot_optimize_schema_aware_track_a_120_canonical_v0__spark,track_a_120_canonical_component,spark,39,39,no,no,case_engine_suffix_sql,no,medium,no,read-only candidate root inventoried
runs/user/sqlglot_optimize_spark_bounded_smoke/candidate_sql,sqlglot_optimize_schema_aware,sqlglot_optimize_spark_bounded_smoke,sqlglot_optimize_spark_bounded_smoke,bounded_smoke_or_probe,spark,2,2,no,no,case_engine_suffix_sql,no,medium,no,read-only candidate root inventoried
runs/user/timing_sqlglot_noop_mysql_smoke/candidate_sql,sqlglot_noop,timing_sqlglot_noop_mysql_smoke,timing_sqlglot_noop_mysql_smoke,bounded_smoke_or_probe,mysql,2,2,no,no,case_engine_suffix_sql,no,medium,no,read-only candidate root inventoried
runs/user/timing_sqlglot_noop_postgres_smoke/candidate_sql,sqlglot_noop,timing_sqlglot_noop_postgres_smoke,timing_sqlglot_noop_postgres_smoke,bounded_smoke_or_probe,postgres,2,2,no,no,case_engine_suffix_sql,no,medium,no,read-only candidate root inventoried
runs/user/timing_sqlglot_noop_spark_smoke/candidate_sql,sqlglot_noop,timing_sqlglot_noop_spark_smoke,timing_sqlglot_noop_spark_smoke,bounded_smoke_or_probe,spark,2,2,no,no,case_engine_suffix_sql,no,medium,no,read-only candidate root inventoried
runs/user/unittest_db_checker_non_db_01c56cb52fd746399525a75c9a9cf9fe/candidate_sql,unit_test_artifact,unittest_db_checker_non_db_01c56cb52fd746399525a75c9a9cf9fe,unittest_db_checker_non_db_01c56cb52fd746399525a75c9a9cf9fe,unit_test_artifact,postgres,1,1,no,no,case_engine_suffix_sql,yes,low,no,unit-test artifact; not recommended as POCR route input
runs/user/unittest_db_checker_non_db_01c870cb9b6f40619e5cbc770177d375/candidate_sql,unit_test_artifact,unittest_db_checker_non_db_01c870cb9b6f40619e5cbc770177d375,unittest_db_checker_non_db_01c870cb9b6f40619e5cbc770177d375,unit_test_artifact,postgres,1,1,no,no,case_engine_suffix_sql,yes,low,no,unit-test artifact; not recommended as POCR route input
runs/user/unittest_db_checker_non_db_08d994c578214d5c84a8c21d93c2c55d/candidate_sql,unit_test_artifact,unittest_db_checker_non_db_08d994c578214d5c84a8c21d93c2c55d,unittest_db_checker_non_db_08d994c578214d5c84a8c21d93c2c55d,unit_test_artifact,postgres,1,1,no,no,case_engine_suffix_sql,yes,low,no,unit-test artifact; not recommended as POCR route input
runs/user/unittest_db_checker_non_db_0a08092d73904a679c8f6ea9ed25f46f/candidate_sql,unit_test_artifact,unittest_db_checker_non_db_0a08092d73904a679c8f6ea9ed25f46f,unittest_db_checker_non_db_0a08092d73904a679c8f6ea9ed25f46f,unit_test_artifact,postgres,1,1,no,no,case_engine_suffix_sql,yes,low,no,unit-test artifact; not recommended as POCR route input
runs/user/unittest_db_checker_non_db_0c39caa2bd6e4bda97845a8d8c25efb8/candidate_sql,unit_test_artifact,unittest_db_checker_non_db_0c39caa2bd6e4bda97845a8d8c25efb8,unittest_db_checker_non_db_0c39caa2bd6e4bda97845a8d8c25efb8,unit_test_artifact,postgres,1,1,no,no,case_engine_suffix_sql,yes,low,no,unit-test artifact; not recommended as POCR route input
runs/user/unittest_db_checker_non_db_10c7978db1b647f49cf62c13d7eae9d7/candidate_sql,unit_test_artifact,unittest_db_checker_non_db_10c7978db1b647f49cf62c13d7eae9d7,unittest_db_checker_non_db_10c7978db1b647f49cf62c13d7eae9d7,unit_test_artifact,postgres,1,1,no,no,case_engine_suffix_sql,yes,low,no,unit-test artifact; not recommended as POCR route input
runs/user/unittest_db_checker_non_db_112f3e7d53c14401b16d65373a9d7031/candidate_sql,unit_test_artifact,unittest_db_checker_non_db_112f3e7d53c14401b16d65373a9d7031,unittest_db_checker_non_db_112f3e7d53c14401b16d65373a9d7031,unit_test_artifact,postgres,1,1,no,no,case_engine_suffix_sql,yes,low,no,unit-test artifact; not recommended as POCR route input
runs/user/unittest_db_checker_non_db_1528d3f1a4de455f81833685f4b7786a/candidate_sql,unit_test_artifact,unittest_db_checker_non_db_1528d3f1a4de455f81833685f4b7786a,unittest_db_checker_non_db_1528d3f1a4de455f81833685f4b7786a,unit_test_artifact,postgres,1,1,no,no,case_engine_suffix_sql,yes,low,no,unit-test artifact; not recommended as POCR route input
runs/user/unittest_db_checker_non_db_163ddbdf89bb483482c0563526f10401/candidate_sql,unit_test_artifact,unittest_db_checker_non_db_163ddbdf89bb483482c0563526f10401,unittest_db_checker_non_db_163ddbdf89bb483482c0563526f10401,unit_test_artifact,postgres,1,1,no,no,case_engine_suffix_sql,yes,low,no,unit-test artifact; not recommended as POCR route input
runs/user/unittest_db_checker_non_db_18646f79fdea4020aff630ba309096dd/candidate_sql,unit_test_artifact,unittest_db_checker_non_db_18646f79fdea4020aff630ba309096dd,unittest_db_checker_non_db_18646f79fdea4020aff630ba309096dd,unit_test_artifact,postgres,1,1,no,no,case_engine_suffix_sql,yes,low,no,unit-test artifact; not recommended as POCR route input
runs/user/unittest_db_checker_non_db_1a90eb6542f94946aed33085cf32d98a/candidate_sql,unit_test_artifact,unittest_db_checker_non_db_1a90eb6542f94946aed33085cf32d98a,unittest_db_checker_non_db_1a90eb6542f94946aed33085cf32d98a,unit_test_artifact,postgres,1,1,no,no,case_engine_suffix_sql,yes,low,no,unit-test artifact; not recommended as POCR route input
runs/user/unittest_db_checker_non_db_1adbe982b1844302aa07738b21474de4/candidate_sql,unit_test_artifact,unittest_db_checker_non_db_1adbe982b1844302aa07738b21474de4,unittest_db_checker_non_db_1adbe982b1844302aa07738b21474de4,unit_test_artifact,postgres,1,1,no,no,case_engine_suffix_sql,yes,low,no,unit-test artifact; not recommended as POCR route input
runs/user/unittest_db_checker_non_db_1c4dc01a509e49189ef1b8adf1199d92/candidate_sql,unit_test_artifact,unittest_db_checker_non_db_1c4dc01a509e49189ef1b8adf1199d92,unittest_db_checker_non_db_1c4dc01a509e49189ef1b8adf1199d92,unit_test_artifact,postgres,1,1,no,no,case_engine_suffix_sql,yes,low,no,unit-test artifact; not recommended as POCR route input
runs/user/unittest_db_checker_non_db_1e9ae312897f4a9aaca9f233f2f65aed/candidate_sql,unit_test_artifact,unittest_db_checker_non_db_1e9ae312897f4a9aaca9f233f2f65aed,unittest_db_checker_non_db_1e9ae312897f4a9aaca9f233f2f65aed,unit_test_artifact,postgres,1,1,no,no,case_engine_suffix_sql,yes,low,no,unit-test artifact; not recommended as POCR route input
runs/user/unittest_db_checker_non_db_20deb996c0de4a86805a6f32ea75c29d/candidate_sql,unit_test_artifact,unittest_db_checker_non_db_20deb996c0de4a86805a6f32ea75c29d,unittest_db_checker_non_db_20deb996c0de4a86805a6f32ea75c29d,unit_test_artifact,postgres,1,1,no,no,case_engine_suffix_sql,yes,low,no,unit-test artifact; not recommended as POCR route input
runs/user/unittest_db_checker_non_db_28044e14ba6f4a22ac8685d1ccba4c4b/candidate_sql,unit_test_artifact,unittest_db_checker_non_db_28044e14ba6f4a22ac8685d1ccba4c4b,unittest_db_checker_non_db_28044e14ba6f4a22ac8685d1ccba4c4b,unit_test_artifact,postgres,1,1,no,no,case_engine_suffix_sql,yes,low,no,unit-test artifact; not recommended as POCR route input
runs/user/unittest_db_checker_non_db_2e2b8f9a7f2c44cbb85629f57cb1a572/candidate_sql,unit_test_artifact,unittest_db_checker_non_db_2e2b8f9a7f2c44cbb85629f57cb1a572,unittest_db_checker_non_db_2e2b8f9a7f2c44cbb85629f57cb1a572,unit_test_artifact,postgres,1,1,no,no,case_engine_suffix_sql,yes,low,no,unit-test artifact; not recommended as POCR route input
runs/user/unittest_db_checker_non_db_2ec6b2c3b2ef4ee9a66f9a768d685792/candidate_sql,unit_test_artifact,unittest_db_checker_non_db_2ec6b2c3b2ef4ee9a66f9a768d685792,unittest_db_checker_non_db_2ec6b2c3b2ef4ee9a66f9a768d685792,unit_test_artifact,postgres,1,1,no,no,case_engine_suffix_sql,yes,low,no,unit-test artifact; not recommended as POCR route input
runs/user/unittest_db_checker_non_db_33e7470e2dd44a53aa71b445ef89e2ea/candidate_sql,unit_test_artifact,unittest_db_checker_non_db_33e7470e2dd44a53aa71b445ef89e2ea,unittest_db_checker_non_db_33e7470e2dd44a53aa71b445ef89e2ea,unit_test_artifact,postgres,1,1,no,no,case_engine_suffix_sql,yes,low,no,unit-test artifact; not recommended as POCR route input
runs/user/unittest_db_checker_non_db_3426088db62c4cdea58bcb3c9fbff496/candidate_sql,unit_test_artifact,unittest_db_checker_non_db_3426088db62c4cdea58bcb3c9fbff496,unittest_db_checker_non_db_3426088db62c4cdea58bcb3c9fbff496,unit_test_artifact,postgres,1,1,no,no,case_engine_suffix_sql,yes,low,no,unit-test artifact; not recommended as POCR route input
runs/user/unittest_db_checker_non_db_3429bb8fa1024dc28d9f4dbfe5a6e73d/candidate_sql,unit_test_artifact,unittest_db_checker_non_db_3429bb8fa1024dc28d9f4dbfe5a6e73d,unittest_db_checker_non_db_3429bb8fa1024dc28d9f4dbfe5a6e73d,unit_test_artifact,postgres,1,1,no,no,case_engine_suffix_sql,yes,low,no,unit-test artifact; not recommended as POCR route input
runs/user/unittest_db_checker_non_db_3636c66c5d5f4aa68e6a55b52ef9f993/candidate_sql,unit_test_artifact,unittest_db_checker_non_db_3636c66c5d5f4aa68e6a55b52ef9f993,unittest_db_checker_non_db_3636c66c5d5f4aa68e6a55b52ef9f993,unit_test_artifact,postgres,1,1,no,no,case_engine_suffix_sql,yes,low,no,unit-test artifact; not recommended as POCR route input
runs/user/unittest_db_checker_non_db_36a894b3fb564b579891ef683a6dc0f6/candidate_sql,unit_test_artifact,unittest_db_checker_non_db_36a894b3fb564b579891ef683a6dc0f6,unittest_db_checker_non_db_36a894b3fb564b579891ef683a6dc0f6,unit_test_artifact,postgres,1,1,no,no,case_engine_suffix_sql,yes,low,no,unit-test artifact; not recommended as POCR route input
runs/user/unittest_db_checker_non_db_3eca6cb0827448f9a52f9d34f04e83d1/candidate_sql,unit_test_artifact,unittest_db_checker_non_db_3eca6cb0827448f9a52f9d34f04e83d1,unittest_db_checker_non_db_3eca6cb0827448f9a52f9d34f04e83d1,unit_test_artifact,postgres,1,1,no,no,case_engine_suffix_sql,yes,low,no,unit-test artifact; not recommended as POCR route input
runs/user/unittest_db_checker_non_db_3f834b3aca6649be89eaa67522365343/candidate_sql,unit_test_artifact,unittest_db_checker_non_db_3f834b3aca6649be89eaa67522365343,unittest_db_checker_non_db_3f834b3aca6649be89eaa67522365343,unit_test_artifact,postgres,1,1,no,no,case_engine_suffix_sql,yes,low,no,unit-test artifact; not recommended as POCR route input
runs/user/unittest_db_checker_non_db_4244f2e1402647bb8ebe0e640f90b373/candidate_sql,unit_test_artifact,unittest_db_checker_non_db_4244f2e1402647bb8ebe0e640f90b373,unittest_db_checker_non_db_4244f2e1402647bb8ebe0e640f90b373,unit_test_artifact,postgres,1,1,no,no,case_engine_suffix_sql,yes,low,no,unit-test artifact; not recommended as POCR route input
runs/user/unittest_db_checker_non_db_432556f13d6f4b96b4f6a2f83860e963/candidate_sql,unit_test_artifact,unittest_db_checker_non_db_432556f13d6f4b96b4f6a2f83860e963,unittest_db_checker_non_db_432556f13d6f4b96b4f6a2f83860e963,unit_test_artifact,postgres,1,1,no,no,case_engine_suffix_sql,yes,low,no,unit-test artifact; not recommended as POCR route input
runs/user/unittest_db_checker_non_db_43eeb2ac3fbe41afbaae03827a04ff73/candidate_sql,unit_test_artifact,unittest_db_checker_non_db_43eeb2ac3fbe41afbaae03827a04ff73,unittest_db_checker_non_db_43eeb2ac3fbe41afbaae03827a04ff73,unit_test_artifact,postgres,1,1,no,no,case_engine_suffix_sql,yes,low,no,unit-test artifact; not recommended as POCR route input
runs/user/unittest_db_checker_non_db_43f01e5761bf478189fa4898ff9969a6/candidate_sql,unit_test_artifact,unittest_db_checker_non_db_43f01e5761bf478189fa4898ff9969a6,unittest_db_checker_non_db_43f01e5761bf478189fa4898ff9969a6,unit_test_artifact,postgres,1,1,no,no,case_engine_suffix_sql,yes,low,no,unit-test artifact; not recommended as POCR route input
runs/user/unittest_db_checker_non_db_46034a38c12e460987c0fef313c03b05/candidate_sql,unit_test_artifact,unittest_db_checker_non_db_46034a38c12e460987c0fef313c03b05,unittest_db_checker_non_db_46034a38c12e460987c0fef313c03b05,unit_test_artifact,postgres,1,1,no,no,case_engine_suffix_sql,yes,low,no,unit-test artifact; not recommended as POCR route input
runs/user/unittest_db_checker_non_db_49133742ddaa4c16a1ad4b85ed77d7c4/candidate_sql,unit_test_artifact,unittest_db_checker_non_db_49133742ddaa4c16a1ad4b85ed77d7c4,unittest_db_checker_non_db_49133742ddaa4c16a1ad4b85ed77d7c4,unit_test_artifact,postgres,1,1,no,no,case_engine_suffix_sql,yes,low,no,unit-test artifact; not recommended as POCR route input
runs/user/unittest_db_checker_non_db_4933fe7822404d409b297136227ff494/candidate_sql,unit_test_artifact,unittest_db_checker_non_db_4933fe7822404d409b297136227ff494,unittest_db_checker_non_db_4933fe7822404d409b297136227ff494,unit_test_artifact,postgres,1,1,no,no,case_engine_suffix_sql,yes,low,no,unit-test artifact; not recommended as POCR route input
runs/user/unittest_db_checker_non_db_4c6474e881d1422fbdfecce1745ce81f/candidate_sql,unit_test_artifact,unittest_db_checker_non_db_4c6474e881d1422fbdfecce1745ce81f,unittest_db_checker_non_db_4c6474e881d1422fbdfecce1745ce81f,unit_test_artifact,postgres,1,1,no,no,case_engine_suffix_sql,yes,low,no,unit-test artifact; not recommended as POCR route input
runs/user/unittest_db_checker_non_db_4dbbff0db82142e886b3fc0c78a8f9ba/candidate_sql,unit_test_artifact,unittest_db_checker_non_db_4dbbff0db82142e886b3fc0c78a8f9ba,unittest_db_checker_non_db_4dbbff0db82142e886b3fc0c78a8f9ba,unit_test_artifact,postgres,1,1,no,no,case_engine_suffix_sql,yes,low,no,unit-test artifact; not recommended as POCR route input
runs/user/unittest_db_checker_non_db_4ebf06c069974eb9b10c393529cba849/candidate_sql,unit_test_artifact,unittest_db_checker_non_db_4ebf06c069974eb9b10c393529cba849,unittest_db_checker_non_db_4ebf06c069974eb9b10c393529cba849,unit_test_artifact,postgres,1,1,no,no,case_engine_suffix_sql,yes,low,no,unit-test artifact; not recommended as POCR route input
runs/user/unittest_db_checker_non_db_566c8e33523941c38c6e327d101a02fa/candidate_sql,unit_test_artifact,unittest_db_checker_non_db_566c8e33523941c38c6e327d101a02fa,unittest_db_checker_non_db_566c8e33523941c38c6e327d101a02fa,unit_test_artifact,postgres,1,1,no,no,case_engine_suffix_sql,yes,low,no,unit-test artifact; not recommended as POCR route input
runs/user/unittest_db_checker_non_db_5693f637ada04c7499d830158c8c9bd3/candidate_sql,unit_test_artifact,unittest_db_checker_non_db_5693f637ada04c7499d830158c8c9bd3,unittest_db_checker_non_db_5693f637ada04c7499d830158c8c9bd3,unit_test_artifact,postgres,1,1,no,no,case_engine_suffix_sql,yes,low,no,unit-test artifact; not recommended as POCR route input
runs/user/unittest_db_checker_non_db_576c34d536fd46bba7ed1d143de3bcb7/candidate_sql,unit_test_artifact,unittest_db_checker_non_db_576c34d536fd46bba7ed1d143de3bcb7,unittest_db_checker_non_db_576c34d536fd46bba7ed1d143de3bcb7,unit_test_artifact,postgres,1,1,no,no,case_engine_suffix_sql,yes,low,no,unit-test artifact; not recommended as POCR route input
runs/user/unittest_db_checker_non_db_584238b301cd406bb9b1cd1742088c78/candidate_sql,unit_test_artifact,unittest_db_checker_non_db_584238b301cd406bb9b1cd1742088c78,unittest_db_checker_non_db_584238b301cd406bb9b1cd1742088c78,unit_test_artifact,postgres,1,1,no,no,case_engine_suffix_sql,yes,low,no,unit-test artifact; not recommended as POCR route input
runs/user/unittest_db_checker_non_db_5885310e9651488998d5ab65f773d6e9/candidate_sql,unit_test_artifact,unittest_db_checker_non_db_5885310e9651488998d5ab65f773d6e9,unittest_db_checker_non_db_5885310e9651488998d5ab65f773d6e9,unit_test_artifact,postgres,1,1,no,no,case_engine_suffix_sql,yes,low,no,unit-test artifact; not recommended as POCR route input
runs/user/unittest_db_checker_non_db_5dd45b1b7954468eb00ca76cadf5be2b/candidate_sql,unit_test_artifact,unittest_db_checker_non_db_5dd45b1b7954468eb00ca76cadf5be2b,unittest_db_checker_non_db_5dd45b1b7954468eb00ca76cadf5be2b,unit_test_artifact,postgres,1,1,no,no,case_engine_suffix_sql,yes,low,no,unit-test artifact; not recommended as POCR route input
runs/user/unittest_db_checker_non_db_5f5a3066a0e04f369907c5b0c34584ff/candidate_sql,unit_test_artifact,unittest_db_checker_non_db_5f5a3066a0e04f369907c5b0c34584ff,unittest_db_checker_non_db_5f5a3066a0e04f369907c5b0c34584ff,unit_test_artifact,postgres,1,1,no,no,case_engine_suffix_sql,yes,low,no,unit-test artifact; not recommended as POCR route input
runs/user/unittest_db_checker_non_db_5fb7bdda4cc44df797287e26883864cf/candidate_sql,unit_test_artifact,unittest_db_checker_non_db_5fb7bdda4cc44df797287e26883864cf,unittest_db_checker_non_db_5fb7bdda4cc44df797287e26883864cf,unit_test_artifact,postgres,1,1,no,no,case_engine_suffix_sql,yes,low,no,unit-test artifact; not recommended as POCR route input
runs/user/unittest_db_checker_non_db_61f7304234fd448c993d17a2e2ecc6e7/candidate_sql,unit_test_artifact,unittest_db_checker_non_db_61f7304234fd448c993d17a2e2ecc6e7,unittest_db_checker_non_db_61f7304234fd448c993d17a2e2ecc6e7,unit_test_artifact,postgres,1,1,no,no,case_engine_suffix_sql,yes,low,no,unit-test artifact; not recommended as POCR route input
runs/user/unittest_db_checker_non_db_64853daa4c0c4635beb7dc8da1aa982f/candidate_sql,unit_test_artifact,unittest_db_checker_non_db_64853daa4c0c4635beb7dc8da1aa982f,unittest_db_checker_non_db_64853daa4c0c4635beb7dc8da1aa982f,unit_test_artifact,postgres,1,1,no,no,case_engine_suffix_sql,yes,low,no,unit-test artifact; not recommended as POCR route input
runs/user/unittest_db_checker_non_db_6579ef007d6440d1b0eeb6e2a2222c5c/candidate_sql,unit_test_artifact,unittest_db_checker_non_db_6579ef007d6440d1b0eeb6e2a2222c5c,unittest_db_checker_non_db_6579ef007d6440d1b0eeb6e2a2222c5c,unit_test_artifact,postgres,1,1,no,no,case_engine_suffix_sql,yes,low,no,unit-test artifact; not recommended as POCR route input
runs/user/unittest_db_checker_non_db_67fe925dfb2c4b7da4572b8d2335adbb/candidate_sql,unit_test_artifact,unittest_db_checker_non_db_67fe925dfb2c4b7da4572b8d2335adbb,unittest_db_checker_non_db_67fe925dfb2c4b7da4572b8d2335adbb,unit_test_artifact,postgres,1,1,no,no,case_engine_suffix_sql,yes,low,no,unit-test artifact; not recommended as POCR route input
runs/user/unittest_db_checker_non_db_69fb4f3c61df4a51b6d94a8d0143b733/candidate_sql,unit_test_artifact,unittest_db_checker_non_db_69fb4f3c61df4a51b6d94a8d0143b733,unittest_db_checker_non_db_69fb4f3c61df4a51b6d94a8d0143b733,unit_test_artifact,postgres,1,1,no,no,case_engine_suffix_sql,yes,low,no,unit-test artifact; not recommended as POCR route input
runs/user/unittest_db_checker_non_db_6a7f6a8a389042f4b0c2ebebed22d7ee/candidate_sql,unit_test_artifact,unittest_db_checker_non_db_6a7f6a8a389042f4b0c2ebebed22d7ee,unittest_db_checker_non_db_6a7f6a8a389042f4b0c2ebebed22d7ee,unit_test_artifact,postgres,1,1,no,no,case_engine_suffix_sql,yes,low,no,unit-test artifact; not recommended as POCR route input
runs/user/unittest_db_checker_non_db_6b2c731f62e240349c6660cee9b59814/candidate_sql,unit_test_artifact,unittest_db_checker_non_db_6b2c731f62e240349c6660cee9b59814,unittest_db_checker_non_db_6b2c731f62e240349c6660cee9b59814,unit_test_artifact,postgres,1,1,no,no,case_engine_suffix_sql,yes,low,no,unit-test artifact; not recommended as POCR route input
runs/user/unittest_db_checker_non_db_6cab5da8f8d14326901e11d1e4510102/candidate_sql,unit_test_artifact,unittest_db_checker_non_db_6cab5da8f8d14326901e11d1e4510102,unittest_db_checker_non_db_6cab5da8f8d14326901e11d1e4510102,unit_test_artifact,postgres,1,1,no,no,case_engine_suffix_sql,yes,low,no,unit-test artifact; not recommended as POCR route input
runs/user/unittest_db_checker_non_db_709e1ab068184760945ee75bc8f8311e/candidate_sql,unit_test_artifact,unittest_db_checker_non_db_709e1ab068184760945ee75bc8f8311e,unittest_db_checker_non_db_709e1ab068184760945ee75bc8f8311e,unit_test_artifact,postgres,1,1,no,no,case_engine_suffix_sql,yes,low,no,unit-test artifact; not recommended as POCR route input
runs/user/unittest_db_checker_non_db_731b95c2b8724076b15779d538593f01/candidate_sql,unit_test_artifact,unittest_db_checker_non_db_731b95c2b8724076b15779d538593f01,unittest_db_checker_non_db_731b95c2b8724076b15779d538593f01,unit_test_artifact,postgres,1,1,no,no,case_engine_suffix_sql,yes,low,no,unit-test artifact; not recommended as POCR route input
runs/user/unittest_db_checker_non_db_787cad6062884b7c8c9c331b218465c4/candidate_sql,unit_test_artifact,unittest_db_checker_non_db_787cad6062884b7c8c9c331b218465c4,unittest_db_checker_non_db_787cad6062884b7c8c9c331b218465c4,unit_test_artifact,postgres,1,1,no,no,case_engine_suffix_sql,yes,low,no,unit-test artifact; not recommended as POCR route input
runs/user/unittest_db_checker_non_db_794d31d642f3499b94ee2e6ab8583f20/candidate_sql,unit_test_artifact,unittest_db_checker_non_db_794d31d642f3499b94ee2e6ab8583f20,unittest_db_checker_non_db_794d31d642f3499b94ee2e6ab8583f20,unit_test_artifact,postgres,1,1,no,no,case_engine_suffix_sql,yes,low,no,unit-test artifact; not recommended as POCR route input
runs/user/unittest_db_checker_non_db_7aa8034313414eec80437c4a4bb66e53/candidate_sql,unit_test_artifact,unittest_db_checker_non_db_7aa8034313414eec80437c4a4bb66e53,unittest_db_checker_non_db_7aa8034313414eec80437c4a4bb66e53,unit_test_artifact,postgres,1,1,no,no,case_engine_suffix_sql,yes,low,no,unit-test artifact; not recommended as POCR route input
runs/user/unittest_db_checker_non_db_7c3ab5a166c24e50b24b0b3808f87534/candidate_sql,unit_test_artifact,unittest_db_checker_non_db_7c3ab5a166c24e50b24b0b3808f87534,unittest_db_checker_non_db_7c3ab5a166c24e50b24b0b3808f87534,unit_test_artifact,postgres,1,1,no,no,case_engine_suffix_sql,yes,low,no,unit-test artifact; not recommended as POCR route input
runs/user/unittest_db_checker_non_db_7eee3eb4f046485a9d910a9a502b1ff8/candidate_sql,unit_test_artifact,unittest_db_checker_non_db_7eee3eb4f046485a9d910a9a502b1ff8,unittest_db_checker_non_db_7eee3eb4f046485a9d910a9a502b1ff8,unit_test_artifact,postgres,1,1,no,no,case_engine_suffix_sql,yes,low,no,unit-test artifact; not recommended as POCR route input
runs/user/unittest_db_checker_non_db_85edf77b960f43b698319f875eefcf64/candidate_sql,unit_test_artifact,unittest_db_checker_non_db_85edf77b960f43b698319f875eefcf64,unittest_db_checker_non_db_85edf77b960f43b698319f875eefcf64,unit_test_artifact,postgres,1,1,no,no,case_engine_suffix_sql,yes,low,no,unit-test artifact; not recommended as POCR route input
runs/user/unittest_db_checker_non_db_8f8c058061194a55880c781546597945/candidate_sql,unit_test_artifact,unittest_db_checker_non_db_8f8c058061194a55880c781546597945,unittest_db_checker_non_db_8f8c058061194a55880c781546597945,unit_test_artifact,postgres,1,1,no,no,case_engine_suffix_sql,yes,low,no,unit-test artifact; not recommended as POCR route input
runs/user/unittest_db_checker_non_db_90c9bff63afd43b9ad4e1005db949ec4/candidate_sql,unit_test_artifact,unittest_db_checker_non_db_90c9bff63afd43b9ad4e1005db949ec4,unittest_db_checker_non_db_90c9bff63afd43b9ad4e1005db949ec4,unit_test_artifact,postgres,1,1,no,no,case_engine_suffix_sql,yes,low,no,unit-test artifact; not recommended as POCR route input
runs/user/unittest_db_checker_non_db_919482c142ce4aeb90d7804f6c1d4981/candidate_sql,unit_test_artifact,unittest_db_checker_non_db_919482c142ce4aeb90d7804f6c1d4981,unittest_db_checker_non_db_919482c142ce4aeb90d7804f6c1d4981,unit_test_artifact,postgres,1,1,no,no,case_engine_suffix_sql,yes,low,no,unit-test artifact; not recommended as POCR route input
runs/user/unittest_db_checker_non_db_96a637cf539e449e982963675545974d/candidate_sql,unit_test_artifact,unittest_db_checker_non_db_96a637cf539e449e982963675545974d,unittest_db_checker_non_db_96a637cf539e449e982963675545974d,unit_test_artifact,postgres,1,1,no,no,case_engine_suffix_sql,yes,low,no,unit-test artifact; not recommended as POCR route input
runs/user/unittest_db_checker_non_db_972807c775e84da89fa1c5baa0ec53d8/candidate_sql,unit_test_artifact,unittest_db_checker_non_db_972807c775e84da89fa1c5baa0ec53d8,unittest_db_checker_non_db_972807c775e84da89fa1c5baa0ec53d8,unit_test_artifact,postgres,1,1,no,no,case_engine_suffix_sql,yes,low,no,unit-test artifact; not recommended as POCR route input
runs/user/unittest_db_checker_non_db_9a6cb5a2bb1b45c7a1c430c20ea5be3c/candidate_sql,unit_test_artifact,unittest_db_checker_non_db_9a6cb5a2bb1b45c7a1c430c20ea5be3c,unittest_db_checker_non_db_9a6cb5a2bb1b45c7a1c430c20ea5be3c,unit_test_artifact,postgres,1,1,no,no,case_engine_suffix_sql,yes,low,no,unit-test artifact; not recommended as POCR route input
runs/user/unittest_db_checker_non_db_9f29c3dcb0214fbbb6ea5ed4b2d0a4e5/candidate_sql,unit_test_artifact,unittest_db_checker_non_db_9f29c3dcb0214fbbb6ea5ed4b2d0a4e5,unittest_db_checker_non_db_9f29c3dcb0214fbbb6ea5ed4b2d0a4e5,unit_test_artifact,postgres,1,1,no,no,case_engine_suffix_sql,yes,low,no,unit-test artifact; not recommended as POCR route input
runs/user/unittest_db_checker_non_db_a16bc4379b514430b720a3578d6ce2ad/candidate_sql,unit_test_artifact,unittest_db_checker_non_db_a16bc4379b514430b720a3578d6ce2ad,unittest_db_checker_non_db_a16bc4379b514430b720a3578d6ce2ad,unit_test_artifact,postgres,1,1,no,no,case_engine_suffix_sql,yes,low,no,unit-test artifact; not recommended as POCR route input
runs/user/unittest_db_checker_non_db_a27cc410b8934379a618a4a2563d2261/candidate_sql,unit_test_artifact,unittest_db_checker_non_db_a27cc410b8934379a618a4a2563d2261,unittest_db_checker_non_db_a27cc410b8934379a618a4a2563d2261,unit_test_artifact,postgres,1,1,no,no,case_engine_suffix_sql,yes,low,no,unit-test artifact; not recommended as POCR route input
runs/user/unittest_db_checker_non_db_a56b8eea92ae4e65941a3aa9d4d1e81d/candidate_sql,unit_test_artifact,unittest_db_checker_non_db_a56b8eea92ae4e65941a3aa9d4d1e81d,unittest_db_checker_non_db_a56b8eea92ae4e65941a3aa9d4d1e81d,unit_test_artifact,postgres,1,1,no,no,case_engine_suffix_sql,yes,low,no,unit-test artifact; not recommended as POCR route input
runs/user/unittest_db_checker_non_db_a57dc3d6a1e94bb3a5f7e78d998456ae/candidate_sql,unit_test_artifact,unittest_db_checker_non_db_a57dc3d6a1e94bb3a5f7e78d998456ae,unittest_db_checker_non_db_a57dc3d6a1e94bb3a5f7e78d998456ae,unit_test_artifact,postgres,1,1,no,no,case_engine_suffix_sql,yes,low,no,unit-test artifact; not recommended as POCR route input
runs/user/unittest_db_checker_non_db_a59dcb6884c045909ff788c3887f6b7c/candidate_sql,unit_test_artifact,unittest_db_checker_non_db_a59dcb6884c045909ff788c3887f6b7c,unittest_db_checker_non_db_a59dcb6884c045909ff788c3887f6b7c,unit_test_artifact,postgres,1,1,no,no,case_engine_suffix_sql,yes,low,no,unit-test artifact; not recommended as POCR route input
runs/user/unittest_db_checker_non_db_a7e92323f45a4d17b58bd082f82bae52/candidate_sql,unit_test_artifact,unittest_db_checker_non_db_a7e92323f45a4d17b58bd082f82bae52,unittest_db_checker_non_db_a7e92323f45a4d17b58bd082f82bae52,unit_test_artifact,postgres,1,1,no,no,case_engine_suffix_sql,yes,low,no,unit-test artifact; not recommended as POCR route input
runs/user/unittest_db_checker_non_db_a827920cccf647f1a22692324ef5cf66/candidate_sql,unit_test_artifact,unittest_db_checker_non_db_a827920cccf647f1a22692324ef5cf66,unittest_db_checker_non_db_a827920cccf647f1a22692324ef5cf66,unit_test_artifact,postgres,1,1,no,no,case_engine_suffix_sql,yes,low,no,unit-test artifact; not recommended as POCR route input
runs/user/unittest_db_checker_non_db_a9a6c7666e204834bdb267df9da100be/candidate_sql,unit_test_artifact,unittest_db_checker_non_db_a9a6c7666e204834bdb267df9da100be,unittest_db_checker_non_db_a9a6c7666e204834bdb267df9da100be,unit_test_artifact,postgres,1,1,no,no,case_engine_suffix_sql,yes,low,no,unit-test artifact; not recommended as POCR route input
runs/user/unittest_db_checker_non_db_a9bff1ea291845a2971d649dc037b20b/candidate_sql,unit_test_artifact,unittest_db_checker_non_db_a9bff1ea291845a2971d649dc037b20b,unittest_db_checker_non_db_a9bff1ea291845a2971d649dc037b20b,unit_test_artifact,postgres,1,1,no,no,case_engine_suffix_sql,yes,low,no,unit-test artifact; not recommended as POCR route input
runs/user/unittest_db_checker_non_db_aa5f53c78a644e568df548e5a73047bf/candidate_sql,unit_test_artifact,unittest_db_checker_non_db_aa5f53c78a644e568df548e5a73047bf,unittest_db_checker_non_db_aa5f53c78a644e568df548e5a73047bf,unit_test_artifact,postgres,1,1,no,no,case_engine_suffix_sql,yes,low,no,unit-test artifact; not recommended as POCR route input
runs/user/unittest_db_checker_non_db_ac94dc40473d408f92b1148a646c99f4/candidate_sql,unit_test_artifact,unittest_db_checker_non_db_ac94dc40473d408f92b1148a646c99f4,unittest_db_checker_non_db_ac94dc40473d408f92b1148a646c99f4,unit_test_artifact,postgres,1,1,no,no,case_engine_suffix_sql,yes,low,no,unit-test artifact; not recommended as POCR route input
runs/user/unittest_db_checker_non_db_ad68bae14a1e466792f7c633b2ed2351/candidate_sql,unit_test_artifact,unittest_db_checker_non_db_ad68bae14a1e466792f7c633b2ed2351,unittest_db_checker_non_db_ad68bae14a1e466792f7c633b2ed2351,unit_test_artifact,postgres,1,1,no,no,case_engine_suffix_sql,yes,low,no,unit-test artifact; not recommended as POCR route input
runs/user/unittest_db_checker_non_db_ae5f1917b3014061b86fe30f251ef472/candidate_sql,unit_test_artifact,unittest_db_checker_non_db_ae5f1917b3014061b86fe30f251ef472,unittest_db_checker_non_db_ae5f1917b3014061b86fe30f251ef472,unit_test_artifact,postgres,1,1,no,no,case_engine_suffix_sql,yes,low,no,unit-test artifact; not recommended as POCR route input
runs/user/unittest_db_checker_non_db_aec0ceee639f449d915107bc0b804884/candidate_sql,unit_test_artifact,unittest_db_checker_non_db_aec0ceee639f449d915107bc0b804884,unittest_db_checker_non_db_aec0ceee639f449d915107bc0b804884,unit_test_artifact,postgres,1,1,no,no,case_engine_suffix_sql,yes,low,no,unit-test artifact; not recommended as POCR route input
runs/user/unittest_db_checker_non_db_b127130c829342af8914042e09e136d3/candidate_sql,unit_test_artifact,unittest_db_checker_non_db_b127130c829342af8914042e09e136d3,unittest_db_checker_non_db_b127130c829342af8914042e09e136d3,unit_test_artifact,postgres,1,1,no,no,case_engine_suffix_sql,yes,low,no,unit-test artifact; not recommended as POCR route input
runs/user/unittest_db_checker_non_db_b38618651f7c4a7e93c85910ab8a1e60/candidate_sql,unit_test_artifact,unittest_db_checker_non_db_b38618651f7c4a7e93c85910ab8a1e60,unittest_db_checker_non_db_b38618651f7c4a7e93c85910ab8a1e60,unit_test_artifact,postgres,1,1,no,no,case_engine_suffix_sql,yes,low,no,unit-test artifact; not recommended as POCR route input
runs/user/unittest_db_checker_non_db_b538d32ed6cb4fa899579660463dab8c/candidate_sql,unit_test_artifact,unittest_db_checker_non_db_b538d32ed6cb4fa899579660463dab8c,unittest_db_checker_non_db_b538d32ed6cb4fa899579660463dab8c,unit_test_artifact,postgres,1,1,no,no,case_engine_suffix_sql,yes,low,no,unit-test artifact; not recommended as POCR route input
runs/user/unittest_db_checker_non_db_b94dcbd610a24486aee2d7552391409a/candidate_sql,unit_test_artifact,unittest_db_checker_non_db_b94dcbd610a24486aee2d7552391409a,unittest_db_checker_non_db_b94dcbd610a24486aee2d7552391409a,unit_test_artifact,postgres,1,1,no,no,case_engine_suffix_sql,yes,low,no,unit-test artifact; not recommended as POCR route input
runs/user/unittest_db_checker_non_db_ba99162d2fcc48f0ab3a641dcf16fed8/candidate_sql,unit_test_artifact,unittest_db_checker_non_db_ba99162d2fcc48f0ab3a641dcf16fed8,unittest_db_checker_non_db_ba99162d2fcc48f0ab3a641dcf16fed8,unit_test_artifact,postgres,1,1,no,no,case_engine_suffix_sql,yes,low,no,unit-test artifact; not recommended as POCR route input
runs/user/unittest_db_checker_non_db_bc7a8dc1214b4adc85242b4bf626d93e/candidate_sql,unit_test_artifact,unittest_db_checker_non_db_bc7a8dc1214b4adc85242b4bf626d93e,unittest_db_checker_non_db_bc7a8dc1214b4adc85242b4bf626d93e,unit_test_artifact,postgres,1,1,no,no,case_engine_suffix_sql,yes,low,no,unit-test artifact; not recommended as POCR route input
runs/user/unittest_db_checker_non_db_bcf914f1ed384e06a8e87e2403f23127/candidate_sql,unit_test_artifact,unittest_db_checker_non_db_bcf914f1ed384e06a8e87e2403f23127,unittest_db_checker_non_db_bcf914f1ed384e06a8e87e2403f23127,unit_test_artifact,postgres,1,1,no,no,case_engine_suffix_sql,yes,low,no,unit-test artifact; not recommended as POCR route input
runs/user/unittest_db_checker_non_db_bda9aafc265145a4aad07cd44cc0b29e/candidate_sql,unit_test_artifact,unittest_db_checker_non_db_bda9aafc265145a4aad07cd44cc0b29e,unittest_db_checker_non_db_bda9aafc265145a4aad07cd44cc0b29e,unit_test_artifact,postgres,1,1,no,no,case_engine_suffix_sql,yes,low,no,unit-test artifact; not recommended as POCR route input
runs/user/unittest_db_checker_non_db_c0003a15ac88434fbe9e11e697fd4b3f/candidate_sql,unit_test_artifact,unittest_db_checker_non_db_c0003a15ac88434fbe9e11e697fd4b3f,unittest_db_checker_non_db_c0003a15ac88434fbe9e11e697fd4b3f,unit_test_artifact,postgres,1,1,no,no,case_engine_suffix_sql,yes,low,no,unit-test artifact; not recommended as POCR route input
runs/user/unittest_db_checker_non_db_c05c31e12f82449686411cc2ae3c9b9e/candidate_sql,unit_test_artifact,unittest_db_checker_non_db_c05c31e12f82449686411cc2ae3c9b9e,unittest_db_checker_non_db_c05c31e12f82449686411cc2ae3c9b9e,unit_test_artifact,postgres,1,1,no,no,case_engine_suffix_sql,yes,low,no,unit-test artifact; not recommended as POCR route input
runs/user/unittest_db_checker_non_db_c186cfc5e50346c2b149ffeb2d3d0dc3/candidate_sql,unit_test_artifact,unittest_db_checker_non_db_c186cfc5e50346c2b149ffeb2d3d0dc3,unittest_db_checker_non_db_c186cfc5e50346c2b149ffeb2d3d0dc3,unit_test_artifact,postgres,1,1,no,no,case_engine_suffix_sql,yes,low,no,unit-test artifact; not recommended as POCR route input
runs/user/unittest_db_checker_non_db_c1f22e1890a34fdc9ccc627152ee6c28/candidate_sql,unit_test_artifact,unittest_db_checker_non_db_c1f22e1890a34fdc9ccc627152ee6c28,unittest_db_checker_non_db_c1f22e1890a34fdc9ccc627152ee6c28,unit_test_artifact,postgres,1,1,no,no,case_engine_suffix_sql,yes,low,no,unit-test artifact; not recommended as POCR route input
runs/user/unittest_db_checker_non_db_c2fe1f012e984dc996a60edf79183da9/candidate_sql,unit_test_artifact,unittest_db_checker_non_db_c2fe1f012e984dc996a60edf79183da9,unittest_db_checker_non_db_c2fe1f012e984dc996a60edf79183da9,unit_test_artifact,postgres,1,1,no,no,case_engine_suffix_sql,yes,low,no,unit-test artifact; not recommended as POCR route input
runs/user/unittest_db_checker_non_db_c7cd30568fcd484596e60f5c314a69d3/candidate_sql,unit_test_artifact,unittest_db_checker_non_db_c7cd30568fcd484596e60f5c314a69d3,unittest_db_checker_non_db_c7cd30568fcd484596e60f5c314a69d3,unit_test_artifact,postgres,1,1,no,no,case_engine_suffix_sql,yes,low,no,unit-test artifact; not recommended as POCR route input
runs/user/unittest_db_checker_non_db_c8b9af1e0c66407e90aff3b35f233fc7/candidate_sql,unit_test_artifact,unittest_db_checker_non_db_c8b9af1e0c66407e90aff3b35f233fc7,unittest_db_checker_non_db_c8b9af1e0c66407e90aff3b35f233fc7,unit_test_artifact,postgres,1,1,no,no,case_engine_suffix_sql,yes,low,no,unit-test artifact; not recommended as POCR route input
runs/user/unittest_db_checker_non_db_cd4ef12c9671466bb4a2698cf05c70ec/candidate_sql,unit_test_artifact,unittest_db_checker_non_db_cd4ef12c9671466bb4a2698cf05c70ec,unittest_db_checker_non_db_cd4ef12c9671466bb4a2698cf05c70ec,unit_test_artifact,postgres,1,1,no,no,case_engine_suffix_sql,yes,low,no,unit-test artifact; not recommended as POCR route input
runs/user/unittest_db_checker_non_db_d020efcb2a234004a04ff1af483517ab/candidate_sql,unit_test_artifact,unittest_db_checker_non_db_d020efcb2a234004a04ff1af483517ab,unittest_db_checker_non_db_d020efcb2a234004a04ff1af483517ab,unit_test_artifact,postgres,1,1,no,no,case_engine_suffix_sql,yes,low,no,unit-test artifact; not recommended as POCR route input
runs/user/unittest_db_checker_non_db_d1b4d3b18419430db618f8b308cd93aa/candidate_sql,unit_test_artifact,unittest_db_checker_non_db_d1b4d3b18419430db618f8b308cd93aa,unittest_db_checker_non_db_d1b4d3b18419430db618f8b308cd93aa,unit_test_artifact,postgres,1,1,no,no,case_engine_suffix_sql,yes,low,no,unit-test artifact; not recommended as POCR route input
runs/user/unittest_db_checker_non_db_d579fb143f014d368c79454531afb50a/candidate_sql,unit_test_artifact,unittest_db_checker_non_db_d579fb143f014d368c79454531afb50a,unittest_db_checker_non_db_d579fb143f014d368c79454531afb50a,unit_test_artifact,postgres,1,1,no,no,case_engine_suffix_sql,yes,low,no,unit-test artifact; not recommended as POCR route input
runs/user/unittest_db_checker_non_db_dbd11bd634ca407f851714632b4a649e/candidate_sql,unit_test_artifact,unittest_db_checker_non_db_dbd11bd634ca407f851714632b4a649e,unittest_db_checker_non_db_dbd11bd634ca407f851714632b4a649e,unit_test_artifact,postgres,1,1,no,no,case_engine_suffix_sql,yes,low,no,unit-test artifact; not recommended as POCR route input
runs/user/unittest_db_checker_non_db_dcf48b97038542839b5fd2f1f5551ff7/candidate_sql,unit_test_artifact,unittest_db_checker_non_db_dcf48b97038542839b5fd2f1f5551ff7,unittest_db_checker_non_db_dcf48b97038542839b5fd2f1f5551ff7,unit_test_artifact,postgres,1,1,no,no,case_engine_suffix_sql,yes,low,no,unit-test artifact; not recommended as POCR route input
runs/user/unittest_db_checker_non_db_dee8efc9a13144ababb45091c06a3b35/candidate_sql,unit_test_artifact,unittest_db_checker_non_db_dee8efc9a13144ababb45091c06a3b35,unittest_db_checker_non_db_dee8efc9a13144ababb45091c06a3b35,unit_test_artifact,postgres,1,1,no,no,case_engine_suffix_sql,yes,low,no,unit-test artifact; not recommended as POCR route input
runs/user/unittest_db_checker_non_db_deff9114735b4addaa313060f5c6102d/candidate_sql,unit_test_artifact,unittest_db_checker_non_db_deff9114735b4addaa313060f5c6102d,unittest_db_checker_non_db_deff9114735b4addaa313060f5c6102d,unit_test_artifact,postgres,1,1,no,no,case_engine_suffix_sql,yes,low,no,unit-test artifact; not recommended as POCR route input
runs/user/unittest_db_checker_non_db_e422227a774947999e6143371d66d08f/candidate_sql,unit_test_artifact,unittest_db_checker_non_db_e422227a774947999e6143371d66d08f,unittest_db_checker_non_db_e422227a774947999e6143371d66d08f,unit_test_artifact,postgres,1,1,no,no,case_engine_suffix_sql,yes,low,no,unit-test artifact; not recommended as POCR route input
runs/user/unittest_db_checker_non_db_e9b222346efb49728a1875cc8a2670d2/candidate_sql,unit_test_artifact,unittest_db_checker_non_db_e9b222346efb49728a1875cc8a2670d2,unittest_db_checker_non_db_e9b222346efb49728a1875cc8a2670d2,unit_test_artifact,postgres,1,1,no,no,case_engine_suffix_sql,yes,low,no,unit-test artifact; not recommended as POCR route input
runs/user/unittest_db_checker_non_db_f17d53cb92714d80b5a9107ac9589659/candidate_sql,unit_test_artifact,unittest_db_checker_non_db_f17d53cb92714d80b5a9107ac9589659,unittest_db_checker_non_db_f17d53cb92714d80b5a9107ac9589659,unit_test_artifact,postgres,1,1,no,no,case_engine_suffix_sql,yes,low,no,unit-test artifact; not recommended as POCR route input
runs/user/unittest_db_checker_non_db_f216df78685e4f14995cf2f0304560ca/candidate_sql,unit_test_artifact,unittest_db_checker_non_db_f216df78685e4f14995cf2f0304560ca,unittest_db_checker_non_db_f216df78685e4f14995cf2f0304560ca,unit_test_artifact,postgres,1,1,no,no,case_engine_suffix_sql,yes,low,no,unit-test artifact; not recommended as POCR route input
runs/user/unittest_db_checker_non_db_ff9cdb1d1359456a8278a7a1f7e2cbe5/candidate_sql,unit_test_artifact,unittest_db_checker_non_db_ff9cdb1d1359456a8278a7a1f7e2cbe5,unittest_db_checker_non_db_ff9cdb1d1359456a8278a7a1f7e2cbe5,unit_test_artifact,postgres,1,1,no,no,case_engine_suffix_sql,yes,low,no,unit-test artifact; not recommended as POCR route input
runs/user/unittest_public_smoke_0310f710a5db4250baa9e25cf452b28d/candidate_sql,unit_test_artifact,unittest_public_smoke_0310f710a5db4250baa9e25cf452b28d,unittest_public_smoke_0310f710a5db4250baa9e25cf452b28d,unit_test_artifact,postgres,2,2,no,no,case_engine_suffix_sql,yes,low,no,unit-test artifact; not recommended as POCR route input
runs/user/unittest_public_smoke_033a436f343c44bab52c69877eae1de0/candidate_sql,unit_test_artifact,unittest_public_smoke_033a436f343c44bab52c69877eae1de0,unittest_public_smoke_033a436f343c44bab52c69877eae1de0,unit_test_artifact,postgres,2,2,no,no,case_engine_suffix_sql,yes,low,no,unit-test artifact; not recommended as POCR route input
runs/user/unittest_public_smoke_0609d407ad1740fca27d16ab1993c5c4/candidate_sql,unit_test_artifact,unittest_public_smoke_0609d407ad1740fca27d16ab1993c5c4,unittest_public_smoke_0609d407ad1740fca27d16ab1993c5c4,unit_test_artifact,postgres,2,2,no,no,case_engine_suffix_sql,yes,low,no,unit-test artifact; not recommended as POCR route input
runs/user/unittest_public_smoke_06b516b175374d7baa246b80bed04939/candidate_sql,unit_test_artifact,unittest_public_smoke_06b516b175374d7baa246b80bed04939,unittest_public_smoke_06b516b175374d7baa246b80bed04939,unit_test_artifact,postgres,2,2,no,no,case_engine_suffix_sql,yes,low,no,unit-test artifact; not recommended as POCR route input
runs/user/unittest_public_smoke_080bfb4fbeeb4381a76dc49c8975a44c/candidate_sql,unit_test_artifact,unittest_public_smoke_080bfb4fbeeb4381a76dc49c8975a44c,unittest_public_smoke_080bfb4fbeeb4381a76dc49c8975a44c,unit_test_artifact,postgres,2,2,no,no,case_engine_suffix_sql,yes,low,no,unit-test artifact; not recommended as POCR route input
runs/user/unittest_public_smoke_0a5a6d5f084b457293344bebc622daa8/candidate_sql,unit_test_artifact,unittest_public_smoke_0a5a6d5f084b457293344bebc622daa8,unittest_public_smoke_0a5a6d5f084b457293344bebc622daa8,unit_test_artifact,postgres,2,2,no,no,case_engine_suffix_sql,yes,low,no,unit-test artifact; not recommended as POCR route input
runs/user/unittest_public_smoke_0d8ff179ada44d659ab166539d792fb1/candidate_sql,unit_test_artifact,unittest_public_smoke_0d8ff179ada44d659ab166539d792fb1,unittest_public_smoke_0d8ff179ada44d659ab166539d792fb1,unit_test_artifact,postgres,2,2,no,no,case_engine_suffix_sql,yes,low,no,unit-test artifact; not recommended as POCR route input
runs/user/unittest_public_smoke_0e95268423e84be3a33ede2f27c11140/candidate_sql,unit_test_artifact,unittest_public_smoke_0e95268423e84be3a33ede2f27c11140,unittest_public_smoke_0e95268423e84be3a33ede2f27c11140,unit_test_artifact,postgres,2,2,no,no,case_engine_suffix_sql,yes,low,no,unit-test artifact; not recommended as POCR route input
runs/user/unittest_public_smoke_0f116efa714846a49be4aa0d6fa33b28/candidate_sql,unit_test_artifact,unittest_public_smoke_0f116efa714846a49be4aa0d6fa33b28,unittest_public_smoke_0f116efa714846a49be4aa0d6fa33b28,unit_test_artifact,postgres,2,2,no,no,case_engine_suffix_sql,yes,low,no,unit-test artifact; not recommended as POCR route input
runs/user/unittest_public_smoke_10c1a21156644fd8971a71bcc3c55b5f/candidate_sql,unit_test_artifact,unittest_public_smoke_10c1a21156644fd8971a71bcc3c55b5f,unittest_public_smoke_10c1a21156644fd8971a71bcc3c55b5f,unit_test_artifact,postgres,2,2,no,no,case_engine_suffix_sql,yes,low,no,unit-test artifact; not recommended as POCR route input
runs/user/unittest_public_smoke_115f018e6a694582ad22117b5f415f0c/candidate_sql,unit_test_artifact,unittest_public_smoke_115f018e6a694582ad22117b5f415f0c,unittest_public_smoke_115f018e6a694582ad22117b5f415f0c,unit_test_artifact,postgres,2,2,no,no,case_engine_suffix_sql,yes,low,no,unit-test artifact; not recommended as POCR route input
runs/user/unittest_public_smoke_1569c52df5e14cc99aa280e9ab6c3101/candidate_sql,unit_test_artifact,unittest_public_smoke_1569c52df5e14cc99aa280e9ab6c3101,unittest_public_smoke_1569c52df5e14cc99aa280e9ab6c3101,unit_test_artifact,postgres,2,2,no,no,case_engine_suffix_sql,yes,low,no,unit-test artifact; not recommended as POCR route input
runs/user/unittest_public_smoke_17576f9ed0164a4c8e0d514b4c66136e/candidate_sql,unit_test_artifact,unittest_public_smoke_17576f9ed0164a4c8e0d514b4c66136e,unittest_public_smoke_17576f9ed0164a4c8e0d514b4c66136e,unit_test_artifact,postgres,2,2,no,no,case_engine_suffix_sql,yes,low,no,unit-test artifact; not recommended as POCR route input
runs/user/unittest_public_smoke_1aeec15481b2444aa48c187a9f99151c/candidate_sql,unit_test_artifact,unittest_public_smoke_1aeec15481b2444aa48c187a9f99151c,unittest_public_smoke_1aeec15481b2444aa48c187a9f99151c,unit_test_artifact,postgres,2,2,no,no,case_engine_suffix_sql,yes,low,no,unit-test artifact; not recommended as POCR route input
runs/user/unittest_public_smoke_1d89be1aa0704c3995d2c06f030b7b92/candidate_sql,unit_test_artifact,unittest_public_smoke_1d89be1aa0704c3995d2c06f030b7b92,unittest_public_smoke_1d89be1aa0704c3995d2c06f030b7b92,unit_test_artifact,postgres,2,2,no,no,case_engine_suffix_sql,yes,low,no,unit-test artifact; not recommended as POCR route input
runs/user/unittest_public_smoke_2055fd6d63dd4a57ad7e23efe8ed4a04/candidate_sql,unit_test_artifact,unittest_public_smoke_2055fd6d63dd4a57ad7e23efe8ed4a04,unittest_public_smoke_2055fd6d63dd4a57ad7e23efe8ed4a04,unit_test_artifact,postgres,2,2,no,no,case_engine_suffix_sql,yes,low,no,unit-test artifact; not recommended as POCR route input
runs/user/unittest_public_smoke_215891424b1049b7a55f96a9a757e7a6/candidate_sql,unit_test_artifact,unittest_public_smoke_215891424b1049b7a55f96a9a757e7a6,unittest_public_smoke_215891424b1049b7a55f96a9a757e7a6,unit_test_artifact,postgres,2,2,no,no,case_engine_suffix_sql,yes,low,no,unit-test artifact; not recommended as POCR route input
runs/user/unittest_public_smoke_23789cd4ad714352b416c96976cb6363/candidate_sql,unit_test_artifact,unittest_public_smoke_23789cd4ad714352b416c96976cb6363,unittest_public_smoke_23789cd4ad714352b416c96976cb6363,unit_test_artifact,postgres,2,2,no,no,case_engine_suffix_sql,yes,low,no,unit-test artifact; not recommended as POCR route input
runs/user/unittest_public_smoke_24ea14b25aeb49e891e6fcca262db2cb/candidate_sql,unit_test_artifact,unittest_public_smoke_24ea14b25aeb49e891e6fcca262db2cb,unittest_public_smoke_24ea14b25aeb49e891e6fcca262db2cb,unit_test_artifact,postgres,2,2,no,no,case_engine_suffix_sql,yes,low,no,unit-test artifact; not recommended as POCR route input
runs/user/unittest_public_smoke_281455a2f21443e1aebb6008893c1777/candidate_sql,unit_test_artifact,unittest_public_smoke_281455a2f21443e1aebb6008893c1777,unittest_public_smoke_281455a2f21443e1aebb6008893c1777,unit_test_artifact,postgres,2,2,no,no,case_engine_suffix_sql,yes,low,no,unit-test artifact; not recommended as POCR route input
runs/user/unittest_public_smoke_294339a0249341428e55cec9f8c4b4e1/candidate_sql,unit_test_artifact,unittest_public_smoke_294339a0249341428e55cec9f8c4b4e1,unittest_public_smoke_294339a0249341428e55cec9f8c4b4e1,unit_test_artifact,postgres,2,2,no,no,case_engine_suffix_sql,yes,low,no,unit-test artifact; not recommended as POCR route input
runs/user/unittest_public_smoke_2c48ea57df154621ba99bba1c08f71f3/candidate_sql,unit_test_artifact,unittest_public_smoke_2c48ea57df154621ba99bba1c08f71f3,unittest_public_smoke_2c48ea57df154621ba99bba1c08f71f3,unit_test_artifact,postgres,2,2,no,no,case_engine_suffix_sql,yes,low,no,unit-test artifact; not recommended as POCR route input
runs/user/unittest_public_smoke_36bdbb877ef94b7daad4d0a57d3797ba/candidate_sql,unit_test_artifact,unittest_public_smoke_36bdbb877ef94b7daad4d0a57d3797ba,unittest_public_smoke_36bdbb877ef94b7daad4d0a57d3797ba,unit_test_artifact,postgres,2,2,no,no,case_engine_suffix_sql,yes,low,no,unit-test artifact; not recommended as POCR route input
runs/user/unittest_public_smoke_3842a14afbf242e78c1410ca0de681cb/candidate_sql,unit_test_artifact,unittest_public_smoke_3842a14afbf242e78c1410ca0de681cb,unittest_public_smoke_3842a14afbf242e78c1410ca0de681cb,unit_test_artifact,postgres,2,2,no,no,case_engine_suffix_sql,yes,low,no,unit-test artifact; not recommended as POCR route input
runs/user/unittest_public_smoke_43c04f9974bf47f7a386b547992e865f/candidate_sql,unit_test_artifact,unittest_public_smoke_43c04f9974bf47f7a386b547992e865f,unittest_public_smoke_43c04f9974bf47f7a386b547992e865f,unit_test_artifact,postgres,2,2,no,no,case_engine_suffix_sql,yes,low,no,unit-test artifact; not recommended as POCR route input
runs/user/unittest_public_smoke_47e86c41c2264b54992ce4ae02da1c3e/candidate_sql,unit_test_artifact,unittest_public_smoke_47e86c41c2264b54992ce4ae02da1c3e,unittest_public_smoke_47e86c41c2264b54992ce4ae02da1c3e,unit_test_artifact,postgres,2,2,no,no,case_engine_suffix_sql,yes,low,no,unit-test artifact; not recommended as POCR route input
runs/user/unittest_public_smoke_483f98287f0f4fdf98259f7235b8d9a7/candidate_sql,unit_test_artifact,unittest_public_smoke_483f98287f0f4fdf98259f7235b8d9a7,unittest_public_smoke_483f98287f0f4fdf98259f7235b8d9a7,unit_test_artifact,postgres,2,2,no,no,case_engine_suffix_sql,yes,low,no,unit-test artifact; not recommended as POCR route input
runs/user/unittest_public_smoke_4bb02e80d4224e69980f8d70419c469b/candidate_sql,unit_test_artifact,unittest_public_smoke_4bb02e80d4224e69980f8d70419c469b,unittest_public_smoke_4bb02e80d4224e69980f8d70419c469b,unit_test_artifact,postgres,2,2,no,no,case_engine_suffix_sql,yes,low,no,unit-test artifact; not recommended as POCR route input
runs/user/unittest_public_smoke_4ddf0d12d2674db89815c832da717dcd/candidate_sql,unit_test_artifact,unittest_public_smoke_4ddf0d12d2674db89815c832da717dcd,unittest_public_smoke_4ddf0d12d2674db89815c832da717dcd,unit_test_artifact,postgres,2,2,no,no,case_engine_suffix_sql,yes,low,no,unit-test artifact; not recommended as POCR route input
runs/user/unittest_public_smoke_503a82769446485d9fb1475a01ff38d8/candidate_sql,unit_test_artifact,unittest_public_smoke_503a82769446485d9fb1475a01ff38d8,unittest_public_smoke_503a82769446485d9fb1475a01ff38d8,unit_test_artifact,postgres,2,2,no,no,case_engine_suffix_sql,yes,low,no,unit-test artifact; not recommended as POCR route input
runs/user/unittest_public_smoke_50ee28d6014b42899b908588f7ee8128/candidate_sql,unit_test_artifact,unittest_public_smoke_50ee28d6014b42899b908588f7ee8128,unittest_public_smoke_50ee28d6014b42899b908588f7ee8128,unit_test_artifact,postgres,2,2,no,no,case_engine_suffix_sql,yes,low,no,unit-test artifact; not recommended as POCR route input
runs/user/unittest_public_smoke_5304c14cabb34c2281cce7e38802d0ee/candidate_sql,unit_test_artifact,unittest_public_smoke_5304c14cabb34c2281cce7e38802d0ee,unittest_public_smoke_5304c14cabb34c2281cce7e38802d0ee,unit_test_artifact,postgres,2,2,no,no,case_engine_suffix_sql,yes,low,no,unit-test artifact; not recommended as POCR route input
runs/user/unittest_public_smoke_531e47fa939e4a6c84adb116ee3a2482/candidate_sql,unit_test_artifact,unittest_public_smoke_531e47fa939e4a6c84adb116ee3a2482,unittest_public_smoke_531e47fa939e4a6c84adb116ee3a2482,unit_test_artifact,postgres,2,2,no,no,case_engine_suffix_sql,yes,low,no,unit-test artifact; not recommended as POCR route input
runs/user/unittest_public_smoke_53b4982a91e64fcc887d171aaa00696d/candidate_sql,unit_test_artifact,unittest_public_smoke_53b4982a91e64fcc887d171aaa00696d,unittest_public_smoke_53b4982a91e64fcc887d171aaa00696d,unit_test_artifact,postgres,2,2,no,no,case_engine_suffix_sql,yes,low,no,unit-test artifact; not recommended as POCR route input
runs/user/unittest_public_smoke_544c4d18b5e94b01a2c75745fca08876/candidate_sql,unit_test_artifact,unittest_public_smoke_544c4d18b5e94b01a2c75745fca08876,unittest_public_smoke_544c4d18b5e94b01a2c75745fca08876,unit_test_artifact,postgres,2,2,no,no,case_engine_suffix_sql,yes,low,no,unit-test artifact; not recommended as POCR route input
runs/user/unittest_public_smoke_5843f7565ad04863a8ece8b8757063de/candidate_sql,unit_test_artifact,unittest_public_smoke_5843f7565ad04863a8ece8b8757063de,unittest_public_smoke_5843f7565ad04863a8ece8b8757063de,unit_test_artifact,postgres,2,2,no,no,case_engine_suffix_sql,yes,low,no,unit-test artifact; not recommended as POCR route input
runs/user/unittest_public_smoke_590ce435e5624671b324aef810acf152/candidate_sql,unit_test_artifact,unittest_public_smoke_590ce435e5624671b324aef810acf152,unittest_public_smoke_590ce435e5624671b324aef810acf152,unit_test_artifact,postgres,2,2,no,no,case_engine_suffix_sql,yes,low,no,unit-test artifact; not recommended as POCR route input
runs/user/unittest_public_smoke_5b467a328df9476c9b5ff4d9c5199c16/candidate_sql,unit_test_artifact,unittest_public_smoke_5b467a328df9476c9b5ff4d9c5199c16,unittest_public_smoke_5b467a328df9476c9b5ff4d9c5199c16,unit_test_artifact,postgres,2,2,no,no,case_engine_suffix_sql,yes,low,no,unit-test artifact; not recommended as POCR route input
runs/user/unittest_public_smoke_645b9cc2a142454ebd5c3f379962995a/candidate_sql,unit_test_artifact,unittest_public_smoke_645b9cc2a142454ebd5c3f379962995a,unittest_public_smoke_645b9cc2a142454ebd5c3f379962995a,unit_test_artifact,postgres,2,2,no,no,case_engine_suffix_sql,yes,low,no,unit-test artifact; not recommended as POCR route input
runs/user/unittest_public_smoke_68523983a1904784ab315d326d3b73aa/candidate_sql,unit_test_artifact,unittest_public_smoke_68523983a1904784ab315d326d3b73aa,unittest_public_smoke_68523983a1904784ab315d326d3b73aa,unit_test_artifact,postgres,2,2,no,no,case_engine_suffix_sql,yes,low,no,unit-test artifact; not recommended as POCR route input
runs/user/unittest_public_smoke_68e05d1c781c4577bbcdeb7a86c9ebd6/candidate_sql,unit_test_artifact,unittest_public_smoke_68e05d1c781c4577bbcdeb7a86c9ebd6,unittest_public_smoke_68e05d1c781c4577bbcdeb7a86c9ebd6,unit_test_artifact,postgres,2,2,no,no,case_engine_suffix_sql,yes,low,no,unit-test artifact; not recommended as POCR route input
runs/user/unittest_public_smoke_7603b29e2f884483aacd60c212ea52fa/candidate_sql,unit_test_artifact,unittest_public_smoke_7603b29e2f884483aacd60c212ea52fa,unittest_public_smoke_7603b29e2f884483aacd60c212ea52fa,unit_test_artifact,postgres,2,2,no,no,case_engine_suffix_sql,yes,low,no,unit-test artifact; not recommended as POCR route input
runs/user/unittest_public_smoke_76da591671e84262861eb17299c331d9/candidate_sql,unit_test_artifact,unittest_public_smoke_76da591671e84262861eb17299c331d9,unittest_public_smoke_76da591671e84262861eb17299c331d9,unit_test_artifact,postgres,2,2,no,no,case_engine_suffix_sql,yes,low,no,unit-test artifact; not recommended as POCR route input
runs/user/unittest_public_smoke_7ba5698e9d63476688d8ef0b81f17f61/candidate_sql,unit_test_artifact,unittest_public_smoke_7ba5698e9d63476688d8ef0b81f17f61,unittest_public_smoke_7ba5698e9d63476688d8ef0b81f17f61,unit_test_artifact,postgres,2,2,no,no,case_engine_suffix_sql,yes,low,no,unit-test artifact; not recommended as POCR route input
runs/user/unittest_public_smoke_7c871cddde32461a80aad0d71dfe7b6b/candidate_sql,unit_test_artifact,unittest_public_smoke_7c871cddde32461a80aad0d71dfe7b6b,unittest_public_smoke_7c871cddde32461a80aad0d71dfe7b6b,unit_test_artifact,postgres,2,2,no,no,case_engine_suffix_sql,yes,low,no,unit-test artifact; not recommended as POCR route input
runs/user/unittest_public_smoke_7d885a50e6684f8eb33444889d6c19d2/candidate_sql,unit_test_artifact,unittest_public_smoke_7d885a50e6684f8eb33444889d6c19d2,unittest_public_smoke_7d885a50e6684f8eb33444889d6c19d2,unit_test_artifact,postgres,2,2,no,no,case_engine_suffix_sql,yes,low,no,unit-test artifact; not recommended as POCR route input
runs/user/unittest_public_smoke_7f822b0e51c74990b207384078cabe74/candidate_sql,unit_test_artifact,unittest_public_smoke_7f822b0e51c74990b207384078cabe74,unittest_public_smoke_7f822b0e51c74990b207384078cabe74,unit_test_artifact,postgres,2,2,no,no,case_engine_suffix_sql,yes,low,no,unit-test artifact; not recommended as POCR route input
runs/user/unittest_public_smoke_838a323ce1234845af0eedeb58ae6219/candidate_sql,unit_test_artifact,unittest_public_smoke_838a323ce1234845af0eedeb58ae6219,unittest_public_smoke_838a323ce1234845af0eedeb58ae6219,unit_test_artifact,postgres,2,2,no,no,case_engine_suffix_sql,yes,low,no,unit-test artifact; not recommended as POCR route input
runs/user/unittest_public_smoke_85532d5dcec441659edf2e6f296911b6/candidate_sql,unit_test_artifact,unittest_public_smoke_85532d5dcec441659edf2e6f296911b6,unittest_public_smoke_85532d5dcec441659edf2e6f296911b6,unit_test_artifact,postgres,2,2,no,no,case_engine_suffix_sql,yes,low,no,unit-test artifact; not recommended as POCR route input
runs/user/unittest_public_smoke_87945d7743c04d82892092fca875bec7/candidate_sql,unit_test_artifact,unittest_public_smoke_87945d7743c04d82892092fca875bec7,unittest_public_smoke_87945d7743c04d82892092fca875bec7,unit_test_artifact,postgres,2,2,no,no,case_engine_suffix_sql,yes,low,no,unit-test artifact; not recommended as POCR route input
runs/user/unittest_public_smoke_8a8e7e6b60834d428369eefc1836f854/candidate_sql,unit_test_artifact,unittest_public_smoke_8a8e7e6b60834d428369eefc1836f854,unittest_public_smoke_8a8e7e6b60834d428369eefc1836f854,unit_test_artifact,postgres,2,2,no,no,case_engine_suffix_sql,yes,low,no,unit-test artifact; not recommended as POCR route input
runs/user/unittest_public_smoke_8ccffc6068d0458e8d92b4f17520b6c0/candidate_sql,unit_test_artifact,unittest_public_smoke_8ccffc6068d0458e8d92b4f17520b6c0,unittest_public_smoke_8ccffc6068d0458e8d92b4f17520b6c0,unit_test_artifact,postgres,2,2,no,no,case_engine_suffix_sql,yes,low,no,unit-test artifact; not recommended as POCR route input
runs/user/unittest_public_smoke_8f7516a1d93240d8886de8192230d926/candidate_sql,unit_test_artifact,unittest_public_smoke_8f7516a1d93240d8886de8192230d926,unittest_public_smoke_8f7516a1d93240d8886de8192230d926,unit_test_artifact,postgres,2,2,no,no,case_engine_suffix_sql,yes,low,no,unit-test artifact; not recommended as POCR route input
runs/user/unittest_public_smoke_934aed43af684a30b0ddd9858af7cbee/candidate_sql,unit_test_artifact,unittest_public_smoke_934aed43af684a30b0ddd9858af7cbee,unittest_public_smoke_934aed43af684a30b0ddd9858af7cbee,unit_test_artifact,postgres,2,2,no,no,case_engine_suffix_sql,yes,low,no,unit-test artifact; not recommended as POCR route input
runs/user/unittest_public_smoke_99d0709853c3463d89f3f24c89afd1c9/candidate_sql,unit_test_artifact,unittest_public_smoke_99d0709853c3463d89f3f24c89afd1c9,unittest_public_smoke_99d0709853c3463d89f3f24c89afd1c9,unit_test_artifact,postgres,2,2,no,no,case_engine_suffix_sql,yes,low,no,unit-test artifact; not recommended as POCR route input
runs/user/unittest_public_smoke_9b823f075b34425d8b8440a1dcd084cd/candidate_sql,unit_test_artifact,unittest_public_smoke_9b823f075b34425d8b8440a1dcd084cd,unittest_public_smoke_9b823f075b34425d8b8440a1dcd084cd,unit_test_artifact,postgres,2,2,no,no,case_engine_suffix_sql,yes,low,no,unit-test artifact; not recommended as POCR route input
runs/user/unittest_public_smoke_9d38d0e04e0844f8b607316727bfc455/candidate_sql,unit_test_artifact,unittest_public_smoke_9d38d0e04e0844f8b607316727bfc455,unittest_public_smoke_9d38d0e04e0844f8b607316727bfc455,unit_test_artifact,postgres,2,2,no,no,case_engine_suffix_sql,yes,low,no,unit-test artifact; not recommended as POCR route input
runs/user/unittest_public_smoke_9d72ba3c96514e62b8bada802ce0b171/candidate_sql,unit_test_artifact,unittest_public_smoke_9d72ba3c96514e62b8bada802ce0b171,unittest_public_smoke_9d72ba3c96514e62b8bada802ce0b171,unit_test_artifact,postgres,2,2,no,no,case_engine_suffix_sql,yes,low,no,unit-test artifact; not recommended as POCR route input
runs/user/unittest_public_smoke_9f7e7766825c422a820099958b286e74/candidate_sql,unit_test_artifact,unittest_public_smoke_9f7e7766825c422a820099958b286e74,unittest_public_smoke_9f7e7766825c422a820099958b286e74,unit_test_artifact,postgres,2,2,no,no,case_engine_suffix_sql,yes,low,no,unit-test artifact; not recommended as POCR route input
runs/user/unittest_public_smoke_9fcef0021bea43c583ef121eb43ec220/candidate_sql,unit_test_artifact,unittest_public_smoke_9fcef0021bea43c583ef121eb43ec220,unittest_public_smoke_9fcef0021bea43c583ef121eb43ec220,unit_test_artifact,postgres,2,2,no,no,case_engine_suffix_sql,yes,low,no,unit-test artifact; not recommended as POCR route input
runs/user/unittest_public_smoke_9ffc399bb5d1444a9c7616119a759377/candidate_sql,unit_test_artifact,unittest_public_smoke_9ffc399bb5d1444a9c7616119a759377,unittest_public_smoke_9ffc399bb5d1444a9c7616119a759377,unit_test_artifact,postgres,2,2,no,no,case_engine_suffix_sql,yes,low,no,unit-test artifact; not recommended as POCR route input
runs/user/unittest_public_smoke_a0b867a716794b9b83745aa78829ae60/candidate_sql,unit_test_artifact,unittest_public_smoke_a0b867a716794b9b83745aa78829ae60,unittest_public_smoke_a0b867a716794b9b83745aa78829ae60,unit_test_artifact,postgres,2,2,no,no,case_engine_suffix_sql,yes,low,no,unit-test artifact; not recommended as POCR route input
runs/user/unittest_public_smoke_a8929b73213649cb9cb966210ded4203/candidate_sql,unit_test_artifact,unittest_public_smoke_a8929b73213649cb9cb966210ded4203,unittest_public_smoke_a8929b73213649cb9cb966210ded4203,unit_test_artifact,postgres,2,2,no,no,case_engine_suffix_sql,yes,low,no,unit-test artifact; not recommended as POCR route input
runs/user/unittest_public_smoke_a8bceb4323bb4903b63fc558604149ed/candidate_sql,unit_test_artifact,unittest_public_smoke_a8bceb4323bb4903b63fc558604149ed,unittest_public_smoke_a8bceb4323bb4903b63fc558604149ed,unit_test_artifact,postgres,2,2,no,no,case_engine_suffix_sql,yes,low,no,unit-test artifact; not recommended as POCR route input
runs/user/unittest_public_smoke_ac86a7a67ab24f99b8867c40fd643304/candidate_sql,unit_test_artifact,unittest_public_smoke_ac86a7a67ab24f99b8867c40fd643304,unittest_public_smoke_ac86a7a67ab24f99b8867c40fd643304,unit_test_artifact,postgres,2,2,no,no,case_engine_suffix_sql,yes,low,no,unit-test artifact; not recommended as POCR route input
runs/user/unittest_public_smoke_ad25a9943c68483c9b36fb8483426943/candidate_sql,unit_test_artifact,unittest_public_smoke_ad25a9943c68483c9b36fb8483426943,unittest_public_smoke_ad25a9943c68483c9b36fb8483426943,unit_test_artifact,postgres,2,2,no,no,case_engine_suffix_sql,yes,low,no,unit-test artifact; not recommended as POCR route input
runs/user/unittest_public_smoke_b5f7bf345d73414a93a6e257a62f7e1f/candidate_sql,unit_test_artifact,unittest_public_smoke_b5f7bf345d73414a93a6e257a62f7e1f,unittest_public_smoke_b5f7bf345d73414a93a6e257a62f7e1f,unit_test_artifact,postgres,2,2,no,no,case_engine_suffix_sql,yes,low,no,unit-test artifact; not recommended as POCR route input
runs/user/unittest_public_smoke_b6a1f4bdee104867be2a8c2134e9e7e6/candidate_sql,unit_test_artifact,unittest_public_smoke_b6a1f4bdee104867be2a8c2134e9e7e6,unittest_public_smoke_b6a1f4bdee104867be2a8c2134e9e7e6,unit_test_artifact,postgres,2,2,no,no,case_engine_suffix_sql,yes,low,no,unit-test artifact; not recommended as POCR route input
runs/user/unittest_public_smoke_b82f947c321543b5952d395df0bb4e61/candidate_sql,unit_test_artifact,unittest_public_smoke_b82f947c321543b5952d395df0bb4e61,unittest_public_smoke_b82f947c321543b5952d395df0bb4e61,unit_test_artifact,postgres,2,2,no,no,case_engine_suffix_sql,yes,low,no,unit-test artifact; not recommended as POCR route input
runs/user/unittest_public_smoke_bc06fe8f1d00494489770d07d548515f/candidate_sql,unit_test_artifact,unittest_public_smoke_bc06fe8f1d00494489770d07d548515f,unittest_public_smoke_bc06fe8f1d00494489770d07d548515f,unit_test_artifact,postgres,2,2,no,no,case_engine_suffix_sql,yes,low,no,unit-test artifact; not recommended as POCR route input
runs/user/unittest_public_smoke_bc6146a5e6e3445d85458c997de36afd/candidate_sql,unit_test_artifact,unittest_public_smoke_bc6146a5e6e3445d85458c997de36afd,unittest_public_smoke_bc6146a5e6e3445d85458c997de36afd,unit_test_artifact,postgres,2,2,no,no,case_engine_suffix_sql,yes,low,no,unit-test artifact; not recommended as POCR route input
runs/user/unittest_public_smoke_bcd08c028102485184ffdd74add00985/candidate_sql,unit_test_artifact,unittest_public_smoke_bcd08c028102485184ffdd74add00985,unittest_public_smoke_bcd08c028102485184ffdd74add00985,unit_test_artifact,postgres,2,2,no,no,case_engine_suffix_sql,yes,low,no,unit-test artifact; not recommended as POCR route input
runs/user/unittest_public_smoke_bd8828f2e54f4682892f41edf80cd705/candidate_sql,unit_test_artifact,unittest_public_smoke_bd8828f2e54f4682892f41edf80cd705,unittest_public_smoke_bd8828f2e54f4682892f41edf80cd705,unit_test_artifact,postgres,2,2,no,no,case_engine_suffix_sql,yes,low,no,unit-test artifact; not recommended as POCR route input
runs/user/unittest_public_smoke_bdc42b043299441898cfa8bbdc80deda/candidate_sql,unit_test_artifact,unittest_public_smoke_bdc42b043299441898cfa8bbdc80deda,unittest_public_smoke_bdc42b043299441898cfa8bbdc80deda,unit_test_artifact,postgres,2,2,no,no,case_engine_suffix_sql,yes,low,no,unit-test artifact; not recommended as POCR route input
runs/user/unittest_public_smoke_bfd584716e8b46f58be6c851f7d42903/candidate_sql,unit_test_artifact,unittest_public_smoke_bfd584716e8b46f58be6c851f7d42903,unittest_public_smoke_bfd584716e8b46f58be6c851f7d42903,unit_test_artifact,postgres,2,2,no,no,case_engine_suffix_sql,yes,low,no,unit-test artifact; not recommended as POCR route input
runs/user/unittest_public_smoke_c0c4a5cac1924b5ea9ee145c0b8382b3/candidate_sql,unit_test_artifact,unittest_public_smoke_c0c4a5cac1924b5ea9ee145c0b8382b3,unittest_public_smoke_c0c4a5cac1924b5ea9ee145c0b8382b3,unit_test_artifact,postgres,2,2,no,no,case_engine_suffix_sql,yes,low,no,unit-test artifact; not recommended as POCR route input
runs/user/unittest_public_smoke_c221a4dabc7b458fb4dd9edb55a5111f/candidate_sql,unit_test_artifact,unittest_public_smoke_c221a4dabc7b458fb4dd9edb55a5111f,unittest_public_smoke_c221a4dabc7b458fb4dd9edb55a5111f,unit_test_artifact,postgres,2,2,no,no,case_engine_suffix_sql,yes,low,no,unit-test artifact; not recommended as POCR route input
runs/user/unittest_public_smoke_c2fb20113639482594f3e5770ee85e37/candidate_sql,unit_test_artifact,unittest_public_smoke_c2fb20113639482594f3e5770ee85e37,unittest_public_smoke_c2fb20113639482594f3e5770ee85e37,unit_test_artifact,postgres,2,2,no,no,case_engine_suffix_sql,yes,low,no,unit-test artifact; not recommended as POCR route input
runs/user/unittest_public_smoke_c6f8dd53ccfd4c28a64f4f43f5fa0d18/candidate_sql,unit_test_artifact,unittest_public_smoke_c6f8dd53ccfd4c28a64f4f43f5fa0d18,unittest_public_smoke_c6f8dd53ccfd4c28a64f4f43f5fa0d18,unit_test_artifact,postgres,2,2,no,no,case_engine_suffix_sql,yes,low,no,unit-test artifact; not recommended as POCR route input
runs/user/unittest_public_smoke_c70097fd6d8042a68ba9d91856545c9f/candidate_sql,unit_test_artifact,unittest_public_smoke_c70097fd6d8042a68ba9d91856545c9f,unittest_public_smoke_c70097fd6d8042a68ba9d91856545c9f,unit_test_artifact,postgres,2,2,no,no,case_engine_suffix_sql,yes,low,no,unit-test artifact; not recommended as POCR route input
runs/user/unittest_public_smoke_cbe9d0fdeb0c446591b082116431f855/candidate_sql,unit_test_artifact,unittest_public_smoke_cbe9d0fdeb0c446591b082116431f855,unittest_public_smoke_cbe9d0fdeb0c446591b082116431f855,unit_test_artifact,postgres,2,2,no,no,case_engine_suffix_sql,yes,low,no,unit-test artifact; not recommended as POCR route input
runs/user/unittest_public_smoke_cbf97db5ba66407d9e7501076a4c3020/candidate_sql,unit_test_artifact,unittest_public_smoke_cbf97db5ba66407d9e7501076a4c3020,unittest_public_smoke_cbf97db5ba66407d9e7501076a4c3020,unit_test_artifact,postgres,2,2,no,no,case_engine_suffix_sql,yes,low,no,unit-test artifact; not recommended as POCR route input
runs/user/unittest_public_smoke_cc23c4b8b1a84336a6349eb9335682ab/candidate_sql,unit_test_artifact,unittest_public_smoke_cc23c4b8b1a84336a6349eb9335682ab,unittest_public_smoke_cc23c4b8b1a84336a6349eb9335682ab,unit_test_artifact,postgres,2,2,no,no,case_engine_suffix_sql,yes,low,no,unit-test artifact; not recommended as POCR route input
runs/user/unittest_public_smoke_cd89c49c08184a97900b0eecf57e702b/candidate_sql,unit_test_artifact,unittest_public_smoke_cd89c49c08184a97900b0eecf57e702b,unittest_public_smoke_cd89c49c08184a97900b0eecf57e702b,unit_test_artifact,postgres,2,2,no,no,case_engine_suffix_sql,yes,low,no,unit-test artifact; not recommended as POCR route input
runs/user/unittest_public_smoke_d249e97e37e34975a5efd3796e4d0dd6/candidate_sql,unit_test_artifact,unittest_public_smoke_d249e97e37e34975a5efd3796e4d0dd6,unittest_public_smoke_d249e97e37e34975a5efd3796e4d0dd6,unit_test_artifact,postgres,2,2,no,no,case_engine_suffix_sql,yes,low,no,unit-test artifact; not recommended as POCR route input
runs/user/unittest_public_smoke_d4477a4878ed4af7a89ad9490db8f39b/candidate_sql,unit_test_artifact,unittest_public_smoke_d4477a4878ed4af7a89ad9490db8f39b,unittest_public_smoke_d4477a4878ed4af7a89ad9490db8f39b,unit_test_artifact,postgres,2,2,no,no,case_engine_suffix_sql,yes,low,no,unit-test artifact; not recommended as POCR route input
runs/user/unittest_public_smoke_d7dbf4c289214a76b55df2769f88756a/candidate_sql,unit_test_artifact,unittest_public_smoke_d7dbf4c289214a76b55df2769f88756a,unittest_public_smoke_d7dbf4c289214a76b55df2769f88756a,unit_test_artifact,postgres,2,2,no,no,case_engine_suffix_sql,yes,low,no,unit-test artifact; not recommended as POCR route input
runs/user/unittest_public_smoke_dc56bc5f7e2544b79ad2b351a55a77d1/candidate_sql,unit_test_artifact,unittest_public_smoke_dc56bc5f7e2544b79ad2b351a55a77d1,unittest_public_smoke_dc56bc5f7e2544b79ad2b351a55a77d1,unit_test_artifact,postgres,2,2,no,no,case_engine_suffix_sql,yes,low,no,unit-test artifact; not recommended as POCR route input
runs/user/unittest_public_smoke_dc6caa6d4d2b4c5d848cb63b676a22f3/candidate_sql,unit_test_artifact,unittest_public_smoke_dc6caa6d4d2b4c5d848cb63b676a22f3,unittest_public_smoke_dc6caa6d4d2b4c5d848cb63b676a22f3,unit_test_artifact,postgres,2,2,no,no,case_engine_suffix_sql,yes,low,no,unit-test artifact; not recommended as POCR route input
runs/user/unittest_public_smoke_dcb08febe7f847abb2931f764e693ba8/candidate_sql,unit_test_artifact,unittest_public_smoke_dcb08febe7f847abb2931f764e693ba8,unittest_public_smoke_dcb08febe7f847abb2931f764e693ba8,unit_test_artifact,postgres,2,2,no,no,case_engine_suffix_sql,yes,low,no,unit-test artifact; not recommended as POCR route input
runs/user/unittest_public_smoke_df8e002741e845d793bb88706dc2bb40/candidate_sql,unit_test_artifact,unittest_public_smoke_df8e002741e845d793bb88706dc2bb40,unittest_public_smoke_df8e002741e845d793bb88706dc2bb40,unit_test_artifact,postgres,2,2,no,no,case_engine_suffix_sql,yes,low,no,unit-test artifact; not recommended as POCR route input
runs/user/unittest_public_smoke_e0b69844fce447f2ad0adbedfcddff1d/candidate_sql,unit_test_artifact,unittest_public_smoke_e0b69844fce447f2ad0adbedfcddff1d,unittest_public_smoke_e0b69844fce447f2ad0adbedfcddff1d,unit_test_artifact,postgres,2,2,no,no,case_engine_suffix_sql,yes,low,no,unit-test artifact; not recommended as POCR route input
runs/user/unittest_public_smoke_e4b1ef7fda1a4a32b763c9c48f390164/candidate_sql,unit_test_artifact,unittest_public_smoke_e4b1ef7fda1a4a32b763c9c48f390164,unittest_public_smoke_e4b1ef7fda1a4a32b763c9c48f390164,unit_test_artifact,postgres,2,2,no,no,case_engine_suffix_sql,yes,low,no,unit-test artifact; not recommended as POCR route input
runs/user/unittest_public_smoke_e7423033ad3e421989cd8b19a3be00c6/candidate_sql,unit_test_artifact,unittest_public_smoke_e7423033ad3e421989cd8b19a3be00c6,unittest_public_smoke_e7423033ad3e421989cd8b19a3be00c6,unit_test_artifact,postgres,2,2,no,no,case_engine_suffix_sql,yes,low,no,unit-test artifact; not recommended as POCR route input
runs/user/unittest_public_smoke_e883c68a82b342c58dfec28efd71da22/candidate_sql,unit_test_artifact,unittest_public_smoke_e883c68a82b342c58dfec28efd71da22,unittest_public_smoke_e883c68a82b342c58dfec28efd71da22,unit_test_artifact,postgres,2,2,no,no,case_engine_suffix_sql,yes,low,no,unit-test artifact; not recommended as POCR route input
runs/user/unittest_public_smoke_eec9e544c66d44e98711188755bba158/candidate_sql,unit_test_artifact,unittest_public_smoke_eec9e544c66d44e98711188755bba158,unittest_public_smoke_eec9e544c66d44e98711188755bba158,unit_test_artifact,postgres,2,2,no,no,case_engine_suffix_sql,yes,low,no,unit-test artifact; not recommended as POCR route input
runs/user/unittest_public_smoke_f3413a9cb4614c099a945d9e818be30b/candidate_sql,unit_test_artifact,unittest_public_smoke_f3413a9cb4614c099a945d9e818be30b,unittest_public_smoke_f3413a9cb4614c099a945d9e818be30b,unit_test_artifact,postgres,2,2,no,no,case_engine_suffix_sql,yes,low,no,unit-test artifact; not recommended as POCR route input
runs/user/unittest_public_smoke_f388476f384447dca2d3c66353742c80/candidate_sql,unit_test_artifact,unittest_public_smoke_f388476f384447dca2d3c66353742c80,unittest_public_smoke_f388476f384447dca2d3c66353742c80,unit_test_artifact,postgres,2,2,no,no,case_engine_suffix_sql,yes,low,no,unit-test artifact; not recommended as POCR route input
runs/user/unittest_public_smoke_f417a705394a4926bda9b5d3caf31fdc/candidate_sql,unit_test_artifact,unittest_public_smoke_f417a705394a4926bda9b5d3caf31fdc,unittest_public_smoke_f417a705394a4926bda9b5d3caf31fdc,unit_test_artifact,postgres,2,2,no,no,case_engine_suffix_sql,yes,low,no,unit-test artifact; not recommended as POCR route input
runs/user/unittest_public_smoke_f43909eb081b4eaeadb39a1346c44784/candidate_sql,unit_test_artifact,unittest_public_smoke_f43909eb081b4eaeadb39a1346c44784,unittest_public_smoke_f43909eb081b4eaeadb39a1346c44784,unit_test_artifact,postgres,2,2,no,no,case_engine_suffix_sql,yes,low,no,unit-test artifact; not recommended as POCR route input
runs/user/unittest_public_smoke_f477b65c9c3b47e88e5c424878870a3e/candidate_sql,unit_test_artifact,unittest_public_smoke_f477b65c9c3b47e88e5c424878870a3e,unittest_public_smoke_f477b65c9c3b47e88e5c424878870a3e,unit_test_artifact,postgres,2,2,no,no,case_engine_suffix_sql,yes,low,no,unit-test artifact; not recommended as POCR route input
runs/user/unittest_public_smoke_f52da0ec90ed4a0f9a59f3bf36635ca8/candidate_sql,unit_test_artifact,unittest_public_smoke_f52da0ec90ed4a0f9a59f3bf36635ca8,unittest_public_smoke_f52da0ec90ed4a0f9a59f3bf36635ca8,unit_test_artifact,postgres,2,2,no,no,case_engine_suffix_sql,yes,low,no,unit-test artifact; not recommended as POCR route input
runs/user/unittest_public_smoke_f643b035770545efa2baa2fbe016f862/candidate_sql,unit_test_artifact,unittest_public_smoke_f643b035770545efa2baa2fbe016f862,unittest_public_smoke_f643b035770545efa2baa2fbe016f862,unit_test_artifact,postgres,2,2,no,no,case_engine_suffix_sql,yes,low,no,unit-test artifact; not recommended as POCR route input
runs/user/unittest_public_smoke_f9c34230811641f6bf0e95f32a420abf/candidate_sql,unit_test_artifact,unittest_public_smoke_f9c34230811641f6bf0e95f32a420abf,unittest_public_smoke_f9c34230811641f6bf0e95f32a420abf,unit_test_artifact,postgres,2,2,no,no,case_engine_suffix_sql,yes,low,no,unit-test artifact; not recommended as POCR route input
runs/user/unittest_public_smoke_f9dafd3bb42a4bc485fe01215cdceb1a/candidate_sql,unit_test_artifact,unittest_public_smoke_f9dafd3bb42a4bc485fe01215cdceb1a,unittest_public_smoke_f9dafd3bb42a4bc485fe01215cdceb1a,unit_test_artifact,postgres,2,2,no,no,case_engine_suffix_sql,yes,low,no,unit-test artifact; not recommended as POCR route input
runs/user/unittest_public_smoke_fb12393f1a71435cb2857f10cd17dcb8/candidate_sql,unit_test_artifact,unittest_public_smoke_fb12393f1a71435cb2857f10cd17dcb8,unittest_public_smoke_fb12393f1a71435cb2857f10cd17dcb8,unit_test_artifact,postgres,2,2,no,no,case_engine_suffix_sql,yes,low,no,unit-test artifact; not recommended as POCR route input
runs/user/unittest_public_smoke_fc9c7ebc68de45fab416a7a266f867a6/candidate_sql,unit_test_artifact,unittest_public_smoke_fc9c7ebc68de45fab416a7a266f867a6,unittest_public_smoke_fc9c7ebc68de45fab416a7a266f867a6,unit_test_artifact,postgres,2,2,no,no,case_engine_suffix_sql,yes,low,no,unit-test artifact; not recommended as POCR route input
runs/user/unittest_public_smoke_feeafa8628834703b727225da9eacb1c/candidate_sql,unit_test_artifact,unittest_public_smoke_feeafa8628834703b727225da9eacb1c,unittest_public_smoke_feeafa8628834703b727225da9eacb1c,unit_test_artifact,postgres,2,2,no,no,case_engine_suffix_sql,yes,low,no,unit-test artifact; not recommended as POCR route input
runs/user/unittest_public_smoke_ff313c1f33b346248404f4d2a9a796d7/candidate_sql,unit_test_artifact,unittest_public_smoke_ff313c1f33b346248404f4d2a9a796d7,unittest_public_smoke_ff313c1f33b346248404f4d2a9a796d7,unit_test_artifact,postgres,2,2,no,no,case_engine_suffix_sql,yes,low,no,unit-test artifact; not recommended as POCR route input
runs/user/unittest_sqlglot_dry_run_0086b06c11264142af54c530ff031a05/candidate_sql,unit_test_artifact,unittest_sqlglot_dry_run_0086b06c11264142af54c530ff031a05,unittest_sqlglot_dry_run_0086b06c11264142af54c530ff031a05,unit_test_artifact,unknown,0,0,no,no,empty_or_no_files,yes,low,no,unit-test artifact; not recommended as POCR route input
runs/user/unittest_sqlglot_dry_run_0665f963da29448b80a17522456a75a3/candidate_sql,unit_test_artifact,unittest_sqlglot_dry_run_0665f963da29448b80a17522456a75a3,unittest_sqlglot_dry_run_0665f963da29448b80a17522456a75a3,unit_test_artifact,unknown,0,0,no,no,empty_or_no_files,yes,low,no,unit-test artifact; not recommended as POCR route input
runs/user/unittest_sqlglot_dry_run_0b24988684704bd2b051f5368d4a241d/candidate_sql,unit_test_artifact,unittest_sqlglot_dry_run_0b24988684704bd2b051f5368d4a241d,unittest_sqlglot_dry_run_0b24988684704bd2b051f5368d4a241d,unit_test_artifact,unknown,0,0,no,no,empty_or_no_files,yes,low,no,unit-test artifact; not recommended as POCR route input
runs/user/unittest_sqlglot_dry_run_14d586861669404782b22396bbc0903f/candidate_sql,unit_test_artifact,unittest_sqlglot_dry_run_14d586861669404782b22396bbc0903f,unittest_sqlglot_dry_run_14d586861669404782b22396bbc0903f,unit_test_artifact,unknown,0,0,no,no,empty_or_no_files,yes,low,no,unit-test artifact; not recommended as POCR route input
runs/user/unittest_sqlglot_dry_run_19cc4c21369a433b979658633fce545d/candidate_sql,unit_test_artifact,unittest_sqlglot_dry_run_19cc4c21369a433b979658633fce545d,unittest_sqlglot_dry_run_19cc4c21369a433b979658633fce545d,unit_test_artifact,unknown,0,0,no,no,empty_or_no_files,yes,low,no,unit-test artifact; not recommended as POCR route input
runs/user/unittest_sqlglot_dry_run_1e12c928dad74f69ba30dce7f0cf1958/candidate_sql,unit_test_artifact,unittest_sqlglot_dry_run_1e12c928dad74f69ba30dce7f0cf1958,unittest_sqlglot_dry_run_1e12c928dad74f69ba30dce7f0cf1958,unit_test_artifact,unknown,0,0,no,no,empty_or_no_files,yes,low,no,unit-test artifact; not recommended as POCR route input
runs/user/unittest_sqlglot_dry_run_1e49e6a25f694c66b814a282afa9be3c/candidate_sql,unit_test_artifact,unittest_sqlglot_dry_run_1e49e6a25f694c66b814a282afa9be3c,unittest_sqlglot_dry_run_1e49e6a25f694c66b814a282afa9be3c,unit_test_artifact,unknown,0,0,no,no,empty_or_no_files,yes,low,no,unit-test artifact; not recommended as POCR route input
runs/user/unittest_sqlglot_dry_run_1ed3f127cf2849099290590eb5250b55/candidate_sql,unit_test_artifact,unittest_sqlglot_dry_run_1ed3f127cf2849099290590eb5250b55,unittest_sqlglot_dry_run_1ed3f127cf2849099290590eb5250b55,unit_test_artifact,unknown,0,0,no,no,empty_or_no_files,yes,low,no,unit-test artifact; not recommended as POCR route input
runs/user/unittest_sqlglot_dry_run_255ce958b27b419a8563c6db0d073e97/candidate_sql,unit_test_artifact,unittest_sqlglot_dry_run_255ce958b27b419a8563c6db0d073e97,unittest_sqlglot_dry_run_255ce958b27b419a8563c6db0d073e97,unit_test_artifact,unknown,0,0,no,no,empty_or_no_files,yes,low,no,unit-test artifact; not recommended as POCR route input
runs/user/unittest_sqlglot_dry_run_25ec94073a7545178514979d9d176e99/candidate_sql,unit_test_artifact,unittest_sqlglot_dry_run_25ec94073a7545178514979d9d176e99,unittest_sqlglot_dry_run_25ec94073a7545178514979d9d176e99,unit_test_artifact,unknown,0,0,no,no,empty_or_no_files,yes,low,no,unit-test artifact; not recommended as POCR route input
runs/user/unittest_sqlglot_dry_run_2607ada6e587418591cec5f988a0989e/candidate_sql,unit_test_artifact,unittest_sqlglot_dry_run_2607ada6e587418591cec5f988a0989e,unittest_sqlglot_dry_run_2607ada6e587418591cec5f988a0989e,unit_test_artifact,unknown,0,0,no,no,empty_or_no_files,yes,low,no,unit-test artifact; not recommended as POCR route input
runs/user/unittest_sqlglot_dry_run_2644629a6f72448b9721482cab418447/candidate_sql,unit_test_artifact,unittest_sqlglot_dry_run_2644629a6f72448b9721482cab418447,unittest_sqlglot_dry_run_2644629a6f72448b9721482cab418447,unit_test_artifact,unknown,0,0,no,no,empty_or_no_files,yes,low,no,unit-test artifact; not recommended as POCR route input
runs/user/unittest_sqlglot_dry_run_276bec712e4c48658f59562281c4652f/candidate_sql,unit_test_artifact,unittest_sqlglot_dry_run_276bec712e4c48658f59562281c4652f,unittest_sqlglot_dry_run_276bec712e4c48658f59562281c4652f,unit_test_artifact,unknown,0,0,no,no,empty_or_no_files,yes,low,no,unit-test artifact; not recommended as POCR route input
runs/user/unittest_sqlglot_dry_run_2905b39cceb5463fbc5f930ce9c22808/candidate_sql,unit_test_artifact,unittest_sqlglot_dry_run_2905b39cceb5463fbc5f930ce9c22808,unittest_sqlglot_dry_run_2905b39cceb5463fbc5f930ce9c22808,unit_test_artifact,unknown,0,0,no,no,empty_or_no_files,yes,low,no,unit-test artifact; not recommended as POCR route input
runs/user/unittest_sqlglot_dry_run_2c6f5a7a473e4441bdae6b0ce4c91bc5/candidate_sql,unit_test_artifact,unittest_sqlglot_dry_run_2c6f5a7a473e4441bdae6b0ce4c91bc5,unittest_sqlglot_dry_run_2c6f5a7a473e4441bdae6b0ce4c91bc5,unit_test_artifact,unknown,0,0,no,no,empty_or_no_files,yes,low,no,unit-test artifact; not recommended as POCR route input
runs/user/unittest_sqlglot_dry_run_326cf2d05f214231961fc13448724781/candidate_sql,unit_test_artifact,unittest_sqlglot_dry_run_326cf2d05f214231961fc13448724781,unittest_sqlglot_dry_run_326cf2d05f214231961fc13448724781,unit_test_artifact,unknown,0,0,no,no,empty_or_no_files,yes,low,no,unit-test artifact; not recommended as POCR route input
runs/user/unittest_sqlglot_dry_run_3594378af36b4d8c9aecf2703e02f4b5/candidate_sql,unit_test_artifact,unittest_sqlglot_dry_run_3594378af36b4d8c9aecf2703e02f4b5,unittest_sqlglot_dry_run_3594378af36b4d8c9aecf2703e02f4b5,unit_test_artifact,unknown,0,0,no,no,empty_or_no_files,yes,low,no,unit-test artifact; not recommended as POCR route input
runs/user/unittest_sqlglot_dry_run_3623d6c9db1e452a826a9d4ebffde9d7/candidate_sql,unit_test_artifact,unittest_sqlglot_dry_run_3623d6c9db1e452a826a9d4ebffde9d7,unittest_sqlglot_dry_run_3623d6c9db1e452a826a9d4ebffde9d7,unit_test_artifact,unknown,0,0,no,no,empty_or_no_files,yes,low,no,unit-test artifact; not recommended as POCR route input
runs/user/unittest_sqlglot_dry_run_3c228741f3c842bfa3d42fc15d7a4916/candidate_sql,unit_test_artifact,unittest_sqlglot_dry_run_3c228741f3c842bfa3d42fc15d7a4916,unittest_sqlglot_dry_run_3c228741f3c842bfa3d42fc15d7a4916,unit_test_artifact,unknown,0,0,no,no,empty_or_no_files,yes,low,no,unit-test artifact; not recommended as POCR route input
runs/user/unittest_sqlglot_dry_run_3c5858e1a97d4e9eb31dc946539308f8/candidate_sql,unit_test_artifact,unittest_sqlglot_dry_run_3c5858e1a97d4e9eb31dc946539308f8,unittest_sqlglot_dry_run_3c5858e1a97d4e9eb31dc946539308f8,unit_test_artifact,unknown,0,0,no,no,empty_or_no_files,yes,low,no,unit-test artifact; not recommended as POCR route input
runs/user/unittest_sqlglot_dry_run_3d43331f6a9e4731b321556a47aecd0d/candidate_sql,unit_test_artifact,unittest_sqlglot_dry_run_3d43331f6a9e4731b321556a47aecd0d,unittest_sqlglot_dry_run_3d43331f6a9e4731b321556a47aecd0d,unit_test_artifact,unknown,0,0,no,no,empty_or_no_files,yes,low,no,unit-test artifact; not recommended as POCR route input
runs/user/unittest_sqlglot_dry_run_3df540720ab34a47a7724041062391bb/candidate_sql,unit_test_artifact,unittest_sqlglot_dry_run_3df540720ab34a47a7724041062391bb,unittest_sqlglot_dry_run_3df540720ab34a47a7724041062391bb,unit_test_artifact,unknown,0,0,no,no,empty_or_no_files,yes,low,no,unit-test artifact; not recommended as POCR route input
runs/user/unittest_sqlglot_dry_run_3f7cac09a6884dd0980790af7d581e2a/candidate_sql,unit_test_artifact,unittest_sqlglot_dry_run_3f7cac09a6884dd0980790af7d581e2a,unittest_sqlglot_dry_run_3f7cac09a6884dd0980790af7d581e2a,unit_test_artifact,unknown,0,0,no,no,empty_or_no_files,yes,low,no,unit-test artifact; not recommended as POCR route input
runs/user/unittest_sqlglot_dry_run_404d4c5712c94ff3905ac80c642d6124/candidate_sql,unit_test_artifact,unittest_sqlglot_dry_run_404d4c5712c94ff3905ac80c642d6124,unittest_sqlglot_dry_run_404d4c5712c94ff3905ac80c642d6124,unit_test_artifact,unknown,0,0,no,no,empty_or_no_files,yes,low,no,unit-test artifact; not recommended as POCR route input
runs/user/unittest_sqlglot_dry_run_4071a28f13fe4269b6ec1dab858dd7c1/candidate_sql,unit_test_artifact,unittest_sqlglot_dry_run_4071a28f13fe4269b6ec1dab858dd7c1,unittest_sqlglot_dry_run_4071a28f13fe4269b6ec1dab858dd7c1,unit_test_artifact,unknown,0,0,no,no,empty_or_no_files,yes,low,no,unit-test artifact; not recommended as POCR route input
runs/user/unittest_sqlglot_dry_run_4115494748bd40759081b07b3ab5b9ad/candidate_sql,unit_test_artifact,unittest_sqlglot_dry_run_4115494748bd40759081b07b3ab5b9ad,unittest_sqlglot_dry_run_4115494748bd40759081b07b3ab5b9ad,unit_test_artifact,unknown,0,0,no,no,empty_or_no_files,yes,low,no,unit-test artifact; not recommended as POCR route input
runs/user/unittest_sqlglot_dry_run_415a40cddfd84f839b77d9f77b3fb6ad/candidate_sql,unit_test_artifact,unittest_sqlglot_dry_run_415a40cddfd84f839b77d9f77b3fb6ad,unittest_sqlglot_dry_run_415a40cddfd84f839b77d9f77b3fb6ad,unit_test_artifact,unknown,0,0,no,no,empty_or_no_files,yes,low,no,unit-test artifact; not recommended as POCR route input
runs/user/unittest_sqlglot_dry_run_4457fbb45faf49f0b05d7e794fe9ba18/candidate_sql,unit_test_artifact,unittest_sqlglot_dry_run_4457fbb45faf49f0b05d7e794fe9ba18,unittest_sqlglot_dry_run_4457fbb45faf49f0b05d7e794fe9ba18,unit_test_artifact,unknown,0,0,no,no,empty_or_no_files,yes,low,no,unit-test artifact; not recommended as POCR route input
runs/user/unittest_sqlglot_dry_run_446abf9f3f2048bcb25ae02974d1ddca/candidate_sql,unit_test_artifact,unittest_sqlglot_dry_run_446abf9f3f2048bcb25ae02974d1ddca,unittest_sqlglot_dry_run_446abf9f3f2048bcb25ae02974d1ddca,unit_test_artifact,unknown,0,0,no,no,empty_or_no_files,yes,low,no,unit-test artifact; not recommended as POCR route input
runs/user/unittest_sqlglot_dry_run_470bf6681d024b448d1d85380320d1f6/candidate_sql,unit_test_artifact,unittest_sqlglot_dry_run_470bf6681d024b448d1d85380320d1f6,unittest_sqlglot_dry_run_470bf6681d024b448d1d85380320d1f6,unit_test_artifact,unknown,0,0,no,no,empty_or_no_files,yes,low,no,unit-test artifact; not recommended as POCR route input
runs/user/unittest_sqlglot_dry_run_47ccd55a0fb5461288bdd749c74823dd/candidate_sql,unit_test_artifact,unittest_sqlglot_dry_run_47ccd55a0fb5461288bdd749c74823dd,unittest_sqlglot_dry_run_47ccd55a0fb5461288bdd749c74823dd,unit_test_artifact,unknown,0,0,no,no,empty_or_no_files,yes,low,no,unit-test artifact; not recommended as POCR route input
runs/user/unittest_sqlglot_dry_run_47ed5c77adb34d39bd7579ade1b5f9ca/candidate_sql,unit_test_artifact,unittest_sqlglot_dry_run_47ed5c77adb34d39bd7579ade1b5f9ca,unittest_sqlglot_dry_run_47ed5c77adb34d39bd7579ade1b5f9ca,unit_test_artifact,unknown,0,0,no,no,empty_or_no_files,yes,low,no,unit-test artifact; not recommended as POCR route input
runs/user/unittest_sqlglot_dry_run_4a6a8eb4fc534f04a77c809f47ff76dd/candidate_sql,unit_test_artifact,unittest_sqlglot_dry_run_4a6a8eb4fc534f04a77c809f47ff76dd,unittest_sqlglot_dry_run_4a6a8eb4fc534f04a77c809f47ff76dd,unit_test_artifact,unknown,0,0,no,no,empty_or_no_files,yes,low,no,unit-test artifact; not recommended as POCR route input
runs/user/unittest_sqlglot_dry_run_4a972f7c33db46eb8638ca0bd99a82cd/candidate_sql,unit_test_artifact,unittest_sqlglot_dry_run_4a972f7c33db46eb8638ca0bd99a82cd,unittest_sqlglot_dry_run_4a972f7c33db46eb8638ca0bd99a82cd,unit_test_artifact,unknown,0,0,no,no,empty_or_no_files,yes,low,no,unit-test artifact; not recommended as POCR route input
runs/user/unittest_sqlglot_dry_run_4c350b593688476aa49a9bca513e6985/candidate_sql,unit_test_artifact,unittest_sqlglot_dry_run_4c350b593688476aa49a9bca513e6985,unittest_sqlglot_dry_run_4c350b593688476aa49a9bca513e6985,unit_test_artifact,unknown,0,0,no,no,empty_or_no_files,yes,low,no,unit-test artifact; not recommended as POCR route input
runs/user/unittest_sqlglot_dry_run_4c71105d24a7410998f99f12b81ce1c6/candidate_sql,unit_test_artifact,unittest_sqlglot_dry_run_4c71105d24a7410998f99f12b81ce1c6,unittest_sqlglot_dry_run_4c71105d24a7410998f99f12b81ce1c6,unit_test_artifact,unknown,0,0,no,no,empty_or_no_files,yes,low,no,unit-test artifact; not recommended as POCR route input
runs/user/unittest_sqlglot_dry_run_4d6d49b38bfd48d18af89e7ba4f18392/candidate_sql,unit_test_artifact,unittest_sqlglot_dry_run_4d6d49b38bfd48d18af89e7ba4f18392,unittest_sqlglot_dry_run_4d6d49b38bfd48d18af89e7ba4f18392,unit_test_artifact,unknown,0,0,no,no,empty_or_no_files,yes,low,no,unit-test artifact; not recommended as POCR route input
runs/user/unittest_sqlglot_dry_run_52b4246d19dd41468469fbfe146cc1c0/candidate_sql,unit_test_artifact,unittest_sqlglot_dry_run_52b4246d19dd41468469fbfe146cc1c0,unittest_sqlglot_dry_run_52b4246d19dd41468469fbfe146cc1c0,unit_test_artifact,unknown,0,0,no,no,empty_or_no_files,yes,low,no,unit-test artifact; not recommended as POCR route input
runs/user/unittest_sqlglot_dry_run_563ecb0d95ae4bdf9c92056a4252c1ba/candidate_sql,unit_test_artifact,unittest_sqlglot_dry_run_563ecb0d95ae4bdf9c92056a4252c1ba,unittest_sqlglot_dry_run_563ecb0d95ae4bdf9c92056a4252c1ba,unit_test_artifact,unknown,0,0,no,no,empty_or_no_files,yes,low,no,unit-test artifact; not recommended as POCR route input
runs/user/unittest_sqlglot_dry_run_5675b8dbe16744eb8a60cc563cd1696d/candidate_sql,unit_test_artifact,unittest_sqlglot_dry_run_5675b8dbe16744eb8a60cc563cd1696d,unittest_sqlglot_dry_run_5675b8dbe16744eb8a60cc563cd1696d,unit_test_artifact,unknown,0,0,no,no,empty_or_no_files,yes,low,no,unit-test artifact; not recommended as POCR route input
runs/user/unittest_sqlglot_dry_run_5678202e10dd45b791c8f267e051e6a4/candidate_sql,unit_test_artifact,unittest_sqlglot_dry_run_5678202e10dd45b791c8f267e051e6a4,unittest_sqlglot_dry_run_5678202e10dd45b791c8f267e051e6a4,unit_test_artifact,unknown,0,0,no,no,empty_or_no_files,yes,low,no,unit-test artifact; not recommended as POCR route input
runs/user/unittest_sqlglot_dry_run_568010714751459bb0a2beece27e8c7b/candidate_sql,unit_test_artifact,unittest_sqlglot_dry_run_568010714751459bb0a2beece27e8c7b,unittest_sqlglot_dry_run_568010714751459bb0a2beece27e8c7b,unit_test_artifact,unknown,0,0,no,no,empty_or_no_files,yes,low,no,unit-test artifact; not recommended as POCR route input
runs/user/unittest_sqlglot_dry_run_57c7f0f7e0fd497583dd08140a05e8d0/candidate_sql,unit_test_artifact,unittest_sqlglot_dry_run_57c7f0f7e0fd497583dd08140a05e8d0,unittest_sqlglot_dry_run_57c7f0f7e0fd497583dd08140a05e8d0,unit_test_artifact,unknown,0,0,no,no,empty_or_no_files,yes,low,no,unit-test artifact; not recommended as POCR route input
runs/user/unittest_sqlglot_dry_run_58e3b95bc8e6416b8da506c99c19ef02/candidate_sql,unit_test_artifact,unittest_sqlglot_dry_run_58e3b95bc8e6416b8da506c99c19ef02,unittest_sqlglot_dry_run_58e3b95bc8e6416b8da506c99c19ef02,unit_test_artifact,unknown,0,0,no,no,empty_or_no_files,yes,low,no,unit-test artifact; not recommended as POCR route input
runs/user/unittest_sqlglot_dry_run_590fdb6ed60545f0bb1289061d1616bd/candidate_sql,unit_test_artifact,unittest_sqlglot_dry_run_590fdb6ed60545f0bb1289061d1616bd,unittest_sqlglot_dry_run_590fdb6ed60545f0bb1289061d1616bd,unit_test_artifact,unknown,0,0,no,no,empty_or_no_files,yes,low,no,unit-test artifact; not recommended as POCR route input
runs/user/unittest_sqlglot_dry_run_5abb399c8fb94d3ba3fb5135c29154bc/candidate_sql,unit_test_artifact,unittest_sqlglot_dry_run_5abb399c8fb94d3ba3fb5135c29154bc,unittest_sqlglot_dry_run_5abb399c8fb94d3ba3fb5135c29154bc,unit_test_artifact,unknown,0,0,no,no,empty_or_no_files,yes,low,no,unit-test artifact; not recommended as POCR route input
runs/user/unittest_sqlglot_dry_run_5aca75d7de3d491db94436f267087391/candidate_sql,unit_test_artifact,unittest_sqlglot_dry_run_5aca75d7de3d491db94436f267087391,unittest_sqlglot_dry_run_5aca75d7de3d491db94436f267087391,unit_test_artifact,unknown,0,0,no,no,empty_or_no_files,yes,low,no,unit-test artifact; not recommended as POCR route input
runs/user/unittest_sqlglot_dry_run_5e41e3ab38874d468ee786082fc33141/candidate_sql,unit_test_artifact,unittest_sqlglot_dry_run_5e41e3ab38874d468ee786082fc33141,unittest_sqlglot_dry_run_5e41e3ab38874d468ee786082fc33141,unit_test_artifact,unknown,0,0,no,no,empty_or_no_files,yes,low,no,unit-test artifact; not recommended as POCR route input
runs/user/unittest_sqlglot_dry_run_6042a1ec1f9746f7b39e34ed99a79dda/candidate_sql,unit_test_artifact,unittest_sqlglot_dry_run_6042a1ec1f9746f7b39e34ed99a79dda,unittest_sqlglot_dry_run_6042a1ec1f9746f7b39e34ed99a79dda,unit_test_artifact,unknown,0,0,no,no,empty_or_no_files,yes,low,no,unit-test artifact; not recommended as POCR route input
runs/user/unittest_sqlglot_dry_run_63de2c8441af48dbb6d89687a19f2335/candidate_sql,unit_test_artifact,unittest_sqlglot_dry_run_63de2c8441af48dbb6d89687a19f2335,unittest_sqlglot_dry_run_63de2c8441af48dbb6d89687a19f2335,unit_test_artifact,unknown,0,0,no,no,empty_or_no_files,yes,low,no,unit-test artifact; not recommended as POCR route input
runs/user/unittest_sqlglot_dry_run_652b6e846f8a404a9607dc5e0b5ee825/candidate_sql,unit_test_artifact,unittest_sqlglot_dry_run_652b6e846f8a404a9607dc5e0b5ee825,unittest_sqlglot_dry_run_652b6e846f8a404a9607dc5e0b5ee825,unit_test_artifact,unknown,0,0,no,no,empty_or_no_files,yes,low,no,unit-test artifact; not recommended as POCR route input
runs/user/unittest_sqlglot_dry_run_665bf9d5686b4fc09cdda18a88717559/candidate_sql,unit_test_artifact,unittest_sqlglot_dry_run_665bf9d5686b4fc09cdda18a88717559,unittest_sqlglot_dry_run_665bf9d5686b4fc09cdda18a88717559,unit_test_artifact,unknown,0,0,no,no,empty_or_no_files,yes,low,no,unit-test artifact; not recommended as POCR route input
runs/user/unittest_sqlglot_dry_run_6704b476b38340b9881ba918cc387654/candidate_sql,unit_test_artifact,unittest_sqlglot_dry_run_6704b476b38340b9881ba918cc387654,unittest_sqlglot_dry_run_6704b476b38340b9881ba918cc387654,unit_test_artifact,unknown,0,0,no,no,empty_or_no_files,yes,low,no,unit-test artifact; not recommended as POCR route input
runs/user/unittest_sqlglot_dry_run_673fb303bc734f9e96324390b0ae896f/candidate_sql,unit_test_artifact,unittest_sqlglot_dry_run_673fb303bc734f9e96324390b0ae896f,unittest_sqlglot_dry_run_673fb303bc734f9e96324390b0ae896f,unit_test_artifact,unknown,0,0,no,no,empty_or_no_files,yes,low,no,unit-test artifact; not recommended as POCR route input
runs/user/unittest_sqlglot_dry_run_6a8b8075050e47eba086194ae423a959/candidate_sql,unit_test_artifact,unittest_sqlglot_dry_run_6a8b8075050e47eba086194ae423a959,unittest_sqlglot_dry_run_6a8b8075050e47eba086194ae423a959,unit_test_artifact,unknown,0,0,no,no,empty_or_no_files,yes,low,no,unit-test artifact; not recommended as POCR route input
runs/user/unittest_sqlglot_dry_run_6b94d72318df4d35b7ba0a845d157301/candidate_sql,unit_test_artifact,unittest_sqlglot_dry_run_6b94d72318df4d35b7ba0a845d157301,unittest_sqlglot_dry_run_6b94d72318df4d35b7ba0a845d157301,unit_test_artifact,unknown,0,0,no,no,empty_or_no_files,yes,low,no,unit-test artifact; not recommended as POCR route input
runs/user/unittest_sqlglot_dry_run_6d44fccaeb884c81a13df2e03be5ba57/candidate_sql,unit_test_artifact,unittest_sqlglot_dry_run_6d44fccaeb884c81a13df2e03be5ba57,unittest_sqlglot_dry_run_6d44fccaeb884c81a13df2e03be5ba57,unit_test_artifact,unknown,0,0,no,no,empty_or_no_files,yes,low,no,unit-test artifact; not recommended as POCR route input
runs/user/unittest_sqlglot_dry_run_703765d8639043bf8cdf680b2ab9e551/candidate_sql,unit_test_artifact,unittest_sqlglot_dry_run_703765d8639043bf8cdf680b2ab9e551,unittest_sqlglot_dry_run_703765d8639043bf8cdf680b2ab9e551,unit_test_artifact,unknown,0,0,no,no,empty_or_no_files,yes,low,no,unit-test artifact; not recommended as POCR route input
runs/user/unittest_sqlglot_dry_run_73b2290e123b4c108cc6a411a632b97b/candidate_sql,unit_test_artifact,unittest_sqlglot_dry_run_73b2290e123b4c108cc6a411a632b97b,unittest_sqlglot_dry_run_73b2290e123b4c108cc6a411a632b97b,unit_test_artifact,unknown,0,0,no,no,empty_or_no_files,yes,low,no,unit-test artifact; not recommended as POCR route input
runs/user/unittest_sqlglot_dry_run_75022b4ff1ca45dabce79bc3143d24cc/candidate_sql,unit_test_artifact,unittest_sqlglot_dry_run_75022b4ff1ca45dabce79bc3143d24cc,unittest_sqlglot_dry_run_75022b4ff1ca45dabce79bc3143d24cc,unit_test_artifact,unknown,0,0,no,no,empty_or_no_files,yes,low,no,unit-test artifact; not recommended as POCR route input
runs/user/unittest_sqlglot_dry_run_76c8b3a2fd614555925176e6f1be68c5/candidate_sql,unit_test_artifact,unittest_sqlglot_dry_run_76c8b3a2fd614555925176e6f1be68c5,unittest_sqlglot_dry_run_76c8b3a2fd614555925176e6f1be68c5,unit_test_artifact,unknown,0,0,no,no,empty_or_no_files,yes,low,no,unit-test artifact; not recommended as POCR route input
runs/user/unittest_sqlglot_dry_run_76f4268252b9430fa4a1f12bb0143dfd/candidate_sql,unit_test_artifact,unittest_sqlglot_dry_run_76f4268252b9430fa4a1f12bb0143dfd,unittest_sqlglot_dry_run_76f4268252b9430fa4a1f12bb0143dfd,unit_test_artifact,unknown,0,0,no,no,empty_or_no_files,yes,low,no,unit-test artifact; not recommended as POCR route input
runs/user/unittest_sqlglot_dry_run_783febf9931a49ac94910770f7ba62de/candidate_sql,unit_test_artifact,unittest_sqlglot_dry_run_783febf9931a49ac94910770f7ba62de,unittest_sqlglot_dry_run_783febf9931a49ac94910770f7ba62de,unit_test_artifact,unknown,0,0,no,no,empty_or_no_files,yes,low,no,unit-test artifact; not recommended as POCR route input
runs/user/unittest_sqlglot_dry_run_784d0de035ee4ae68e6f762a26b5f9c2/candidate_sql,unit_test_artifact,unittest_sqlglot_dry_run_784d0de035ee4ae68e6f762a26b5f9c2,unittest_sqlglot_dry_run_784d0de035ee4ae68e6f762a26b5f9c2,unit_test_artifact,unknown,0,0,no,no,empty_or_no_files,yes,low,no,unit-test artifact; not recommended as POCR route input
runs/user/unittest_sqlglot_dry_run_7931f9be86984b668d7a3ff5e5cb7e08/candidate_sql,unit_test_artifact,unittest_sqlglot_dry_run_7931f9be86984b668d7a3ff5e5cb7e08,unittest_sqlglot_dry_run_7931f9be86984b668d7a3ff5e5cb7e08,unit_test_artifact,unknown,0,0,no,no,empty_or_no_files,yes,low,no,unit-test artifact; not recommended as POCR route input
runs/user/unittest_sqlglot_dry_run_80650e59ebd4445bb8d4e6ac05c7d495/candidate_sql,unit_test_artifact,unittest_sqlglot_dry_run_80650e59ebd4445bb8d4e6ac05c7d495,unittest_sqlglot_dry_run_80650e59ebd4445bb8d4e6ac05c7d495,unit_test_artifact,unknown,0,0,no,no,empty_or_no_files,yes,low,no,unit-test artifact; not recommended as POCR route input
runs/user/unittest_sqlglot_dry_run_86d535c8562842afaac071bd61a0e75d/candidate_sql,unit_test_artifact,unittest_sqlglot_dry_run_86d535c8562842afaac071bd61a0e75d,unittest_sqlglot_dry_run_86d535c8562842afaac071bd61a0e75d,unit_test_artifact,unknown,0,0,no,no,empty_or_no_files,yes,low,no,unit-test artifact; not recommended as POCR route input
runs/user/unittest_sqlglot_dry_run_896b448465d84b0e8070342297a18b32/candidate_sql,unit_test_artifact,unittest_sqlglot_dry_run_896b448465d84b0e8070342297a18b32,unittest_sqlglot_dry_run_896b448465d84b0e8070342297a18b32,unit_test_artifact,unknown,0,0,no,no,empty_or_no_files,yes,low,no,unit-test artifact; not recommended as POCR route input
runs/user/unittest_sqlglot_dry_run_8aadd31e07ae4f6eafa57878f3fd82c2/candidate_sql,unit_test_artifact,unittest_sqlglot_dry_run_8aadd31e07ae4f6eafa57878f3fd82c2,unittest_sqlglot_dry_run_8aadd31e07ae4f6eafa57878f3fd82c2,unit_test_artifact,unknown,0,0,no,no,empty_or_no_files,yes,low,no,unit-test artifact; not recommended as POCR route input
runs/user/unittest_sqlglot_dry_run_8d985eeb51014269a981b16359bf6be6/candidate_sql,unit_test_artifact,unittest_sqlglot_dry_run_8d985eeb51014269a981b16359bf6be6,unittest_sqlglot_dry_run_8d985eeb51014269a981b16359bf6be6,unit_test_artifact,unknown,0,0,no,no,empty_or_no_files,yes,low,no,unit-test artifact; not recommended as POCR route input
runs/user/unittest_sqlglot_dry_run_9012f06b4d8a4c5eb18411c37e2ab420/candidate_sql,unit_test_artifact,unittest_sqlglot_dry_run_9012f06b4d8a4c5eb18411c37e2ab420,unittest_sqlglot_dry_run_9012f06b4d8a4c5eb18411c37e2ab420,unit_test_artifact,unknown,0,0,no,no,empty_or_no_files,yes,low,no,unit-test artifact; not recommended as POCR route input
runs/user/unittest_sqlglot_dry_run_90f20314488041dd9531fa232c6a8973/candidate_sql,unit_test_artifact,unittest_sqlglot_dry_run_90f20314488041dd9531fa232c6a8973,unittest_sqlglot_dry_run_90f20314488041dd9531fa232c6a8973,unit_test_artifact,unknown,0,0,no,no,empty_or_no_files,yes,low,no,unit-test artifact; not recommended as POCR route input
runs/user/unittest_sqlglot_dry_run_92fc75f7029c4528a01e3b462ba57857/candidate_sql,unit_test_artifact,unittest_sqlglot_dry_run_92fc75f7029c4528a01e3b462ba57857,unittest_sqlglot_dry_run_92fc75f7029c4528a01e3b462ba57857,unit_test_artifact,unknown,0,0,no,no,empty_or_no_files,yes,low,no,unit-test artifact; not recommended as POCR route input
runs/user/unittest_sqlglot_dry_run_9460a61a05e04421b61049f54c7c1a8d/candidate_sql,unit_test_artifact,unittest_sqlglot_dry_run_9460a61a05e04421b61049f54c7c1a8d,unittest_sqlglot_dry_run_9460a61a05e04421b61049f54c7c1a8d,unit_test_artifact,unknown,0,0,no,no,empty_or_no_files,yes,low,no,unit-test artifact; not recommended as POCR route input
runs/user/unittest_sqlglot_dry_run_95ca917a3fae4ef3adc539e248ad11f0/candidate_sql,unit_test_artifact,unittest_sqlglot_dry_run_95ca917a3fae4ef3adc539e248ad11f0,unittest_sqlglot_dry_run_95ca917a3fae4ef3adc539e248ad11f0,unit_test_artifact,unknown,0,0,no,no,empty_or_no_files,yes,low,no,unit-test artifact; not recommended as POCR route input
runs/user/unittest_sqlglot_dry_run_970082b7b36349458ad2d74a47dbbd34/candidate_sql,unit_test_artifact,unittest_sqlglot_dry_run_970082b7b36349458ad2d74a47dbbd34,unittest_sqlglot_dry_run_970082b7b36349458ad2d74a47dbbd34,unit_test_artifact,unknown,0,0,no,no,empty_or_no_files,yes,low,no,unit-test artifact; not recommended as POCR route input
runs/user/unittest_sqlglot_dry_run_97c711e521dc46ca952e43abc043c2b8/candidate_sql,unit_test_artifact,unittest_sqlglot_dry_run_97c711e521dc46ca952e43abc043c2b8,unittest_sqlglot_dry_run_97c711e521dc46ca952e43abc043c2b8,unit_test_artifact,unknown,0,0,no,no,empty_or_no_files,yes,low,no,unit-test artifact; not recommended as POCR route input
runs/user/unittest_sqlglot_dry_run_987efcaddaf445e88b240986d70d0468/candidate_sql,unit_test_artifact,unittest_sqlglot_dry_run_987efcaddaf445e88b240986d70d0468,unittest_sqlglot_dry_run_987efcaddaf445e88b240986d70d0468,unit_test_artifact,unknown,0,0,no,no,empty_or_no_files,yes,low,no,unit-test artifact; not recommended as POCR route input
runs/user/unittest_sqlglot_dry_run_996a3a55527f4105b38deefb76493962/candidate_sql,unit_test_artifact,unittest_sqlglot_dry_run_996a3a55527f4105b38deefb76493962,unittest_sqlglot_dry_run_996a3a55527f4105b38deefb76493962,unit_test_artifact,unknown,0,0,no,no,empty_or_no_files,yes,low,no,unit-test artifact; not recommended as POCR route input
runs/user/unittest_sqlglot_dry_run_a074553827d640cea739d94dd47bc9f7/candidate_sql,unit_test_artifact,unittest_sqlglot_dry_run_a074553827d640cea739d94dd47bc9f7,unittest_sqlglot_dry_run_a074553827d640cea739d94dd47bc9f7,unit_test_artifact,unknown,0,0,no,no,empty_or_no_files,yes,low,no,unit-test artifact; not recommended as POCR route input
runs/user/unittest_sqlglot_dry_run_a1fae197a2c34bcb8c45480f58f89e3c/candidate_sql,unit_test_artifact,unittest_sqlglot_dry_run_a1fae197a2c34bcb8c45480f58f89e3c,unittest_sqlglot_dry_run_a1fae197a2c34bcb8c45480f58f89e3c,unit_test_artifact,unknown,0,0,no,no,empty_or_no_files,yes,low,no,unit-test artifact; not recommended as POCR route input
runs/user/unittest_sqlglot_dry_run_a22f0252d35844caa846dc22f88a244f/candidate_sql,unit_test_artifact,unittest_sqlglot_dry_run_a22f0252d35844caa846dc22f88a244f,unittest_sqlglot_dry_run_a22f0252d35844caa846dc22f88a244f,unit_test_artifact,unknown,0,0,no,no,empty_or_no_files,yes,low,no,unit-test artifact; not recommended as POCR route input
runs/user/unittest_sqlglot_dry_run_a606318d6740411f9e4e88d6bf53ea4b/candidate_sql,unit_test_artifact,unittest_sqlglot_dry_run_a606318d6740411f9e4e88d6bf53ea4b,unittest_sqlglot_dry_run_a606318d6740411f9e4e88d6bf53ea4b,unit_test_artifact,unknown,0,0,no,no,empty_or_no_files,yes,low,no,unit-test artifact; not recommended as POCR route input
runs/user/unittest_sqlglot_dry_run_a66dfe1db28148f8953117dd119a1c21/candidate_sql,unit_test_artifact,unittest_sqlglot_dry_run_a66dfe1db28148f8953117dd119a1c21,unittest_sqlglot_dry_run_a66dfe1db28148f8953117dd119a1c21,unit_test_artifact,unknown,0,0,no,no,empty_or_no_files,yes,low,no,unit-test artifact; not recommended as POCR route input
runs/user/unittest_sqlglot_dry_run_aa3f9c0d92344302a19b8fd18c9611cd/candidate_sql,unit_test_artifact,unittest_sqlglot_dry_run_aa3f9c0d92344302a19b8fd18c9611cd,unittest_sqlglot_dry_run_aa3f9c0d92344302a19b8fd18c9611cd,unit_test_artifact,unknown,0,0,no,no,empty_or_no_files,yes,low,no,unit-test artifact; not recommended as POCR route input
runs/user/unittest_sqlglot_dry_run_ab9c065f28e94556980b4823638c9e83/candidate_sql,unit_test_artifact,unittest_sqlglot_dry_run_ab9c065f28e94556980b4823638c9e83,unittest_sqlglot_dry_run_ab9c065f28e94556980b4823638c9e83,unit_test_artifact,unknown,0,0,no,no,empty_or_no_files,yes,low,no,unit-test artifact; not recommended as POCR route input
runs/user/unittest_sqlglot_dry_run_b0dc075e796f42a6b7f273207d096a1e/candidate_sql,unit_test_artifact,unittest_sqlglot_dry_run_b0dc075e796f42a6b7f273207d096a1e,unittest_sqlglot_dry_run_b0dc075e796f42a6b7f273207d096a1e,unit_test_artifact,unknown,0,0,no,no,empty_or_no_files,yes,low,no,unit-test artifact; not recommended as POCR route input
runs/user/unittest_sqlglot_dry_run_b0fbf7929df54ccfb762491bf7e100e6/candidate_sql,unit_test_artifact,unittest_sqlglot_dry_run_b0fbf7929df54ccfb762491bf7e100e6,unittest_sqlglot_dry_run_b0fbf7929df54ccfb762491bf7e100e6,unit_test_artifact,unknown,0,0,no,no,empty_or_no_files,yes,low,no,unit-test artifact; not recommended as POCR route input
runs/user/unittest_sqlglot_dry_run_b1db2bd9835547eb84676cdd922fd5db/candidate_sql,unit_test_artifact,unittest_sqlglot_dry_run_b1db2bd9835547eb84676cdd922fd5db,unittest_sqlglot_dry_run_b1db2bd9835547eb84676cdd922fd5db,unit_test_artifact,unknown,0,0,no,no,empty_or_no_files,yes,low,no,unit-test artifact; not recommended as POCR route input
runs/user/unittest_sqlglot_dry_run_b5adee8d639f4ff88afcec9e3d8bb917/candidate_sql,unit_test_artifact,unittest_sqlglot_dry_run_b5adee8d639f4ff88afcec9e3d8bb917,unittest_sqlglot_dry_run_b5adee8d639f4ff88afcec9e3d8bb917,unit_test_artifact,unknown,0,0,no,no,empty_or_no_files,yes,low,no,unit-test artifact; not recommended as POCR route input
runs/user/unittest_sqlglot_dry_run_babe09f03465478492cb6b3edaa6c488/candidate_sql,unit_test_artifact,unittest_sqlglot_dry_run_babe09f03465478492cb6b3edaa6c488,unittest_sqlglot_dry_run_babe09f03465478492cb6b3edaa6c488,unit_test_artifact,unknown,0,0,no,no,empty_or_no_files,yes,low,no,unit-test artifact; not recommended as POCR route input
runs/user/unittest_sqlglot_dry_run_bf08e6a555e8498bba2306e5081ebbd3/candidate_sql,unit_test_artifact,unittest_sqlglot_dry_run_bf08e6a555e8498bba2306e5081ebbd3,unittest_sqlglot_dry_run_bf08e6a555e8498bba2306e5081ebbd3,unit_test_artifact,unknown,0,0,no,no,empty_or_no_files,yes,low,no,unit-test artifact; not recommended as POCR route input
runs/user/unittest_sqlglot_dry_run_c3bfe9920d694a80a1ab39259f9884a0/candidate_sql,unit_test_artifact,unittest_sqlglot_dry_run_c3bfe9920d694a80a1ab39259f9884a0,unittest_sqlglot_dry_run_c3bfe9920d694a80a1ab39259f9884a0,unit_test_artifact,unknown,0,0,no,no,empty_or_no_files,yes,low,no,unit-test artifact; not recommended as POCR route input
runs/user/unittest_sqlglot_dry_run_c7feeb6e16fc4a2d92f37e05931d131d/candidate_sql,unit_test_artifact,unittest_sqlglot_dry_run_c7feeb6e16fc4a2d92f37e05931d131d,unittest_sqlglot_dry_run_c7feeb6e16fc4a2d92f37e05931d131d,unit_test_artifact,unknown,0,0,no,no,empty_or_no_files,yes,low,no,unit-test artifact; not recommended as POCR route input
runs/user/unittest_sqlglot_dry_run_ca7f929b005e4affaee0932e9d8594ca/candidate_sql,unit_test_artifact,unittest_sqlglot_dry_run_ca7f929b005e4affaee0932e9d8594ca,unittest_sqlglot_dry_run_ca7f929b005e4affaee0932e9d8594ca,unit_test_artifact,unknown,0,0,no,no,empty_or_no_files,yes,low,no,unit-test artifact; not recommended as POCR route input
runs/user/unittest_sqlglot_dry_run_cd576f0446584f008373d4028d324de5/candidate_sql,unit_test_artifact,unittest_sqlglot_dry_run_cd576f0446584f008373d4028d324de5,unittest_sqlglot_dry_run_cd576f0446584f008373d4028d324de5,unit_test_artifact,unknown,0,0,no,no,empty_or_no_files,yes,low,no,unit-test artifact; not recommended as POCR route input
runs/user/unittest_sqlglot_dry_run_d044d83545e048d3a2a9403d623a1ff2/candidate_sql,unit_test_artifact,unittest_sqlglot_dry_run_d044d83545e048d3a2a9403d623a1ff2,unittest_sqlglot_dry_run_d044d83545e048d3a2a9403d623a1ff2,unit_test_artifact,unknown,0,0,no,no,empty_or_no_files,yes,low,no,unit-test artifact; not recommended as POCR route input
runs/user/unittest_sqlglot_dry_run_d3050beb65d64dcfb0530fcb4c57c0fa/candidate_sql,unit_test_artifact,unittest_sqlglot_dry_run_d3050beb65d64dcfb0530fcb4c57c0fa,unittest_sqlglot_dry_run_d3050beb65d64dcfb0530fcb4c57c0fa,unit_test_artifact,unknown,0,0,no,no,empty_or_no_files,yes,low,no,unit-test artifact; not recommended as POCR route input
runs/user/unittest_sqlglot_dry_run_d3347cb5b36f42b2824f44797937b924/candidate_sql,unit_test_artifact,unittest_sqlglot_dry_run_d3347cb5b36f42b2824f44797937b924,unittest_sqlglot_dry_run_d3347cb5b36f42b2824f44797937b924,unit_test_artifact,unknown,0,0,no,no,empty_or_no_files,yes,low,no,unit-test artifact; not recommended as POCR route input
runs/user/unittest_sqlglot_dry_run_d4571c9ae8d4474bbe62d84b7ee2b545/candidate_sql,unit_test_artifact,unittest_sqlglot_dry_run_d4571c9ae8d4474bbe62d84b7ee2b545,unittest_sqlglot_dry_run_d4571c9ae8d4474bbe62d84b7ee2b545,unit_test_artifact,unknown,0,0,no,no,empty_or_no_files,yes,low,no,unit-test artifact; not recommended as POCR route input
runs/user/unittest_sqlglot_dry_run_d7c71878cf3e4dae9d4adb7e71fe0e7a/candidate_sql,unit_test_artifact,unittest_sqlglot_dry_run_d7c71878cf3e4dae9d4adb7e71fe0e7a,unittest_sqlglot_dry_run_d7c71878cf3e4dae9d4adb7e71fe0e7a,unit_test_artifact,unknown,0,0,no,no,empty_or_no_files,yes,low,no,unit-test artifact; not recommended as POCR route input
runs/user/unittest_sqlglot_dry_run_d8422555f32a470687046d5a22ded618/candidate_sql,unit_test_artifact,unittest_sqlglot_dry_run_d8422555f32a470687046d5a22ded618,unittest_sqlglot_dry_run_d8422555f32a470687046d5a22ded618,unit_test_artifact,unknown,0,0,no,no,empty_or_no_files,yes,low,no,unit-test artifact; not recommended as POCR route input
runs/user/unittest_sqlglot_dry_run_dbae667fa5584557aaee3da866f5a6d0/candidate_sql,unit_test_artifact,unittest_sqlglot_dry_run_dbae667fa5584557aaee3da866f5a6d0,unittest_sqlglot_dry_run_dbae667fa5584557aaee3da866f5a6d0,unit_test_artifact,unknown,0,0,no,no,empty_or_no_files,yes,low,no,unit-test artifact; not recommended as POCR route input
runs/user/unittest_sqlglot_dry_run_dc0c72faa3c246e1ab78325a6c108a5b/candidate_sql,unit_test_artifact,unittest_sqlglot_dry_run_dc0c72faa3c246e1ab78325a6c108a5b,unittest_sqlglot_dry_run_dc0c72faa3c246e1ab78325a6c108a5b,unit_test_artifact,unknown,0,0,no,no,empty_or_no_files,yes,low,no,unit-test artifact; not recommended as POCR route input
runs/user/unittest_sqlglot_dry_run_dde7b4109117456c99fe37fdffcfd6e2/candidate_sql,unit_test_artifact,unittest_sqlglot_dry_run_dde7b4109117456c99fe37fdffcfd6e2,unittest_sqlglot_dry_run_dde7b4109117456c99fe37fdffcfd6e2,unit_test_artifact,unknown,0,0,no,no,empty_or_no_files,yes,low,no,unit-test artifact; not recommended as POCR route input
runs/user/unittest_sqlglot_dry_run_df452e2a95df4412b1b244fd72bcb409/candidate_sql,unit_test_artifact,unittest_sqlglot_dry_run_df452e2a95df4412b1b244fd72bcb409,unittest_sqlglot_dry_run_df452e2a95df4412b1b244fd72bcb409,unit_test_artifact,unknown,0,0,no,no,empty_or_no_files,yes,low,no,unit-test artifact; not recommended as POCR route input
runs/user/unittest_sqlglot_dry_run_e08c509a98e04e58b57fce58334d54ca/candidate_sql,unit_test_artifact,unittest_sqlglot_dry_run_e08c509a98e04e58b57fce58334d54ca,unittest_sqlglot_dry_run_e08c509a98e04e58b57fce58334d54ca,unit_test_artifact,unknown,0,0,no,no,empty_or_no_files,yes,low,no,unit-test artifact; not recommended as POCR route input
runs/user/unittest_sqlglot_dry_run_e35488302919401e839d9d5e9140bf5e/candidate_sql,unit_test_artifact,unittest_sqlglot_dry_run_e35488302919401e839d9d5e9140bf5e,unittest_sqlglot_dry_run_e35488302919401e839d9d5e9140bf5e,unit_test_artifact,unknown,0,0,no,no,empty_or_no_files,yes,low,no,unit-test artifact; not recommended as POCR route input
runs/user/unittest_sqlglot_dry_run_e44289dd14cb4bfbb40f97680766532a/candidate_sql,unit_test_artifact,unittest_sqlglot_dry_run_e44289dd14cb4bfbb40f97680766532a,unittest_sqlglot_dry_run_e44289dd14cb4bfbb40f97680766532a,unit_test_artifact,unknown,0,0,no,no,empty_or_no_files,yes,low,no,unit-test artifact; not recommended as POCR route input
runs/user/unittest_sqlglot_dry_run_e615173c9721418aa9be65608aa7c2f5/candidate_sql,unit_test_artifact,unittest_sqlglot_dry_run_e615173c9721418aa9be65608aa7c2f5,unittest_sqlglot_dry_run_e615173c9721418aa9be65608aa7c2f5,unit_test_artifact,unknown,0,0,no,no,empty_or_no_files,yes,low,no,unit-test artifact; not recommended as POCR route input
runs/user/unittest_sqlglot_dry_run_e6bac69d17b546b1a6e91634a928af8a/candidate_sql,unit_test_artifact,unittest_sqlglot_dry_run_e6bac69d17b546b1a6e91634a928af8a,unittest_sqlglot_dry_run_e6bac69d17b546b1a6e91634a928af8a,unit_test_artifact,unknown,0,0,no,no,empty_or_no_files,yes,low,no,unit-test artifact; not recommended as POCR route input
runs/user/unittest_sqlglot_dry_run_efd1570090464abb84a885bd2d5bb2ca/candidate_sql,unit_test_artifact,unittest_sqlglot_dry_run_efd1570090464abb84a885bd2d5bb2ca,unittest_sqlglot_dry_run_efd1570090464abb84a885bd2d5bb2ca,unit_test_artifact,unknown,0,0,no,no,empty_or_no_files,yes,low,no,unit-test artifact; not recommended as POCR route input
runs/user/unittest_sqlglot_dry_run_f37c284a563b401fb5ede67f2ce147fe/candidate_sql,unit_test_artifact,unittest_sqlglot_dry_run_f37c284a563b401fb5ede67f2ce147fe,unittest_sqlglot_dry_run_f37c284a563b401fb5ede67f2ce147fe,unit_test_artifact,unknown,0,0,no,no,empty_or_no_files,yes,low,no,unit-test artifact; not recommended as POCR route input
runs/user/unittest_sqlglot_dry_run_f79e93ace5fe4ce8868871ef161c54a6/candidate_sql,unit_test_artifact,unittest_sqlglot_dry_run_f79e93ace5fe4ce8868871ef161c54a6,unittest_sqlglot_dry_run_f79e93ace5fe4ce8868871ef161c54a6,unit_test_artifact,unknown,0,0,no,no,empty_or_no_files,yes,low,no,unit-test artifact; not recommended as POCR route input
runs/user/unittest_sqlglot_dry_run_f7c1c98366734673a41ddddc2b14c5f1/candidate_sql,unit_test_artifact,unittest_sqlglot_dry_run_f7c1c98366734673a41ddddc2b14c5f1,unittest_sqlglot_dry_run_f7c1c98366734673a41ddddc2b14c5f1,unit_test_artifact,unknown,0,0,no,no,empty_or_no_files,yes,low,no,unit-test artifact; not recommended as POCR route input
runs/user/unittest_sqlglot_noop_017e5ab735394434b04e0419bbc3e34e/candidate_sql,unit_test_artifact,unittest_sqlglot_noop_017e5ab735394434b04e0419bbc3e34e,unittest_sqlglot_noop_017e5ab735394434b04e0419bbc3e34e,unit_test_artifact,postgres,1,1,no,no,case_engine_suffix_sql,yes,low,no,unit-test artifact; not recommended as POCR route input
runs/user/unittest_sqlglot_noop_04cae2bcef0e4d9fb759030a734a7458/candidate_sql,unit_test_artifact,unittest_sqlglot_noop_04cae2bcef0e4d9fb759030a734a7458,unittest_sqlglot_noop_04cae2bcef0e4d9fb759030a734a7458,unit_test_artifact,postgres,1,1,no,no,case_engine_suffix_sql,yes,low,no,unit-test artifact; not recommended as POCR route input
runs/user/unittest_sqlglot_noop_06ec886d92b04149b7671496d89cff0d/candidate_sql,unit_test_artifact,unittest_sqlglot_noop_06ec886d92b04149b7671496d89cff0d,unittest_sqlglot_noop_06ec886d92b04149b7671496d89cff0d,unit_test_artifact,postgres,1,1,no,no,case_engine_suffix_sql,yes,low,no,unit-test artifact; not recommended as POCR route input
runs/user/unittest_sqlglot_noop_093fb0e239464828952d46f0495fb88e/candidate_sql,unit_test_artifact,unittest_sqlglot_noop_093fb0e239464828952d46f0495fb88e,unittest_sqlglot_noop_093fb0e239464828952d46f0495fb88e,unit_test_artifact,postgres,1,1,no,no,case_engine_suffix_sql,yes,low,no,unit-test artifact; not recommended as POCR route input
runs/user/unittest_sqlglot_noop_0b699915aa564c5099089d49ec2092f0/candidate_sql,unit_test_artifact,unittest_sqlglot_noop_0b699915aa564c5099089d49ec2092f0,unittest_sqlglot_noop_0b699915aa564c5099089d49ec2092f0,unit_test_artifact,postgres,1,1,no,no,case_engine_suffix_sql,yes,low,no,unit-test artifact; not recommended as POCR route input
runs/user/unittest_sqlglot_noop_0b90769f7df741e2b712d1b67fc8b2c2/candidate_sql,unit_test_artifact,unittest_sqlglot_noop_0b90769f7df741e2b712d1b67fc8b2c2,unittest_sqlglot_noop_0b90769f7df741e2b712d1b67fc8b2c2,unit_test_artifact,postgres,1,1,no,no,case_engine_suffix_sql,yes,low,no,unit-test artifact; not recommended as POCR route input
runs/user/unittest_sqlglot_noop_12484dfa78e1412dbf5028568b1b4e29/candidate_sql,unit_test_artifact,unittest_sqlglot_noop_12484dfa78e1412dbf5028568b1b4e29,unittest_sqlglot_noop_12484dfa78e1412dbf5028568b1b4e29,unit_test_artifact,postgres,1,1,no,no,case_engine_suffix_sql,yes,low,no,unit-test artifact; not recommended as POCR route input
runs/user/unittest_sqlglot_noop_12da732e93cb43538b8930d09b9ae058/candidate_sql,unit_test_artifact,unittest_sqlglot_noop_12da732e93cb43538b8930d09b9ae058,unittest_sqlglot_noop_12da732e93cb43538b8930d09b9ae058,unit_test_artifact,postgres,1,1,no,no,case_engine_suffix_sql,yes,low,no,unit-test artifact; not recommended as POCR route input
runs/user/unittest_sqlglot_noop_1b893234da274adf8989dfef3f3824b1/candidate_sql,unit_test_artifact,unittest_sqlglot_noop_1b893234da274adf8989dfef3f3824b1,unittest_sqlglot_noop_1b893234da274adf8989dfef3f3824b1,unit_test_artifact,postgres,1,1,no,no,case_engine_suffix_sql,yes,low,no,unit-test artifact; not recommended as POCR route input
runs/user/unittest_sqlglot_noop_21ca54c890b34d5f9a2ee8ea045b1490/candidate_sql,unit_test_artifact,unittest_sqlglot_noop_21ca54c890b34d5f9a2ee8ea045b1490,unittest_sqlglot_noop_21ca54c890b34d5f9a2ee8ea045b1490,unit_test_artifact,postgres,1,1,no,no,case_engine_suffix_sql,yes,low,no,unit-test artifact; not recommended as POCR route input
runs/user/unittest_sqlglot_noop_2233b78c615f426688285ce3f1fe94fc/candidate_sql,unit_test_artifact,unittest_sqlglot_noop_2233b78c615f426688285ce3f1fe94fc,unittest_sqlglot_noop_2233b78c615f426688285ce3f1fe94fc,unit_test_artifact,postgres,1,1,no,no,case_engine_suffix_sql,yes,low,no,unit-test artifact; not recommended as POCR route input
runs/user/unittest_sqlglot_noop_23425146e7af421e9ca1fcd554f41d79/candidate_sql,unit_test_artifact,unittest_sqlglot_noop_23425146e7af421e9ca1fcd554f41d79,unittest_sqlglot_noop_23425146e7af421e9ca1fcd554f41d79,unit_test_artifact,postgres,1,1,no,no,case_engine_suffix_sql,yes,low,no,unit-test artifact; not recommended as POCR route input
runs/user/unittest_sqlglot_noop_24c9f624c2864eeeb18247cc9925e6da/candidate_sql,unit_test_artifact,unittest_sqlglot_noop_24c9f624c2864eeeb18247cc9925e6da,unittest_sqlglot_noop_24c9f624c2864eeeb18247cc9925e6da,unit_test_artifact,postgres,1,1,no,no,case_engine_suffix_sql,yes,low,no,unit-test artifact; not recommended as POCR route input
runs/user/unittest_sqlglot_noop_2550b0a700fd46e9b251d46b738d940d/candidate_sql,unit_test_artifact,unittest_sqlglot_noop_2550b0a700fd46e9b251d46b738d940d,unittest_sqlglot_noop_2550b0a700fd46e9b251d46b738d940d,unit_test_artifact,postgres,1,1,no,no,case_engine_suffix_sql,yes,low,no,unit-test artifact; not recommended as POCR route input
runs/user/unittest_sqlglot_noop_26d0148a4621482e9b06aac37189b7a9/candidate_sql,unit_test_artifact,unittest_sqlglot_noop_26d0148a4621482e9b06aac37189b7a9,unittest_sqlglot_noop_26d0148a4621482e9b06aac37189b7a9,unit_test_artifact,postgres,1,1,no,no,case_engine_suffix_sql,yes,low,no,unit-test artifact; not recommended as POCR route input
runs/user/unittest_sqlglot_noop_27a6f51927804dfbb8db273aca7b3a5c/candidate_sql,unit_test_artifact,unittest_sqlglot_noop_27a6f51927804dfbb8db273aca7b3a5c,unittest_sqlglot_noop_27a6f51927804dfbb8db273aca7b3a5c,unit_test_artifact,postgres,1,1,no,no,case_engine_suffix_sql,yes,low,no,unit-test artifact; not recommended as POCR route input
runs/user/unittest_sqlglot_noop_2adffc1e719544ee883ef7a9f80519a2/candidate_sql,unit_test_artifact,unittest_sqlglot_noop_2adffc1e719544ee883ef7a9f80519a2,unittest_sqlglot_noop_2adffc1e719544ee883ef7a9f80519a2,unit_test_artifact,postgres,1,1,no,no,case_engine_suffix_sql,yes,low,no,unit-test artifact; not recommended as POCR route input
runs/user/unittest_sqlglot_noop_2b07be7e394e4b4b8963632683c700f0/candidate_sql,unit_test_artifact,unittest_sqlglot_noop_2b07be7e394e4b4b8963632683c700f0,unittest_sqlglot_noop_2b07be7e394e4b4b8963632683c700f0,unit_test_artifact,postgres,1,1,no,no,case_engine_suffix_sql,yes,low,no,unit-test artifact; not recommended as POCR route input
runs/user/unittest_sqlglot_noop_2fafe722251d45bd83bb93486e62b86f/candidate_sql,unit_test_artifact,unittest_sqlglot_noop_2fafe722251d45bd83bb93486e62b86f,unittest_sqlglot_noop_2fafe722251d45bd83bb93486e62b86f,unit_test_artifact,postgres,1,1,no,no,case_engine_suffix_sql,yes,low,no,unit-test artifact; not recommended as POCR route input
runs/user/unittest_sqlglot_noop_3369cc41cc6044d08c8ab00f7c4cd931/candidate_sql,unit_test_artifact,unittest_sqlglot_noop_3369cc41cc6044d08c8ab00f7c4cd931,unittest_sqlglot_noop_3369cc41cc6044d08c8ab00f7c4cd931,unit_test_artifact,postgres,1,1,no,no,case_engine_suffix_sql,yes,low,no,unit-test artifact; not recommended as POCR route input
runs/user/unittest_sqlglot_noop_36bed852b38c4283b08d901f6a9810e0/candidate_sql,unit_test_artifact,unittest_sqlglot_noop_36bed852b38c4283b08d901f6a9810e0,unittest_sqlglot_noop_36bed852b38c4283b08d901f6a9810e0,unit_test_artifact,postgres,1,1,no,no,case_engine_suffix_sql,yes,low,no,unit-test artifact; not recommended as POCR route input
runs/user/unittest_sqlglot_noop_37ab749a6e05467eb7814fea396178aa/candidate_sql,unit_test_artifact,unittest_sqlglot_noop_37ab749a6e05467eb7814fea396178aa,unittest_sqlglot_noop_37ab749a6e05467eb7814fea396178aa,unit_test_artifact,postgres,1,1,no,no,case_engine_suffix_sql,yes,low,no,unit-test artifact; not recommended as POCR route input
runs/user/unittest_sqlglot_noop_399451cf2fe54eeb86e7190907101664/candidate_sql,unit_test_artifact,unittest_sqlglot_noop_399451cf2fe54eeb86e7190907101664,unittest_sqlglot_noop_399451cf2fe54eeb86e7190907101664,unit_test_artifact,postgres,1,1,no,no,case_engine_suffix_sql,yes,low,no,unit-test artifact; not recommended as POCR route input
runs/user/unittest_sqlglot_noop_3a5e14ad2e8f46b59222801e24b764f8/candidate_sql,unit_test_artifact,unittest_sqlglot_noop_3a5e14ad2e8f46b59222801e24b764f8,unittest_sqlglot_noop_3a5e14ad2e8f46b59222801e24b764f8,unit_test_artifact,postgres,1,1,no,no,case_engine_suffix_sql,yes,low,no,unit-test artifact; not recommended as POCR route input
runs/user/unittest_sqlglot_noop_3c89c1dbe7444f238536ede64b8668cf/candidate_sql,unit_test_artifact,unittest_sqlglot_noop_3c89c1dbe7444f238536ede64b8668cf,unittest_sqlglot_noop_3c89c1dbe7444f238536ede64b8668cf,unit_test_artifact,postgres,1,1,no,no,case_engine_suffix_sql,yes,low,no,unit-test artifact; not recommended as POCR route input
runs/user/unittest_sqlglot_noop_3e0043cdc3774318a5c851ec6c58552e/candidate_sql,unit_test_artifact,unittest_sqlglot_noop_3e0043cdc3774318a5c851ec6c58552e,unittest_sqlglot_noop_3e0043cdc3774318a5c851ec6c58552e,unit_test_artifact,postgres,1,1,no,no,case_engine_suffix_sql,yes,low,no,unit-test artifact; not recommended as POCR route input
runs/user/unittest_sqlglot_noop_4078539f85984ba386a76bcd770a77d2/candidate_sql,unit_test_artifact,unittest_sqlglot_noop_4078539f85984ba386a76bcd770a77d2,unittest_sqlglot_noop_4078539f85984ba386a76bcd770a77d2,unit_test_artifact,postgres,1,1,no,no,case_engine_suffix_sql,yes,low,no,unit-test artifact; not recommended as POCR route input
runs/user/unittest_sqlglot_noop_42ab3601357c42b1990d94c9f9f23418/candidate_sql,unit_test_artifact,unittest_sqlglot_noop_42ab3601357c42b1990d94c9f9f23418,unittest_sqlglot_noop_42ab3601357c42b1990d94c9f9f23418,unit_test_artifact,postgres,1,1,no,no,case_engine_suffix_sql,yes,low,no,unit-test artifact; not recommended as POCR route input
runs/user/unittest_sqlglot_noop_43e8c431e1d94f75af79185bd927da47/candidate_sql,unit_test_artifact,unittest_sqlglot_noop_43e8c431e1d94f75af79185bd927da47,unittest_sqlglot_noop_43e8c431e1d94f75af79185bd927da47,unit_test_artifact,postgres,1,1,no,no,case_engine_suffix_sql,yes,low,no,unit-test artifact; not recommended as POCR route input
runs/user/unittest_sqlglot_noop_491fd4bfe6aa4a0ca920144cd7219c1c/candidate_sql,unit_test_artifact,unittest_sqlglot_noop_491fd4bfe6aa4a0ca920144cd7219c1c,unittest_sqlglot_noop_491fd4bfe6aa4a0ca920144cd7219c1c,unit_test_artifact,postgres,1,1,no,no,case_engine_suffix_sql,yes,low,no,unit-test artifact; not recommended as POCR route input
runs/user/unittest_sqlglot_noop_4dada49931ba4a8a8d6564f77ceb6681/candidate_sql,unit_test_artifact,unittest_sqlglot_noop_4dada49931ba4a8a8d6564f77ceb6681,unittest_sqlglot_noop_4dada49931ba4a8a8d6564f77ceb6681,unit_test_artifact,postgres,1,1,no,no,case_engine_suffix_sql,yes,low,no,unit-test artifact; not recommended as POCR route input
runs/user/unittest_sqlglot_noop_5016e686eb7d4c65ba45e7ca82aca5bc/candidate_sql,unit_test_artifact,unittest_sqlglot_noop_5016e686eb7d4c65ba45e7ca82aca5bc,unittest_sqlglot_noop_5016e686eb7d4c65ba45e7ca82aca5bc,unit_test_artifact,postgres,1,1,no,no,case_engine_suffix_sql,yes,low,no,unit-test artifact; not recommended as POCR route input
runs/user/unittest_sqlglot_noop_51db9a01a4f8446d90a39425f401179b/candidate_sql,unit_test_artifact,unittest_sqlglot_noop_51db9a01a4f8446d90a39425f401179b,unittest_sqlglot_noop_51db9a01a4f8446d90a39425f401179b,unit_test_artifact,postgres,1,1,no,no,case_engine_suffix_sql,yes,low,no,unit-test artifact; not recommended as POCR route input
runs/user/unittest_sqlglot_noop_551742c762b945f8b5790e6890baae07/candidate_sql,unit_test_artifact,unittest_sqlglot_noop_551742c762b945f8b5790e6890baae07,unittest_sqlglot_noop_551742c762b945f8b5790e6890baae07,unit_test_artifact,postgres,1,1,no,no,case_engine_suffix_sql,yes,low,no,unit-test artifact; not recommended as POCR route input
runs/user/unittest_sqlglot_noop_556387259a3c4b27bbbfa3db6f61dcc6/candidate_sql,unit_test_artifact,unittest_sqlglot_noop_556387259a3c4b27bbbfa3db6f61dcc6,unittest_sqlglot_noop_556387259a3c4b27bbbfa3db6f61dcc6,unit_test_artifact,postgres,1,1,no,no,case_engine_suffix_sql,yes,low,no,unit-test artifact; not recommended as POCR route input
runs/user/unittest_sqlglot_noop_58b9ddc553344cc6b25f63da04ec855d/candidate_sql,unit_test_artifact,unittest_sqlglot_noop_58b9ddc553344cc6b25f63da04ec855d,unittest_sqlglot_noop_58b9ddc553344cc6b25f63da04ec855d,unit_test_artifact,postgres,1,1,no,no,case_engine_suffix_sql,yes,low,no,unit-test artifact; not recommended as POCR route input
runs/user/unittest_sqlglot_noop_5a3ca225dc8b4a6fbe39dcc5a2c043da/candidate_sql,unit_test_artifact,unittest_sqlglot_noop_5a3ca225dc8b4a6fbe39dcc5a2c043da,unittest_sqlglot_noop_5a3ca225dc8b4a6fbe39dcc5a2c043da,unit_test_artifact,postgres,1,1,no,no,case_engine_suffix_sql,yes,low,no,unit-test artifact; not recommended as POCR route input
runs/user/unittest_sqlglot_noop_5cd54868b9db4ec98bb972da9922d05d/candidate_sql,unit_test_artifact,unittest_sqlglot_noop_5cd54868b9db4ec98bb972da9922d05d,unittest_sqlglot_noop_5cd54868b9db4ec98bb972da9922d05d,unit_test_artifact,postgres,1,1,no,no,case_engine_suffix_sql,yes,low,no,unit-test artifact; not recommended as POCR route input
runs/user/unittest_sqlglot_noop_606a8472c3804877aebed5483f5915f6/candidate_sql,unit_test_artifact,unittest_sqlglot_noop_606a8472c3804877aebed5483f5915f6,unittest_sqlglot_noop_606a8472c3804877aebed5483f5915f6,unit_test_artifact,postgres,1,1,no,no,case_engine_suffix_sql,yes,low,no,unit-test artifact; not recommended as POCR route input
runs/user/unittest_sqlglot_noop_62581c2c3baa4048a0d9321310c450a8/candidate_sql,unit_test_artifact,unittest_sqlglot_noop_62581c2c3baa4048a0d9321310c450a8,unittest_sqlglot_noop_62581c2c3baa4048a0d9321310c450a8,unit_test_artifact,postgres,1,1,no,no,case_engine_suffix_sql,yes,low,no,unit-test artifact; not recommended as POCR route input
runs/user/unittest_sqlglot_noop_68fa583737f94baa8891476e6a2b481c/candidate_sql,unit_test_artifact,unittest_sqlglot_noop_68fa583737f94baa8891476e6a2b481c,unittest_sqlglot_noop_68fa583737f94baa8891476e6a2b481c,unit_test_artifact,postgres,1,1,no,no,case_engine_suffix_sql,yes,low,no,unit-test artifact; not recommended as POCR route input
runs/user/unittest_sqlglot_noop_6b0ca78484f248eb91994ede485bdef6/candidate_sql,unit_test_artifact,unittest_sqlglot_noop_6b0ca78484f248eb91994ede485bdef6,unittest_sqlglot_noop_6b0ca78484f248eb91994ede485bdef6,unit_test_artifact,postgres,1,1,no,no,case_engine_suffix_sql,yes,low,no,unit-test artifact; not recommended as POCR route input
runs/user/unittest_sqlglot_noop_6cbe74f2ad004e89862ef0279db2ae0f/candidate_sql,unit_test_artifact,unittest_sqlglot_noop_6cbe74f2ad004e89862ef0279db2ae0f,unittest_sqlglot_noop_6cbe74f2ad004e89862ef0279db2ae0f,unit_test_artifact,postgres,1,1,no,no,case_engine_suffix_sql,yes,low,no,unit-test artifact; not recommended as POCR route input
runs/user/unittest_sqlglot_noop_7162b1d051dd48889111e21b5a7987b0/candidate_sql,unit_test_artifact,unittest_sqlglot_noop_7162b1d051dd48889111e21b5a7987b0,unittest_sqlglot_noop_7162b1d051dd48889111e21b5a7987b0,unit_test_artifact,postgres,1,1,no,no,case_engine_suffix_sql,yes,low,no,unit-test artifact; not recommended as POCR route input
runs/user/unittest_sqlglot_noop_719c62681696473d8590c68711c0f6d6/candidate_sql,unit_test_artifact,unittest_sqlglot_noop_719c62681696473d8590c68711c0f6d6,unittest_sqlglot_noop_719c62681696473d8590c68711c0f6d6,unit_test_artifact,postgres,1,1,no,no,case_engine_suffix_sql,yes,low,no,unit-test artifact; not recommended as POCR route input
runs/user/unittest_sqlglot_noop_756c8f2fb52942078134981d53768b44/candidate_sql,unit_test_artifact,unittest_sqlglot_noop_756c8f2fb52942078134981d53768b44,unittest_sqlglot_noop_756c8f2fb52942078134981d53768b44,unit_test_artifact,postgres,1,1,no,no,case_engine_suffix_sql,yes,low,no,unit-test artifact; not recommended as POCR route input
runs/user/unittest_sqlglot_noop_760851763ab144f5a4d89e77f6286cba/candidate_sql,unit_test_artifact,unittest_sqlglot_noop_760851763ab144f5a4d89e77f6286cba,unittest_sqlglot_noop_760851763ab144f5a4d89e77f6286cba,unit_test_artifact,postgres,1,1,no,no,case_engine_suffix_sql,yes,low,no,unit-test artifact; not recommended as POCR route input
runs/user/unittest_sqlglot_noop_78af98f8d1184285896a96c805d7bb33/candidate_sql,unit_test_artifact,unittest_sqlglot_noop_78af98f8d1184285896a96c805d7bb33,unittest_sqlglot_noop_78af98f8d1184285896a96c805d7bb33,unit_test_artifact,postgres,1,1,no,no,case_engine_suffix_sql,yes,low,no,unit-test artifact; not recommended as POCR route input
runs/user/unittest_sqlglot_noop_79f9ef4901eb498281719f3db12472a3/candidate_sql,unit_test_artifact,unittest_sqlglot_noop_79f9ef4901eb498281719f3db12472a3,unittest_sqlglot_noop_79f9ef4901eb498281719f3db12472a3,unit_test_artifact,postgres,1,1,no,no,case_engine_suffix_sql,yes,low,no,unit-test artifact; not recommended as POCR route input
runs/user/unittest_sqlglot_noop_7eb2a47cf2f843ebae116d8f9515070c/candidate_sql,unit_test_artifact,unittest_sqlglot_noop_7eb2a47cf2f843ebae116d8f9515070c,unittest_sqlglot_noop_7eb2a47cf2f843ebae116d8f9515070c,unit_test_artifact,postgres,1,1,no,no,case_engine_suffix_sql,yes,low,no,unit-test artifact; not recommended as POCR route input
runs/user/unittest_sqlglot_noop_8112479241884a9c9f59e07bfb27b075/candidate_sql,unit_test_artifact,unittest_sqlglot_noop_8112479241884a9c9f59e07bfb27b075,unittest_sqlglot_noop_8112479241884a9c9f59e07bfb27b075,unit_test_artifact,postgres,1,1,no,no,case_engine_suffix_sql,yes,low,no,unit-test artifact; not recommended as POCR route input
runs/user/unittest_sqlglot_noop_828ee087bc744901ba9eaff4ad30c3e1/candidate_sql,unit_test_artifact,unittest_sqlglot_noop_828ee087bc744901ba9eaff4ad30c3e1,unittest_sqlglot_noop_828ee087bc744901ba9eaff4ad30c3e1,unit_test_artifact,postgres,1,1,no,no,case_engine_suffix_sql,yes,low,no,unit-test artifact; not recommended as POCR route input
runs/user/unittest_sqlglot_noop_88f3859bdb2e41beb181701b00f4ceb2/candidate_sql,unit_test_artifact,unittest_sqlglot_noop_88f3859bdb2e41beb181701b00f4ceb2,unittest_sqlglot_noop_88f3859bdb2e41beb181701b00f4ceb2,unit_test_artifact,postgres,1,1,no,no,case_engine_suffix_sql,yes,low,no,unit-test artifact; not recommended as POCR route input
runs/user/unittest_sqlglot_noop_89727e779afd4370ba76f67ff704a48e/candidate_sql,unit_test_artifact,unittest_sqlglot_noop_89727e779afd4370ba76f67ff704a48e,unittest_sqlglot_noop_89727e779afd4370ba76f67ff704a48e,unit_test_artifact,postgres,1,1,no,no,case_engine_suffix_sql,yes,low,no,unit-test artifact; not recommended as POCR route input
runs/user/unittest_sqlglot_noop_920a42e747c444ae9d0a55d2516587f5/candidate_sql,unit_test_artifact,unittest_sqlglot_noop_920a42e747c444ae9d0a55d2516587f5,unittest_sqlglot_noop_920a42e747c444ae9d0a55d2516587f5,unit_test_artifact,postgres,1,1,no,no,case_engine_suffix_sql,yes,low,no,unit-test artifact; not recommended as POCR route input
runs/user/unittest_sqlglot_noop_98780964a16a43c086105c244ce5eefc/candidate_sql,unit_test_artifact,unittest_sqlglot_noop_98780964a16a43c086105c244ce5eefc,unittest_sqlglot_noop_98780964a16a43c086105c244ce5eefc,unit_test_artifact,postgres,1,1,no,no,case_engine_suffix_sql,yes,low,no,unit-test artifact; not recommended as POCR route input
runs/user/unittest_sqlglot_noop_9c4e2e9353814193a291a1b6851f0165/candidate_sql,unit_test_artifact,unittest_sqlglot_noop_9c4e2e9353814193a291a1b6851f0165,unittest_sqlglot_noop_9c4e2e9353814193a291a1b6851f0165,unit_test_artifact,postgres,1,1,no,no,case_engine_suffix_sql,yes,low,no,unit-test artifact; not recommended as POCR route input
runs/user/unittest_sqlglot_noop_9c797fffc93b4e708664f68aeeb49499/candidate_sql,unit_test_artifact,unittest_sqlglot_noop_9c797fffc93b4e708664f68aeeb49499,unittest_sqlglot_noop_9c797fffc93b4e708664f68aeeb49499,unit_test_artifact,postgres,1,1,no,no,case_engine_suffix_sql,yes,low,no,unit-test artifact; not recommended as POCR route input
runs/user/unittest_sqlglot_noop_9ccf26cf5d924584bcea668f5e70e1a3/candidate_sql,unit_test_artifact,unittest_sqlglot_noop_9ccf26cf5d924584bcea668f5e70e1a3,unittest_sqlglot_noop_9ccf26cf5d924584bcea668f5e70e1a3,unit_test_artifact,postgres,1,1,no,no,case_engine_suffix_sql,yes,low,no,unit-test artifact; not recommended as POCR route input
runs/user/unittest_sqlglot_noop_9e57cfe965b24bb6a4b0ff8b63f67c2f/candidate_sql,unit_test_artifact,unittest_sqlglot_noop_9e57cfe965b24bb6a4b0ff8b63f67c2f,unittest_sqlglot_noop_9e57cfe965b24bb6a4b0ff8b63f67c2f,unit_test_artifact,postgres,1,1,no,no,case_engine_suffix_sql,yes,low,no,unit-test artifact; not recommended as POCR route input
runs/user/unittest_sqlglot_noop_9f71681ad028481695104bfb51e71e1f/candidate_sql,unit_test_artifact,unittest_sqlglot_noop_9f71681ad028481695104bfb51e71e1f,unittest_sqlglot_noop_9f71681ad028481695104bfb51e71e1f,unit_test_artifact,postgres,1,1,no,no,case_engine_suffix_sql,yes,low,no,unit-test artifact; not recommended as POCR route input
runs/user/unittest_sqlglot_noop_a09df6d4ccf34e28aaeeb81fe5309de7/candidate_sql,unit_test_artifact,unittest_sqlglot_noop_a09df6d4ccf34e28aaeeb81fe5309de7,unittest_sqlglot_noop_a09df6d4ccf34e28aaeeb81fe5309de7,unit_test_artifact,postgres,1,1,no,no,case_engine_suffix_sql,yes,low,no,unit-test artifact; not recommended as POCR route input
runs/user/unittest_sqlglot_noop_ab93af3d97e34bcc9c18fbc6ee44c394/candidate_sql,unit_test_artifact,unittest_sqlglot_noop_ab93af3d97e34bcc9c18fbc6ee44c394,unittest_sqlglot_noop_ab93af3d97e34bcc9c18fbc6ee44c394,unit_test_artifact,postgres,1,1,no,no,case_engine_suffix_sql,yes,low,no,unit-test artifact; not recommended as POCR route input
runs/user/unittest_sqlglot_noop_ac939e39ac8c482db038b256752cbf94/candidate_sql,unit_test_artifact,unittest_sqlglot_noop_ac939e39ac8c482db038b256752cbf94,unittest_sqlglot_noop_ac939e39ac8c482db038b256752cbf94,unit_test_artifact,postgres,1,1,no,no,case_engine_suffix_sql,yes,low,no,unit-test artifact; not recommended as POCR route input
runs/user/unittest_sqlglot_noop_af924e7d862444e782aef9f1e42b03fc/candidate_sql,unit_test_artifact,unittest_sqlglot_noop_af924e7d862444e782aef9f1e42b03fc,unittest_sqlglot_noop_af924e7d862444e782aef9f1e42b03fc,unit_test_artifact,postgres,1,1,no,no,case_engine_suffix_sql,yes,low,no,unit-test artifact; not recommended as POCR route input
runs/user/unittest_sqlglot_noop_b63b998448074acd978d59df1f4a3888/candidate_sql,unit_test_artifact,unittest_sqlglot_noop_b63b998448074acd978d59df1f4a3888,unittest_sqlglot_noop_b63b998448074acd978d59df1f4a3888,unit_test_artifact,postgres,1,1,no,no,case_engine_suffix_sql,yes,low,no,unit-test artifact; not recommended as POCR route input
runs/user/unittest_sqlglot_noop_b6e3ebe2490d474ba284143a7825696d/candidate_sql,unit_test_artifact,unittest_sqlglot_noop_b6e3ebe2490d474ba284143a7825696d,unittest_sqlglot_noop_b6e3ebe2490d474ba284143a7825696d,unit_test_artifact,postgres,1,1,no,no,case_engine_suffix_sql,yes,low,no,unit-test artifact; not recommended as POCR route input
runs/user/unittest_sqlglot_noop_c399c76bfd7242f9bc5582add42ddbf5/candidate_sql,unit_test_artifact,unittest_sqlglot_noop_c399c76bfd7242f9bc5582add42ddbf5,unittest_sqlglot_noop_c399c76bfd7242f9bc5582add42ddbf5,unit_test_artifact,postgres,1,1,no,no,case_engine_suffix_sql,yes,low,no,unit-test artifact; not recommended as POCR route input
runs/user/unittest_sqlglot_noop_c4c69073110442c9b53b5a1edcdf7a83/candidate_sql,unit_test_artifact,unittest_sqlglot_noop_c4c69073110442c9b53b5a1edcdf7a83,unittest_sqlglot_noop_c4c69073110442c9b53b5a1edcdf7a83,unit_test_artifact,postgres,1,1,no,no,case_engine_suffix_sql,yes,low,no,unit-test artifact; not recommended as POCR route input
runs/user/unittest_sqlglot_noop_c7a84829d8ee4da9922c7951666e6081/candidate_sql,unit_test_artifact,unittest_sqlglot_noop_c7a84829d8ee4da9922c7951666e6081,unittest_sqlglot_noop_c7a84829d8ee4da9922c7951666e6081,unit_test_artifact,postgres,1,1,no,no,case_engine_suffix_sql,yes,low,no,unit-test artifact; not recommended as POCR route input
runs/user/unittest_sqlglot_noop_caa0c17902b248f781dc614c6190b784/candidate_sql,unit_test_artifact,unittest_sqlglot_noop_caa0c17902b248f781dc614c6190b784,unittest_sqlglot_noop_caa0c17902b248f781dc614c6190b784,unit_test_artifact,postgres,1,1,no,no,case_engine_suffix_sql,yes,low,no,unit-test artifact; not recommended as POCR route input
runs/user/unittest_sqlglot_noop_cbd657f707254c16906b87942ccb9bfc/candidate_sql,unit_test_artifact,unittest_sqlglot_noop_cbd657f707254c16906b87942ccb9bfc,unittest_sqlglot_noop_cbd657f707254c16906b87942ccb9bfc,unit_test_artifact,postgres,1,1,no,no,case_engine_suffix_sql,yes,low,no,unit-test artifact; not recommended as POCR route input
runs/user/unittest_sqlglot_noop_ce5489bb9b254e6b9b7d3bd3185df29e/candidate_sql,unit_test_artifact,unittest_sqlglot_noop_ce5489bb9b254e6b9b7d3bd3185df29e,unittest_sqlglot_noop_ce5489bb9b254e6b9b7d3bd3185df29e,unit_test_artifact,postgres,1,1,no,no,case_engine_suffix_sql,yes,low,no,unit-test artifact; not recommended as POCR route input
runs/user/unittest_sqlglot_noop_d1cf47adc6a448319c6080fdfa6a1a5f/candidate_sql,unit_test_artifact,unittest_sqlglot_noop_d1cf47adc6a448319c6080fdfa6a1a5f,unittest_sqlglot_noop_d1cf47adc6a448319c6080fdfa6a1a5f,unit_test_artifact,postgres,1,1,no,no,case_engine_suffix_sql,yes,low,no,unit-test artifact; not recommended as POCR route input
runs/user/unittest_sqlglot_noop_d49469a8997b4a87a81d7462eda6591b/candidate_sql,unit_test_artifact,unittest_sqlglot_noop_d49469a8997b4a87a81d7462eda6591b,unittest_sqlglot_noop_d49469a8997b4a87a81d7462eda6591b,unit_test_artifact,postgres,1,1,no,no,case_engine_suffix_sql,yes,low,no,unit-test artifact; not recommended as POCR route input
runs/user/unittest_sqlglot_noop_d9bb195e62cd4e968100bb5d3158598f/candidate_sql,unit_test_artifact,unittest_sqlglot_noop_d9bb195e62cd4e968100bb5d3158598f,unittest_sqlglot_noop_d9bb195e62cd4e968100bb5d3158598f,unit_test_artifact,postgres,1,1,no,no,case_engine_suffix_sql,yes,low,no,unit-test artifact; not recommended as POCR route input
runs/user/unittest_sqlglot_noop_dc767c351bd64138b9c2a25799771ab2/candidate_sql,unit_test_artifact,unittest_sqlglot_noop_dc767c351bd64138b9c2a25799771ab2,unittest_sqlglot_noop_dc767c351bd64138b9c2a25799771ab2,unit_test_artifact,postgres,1,1,no,no,case_engine_suffix_sql,yes,low,no,unit-test artifact; not recommended as POCR route input
runs/user/unittest_sqlglot_noop_dcce417edd3d4ee8a0ccdbb32ff8273f/candidate_sql,unit_test_artifact,unittest_sqlglot_noop_dcce417edd3d4ee8a0ccdbb32ff8273f,unittest_sqlglot_noop_dcce417edd3d4ee8a0ccdbb32ff8273f,unit_test_artifact,postgres,1,1,no,no,case_engine_suffix_sql,yes,low,no,unit-test artifact; not recommended as POCR route input
runs/user/unittest_sqlglot_noop_e01b95bff65a4da18f29bd08cb453bca/candidate_sql,unit_test_artifact,unittest_sqlglot_noop_e01b95bff65a4da18f29bd08cb453bca,unittest_sqlglot_noop_e01b95bff65a4da18f29bd08cb453bca,unit_test_artifact,postgres,1,1,no,no,case_engine_suffix_sql,yes,low,no,unit-test artifact; not recommended as POCR route input
runs/user/unittest_sqlglot_noop_e5a9e71d87cb47dc8d2a4a7b58c6373a/candidate_sql,unit_test_artifact,unittest_sqlglot_noop_e5a9e71d87cb47dc8d2a4a7b58c6373a,unittest_sqlglot_noop_e5a9e71d87cb47dc8d2a4a7b58c6373a,unit_test_artifact,postgres,1,1,no,no,case_engine_suffix_sql,yes,low,no,unit-test artifact; not recommended as POCR route input
runs/user/unittest_sqlglot_noop_e981d36681f5498087592b5ed4ccaf56/candidate_sql,unit_test_artifact,unittest_sqlglot_noop_e981d36681f5498087592b5ed4ccaf56,unittest_sqlglot_noop_e981d36681f5498087592b5ed4ccaf56,unit_test_artifact,postgres,1,1,no,no,case_engine_suffix_sql,yes,low,no,unit-test artifact; not recommended as POCR route input
runs/user/unittest_sqlglot_noop_e9a593ee3528449b9ccec17b8c07710b/candidate_sql,unit_test_artifact,unittest_sqlglot_noop_e9a593ee3528449b9ccec17b8c07710b,unittest_sqlglot_noop_e9a593ee3528449b9ccec17b8c07710b,unit_test_artifact,postgres,1,1,no,no,case_engine_suffix_sql,yes,low,no,unit-test artifact; not recommended as POCR route input
runs/user/unittest_sqlglot_noop_eb38367765684b5881b275143c200e9b/candidate_sql,unit_test_artifact,unittest_sqlglot_noop_eb38367765684b5881b275143c200e9b,unittest_sqlglot_noop_eb38367765684b5881b275143c200e9b,unit_test_artifact,postgres,1,1,no,no,case_engine_suffix_sql,yes,low,no,unit-test artifact; not recommended as POCR route input
runs/user/unittest_sqlglot_noop_f0a5c093ef1a4fe5a8422d77beaa5d61/candidate_sql,unit_test_artifact,unittest_sqlglot_noop_f0a5c093ef1a4fe5a8422d77beaa5d61,unittest_sqlglot_noop_f0a5c093ef1a4fe5a8422d77beaa5d61,unit_test_artifact,postgres,1,1,no,no,case_engine_suffix_sql,yes,low,no,unit-test artifact; not recommended as POCR route input
runs/user/unittest_sqlglot_noop_f26f8114e284401d8593563af2bff683/candidate_sql,unit_test_artifact,unittest_sqlglot_noop_f26f8114e284401d8593563af2bff683,unittest_sqlglot_noop_f26f8114e284401d8593563af2bff683,unit_test_artifact,postgres,1,1,no,no,case_engine_suffix_sql,yes,low,no,unit-test artifact; not recommended as POCR route input
runs/user/unittest_sqlglot_noop_f40835af43e0479fa658a344952bbca0/candidate_sql,unit_test_artifact,unittest_sqlglot_noop_f40835af43e0479fa658a344952bbca0,unittest_sqlglot_noop_f40835af43e0479fa658a344952bbca0,unit_test_artifact,postgres,1,1,no,no,case_engine_suffix_sql,yes,low,no,unit-test artifact; not recommended as POCR route input
runs/user/unittest_sqlglot_noop_f4228bee706846dfbeacc61767ed8c89/candidate_sql,unit_test_artifact,unittest_sqlglot_noop_f4228bee706846dfbeacc61767ed8c89,unittest_sqlglot_noop_f4228bee706846dfbeacc61767ed8c89,unit_test_artifact,postgres,1,1,no,no,case_engine_suffix_sql,yes,low,no,unit-test artifact; not recommended as POCR route input
runs/user/unittest_sqlglot_noop_f60c351179bf4cf0b7bfc3f215f96dc9/candidate_sql,unit_test_artifact,unittest_sqlglot_noop_f60c351179bf4cf0b7bfc3f215f96dc9,unittest_sqlglot_noop_f60c351179bf4cf0b7bfc3f215f96dc9,unit_test_artifact,postgres,1,1,no,no,case_engine_suffix_sql,yes,low,no,unit-test artifact; not recommended as POCR route input
runs/user/unittest_sqlglot_noop_fb6786ddea5d4597b3cbcc817d872183/candidate_sql,unit_test_artifact,unittest_sqlglot_noop_fb6786ddea5d4597b3cbcc817d872183,unittest_sqlglot_noop_fb6786ddea5d4597b3cbcc817d872183,unit_test_artifact,postgres,1,1,no,no,case_engine_suffix_sql,yes,low,no,unit-test artifact; not recommended as POCR route input
runs/user/unittest_sqlglot_noop_fd08e627893f45b483bee9958a02e94c/candidate_sql,unit_test_artifact,unittest_sqlglot_noop_fd08e627893f45b483bee9958a02e94c,unittest_sqlglot_noop_fd08e627893f45b483bee9958a02e94c,unit_test_artifact,postgres,1,1,no,no,case_engine_suffix_sql,yes,low,no,unit-test artifact; not recommended as POCR route input
runs/user/unittest_sqlglot_optimize_02112bbf9afa4795838add7497505458/candidate_sql,unit_test_artifact,unittest_sqlglot_optimize_02112bbf9afa4795838add7497505458,unittest_sqlglot_optimize_02112bbf9afa4795838add7497505458,unit_test_artifact,postgres,1,1,no,no,case_engine_suffix_sql,yes,low,no,unit-test artifact; not recommended as POCR route input
runs/user/unittest_sqlglot_optimize_07bbd4f87c4a43a389c044ed235ac7f6/candidate_sql,unit_test_artifact,unittest_sqlglot_optimize_07bbd4f87c4a43a389c044ed235ac7f6,unittest_sqlglot_optimize_07bbd4f87c4a43a389c044ed235ac7f6,unit_test_artifact,postgres,1,1,no,no,case_engine_suffix_sql,yes,low,no,unit-test artifact; not recommended as POCR route input
runs/user/unittest_sqlglot_optimize_0e260023538048a88e769bd232b73006/candidate_sql,unit_test_artifact,unittest_sqlglot_optimize_0e260023538048a88e769bd232b73006,unittest_sqlglot_optimize_0e260023538048a88e769bd232b73006,unit_test_artifact,postgres,1,1,no,no,case_engine_suffix_sql,yes,low,no,unit-test artifact; not recommended as POCR route input
runs/user/unittest_sqlglot_optimize_0fcb7d1ce5444aeaa73acb371155aefa/candidate_sql,unit_test_artifact,unittest_sqlglot_optimize_0fcb7d1ce5444aeaa73acb371155aefa,unittest_sqlglot_optimize_0fcb7d1ce5444aeaa73acb371155aefa,unit_test_artifact,postgres,1,1,no,no,case_engine_suffix_sql,yes,low,no,unit-test artifact; not recommended as POCR route input
runs/user/unittest_sqlglot_optimize_104e92b54bc040158f46c34d4329d199/candidate_sql,unit_test_artifact,unittest_sqlglot_optimize_104e92b54bc040158f46c34d4329d199,unittest_sqlglot_optimize_104e92b54bc040158f46c34d4329d199,unit_test_artifact,postgres,1,1,no,no,case_engine_suffix_sql,yes,low,no,unit-test artifact; not recommended as POCR route input
runs/user/unittest_sqlglot_optimize_12631bf0980842f6aea577a7911d1e3e/candidate_sql,unit_test_artifact,unittest_sqlglot_optimize_12631bf0980842f6aea577a7911d1e3e,unittest_sqlglot_optimize_12631bf0980842f6aea577a7911d1e3e,unit_test_artifact,postgres,1,1,no,no,case_engine_suffix_sql,yes,low,no,unit-test artifact; not recommended as POCR route input
runs/user/unittest_sqlglot_optimize_140c4f2628c94eb1bcb58627ead23c3b/candidate_sql,unit_test_artifact,unittest_sqlglot_optimize_140c4f2628c94eb1bcb58627ead23c3b,unittest_sqlglot_optimize_140c4f2628c94eb1bcb58627ead23c3b,unit_test_artifact,postgres,1,1,no,no,case_engine_suffix_sql,yes,low,no,unit-test artifact; not recommended as POCR route input
runs/user/unittest_sqlglot_optimize_1854fffc34994b6a8b3ee17ee2f491e3/candidate_sql,unit_test_artifact,unittest_sqlglot_optimize_1854fffc34994b6a8b3ee17ee2f491e3,unittest_sqlglot_optimize_1854fffc34994b6a8b3ee17ee2f491e3,unit_test_artifact,postgres,1,1,no,no,case_engine_suffix_sql,yes,low,no,unit-test artifact; not recommended as POCR route input
runs/user/unittest_sqlglot_optimize_19b4dd6809ed4b8a8aee6e460b4778eb/candidate_sql,unit_test_artifact,unittest_sqlglot_optimize_19b4dd6809ed4b8a8aee6e460b4778eb,unittest_sqlglot_optimize_19b4dd6809ed4b8a8aee6e460b4778eb,unit_test_artifact,postgres,1,1,no,no,case_engine_suffix_sql,yes,low,no,unit-test artifact; not recommended as POCR route input
runs/user/unittest_sqlglot_optimize_1bb9085542c845579745b5921a96ea43/candidate_sql,unit_test_artifact,unittest_sqlglot_optimize_1bb9085542c845579745b5921a96ea43,unittest_sqlglot_optimize_1bb9085542c845579745b5921a96ea43,unit_test_artifact,postgres,1,1,no,no,case_engine_suffix_sql,yes,low,no,unit-test artifact; not recommended as POCR route input
runs/user/unittest_sqlglot_optimize_1bc8b7c4754347e3bebe1697c6f01958/candidate_sql,unit_test_artifact,unittest_sqlglot_optimize_1bc8b7c4754347e3bebe1697c6f01958,unittest_sqlglot_optimize_1bc8b7c4754347e3bebe1697c6f01958,unit_test_artifact,postgres,1,1,no,no,case_engine_suffix_sql,yes,low,no,unit-test artifact; not recommended as POCR route input
runs/user/unittest_sqlglot_optimize_1d3b22ecafaa4033bfd674e646345f03/candidate_sql,unit_test_artifact,unittest_sqlglot_optimize_1d3b22ecafaa4033bfd674e646345f03,unittest_sqlglot_optimize_1d3b22ecafaa4033bfd674e646345f03,unit_test_artifact,postgres,1,1,no,no,case_engine_suffix_sql,yes,low,no,unit-test artifact; not recommended as POCR route input
runs/user/unittest_sqlglot_optimize_21d12b1a67e444fb9ea8e6f046fd79f2/candidate_sql,unit_test_artifact,unittest_sqlglot_optimize_21d12b1a67e444fb9ea8e6f046fd79f2,unittest_sqlglot_optimize_21d12b1a67e444fb9ea8e6f046fd79f2,unit_test_artifact,postgres,1,1,no,no,case_engine_suffix_sql,yes,low,no,unit-test artifact; not recommended as POCR route input
runs/user/unittest_sqlglot_optimize_226cbf3cd3844fa4833f3b3ba4756d8a/candidate_sql,unit_test_artifact,unittest_sqlglot_optimize_226cbf3cd3844fa4833f3b3ba4756d8a,unittest_sqlglot_optimize_226cbf3cd3844fa4833f3b3ba4756d8a,unit_test_artifact,postgres,1,1,no,no,case_engine_suffix_sql,yes,low,no,unit-test artifact; not recommended as POCR route input
runs/user/unittest_sqlglot_optimize_239e0b279e22445696fee56d8ea5d9d9/candidate_sql,unit_test_artifact,unittest_sqlglot_optimize_239e0b279e22445696fee56d8ea5d9d9,unittest_sqlglot_optimize_239e0b279e22445696fee56d8ea5d9d9,unit_test_artifact,postgres,1,1,no,no,case_engine_suffix_sql,yes,low,no,unit-test artifact; not recommended as POCR route input
runs/user/unittest_sqlglot_optimize_274f4cf26fe04f1d96a212f57a3b5c93/candidate_sql,unit_test_artifact,unittest_sqlglot_optimize_274f4cf26fe04f1d96a212f57a3b5c93,unittest_sqlglot_optimize_274f4cf26fe04f1d96a212f57a3b5c93,unit_test_artifact,postgres,1,1,no,no,case_engine_suffix_sql,yes,low,no,unit-test artifact; not recommended as POCR route input
runs/user/unittest_sqlglot_optimize_2826494d06094b168d5bd560eae20dba/candidate_sql,unit_test_artifact,unittest_sqlglot_optimize_2826494d06094b168d5bd560eae20dba,unittest_sqlglot_optimize_2826494d06094b168d5bd560eae20dba,unit_test_artifact,postgres,1,1,no,no,case_engine_suffix_sql,yes,low,no,unit-test artifact; not recommended as POCR route input
runs/user/unittest_sqlglot_optimize_323ecd6ad0db4811be87dbcf8dd3bb95/candidate_sql,unit_test_artifact,unittest_sqlglot_optimize_323ecd6ad0db4811be87dbcf8dd3bb95,unittest_sqlglot_optimize_323ecd6ad0db4811be87dbcf8dd3bb95,unit_test_artifact,postgres,1,1,no,no,case_engine_suffix_sql,yes,low,no,unit-test artifact; not recommended as POCR route input
runs/user/unittest_sqlglot_optimize_3714bc21cc5945cda06b7557a8f56a49/candidate_sql,unit_test_artifact,unittest_sqlglot_optimize_3714bc21cc5945cda06b7557a8f56a49,unittest_sqlglot_optimize_3714bc21cc5945cda06b7557a8f56a49,unit_test_artifact,postgres,1,1,no,no,case_engine_suffix_sql,yes,low,no,unit-test artifact; not recommended as POCR route input
runs/user/unittest_sqlglot_optimize_377de9d9f61b45758f98826c49b4a68d/candidate_sql,unit_test_artifact,unittest_sqlglot_optimize_377de9d9f61b45758f98826c49b4a68d,unittest_sqlglot_optimize_377de9d9f61b45758f98826c49b4a68d,unit_test_artifact,postgres,1,1,no,no,case_engine_suffix_sql,yes,low,no,unit-test artifact; not recommended as POCR route input
runs/user/unittest_sqlglot_optimize_38161b8531e0435fa5a8ed150cf48941/candidate_sql,unit_test_artifact,unittest_sqlglot_optimize_38161b8531e0435fa5a8ed150cf48941,unittest_sqlglot_optimize_38161b8531e0435fa5a8ed150cf48941,unit_test_artifact,postgres,1,1,no,no,case_engine_suffix_sql,yes,low,no,unit-test artifact; not recommended as POCR route input
runs/user/unittest_sqlglot_optimize_38a390afc6d84926821b41c43f3633dc/candidate_sql,unit_test_artifact,unittest_sqlglot_optimize_38a390afc6d84926821b41c43f3633dc,unittest_sqlglot_optimize_38a390afc6d84926821b41c43f3633dc,unit_test_artifact,postgres,1,1,no,no,case_engine_suffix_sql,yes,low,no,unit-test artifact; not recommended as POCR route input
runs/user/unittest_sqlglot_optimize_3914d1f5f8384f769f340b850d9ae3cd/candidate_sql,unit_test_artifact,unittest_sqlglot_optimize_3914d1f5f8384f769f340b850d9ae3cd,unittest_sqlglot_optimize_3914d1f5f8384f769f340b850d9ae3cd,unit_test_artifact,postgres,1,1,no,no,case_engine_suffix_sql,yes,low,no,unit-test artifact; not recommended as POCR route input
runs/user/unittest_sqlglot_optimize_39ddd8b18d294007b936b93617f65d99/candidate_sql,unit_test_artifact,unittest_sqlglot_optimize_39ddd8b18d294007b936b93617f65d99,unittest_sqlglot_optimize_39ddd8b18d294007b936b93617f65d99,unit_test_artifact,postgres,1,1,no,no,case_engine_suffix_sql,yes,low,no,unit-test artifact; not recommended as POCR route input
runs/user/unittest_sqlglot_optimize_3ab1f3a42fe547f2841250616a499667/candidate_sql,unit_test_artifact,unittest_sqlglot_optimize_3ab1f3a42fe547f2841250616a499667,unittest_sqlglot_optimize_3ab1f3a42fe547f2841250616a499667,unit_test_artifact,postgres,1,1,no,no,case_engine_suffix_sql,yes,low,no,unit-test artifact; not recommended as POCR route input
runs/user/unittest_sqlglot_optimize_3b5924c5af9d440099015bd74ab3520a/candidate_sql,unit_test_artifact,unittest_sqlglot_optimize_3b5924c5af9d440099015bd74ab3520a,unittest_sqlglot_optimize_3b5924c5af9d440099015bd74ab3520a,unit_test_artifact,postgres,1,1,no,no,case_engine_suffix_sql,yes,low,no,unit-test artifact; not recommended as POCR route input
runs/user/unittest_sqlglot_optimize_3e080abf4d114e12957175925a17cefa/candidate_sql,unit_test_artifact,unittest_sqlglot_optimize_3e080abf4d114e12957175925a17cefa,unittest_sqlglot_optimize_3e080abf4d114e12957175925a17cefa,unit_test_artifact,postgres,1,1,no,no,case_engine_suffix_sql,yes,low,no,unit-test artifact; not recommended as POCR route input
runs/user/unittest_sqlglot_optimize_41bccaa78b0a4a8eac8070ddea4f2518/candidate_sql,unit_test_artifact,unittest_sqlglot_optimize_41bccaa78b0a4a8eac8070ddea4f2518,unittest_sqlglot_optimize_41bccaa78b0a4a8eac8070ddea4f2518,unit_test_artifact,postgres,1,1,no,no,case_engine_suffix_sql,yes,low,no,unit-test artifact; not recommended as POCR route input
runs/user/unittest_sqlglot_optimize_47c25596d6ed476db6758139f30f884c/candidate_sql,unit_test_artifact,unittest_sqlglot_optimize_47c25596d6ed476db6758139f30f884c,unittest_sqlglot_optimize_47c25596d6ed476db6758139f30f884c,unit_test_artifact,postgres,1,1,no,no,case_engine_suffix_sql,yes,low,no,unit-test artifact; not recommended as POCR route input
runs/user/unittest_sqlglot_optimize_4a8e8146b55c488fa078da9ef9b214cd/candidate_sql,unit_test_artifact,unittest_sqlglot_optimize_4a8e8146b55c488fa078da9ef9b214cd,unittest_sqlglot_optimize_4a8e8146b55c488fa078da9ef9b214cd,unit_test_artifact,postgres,1,1,no,no,case_engine_suffix_sql,yes,low,no,unit-test artifact; not recommended as POCR route input
runs/user/unittest_sqlglot_optimize_4b11c59aa2e14d18afd5e6cd39f3448c/candidate_sql,unit_test_artifact,unittest_sqlglot_optimize_4b11c59aa2e14d18afd5e6cd39f3448c,unittest_sqlglot_optimize_4b11c59aa2e14d18afd5e6cd39f3448c,unit_test_artifact,postgres,1,1,no,no,case_engine_suffix_sql,yes,low,no,unit-test artifact; not recommended as POCR route input
runs/user/unittest_sqlglot_optimize_4bf106e09a174d2297e444fd10e3ae2b/candidate_sql,unit_test_artifact,unittest_sqlglot_optimize_4bf106e09a174d2297e444fd10e3ae2b,unittest_sqlglot_optimize_4bf106e09a174d2297e444fd10e3ae2b,unit_test_artifact,postgres,1,1,no,no,case_engine_suffix_sql,yes,low,no,unit-test artifact; not recommended as POCR route input
runs/user/unittest_sqlglot_optimize_4ea878fda8624f3cb92a2aa1c6803be3/candidate_sql,unit_test_artifact,unittest_sqlglot_optimize_4ea878fda8624f3cb92a2aa1c6803be3,unittest_sqlglot_optimize_4ea878fda8624f3cb92a2aa1c6803be3,unit_test_artifact,postgres,1,1,no,no,case_engine_suffix_sql,yes,low,no,unit-test artifact; not recommended as POCR route input
runs/user/unittest_sqlglot_optimize_5211c6b942ce41cbb76fbfd7a4e78fda/candidate_sql,unit_test_artifact,unittest_sqlglot_optimize_5211c6b942ce41cbb76fbfd7a4e78fda,unittest_sqlglot_optimize_5211c6b942ce41cbb76fbfd7a4e78fda,unit_test_artifact,postgres,1,1,no,no,case_engine_suffix_sql,yes,low,no,unit-test artifact; not recommended as POCR route input
runs/user/unittest_sqlglot_optimize_54c0b99d152a4c988706f260bd60a30f/candidate_sql,unit_test_artifact,unittest_sqlglot_optimize_54c0b99d152a4c988706f260bd60a30f,unittest_sqlglot_optimize_54c0b99d152a4c988706f260bd60a30f,unit_test_artifact,postgres,1,1,no,no,case_engine_suffix_sql,yes,low,no,unit-test artifact; not recommended as POCR route input
runs/user/unittest_sqlglot_optimize_562101f81ed641a89b47afbe9e3d36bc/candidate_sql,unit_test_artifact,unittest_sqlglot_optimize_562101f81ed641a89b47afbe9e3d36bc,unittest_sqlglot_optimize_562101f81ed641a89b47afbe9e3d36bc,unit_test_artifact,postgres,1,1,no,no,case_engine_suffix_sql,yes,low,no,unit-test artifact; not recommended as POCR route input
runs/user/unittest_sqlglot_optimize_5a8b0bc2416046bb977c14ae125dff51/candidate_sql,unit_test_artifact,unittest_sqlglot_optimize_5a8b0bc2416046bb977c14ae125dff51,unittest_sqlglot_optimize_5a8b0bc2416046bb977c14ae125dff51,unit_test_artifact,postgres,1,1,no,no,case_engine_suffix_sql,yes,low,no,unit-test artifact; not recommended as POCR route input
runs/user/unittest_sqlglot_optimize_5b969aa3587d47e594950e3fbe76272d/candidate_sql,unit_test_artifact,unittest_sqlglot_optimize_5b969aa3587d47e594950e3fbe76272d,unittest_sqlglot_optimize_5b969aa3587d47e594950e3fbe76272d,unit_test_artifact,postgres,1,1,no,no,case_engine_suffix_sql,yes,low,no,unit-test artifact; not recommended as POCR route input
runs/user/unittest_sqlglot_optimize_5cc1e01faff94504bf3ea95c2e2b7196/candidate_sql,unit_test_artifact,unittest_sqlglot_optimize_5cc1e01faff94504bf3ea95c2e2b7196,unittest_sqlglot_optimize_5cc1e01faff94504bf3ea95c2e2b7196,unit_test_artifact,postgres,1,1,no,no,case_engine_suffix_sql,yes,low,no,unit-test artifact; not recommended as POCR route input
runs/user/unittest_sqlglot_optimize_5dfb2111287545c499b692020225cbd9/candidate_sql,unit_test_artifact,unittest_sqlglot_optimize_5dfb2111287545c499b692020225cbd9,unittest_sqlglot_optimize_5dfb2111287545c499b692020225cbd9,unit_test_artifact,postgres,1,1,no,no,case_engine_suffix_sql,yes,low,no,unit-test artifact; not recommended as POCR route input
runs/user/unittest_sqlglot_optimize_5f1c504d6c294694afab13aee9609a07/candidate_sql,unit_test_artifact,unittest_sqlglot_optimize_5f1c504d6c294694afab13aee9609a07,unittest_sqlglot_optimize_5f1c504d6c294694afab13aee9609a07,unit_test_artifact,postgres,1,1,no,no,case_engine_suffix_sql,yes,low,no,unit-test artifact; not recommended as POCR route input
runs/user/unittest_sqlglot_optimize_67e862fdb2ad4f52bca8584f8ecdeae1/candidate_sql,unit_test_artifact,unittest_sqlglot_optimize_67e862fdb2ad4f52bca8584f8ecdeae1,unittest_sqlglot_optimize_67e862fdb2ad4f52bca8584f8ecdeae1,unit_test_artifact,postgres,1,1,no,no,case_engine_suffix_sql,yes,low,no,unit-test artifact; not recommended as POCR route input
runs/user/unittest_sqlglot_optimize_7021cb6924f3407fbdbdb785e919a28d/candidate_sql,unit_test_artifact,unittest_sqlglot_optimize_7021cb6924f3407fbdbdb785e919a28d,unittest_sqlglot_optimize_7021cb6924f3407fbdbdb785e919a28d,unit_test_artifact,postgres,1,1,no,no,case_engine_suffix_sql,yes,low,no,unit-test artifact; not recommended as POCR route input
runs/user/unittest_sqlglot_optimize_7292a58ac6574fc9a0fa949f9af5c9e5/candidate_sql,unit_test_artifact,unittest_sqlglot_optimize_7292a58ac6574fc9a0fa949f9af5c9e5,unittest_sqlglot_optimize_7292a58ac6574fc9a0fa949f9af5c9e5,unit_test_artifact,postgres,1,1,no,no,case_engine_suffix_sql,yes,low,no,unit-test artifact; not recommended as POCR route input
runs/user/unittest_sqlglot_optimize_73d13368b067443dad6543073c18cc6c/candidate_sql,unit_test_artifact,unittest_sqlglot_optimize_73d13368b067443dad6543073c18cc6c,unittest_sqlglot_optimize_73d13368b067443dad6543073c18cc6c,unit_test_artifact,postgres,1,1,no,no,case_engine_suffix_sql,yes,low,no,unit-test artifact; not recommended as POCR route input
runs/user/unittest_sqlglot_optimize_75b3e38b68894312af529e584d4136a9/candidate_sql,unit_test_artifact,unittest_sqlglot_optimize_75b3e38b68894312af529e584d4136a9,unittest_sqlglot_optimize_75b3e38b68894312af529e584d4136a9,unit_test_artifact,postgres,1,1,no,no,case_engine_suffix_sql,yes,low,no,unit-test artifact; not recommended as POCR route input
runs/user/unittest_sqlglot_optimize_76f15c8db9cc4c0e8fafd2b35a113c21/candidate_sql,unit_test_artifact,unittest_sqlglot_optimize_76f15c8db9cc4c0e8fafd2b35a113c21,unittest_sqlglot_optimize_76f15c8db9cc4c0e8fafd2b35a113c21,unit_test_artifact,postgres,1,1,no,no,case_engine_suffix_sql,yes,low,no,unit-test artifact; not recommended as POCR route input
runs/user/unittest_sqlglot_optimize_7c64598e2acf4a42a3979d5c20975f40/candidate_sql,unit_test_artifact,unittest_sqlglot_optimize_7c64598e2acf4a42a3979d5c20975f40,unittest_sqlglot_optimize_7c64598e2acf4a42a3979d5c20975f40,unit_test_artifact,postgres,1,1,no,no,case_engine_suffix_sql,yes,low,no,unit-test artifact; not recommended as POCR route input
runs/user/unittest_sqlglot_optimize_7f138252bd2c4d6990b6db25f501729b/candidate_sql,unit_test_artifact,unittest_sqlglot_optimize_7f138252bd2c4d6990b6db25f501729b,unittest_sqlglot_optimize_7f138252bd2c4d6990b6db25f501729b,unit_test_artifact,postgres,1,1,no,no,case_engine_suffix_sql,yes,low,no,unit-test artifact; not recommended as POCR route input
runs/user/unittest_sqlglot_optimize_7f7873148fd44ba0977f546a190e578d/candidate_sql,unit_test_artifact,unittest_sqlglot_optimize_7f7873148fd44ba0977f546a190e578d,unittest_sqlglot_optimize_7f7873148fd44ba0977f546a190e578d,unit_test_artifact,postgres,1,1,no,no,case_engine_suffix_sql,yes,low,no,unit-test artifact; not recommended as POCR route input
runs/user/unittest_sqlglot_optimize_813cc778a5214645ae54bf962a57e7f7/candidate_sql,unit_test_artifact,unittest_sqlglot_optimize_813cc778a5214645ae54bf962a57e7f7,unittest_sqlglot_optimize_813cc778a5214645ae54bf962a57e7f7,unit_test_artifact,postgres,1,1,no,no,case_engine_suffix_sql,yes,low,no,unit-test artifact; not recommended as POCR route input
runs/user/unittest_sqlglot_optimize_8718d0f3d77b4b428cafb28aa90bc478/candidate_sql,unit_test_artifact,unittest_sqlglot_optimize_8718d0f3d77b4b428cafb28aa90bc478,unittest_sqlglot_optimize_8718d0f3d77b4b428cafb28aa90bc478,unit_test_artifact,postgres,1,1,no,no,case_engine_suffix_sql,yes,low,no,unit-test artifact; not recommended as POCR route input
runs/user/unittest_sqlglot_optimize_874ad437a1f64fe9a281cbf21c9aba9f/candidate_sql,unit_test_artifact,unittest_sqlglot_optimize_874ad437a1f64fe9a281cbf21c9aba9f,unittest_sqlglot_optimize_874ad437a1f64fe9a281cbf21c9aba9f,unit_test_artifact,postgres,1,1,no,no,case_engine_suffix_sql,yes,low,no,unit-test artifact; not recommended as POCR route input
runs/user/unittest_sqlglot_optimize_8900c6ecb01d48e5a5ee30becbc672d7/candidate_sql,unit_test_artifact,unittest_sqlglot_optimize_8900c6ecb01d48e5a5ee30becbc672d7,unittest_sqlglot_optimize_8900c6ecb01d48e5a5ee30becbc672d7,unit_test_artifact,postgres,1,1,no,no,case_engine_suffix_sql,yes,low,no,unit-test artifact; not recommended as POCR route input
runs/user/unittest_sqlglot_optimize_8c7dbeeea6d74963b7ae106e0fb57eb7/candidate_sql,unit_test_artifact,unittest_sqlglot_optimize_8c7dbeeea6d74963b7ae106e0fb57eb7,unittest_sqlglot_optimize_8c7dbeeea6d74963b7ae106e0fb57eb7,unit_test_artifact,postgres,1,1,no,no,case_engine_suffix_sql,yes,low,no,unit-test artifact; not recommended as POCR route input
runs/user/unittest_sqlglot_optimize_9006064c71074691aa5f3e1eef36de44/candidate_sql,unit_test_artifact,unittest_sqlglot_optimize_9006064c71074691aa5f3e1eef36de44,unittest_sqlglot_optimize_9006064c71074691aa5f3e1eef36de44,unit_test_artifact,postgres,1,1,no,no,case_engine_suffix_sql,yes,low,no,unit-test artifact; not recommended as POCR route input
runs/user/unittest_sqlglot_optimize_905db44e03464064a63086c23f3b4cb9/candidate_sql,unit_test_artifact,unittest_sqlglot_optimize_905db44e03464064a63086c23f3b4cb9,unittest_sqlglot_optimize_905db44e03464064a63086c23f3b4cb9,unit_test_artifact,postgres,1,1,no,no,case_engine_suffix_sql,yes,low,no,unit-test artifact; not recommended as POCR route input
runs/user/unittest_sqlglot_optimize_93231e1cb0ab4711a5cc23b76c7ec841/candidate_sql,unit_test_artifact,unittest_sqlglot_optimize_93231e1cb0ab4711a5cc23b76c7ec841,unittest_sqlglot_optimize_93231e1cb0ab4711a5cc23b76c7ec841,unit_test_artifact,postgres,1,1,no,no,case_engine_suffix_sql,yes,low,no,unit-test artifact; not recommended as POCR route input
runs/user/unittest_sqlglot_optimize_94be537ae5c3484dbc8915ecf84580b3/candidate_sql,unit_test_artifact,unittest_sqlglot_optimize_94be537ae5c3484dbc8915ecf84580b3,unittest_sqlglot_optimize_94be537ae5c3484dbc8915ecf84580b3,unit_test_artifact,postgres,1,1,no,no,case_engine_suffix_sql,yes,low,no,unit-test artifact; not recommended as POCR route input
runs/user/unittest_sqlglot_optimize_96871f037814413e8ed82b045e149dbd/candidate_sql,unit_test_artifact,unittest_sqlglot_optimize_96871f037814413e8ed82b045e149dbd,unittest_sqlglot_optimize_96871f037814413e8ed82b045e149dbd,unit_test_artifact,postgres,1,1,no,no,case_engine_suffix_sql,yes,low,no,unit-test artifact; not recommended as POCR route input
runs/user/unittest_sqlglot_optimize_96c9d86411b9488db32487309f8cf458/candidate_sql,unit_test_artifact,unittest_sqlglot_optimize_96c9d86411b9488db32487309f8cf458,unittest_sqlglot_optimize_96c9d86411b9488db32487309f8cf458,unit_test_artifact,postgres,1,1,no,no,case_engine_suffix_sql,yes,low,no,unit-test artifact; not recommended as POCR route input
runs/user/unittest_sqlglot_optimize_989748112a924e62878f4b63f9f801f6/candidate_sql,unit_test_artifact,unittest_sqlglot_optimize_989748112a924e62878f4b63f9f801f6,unittest_sqlglot_optimize_989748112a924e62878f4b63f9f801f6,unit_test_artifact,postgres,1,1,no,no,case_engine_suffix_sql,yes,low,no,unit-test artifact; not recommended as POCR route input
runs/user/unittest_sqlglot_optimize_9b745dc915394c60b5e38996cac58624/candidate_sql,unit_test_artifact,unittest_sqlglot_optimize_9b745dc915394c60b5e38996cac58624,unittest_sqlglot_optimize_9b745dc915394c60b5e38996cac58624,unit_test_artifact,postgres,1,1,no,no,case_engine_suffix_sql,yes,low,no,unit-test artifact; not recommended as POCR route input
runs/user/unittest_sqlglot_optimize_9d0d300850c84a5d8dd4015c80e3a875/candidate_sql,unit_test_artifact,unittest_sqlglot_optimize_9d0d300850c84a5d8dd4015c80e3a875,unittest_sqlglot_optimize_9d0d300850c84a5d8dd4015c80e3a875,unit_test_artifact,postgres,1,1,no,no,case_engine_suffix_sql,yes,low,no,unit-test artifact; not recommended as POCR route input
runs/user/unittest_sqlglot_optimize_9e0121a97bca42518bbf2d56f0f6d0f4/candidate_sql,unit_test_artifact,unittest_sqlglot_optimize_9e0121a97bca42518bbf2d56f0f6d0f4,unittest_sqlglot_optimize_9e0121a97bca42518bbf2d56f0f6d0f4,unit_test_artifact,postgres,1,1,no,no,case_engine_suffix_sql,yes,low,no,unit-test artifact; not recommended as POCR route input
runs/user/unittest_sqlglot_optimize_a60d359fbd0e4ccba2b61a421185450b/candidate_sql,unit_test_artifact,unittest_sqlglot_optimize_a60d359fbd0e4ccba2b61a421185450b,unittest_sqlglot_optimize_a60d359fbd0e4ccba2b61a421185450b,unit_test_artifact,postgres,1,1,no,no,case_engine_suffix_sql,yes,low,no,unit-test artifact; not recommended as POCR route input
runs/user/unittest_sqlglot_optimize_aae5b10bf0a04970ac4dcbe91815aef1/candidate_sql,unit_test_artifact,unittest_sqlglot_optimize_aae5b10bf0a04970ac4dcbe91815aef1,unittest_sqlglot_optimize_aae5b10bf0a04970ac4dcbe91815aef1,unit_test_artifact,postgres,1,1,no,no,case_engine_suffix_sql,yes,low,no,unit-test artifact; not recommended as POCR route input
runs/user/unittest_sqlglot_optimize_aaf2cccdd9cb417ab12ca751a7d7a013/candidate_sql,unit_test_artifact,unittest_sqlglot_optimize_aaf2cccdd9cb417ab12ca751a7d7a013,unittest_sqlglot_optimize_aaf2cccdd9cb417ab12ca751a7d7a013,unit_test_artifact,postgres,1,1,no,no,case_engine_suffix_sql,yes,low,no,unit-test artifact; not recommended as POCR route input
runs/user/unittest_sqlglot_optimize_ad00afde3f9940e6a1c68bbbc6deb450/candidate_sql,unit_test_artifact,unittest_sqlglot_optimize_ad00afde3f9940e6a1c68bbbc6deb450,unittest_sqlglot_optimize_ad00afde3f9940e6a1c68bbbc6deb450,unit_test_artifact,postgres,1,1,no,no,case_engine_suffix_sql,yes,low,no,unit-test artifact; not recommended as POCR route input
runs/user/unittest_sqlglot_optimize_bc82eec6638b40448c1d777989061d21/candidate_sql,unit_test_artifact,unittest_sqlglot_optimize_bc82eec6638b40448c1d777989061d21,unittest_sqlglot_optimize_bc82eec6638b40448c1d777989061d21,unit_test_artifact,postgres,1,1,no,no,case_engine_suffix_sql,yes,low,no,unit-test artifact; not recommended as POCR route input
runs/user/unittest_sqlglot_optimize_becc5c3a33824b54b8d2c9c6971e0311/candidate_sql,unit_test_artifact,unittest_sqlglot_optimize_becc5c3a33824b54b8d2c9c6971e0311,unittest_sqlglot_optimize_becc5c3a33824b54b8d2c9c6971e0311,unit_test_artifact,postgres,1,1,no,no,case_engine_suffix_sql,yes,low,no,unit-test artifact; not recommended as POCR route input
runs/user/unittest_sqlglot_optimize_c53069753c654f048ab01ff5175302a1/candidate_sql,unit_test_artifact,unittest_sqlglot_optimize_c53069753c654f048ab01ff5175302a1,unittest_sqlglot_optimize_c53069753c654f048ab01ff5175302a1,unit_test_artifact,postgres,1,1,no,no,case_engine_suffix_sql,yes,low,no,unit-test artifact; not recommended as POCR route input
runs/user/unittest_sqlglot_optimize_caf2c73f35d14112a050509d23c09475/candidate_sql,unit_test_artifact,unittest_sqlglot_optimize_caf2c73f35d14112a050509d23c09475,unittest_sqlglot_optimize_caf2c73f35d14112a050509d23c09475,unit_test_artifact,postgres,1,1,no,no,case_engine_suffix_sql,yes,low,no,unit-test artifact; not recommended as POCR route input
runs/user/unittest_sqlglot_optimize_cbf0d524b12c45f8a34308fcfbc6017b/candidate_sql,unit_test_artifact,unittest_sqlglot_optimize_cbf0d524b12c45f8a34308fcfbc6017b,unittest_sqlglot_optimize_cbf0d524b12c45f8a34308fcfbc6017b,unit_test_artifact,postgres,1,1,no,no,case_engine_suffix_sql,yes,low,no,unit-test artifact; not recommended as POCR route input
runs/user/unittest_sqlglot_optimize_cf0ca93dc634420fae2af801d271a8a1/candidate_sql,unit_test_artifact,unittest_sqlglot_optimize_cf0ca93dc634420fae2af801d271a8a1,unittest_sqlglot_optimize_cf0ca93dc634420fae2af801d271a8a1,unit_test_artifact,postgres,1,1,no,no,case_engine_suffix_sql,yes,low,no,unit-test artifact; not recommended as POCR route input
runs/user/unittest_sqlglot_optimize_d1989413aa0d44499a3925551fc68316/candidate_sql,unit_test_artifact,unittest_sqlglot_optimize_d1989413aa0d44499a3925551fc68316,unittest_sqlglot_optimize_d1989413aa0d44499a3925551fc68316,unit_test_artifact,postgres,1,1,no,no,case_engine_suffix_sql,yes,low,no,unit-test artifact; not recommended as POCR route input
runs/user/unittest_sqlglot_optimize_d6cef0bbe9db4b308b6b7f7f96c0d4e0/candidate_sql,unit_test_artifact,unittest_sqlglot_optimize_d6cef0bbe9db4b308b6b7f7f96c0d4e0,unittest_sqlglot_optimize_d6cef0bbe9db4b308b6b7f7f96c0d4e0,unit_test_artifact,postgres,1,1,no,no,case_engine_suffix_sql,yes,low,no,unit-test artifact; not recommended as POCR route input
runs/user/unittest_sqlglot_optimize_d811d1fb03454506964db19d5011b76f/candidate_sql,unit_test_artifact,unittest_sqlglot_optimize_d811d1fb03454506964db19d5011b76f,unittest_sqlglot_optimize_d811d1fb03454506964db19d5011b76f,unit_test_artifact,postgres,1,1,no,no,case_engine_suffix_sql,yes,low,no,unit-test artifact; not recommended as POCR route input
runs/user/unittest_sqlglot_optimize_d9f27541a1c94a0c8b9782398c28b708/candidate_sql,unit_test_artifact,unittest_sqlglot_optimize_d9f27541a1c94a0c8b9782398c28b708,unittest_sqlglot_optimize_d9f27541a1c94a0c8b9782398c28b708,unit_test_artifact,postgres,1,1,no,no,case_engine_suffix_sql,yes,low,no,unit-test artifact; not recommended as POCR route input
runs/user/unittest_sqlglot_optimize_dab4b58a9c9a4838b5d4e6a28ca6fc6d/candidate_sql,unit_test_artifact,unittest_sqlglot_optimize_dab4b58a9c9a4838b5d4e6a28ca6fc6d,unittest_sqlglot_optimize_dab4b58a9c9a4838b5d4e6a28ca6fc6d,unit_test_artifact,postgres,1,1,no,no,case_engine_suffix_sql,yes,low,no,unit-test artifact; not recommended as POCR route input
runs/user/unittest_sqlglot_optimize_df561e64c71846c7a34d63faa0242ea4/candidate_sql,unit_test_artifact,unittest_sqlglot_optimize_df561e64c71846c7a34d63faa0242ea4,unittest_sqlglot_optimize_df561e64c71846c7a34d63faa0242ea4,unit_test_artifact,postgres,1,1,no,no,case_engine_suffix_sql,yes,low,no,unit-test artifact; not recommended as POCR route input
runs/user/unittest_sqlglot_optimize_e161768e057641a8aad66ea3340ae694/candidate_sql,unit_test_artifact,unittest_sqlglot_optimize_e161768e057641a8aad66ea3340ae694,unittest_sqlglot_optimize_e161768e057641a8aad66ea3340ae694,unit_test_artifact,postgres,1,1,no,no,case_engine_suffix_sql,yes,low,no,unit-test artifact; not recommended as POCR route input
runs/user/unittest_sqlglot_optimize_e1c281341ef7444b9bd9c71c17f4ffba/candidate_sql,unit_test_artifact,unittest_sqlglot_optimize_e1c281341ef7444b9bd9c71c17f4ffba,unittest_sqlglot_optimize_e1c281341ef7444b9bd9c71c17f4ffba,unit_test_artifact,postgres,1,1,no,no,case_engine_suffix_sql,yes,low,no,unit-test artifact; not recommended as POCR route input
runs/user/unittest_sqlglot_optimize_e2ed4d7118704060811378ed5ad0de89/candidate_sql,unit_test_artifact,unittest_sqlglot_optimize_e2ed4d7118704060811378ed5ad0de89,unittest_sqlglot_optimize_e2ed4d7118704060811378ed5ad0de89,unit_test_artifact,postgres,1,1,no,no,case_engine_suffix_sql,yes,low,no,unit-test artifact; not recommended as POCR route input
runs/user/unittest_sqlglot_optimize_e494460515e44c9f9dea100368353f73/candidate_sql,unit_test_artifact,unittest_sqlglot_optimize_e494460515e44c9f9dea100368353f73,unittest_sqlglot_optimize_e494460515e44c9f9dea100368353f73,unit_test_artifact,postgres,1,1,no,no,case_engine_suffix_sql,yes,low,no,unit-test artifact; not recommended as POCR route input
runs/user/unittest_sqlglot_optimize_e726e8c3b02c4a64a54291db6770d910/candidate_sql,unit_test_artifact,unittest_sqlglot_optimize_e726e8c3b02c4a64a54291db6770d910,unittest_sqlglot_optimize_e726e8c3b02c4a64a54291db6770d910,unit_test_artifact,postgres,1,1,no,no,case_engine_suffix_sql,yes,low,no,unit-test artifact; not recommended as POCR route input
runs/user/unittest_sqlglot_optimize_ed971b96e72b449ba2cf49ac8b52a6c2/candidate_sql,unit_test_artifact,unittest_sqlglot_optimize_ed971b96e72b449ba2cf49ac8b52a6c2,unittest_sqlglot_optimize_ed971b96e72b449ba2cf49ac8b52a6c2,unit_test_artifact,postgres,1,1,no,no,case_engine_suffix_sql,yes,low,no,unit-test artifact; not recommended as POCR route input
runs/user/unittest_sqlglot_optimize_f043c912ee364f4f95ffeb9fd68dbcd0/candidate_sql,unit_test_artifact,unittest_sqlglot_optimize_f043c912ee364f4f95ffeb9fd68dbcd0,unittest_sqlglot_optimize_f043c912ee364f4f95ffeb9fd68dbcd0,unit_test_artifact,postgres,1,1,no,no,case_engine_suffix_sql,yes,low,no,unit-test artifact; not recommended as POCR route input
runs/user/unittest_sqlglot_optimize_f8d3b4fbfcb447ae8d9ca13c1919411f/candidate_sql,unit_test_artifact,unittest_sqlglot_optimize_f8d3b4fbfcb447ae8d9ca13c1919411f,unittest_sqlglot_optimize_f8d3b4fbfcb447ae8d9ca13c1919411f,unit_test_artifact,postgres,1,1,no,no,case_engine_suffix_sql,yes,low,no,unit-test artifact; not recommended as POCR route input
runs/user/unittest_sqlglot_optimize_fa986a161c05455f92b8d7c7666d713d/candidate_sql,unit_test_artifact,unittest_sqlglot_optimize_fa986a161c05455f92b8d7c7666d713d,unittest_sqlglot_optimize_fa986a161c05455f92b8d7c7666d713d,unit_test_artifact,postgres,1,1,no,no,case_engine_suffix_sql,yes,low,no,unit-test artifact; not recommended as POCR route input
runs/user/unittest_u2_public_smoke_dry_run_0244aab5fcc34e848ddd1ed3f189fe54/candidate_sql,unit_test_artifact,unittest_u2_public_smoke_dry_run_0244aab5fcc34e848ddd1ed3f189fe54,unittest_u2_public_smoke_dry_run_0244aab5fcc34e848ddd1ed3f189fe54,unit_test_artifact,unknown,0,0,no,no,empty_or_no_files,yes,low,no,unit-test artifact; not recommended as POCR route input
runs/user/unittest_u2_public_smoke_dry_run_07d3142acd264d5a8ef8ba900fe8e75e/candidate_sql,unit_test_artifact,unittest_u2_public_smoke_dry_run_07d3142acd264d5a8ef8ba900fe8e75e,unittest_u2_public_smoke_dry_run_07d3142acd264d5a8ef8ba900fe8e75e,unit_test_artifact,unknown,0,0,no,no,empty_or_no_files,yes,low,no,unit-test artifact; not recommended as POCR route input
runs/user/unittest_u2_public_smoke_dry_run_0c8a2c38203b442e958ccaa64a69b060/candidate_sql,unit_test_artifact,unittest_u2_public_smoke_dry_run_0c8a2c38203b442e958ccaa64a69b060,unittest_u2_public_smoke_dry_run_0c8a2c38203b442e958ccaa64a69b060,unit_test_artifact,unknown,0,0,no,no,empty_or_no_files,yes,low,no,unit-test artifact; not recommended as POCR route input
runs/user/unittest_u2_public_smoke_dry_run_0cb994470dc544cfbc42662e9b1ef385/candidate_sql,unit_test_artifact,unittest_u2_public_smoke_dry_run_0cb994470dc544cfbc42662e9b1ef385,unittest_u2_public_smoke_dry_run_0cb994470dc544cfbc42662e9b1ef385,unit_test_artifact,unknown,0,0,no,no,empty_or_no_files,yes,low,no,unit-test artifact; not recommended as POCR route input
runs/user/unittest_u2_public_smoke_dry_run_0eabf8be2c2b45518e72802dbf7e9265/candidate_sql,unit_test_artifact,unittest_u2_public_smoke_dry_run_0eabf8be2c2b45518e72802dbf7e9265,unittest_u2_public_smoke_dry_run_0eabf8be2c2b45518e72802dbf7e9265,unit_test_artifact,unknown,0,0,no,no,empty_or_no_files,yes,low,no,unit-test artifact; not recommended as POCR route input
runs/user/unittest_u2_public_smoke_dry_run_0fcb882c18f8448f8e701d72075d3803/candidate_sql,unit_test_artifact,unittest_u2_public_smoke_dry_run_0fcb882c18f8448f8e701d72075d3803,unittest_u2_public_smoke_dry_run_0fcb882c18f8448f8e701d72075d3803,unit_test_artifact,unknown,0,0,no,no,empty_or_no_files,yes,low,no,unit-test artifact; not recommended as POCR route input
runs/user/unittest_u2_public_smoke_dry_run_1e20a8edc62b4c188e969698087bc0f7/candidate_sql,unit_test_artifact,unittest_u2_public_smoke_dry_run_1e20a8edc62b4c188e969698087bc0f7,unittest_u2_public_smoke_dry_run_1e20a8edc62b4c188e969698087bc0f7,unit_test_artifact,unknown,0,0,no,no,empty_or_no_files,yes,low,no,unit-test artifact; not recommended as POCR route input
runs/user/unittest_u2_public_smoke_dry_run_1ffdc96ff9d0427795a7483cda1795ff/candidate_sql,unit_test_artifact,unittest_u2_public_smoke_dry_run_1ffdc96ff9d0427795a7483cda1795ff,unittest_u2_public_smoke_dry_run_1ffdc96ff9d0427795a7483cda1795ff,unit_test_artifact,unknown,0,0,no,no,empty_or_no_files,yes,low,no,unit-test artifact; not recommended as POCR route input
runs/user/unittest_u2_public_smoke_dry_run_2391cf1e27a54d04ac7ecfaea9a1e973/candidate_sql,unit_test_artifact,unittest_u2_public_smoke_dry_run_2391cf1e27a54d04ac7ecfaea9a1e973,unittest_u2_public_smoke_dry_run_2391cf1e27a54d04ac7ecfaea9a1e973,unit_test_artifact,unknown,0,0,no,no,empty_or_no_files,yes,low,no,unit-test artifact; not recommended as POCR route input
runs/user/unittest_u2_public_smoke_dry_run_24b89b9b18ac498199080496364859cf/candidate_sql,unit_test_artifact,unittest_u2_public_smoke_dry_run_24b89b9b18ac498199080496364859cf,unittest_u2_public_smoke_dry_run_24b89b9b18ac498199080496364859cf,unit_test_artifact,unknown,0,0,no,no,empty_or_no_files,yes,low,no,unit-test artifact; not recommended as POCR route input
runs/user/unittest_u2_public_smoke_dry_run_25b3f7d8c23d41a3a7822547abdd7d3d/candidate_sql,unit_test_artifact,unittest_u2_public_smoke_dry_run_25b3f7d8c23d41a3a7822547abdd7d3d,unittest_u2_public_smoke_dry_run_25b3f7d8c23d41a3a7822547abdd7d3d,unit_test_artifact,unknown,0,0,no,no,empty_or_no_files,yes,low,no,unit-test artifact; not recommended as POCR route input
runs/user/unittest_u2_public_smoke_dry_run_27e17625d3e94473bd6c3d7d83e9c29f/candidate_sql,unit_test_artifact,unittest_u2_public_smoke_dry_run_27e17625d3e94473bd6c3d7d83e9c29f,unittest_u2_public_smoke_dry_run_27e17625d3e94473bd6c3d7d83e9c29f,unit_test_artifact,unknown,0,0,no,no,empty_or_no_files,yes,low,no,unit-test artifact; not recommended as POCR route input
runs/user/unittest_u2_public_smoke_dry_run_2817969b39084fe9ad7179d4b00893ec/candidate_sql,unit_test_artifact,unittest_u2_public_smoke_dry_run_2817969b39084fe9ad7179d4b00893ec,unittest_u2_public_smoke_dry_run_2817969b39084fe9ad7179d4b00893ec,unit_test_artifact,unknown,0,0,no,no,empty_or_no_files,yes,low,no,unit-test artifact; not recommended as POCR route input
runs/user/unittest_u2_public_smoke_dry_run_2cb2c17189bf4da788192efda4f213c9/candidate_sql,unit_test_artifact,unittest_u2_public_smoke_dry_run_2cb2c17189bf4da788192efda4f213c9,unittest_u2_public_smoke_dry_run_2cb2c17189bf4da788192efda4f213c9,unit_test_artifact,unknown,0,0,no,no,empty_or_no_files,yes,low,no,unit-test artifact; not recommended as POCR route input
runs/user/unittest_u2_public_smoke_dry_run_32ba0c71b42f418b96e4adfad15b7669/candidate_sql,unit_test_artifact,unittest_u2_public_smoke_dry_run_32ba0c71b42f418b96e4adfad15b7669,unittest_u2_public_smoke_dry_run_32ba0c71b42f418b96e4adfad15b7669,unit_test_artifact,unknown,0,0,no,no,empty_or_no_files,yes,low,no,unit-test artifact; not recommended as POCR route input
runs/user/unittest_u2_public_smoke_dry_run_3382479fd28b417e93f189dc289a7d79/candidate_sql,unit_test_artifact,unittest_u2_public_smoke_dry_run_3382479fd28b417e93f189dc289a7d79,unittest_u2_public_smoke_dry_run_3382479fd28b417e93f189dc289a7d79,unit_test_artifact,unknown,0,0,no,no,empty_or_no_files,yes,low,no,unit-test artifact; not recommended as POCR route input
runs/user/unittest_u2_public_smoke_dry_run_3471c2cb1d8244e1ba5b251136079639/candidate_sql,unit_test_artifact,unittest_u2_public_smoke_dry_run_3471c2cb1d8244e1ba5b251136079639,unittest_u2_public_smoke_dry_run_3471c2cb1d8244e1ba5b251136079639,unit_test_artifact,unknown,0,0,no,no,empty_or_no_files,yes,low,no,unit-test artifact; not recommended as POCR route input
runs/user/unittest_u2_public_smoke_dry_run_3aacb04d7a414ab9a3ad8066520e1dc6/candidate_sql,unit_test_artifact,unittest_u2_public_smoke_dry_run_3aacb04d7a414ab9a3ad8066520e1dc6,unittest_u2_public_smoke_dry_run_3aacb04d7a414ab9a3ad8066520e1dc6,unit_test_artifact,unknown,0,0,no,no,empty_or_no_files,yes,low,no,unit-test artifact; not recommended as POCR route input
runs/user/unittest_u2_public_smoke_dry_run_3dadfd471ffb4932a819c53986e8b692/candidate_sql,unit_test_artifact,unittest_u2_public_smoke_dry_run_3dadfd471ffb4932a819c53986e8b692,unittest_u2_public_smoke_dry_run_3dadfd471ffb4932a819c53986e8b692,unit_test_artifact,unknown,0,0,no,no,empty_or_no_files,yes,low,no,unit-test artifact; not recommended as POCR route input
runs/user/unittest_u2_public_smoke_dry_run_44572dcfb1d743378f4c69f1797b14bf/candidate_sql,unit_test_artifact,unittest_u2_public_smoke_dry_run_44572dcfb1d743378f4c69f1797b14bf,unittest_u2_public_smoke_dry_run_44572dcfb1d743378f4c69f1797b14bf,unit_test_artifact,unknown,0,0,no,no,empty_or_no_files,yes,low,no,unit-test artifact; not recommended as POCR route input
runs/user/unittest_u2_public_smoke_dry_run_449728e862314bd4825079ede8b0eda2/candidate_sql,unit_test_artifact,unittest_u2_public_smoke_dry_run_449728e862314bd4825079ede8b0eda2,unittest_u2_public_smoke_dry_run_449728e862314bd4825079ede8b0eda2,unit_test_artifact,unknown,0,0,no,no,empty_or_no_files,yes,low,no,unit-test artifact; not recommended as POCR route input
runs/user/unittest_u2_public_smoke_dry_run_4623a7265a004ad2a94b85cdb7f4adad/candidate_sql,unit_test_artifact,unittest_u2_public_smoke_dry_run_4623a7265a004ad2a94b85cdb7f4adad,unittest_u2_public_smoke_dry_run_4623a7265a004ad2a94b85cdb7f4adad,unit_test_artifact,unknown,0,0,no,no,empty_or_no_files,yes,low,no,unit-test artifact; not recommended as POCR route input
runs/user/unittest_u2_public_smoke_dry_run_466e5dbf03b1471c85fff806e7d732ec/candidate_sql,unit_test_artifact,unittest_u2_public_smoke_dry_run_466e5dbf03b1471c85fff806e7d732ec,unittest_u2_public_smoke_dry_run_466e5dbf03b1471c85fff806e7d732ec,unit_test_artifact,unknown,0,0,no,no,empty_or_no_files,yes,low,no,unit-test artifact; not recommended as POCR route input
runs/user/unittest_u2_public_smoke_dry_run_4880ea67c24347a9b813fd14c1eab2ee/candidate_sql,unit_test_artifact,unittest_u2_public_smoke_dry_run_4880ea67c24347a9b813fd14c1eab2ee,unittest_u2_public_smoke_dry_run_4880ea67c24347a9b813fd14c1eab2ee,unit_test_artifact,unknown,0,0,no,no,empty_or_no_files,yes,low,no,unit-test artifact; not recommended as POCR route input
runs/user/unittest_u2_public_smoke_dry_run_49ec6a064261421ba2f2a5f599756d55/candidate_sql,unit_test_artifact,unittest_u2_public_smoke_dry_run_49ec6a064261421ba2f2a5f599756d55,unittest_u2_public_smoke_dry_run_49ec6a064261421ba2f2a5f599756d55,unit_test_artifact,unknown,0,0,no,no,empty_or_no_files,yes,low,no,unit-test artifact; not recommended as POCR route input
runs/user/unittest_u2_public_smoke_dry_run_5093fabbd8144e919abecf5dc074fc4d/candidate_sql,unit_test_artifact,unittest_u2_public_smoke_dry_run_5093fabbd8144e919abecf5dc074fc4d,unittest_u2_public_smoke_dry_run_5093fabbd8144e919abecf5dc074fc4d,unit_test_artifact,unknown,0,0,no,no,empty_or_no_files,yes,low,no,unit-test artifact; not recommended as POCR route input
runs/user/unittest_u2_public_smoke_dry_run_53d6091540c44596b11a61a5b0f1a784/candidate_sql,unit_test_artifact,unittest_u2_public_smoke_dry_run_53d6091540c44596b11a61a5b0f1a784,unittest_u2_public_smoke_dry_run_53d6091540c44596b11a61a5b0f1a784,unit_test_artifact,unknown,0,0,no,no,empty_or_no_files,yes,low,no,unit-test artifact; not recommended as POCR route input
runs/user/unittest_u2_public_smoke_dry_run_54cb329981c04169b7e9633703375a56/candidate_sql,unit_test_artifact,unittest_u2_public_smoke_dry_run_54cb329981c04169b7e9633703375a56,unittest_u2_public_smoke_dry_run_54cb329981c04169b7e9633703375a56,unit_test_artifact,unknown,0,0,no,no,empty_or_no_files,yes,low,no,unit-test artifact; not recommended as POCR route input
runs/user/unittest_u2_public_smoke_dry_run_551f84eb45254a8d93e3c5a5b88a8313/candidate_sql,unit_test_artifact,unittest_u2_public_smoke_dry_run_551f84eb45254a8d93e3c5a5b88a8313,unittest_u2_public_smoke_dry_run_551f84eb45254a8d93e3c5a5b88a8313,unit_test_artifact,unknown,0,0,no,no,empty_or_no_files,yes,low,no,unit-test artifact; not recommended as POCR route input
runs/user/unittest_u2_public_smoke_dry_run_59196f7416734ee187a5460f56d190c0/candidate_sql,unit_test_artifact,unittest_u2_public_smoke_dry_run_59196f7416734ee187a5460f56d190c0,unittest_u2_public_smoke_dry_run_59196f7416734ee187a5460f56d190c0,unit_test_artifact,unknown,0,0,no,no,empty_or_no_files,yes,low,no,unit-test artifact; not recommended as POCR route input
runs/user/unittest_u2_public_smoke_dry_run_5c1e78c44c5e405aac76326573688951/candidate_sql,unit_test_artifact,unittest_u2_public_smoke_dry_run_5c1e78c44c5e405aac76326573688951,unittest_u2_public_smoke_dry_run_5c1e78c44c5e405aac76326573688951,unit_test_artifact,unknown,0,0,no,no,empty_or_no_files,yes,low,no,unit-test artifact; not recommended as POCR route input
runs/user/unittest_u2_public_smoke_dry_run_6436330a56d84547828ff2db95d758e6/candidate_sql,unit_test_artifact,unittest_u2_public_smoke_dry_run_6436330a56d84547828ff2db95d758e6,unittest_u2_public_smoke_dry_run_6436330a56d84547828ff2db95d758e6,unit_test_artifact,unknown,0,0,no,no,empty_or_no_files,yes,low,no,unit-test artifact; not recommended as POCR route input
runs/user/unittest_u2_public_smoke_dry_run_645bf37006d441f3a1161b5ded51e069/candidate_sql,unit_test_artifact,unittest_u2_public_smoke_dry_run_645bf37006d441f3a1161b5ded51e069,unittest_u2_public_smoke_dry_run_645bf37006d441f3a1161b5ded51e069,unit_test_artifact,unknown,0,0,no,no,empty_or_no_files,yes,low,no,unit-test artifact; not recommended as POCR route input
runs/user/unittest_u2_public_smoke_dry_run_69148f93468e429cad811b7c66e86933/candidate_sql,unit_test_artifact,unittest_u2_public_smoke_dry_run_69148f93468e429cad811b7c66e86933,unittest_u2_public_smoke_dry_run_69148f93468e429cad811b7c66e86933,unit_test_artifact,unknown,0,0,no,no,empty_or_no_files,yes,low,no,unit-test artifact; not recommended as POCR route input
runs/user/unittest_u2_public_smoke_dry_run_6cbc72e2ae634625aab143fda56d24a3/candidate_sql,unit_test_artifact,unittest_u2_public_smoke_dry_run_6cbc72e2ae634625aab143fda56d24a3,unittest_u2_public_smoke_dry_run_6cbc72e2ae634625aab143fda56d24a3,unit_test_artifact,unknown,0,0,no,no,empty_or_no_files,yes,low,no,unit-test artifact; not recommended as POCR route input
runs/user/unittest_u2_public_smoke_dry_run_728640d07ac24062b7831a35985dade4/candidate_sql,unit_test_artifact,unittest_u2_public_smoke_dry_run_728640d07ac24062b7831a35985dade4,unittest_u2_public_smoke_dry_run_728640d07ac24062b7831a35985dade4,unit_test_artifact,unknown,0,0,no,no,empty_or_no_files,yes,low,no,unit-test artifact; not recommended as POCR route input
runs/user/unittest_u2_public_smoke_dry_run_743b1c7d7b744805b3d08e4ad28d4aee/candidate_sql,unit_test_artifact,unittest_u2_public_smoke_dry_run_743b1c7d7b744805b3d08e4ad28d4aee,unittest_u2_public_smoke_dry_run_743b1c7d7b744805b3d08e4ad28d4aee,unit_test_artifact,unknown,0,0,no,no,empty_or_no_files,yes,low,no,unit-test artifact; not recommended as POCR route input
runs/user/unittest_u2_public_smoke_dry_run_751adb7f84ae4a3c9dab466bd912327e/candidate_sql,unit_test_artifact,unittest_u2_public_smoke_dry_run_751adb7f84ae4a3c9dab466bd912327e,unittest_u2_public_smoke_dry_run_751adb7f84ae4a3c9dab466bd912327e,unit_test_artifact,unknown,0,0,no,no,empty_or_no_files,yes,low,no,unit-test artifact; not recommended as POCR route input
runs/user/unittest_u2_public_smoke_dry_run_76d0269e107344b9858121880a8bf665/candidate_sql,unit_test_artifact,unittest_u2_public_smoke_dry_run_76d0269e107344b9858121880a8bf665,unittest_u2_public_smoke_dry_run_76d0269e107344b9858121880a8bf665,unit_test_artifact,unknown,0,0,no,no,empty_or_no_files,yes,low,no,unit-test artifact; not recommended as POCR route input
runs/user/unittest_u2_public_smoke_dry_run_77956b39408e490784f2178d10a74ffd/candidate_sql,unit_test_artifact,unittest_u2_public_smoke_dry_run_77956b39408e490784f2178d10a74ffd,unittest_u2_public_smoke_dry_run_77956b39408e490784f2178d10a74ffd,unit_test_artifact,unknown,0,0,no,no,empty_or_no_files,yes,low,no,unit-test artifact; not recommended as POCR route input
runs/user/unittest_u2_public_smoke_dry_run_7ac90068ce764cabb92e1d29dcd1b936/candidate_sql,unit_test_artifact,unittest_u2_public_smoke_dry_run_7ac90068ce764cabb92e1d29dcd1b936,unittest_u2_public_smoke_dry_run_7ac90068ce764cabb92e1d29dcd1b936,unit_test_artifact,unknown,0,0,no,no,empty_or_no_files,yes,low,no,unit-test artifact; not recommended as POCR route input
runs/user/unittest_u2_public_smoke_dry_run_7d7bab770e3a4ca99effd9fe1c960347/candidate_sql,unit_test_artifact,unittest_u2_public_smoke_dry_run_7d7bab770e3a4ca99effd9fe1c960347,unittest_u2_public_smoke_dry_run_7d7bab770e3a4ca99effd9fe1c960347,unit_test_artifact,unknown,0,0,no,no,empty_or_no_files,yes,low,no,unit-test artifact; not recommended as POCR route input
runs/user/unittest_u2_public_smoke_dry_run_7fc97a813aac40d0a6ada921ea8ef022/candidate_sql,unit_test_artifact,unittest_u2_public_smoke_dry_run_7fc97a813aac40d0a6ada921ea8ef022,unittest_u2_public_smoke_dry_run_7fc97a813aac40d0a6ada921ea8ef022,unit_test_artifact,unknown,0,0,no,no,empty_or_no_files,yes,low,no,unit-test artifact; not recommended as POCR route input
runs/user/unittest_u2_public_smoke_dry_run_8272782d956f40e7bd428511632c3b0d/candidate_sql,unit_test_artifact,unittest_u2_public_smoke_dry_run_8272782d956f40e7bd428511632c3b0d,unittest_u2_public_smoke_dry_run_8272782d956f40e7bd428511632c3b0d,unit_test_artifact,unknown,0,0,no,no,empty_or_no_files,yes,low,no,unit-test artifact; not recommended as POCR route input
runs/user/unittest_u2_public_smoke_dry_run_82d4793f1e57468a829469df2c55c861/candidate_sql,unit_test_artifact,unittest_u2_public_smoke_dry_run_82d4793f1e57468a829469df2c55c861,unittest_u2_public_smoke_dry_run_82d4793f1e57468a829469df2c55c861,unit_test_artifact,unknown,0,0,no,no,empty_or_no_files,yes,low,no,unit-test artifact; not recommended as POCR route input
runs/user/unittest_u2_public_smoke_dry_run_8733314d95f344bda1c4377c0162c450/candidate_sql,unit_test_artifact,unittest_u2_public_smoke_dry_run_8733314d95f344bda1c4377c0162c450,unittest_u2_public_smoke_dry_run_8733314d95f344bda1c4377c0162c450,unit_test_artifact,unknown,0,0,no,no,empty_or_no_files,yes,low,no,unit-test artifact; not recommended as POCR route input
runs/user/unittest_u2_public_smoke_dry_run_8b623bedde0e48858eb5c0432da90a01/candidate_sql,unit_test_artifact,unittest_u2_public_smoke_dry_run_8b623bedde0e48858eb5c0432da90a01,unittest_u2_public_smoke_dry_run_8b623bedde0e48858eb5c0432da90a01,unit_test_artifact,unknown,0,0,no,no,empty_or_no_files,yes,low,no,unit-test artifact; not recommended as POCR route input
runs/user/unittest_u2_public_smoke_dry_run_8b63dfa507ad4db6830db7ca419dca62/candidate_sql,unit_test_artifact,unittest_u2_public_smoke_dry_run_8b63dfa507ad4db6830db7ca419dca62,unittest_u2_public_smoke_dry_run_8b63dfa507ad4db6830db7ca419dca62,unit_test_artifact,unknown,0,0,no,no,empty_or_no_files,yes,low,no,unit-test artifact; not recommended as POCR route input
runs/user/unittest_u2_public_smoke_dry_run_8bfb59ea943f4584a395dd6a258d47eb/candidate_sql,unit_test_artifact,unittest_u2_public_smoke_dry_run_8bfb59ea943f4584a395dd6a258d47eb,unittest_u2_public_smoke_dry_run_8bfb59ea943f4584a395dd6a258d47eb,unit_test_artifact,unknown,0,0,no,no,empty_or_no_files,yes,low,no,unit-test artifact; not recommended as POCR route input
runs/user/unittest_u2_public_smoke_dry_run_9038ae4514be47e5859a409e70d0ec55/candidate_sql,unit_test_artifact,unittest_u2_public_smoke_dry_run_9038ae4514be47e5859a409e70d0ec55,unittest_u2_public_smoke_dry_run_9038ae4514be47e5859a409e70d0ec55,unit_test_artifact,unknown,0,0,no,no,empty_or_no_files,yes,low,no,unit-test artifact; not recommended as POCR route input
runs/user/unittest_u2_public_smoke_dry_run_90f2a1ac94314b44aeb3bca76536c180/candidate_sql,unit_test_artifact,unittest_u2_public_smoke_dry_run_90f2a1ac94314b44aeb3bca76536c180,unittest_u2_public_smoke_dry_run_90f2a1ac94314b44aeb3bca76536c180,unit_test_artifact,unknown,0,0,no,no,empty_or_no_files,yes,low,no,unit-test artifact; not recommended as POCR route input
runs/user/unittest_u2_public_smoke_dry_run_927d0c6c3184451abf406892df2b36c2/candidate_sql,unit_test_artifact,unittest_u2_public_smoke_dry_run_927d0c6c3184451abf406892df2b36c2,unittest_u2_public_smoke_dry_run_927d0c6c3184451abf406892df2b36c2,unit_test_artifact,unknown,0,0,no,no,empty_or_no_files,yes,low,no,unit-test artifact; not recommended as POCR route input
runs/user/unittest_u2_public_smoke_dry_run_93d1f8cc9fd74a56a8ab4665735e884a/candidate_sql,unit_test_artifact,unittest_u2_public_smoke_dry_run_93d1f8cc9fd74a56a8ab4665735e884a,unittest_u2_public_smoke_dry_run_93d1f8cc9fd74a56a8ab4665735e884a,unit_test_artifact,unknown,0,0,no,no,empty_or_no_files,yes,low,no,unit-test artifact; not recommended as POCR route input
runs/user/unittest_u2_public_smoke_dry_run_943c3c9d71c149a78b4442966badeede/candidate_sql,unit_test_artifact,unittest_u2_public_smoke_dry_run_943c3c9d71c149a78b4442966badeede,unittest_u2_public_smoke_dry_run_943c3c9d71c149a78b4442966badeede,unit_test_artifact,unknown,0,0,no,no,empty_or_no_files,yes,low,no,unit-test artifact; not recommended as POCR route input
runs/user/unittest_u2_public_smoke_dry_run_9468c189873d49f4bbdbadc69101d879/candidate_sql,unit_test_artifact,unittest_u2_public_smoke_dry_run_9468c189873d49f4bbdbadc69101d879,unittest_u2_public_smoke_dry_run_9468c189873d49f4bbdbadc69101d879,unit_test_artifact,unknown,0,0,no,no,empty_or_no_files,yes,low,no,unit-test artifact; not recommended as POCR route input
runs/user/unittest_u2_public_smoke_dry_run_98615b07ec984f89bb54409efd2d0a58/candidate_sql,unit_test_artifact,unittest_u2_public_smoke_dry_run_98615b07ec984f89bb54409efd2d0a58,unittest_u2_public_smoke_dry_run_98615b07ec984f89bb54409efd2d0a58,unit_test_artifact,unknown,0,0,no,no,empty_or_no_files,yes,low,no,unit-test artifact; not recommended as POCR route input
runs/user/unittest_u2_public_smoke_dry_run_9adb4b91db7b413baec42b7794313da3/candidate_sql,unit_test_artifact,unittest_u2_public_smoke_dry_run_9adb4b91db7b413baec42b7794313da3,unittest_u2_public_smoke_dry_run_9adb4b91db7b413baec42b7794313da3,unit_test_artifact,unknown,0,0,no,no,empty_or_no_files,yes,low,no,unit-test artifact; not recommended as POCR route input
runs/user/unittest_u2_public_smoke_dry_run_9af98de134de46e2a3f2a63b01e44f5e/candidate_sql,unit_test_artifact,unittest_u2_public_smoke_dry_run_9af98de134de46e2a3f2a63b01e44f5e,unittest_u2_public_smoke_dry_run_9af98de134de46e2a3f2a63b01e44f5e,unit_test_artifact,unknown,0,0,no,no,empty_or_no_files,yes,low,no,unit-test artifact; not recommended as POCR route input
runs/user/unittest_u2_public_smoke_dry_run_9c6ba076fb1a4f26b621cafa3b770fe0/candidate_sql,unit_test_artifact,unittest_u2_public_smoke_dry_run_9c6ba076fb1a4f26b621cafa3b770fe0,unittest_u2_public_smoke_dry_run_9c6ba076fb1a4f26b621cafa3b770fe0,unit_test_artifact,unknown,0,0,no,no,empty_or_no_files,yes,low,no,unit-test artifact; not recommended as POCR route input
runs/user/unittest_u2_public_smoke_dry_run_9ce44e4fe080417caf67007b37a14142/candidate_sql,unit_test_artifact,unittest_u2_public_smoke_dry_run_9ce44e4fe080417caf67007b37a14142,unittest_u2_public_smoke_dry_run_9ce44e4fe080417caf67007b37a14142,unit_test_artifact,unknown,0,0,no,no,empty_or_no_files,yes,low,no,unit-test artifact; not recommended as POCR route input
runs/user/unittest_u2_public_smoke_dry_run_9ef0322a922948d8bf1c5ad3e77db4ad/candidate_sql,unit_test_artifact,unittest_u2_public_smoke_dry_run_9ef0322a922948d8bf1c5ad3e77db4ad,unittest_u2_public_smoke_dry_run_9ef0322a922948d8bf1c5ad3e77db4ad,unit_test_artifact,unknown,0,0,no,no,empty_or_no_files,yes,low,no,unit-test artifact; not recommended as POCR route input
runs/user/unittest_u2_public_smoke_dry_run_ac3e17a436604803885757968e81c05e/candidate_sql,unit_test_artifact,unittest_u2_public_smoke_dry_run_ac3e17a436604803885757968e81c05e,unittest_u2_public_smoke_dry_run_ac3e17a436604803885757968e81c05e,unit_test_artifact,unknown,0,0,no,no,empty_or_no_files,yes,low,no,unit-test artifact; not recommended as POCR route input
runs/user/unittest_u2_public_smoke_dry_run_b09c7465163a46df97b3e7c6b6717b1a/candidate_sql,unit_test_artifact,unittest_u2_public_smoke_dry_run_b09c7465163a46df97b3e7c6b6717b1a,unittest_u2_public_smoke_dry_run_b09c7465163a46df97b3e7c6b6717b1a,unit_test_artifact,unknown,0,0,no,no,empty_or_no_files,yes,low,no,unit-test artifact; not recommended as POCR route input
runs/user/unittest_u2_public_smoke_dry_run_b296a9395c3c433883acf33633f9526a/candidate_sql,unit_test_artifact,unittest_u2_public_smoke_dry_run_b296a9395c3c433883acf33633f9526a,unittest_u2_public_smoke_dry_run_b296a9395c3c433883acf33633f9526a,unit_test_artifact,unknown,0,0,no,no,empty_or_no_files,yes,low,no,unit-test artifact; not recommended as POCR route input
runs/user/unittest_u2_public_smoke_dry_run_b30a3c01c94547dea44db242c851a725/candidate_sql,unit_test_artifact,unittest_u2_public_smoke_dry_run_b30a3c01c94547dea44db242c851a725,unittest_u2_public_smoke_dry_run_b30a3c01c94547dea44db242c851a725,unit_test_artifact,unknown,0,0,no,no,empty_or_no_files,yes,low,no,unit-test artifact; not recommended as POCR route input
runs/user/unittest_u2_public_smoke_dry_run_b334aa88ae944b14a95f24377f746ccc/candidate_sql,unit_test_artifact,unittest_u2_public_smoke_dry_run_b334aa88ae944b14a95f24377f746ccc,unittest_u2_public_smoke_dry_run_b334aa88ae944b14a95f24377f746ccc,unit_test_artifact,unknown,0,0,no,no,empty_or_no_files,yes,low,no,unit-test artifact; not recommended as POCR route input
runs/user/unittest_u2_public_smoke_dry_run_b3c4529fb1eb42e5a7ab0e1757307eed/candidate_sql,unit_test_artifact,unittest_u2_public_smoke_dry_run_b3c4529fb1eb42e5a7ab0e1757307eed,unittest_u2_public_smoke_dry_run_b3c4529fb1eb42e5a7ab0e1757307eed,unit_test_artifact,unknown,0,0,no,no,empty_or_no_files,yes,low,no,unit-test artifact; not recommended as POCR route input
runs/user/unittest_u2_public_smoke_dry_run_b7f05955e88e485da38e4c760d8c7544/candidate_sql,unit_test_artifact,unittest_u2_public_smoke_dry_run_b7f05955e88e485da38e4c760d8c7544,unittest_u2_public_smoke_dry_run_b7f05955e88e485da38e4c760d8c7544,unit_test_artifact,unknown,0,0,no,no,empty_or_no_files,yes,low,no,unit-test artifact; not recommended as POCR route input
runs/user/unittest_u2_public_smoke_dry_run_be3e01ab65da4affa6b1d8758aa08ac4/candidate_sql,unit_test_artifact,unittest_u2_public_smoke_dry_run_be3e01ab65da4affa6b1d8758aa08ac4,unittest_u2_public_smoke_dry_run_be3e01ab65da4affa6b1d8758aa08ac4,unit_test_artifact,unknown,0,0,no,no,empty_or_no_files,yes,low,no,unit-test artifact; not recommended as POCR route input
runs/user/unittest_u2_public_smoke_dry_run_c5c66471ba8346bbb11c8e11a6a5c937/candidate_sql,unit_test_artifact,unittest_u2_public_smoke_dry_run_c5c66471ba8346bbb11c8e11a6a5c937,unittest_u2_public_smoke_dry_run_c5c66471ba8346bbb11c8e11a6a5c937,unit_test_artifact,unknown,0,0,no,no,empty_or_no_files,yes,low,no,unit-test artifact; not recommended as POCR route input
runs/user/unittest_u2_public_smoke_dry_run_c6a18439ebe64bdb9f47538a541d0501/candidate_sql,unit_test_artifact,unittest_u2_public_smoke_dry_run_c6a18439ebe64bdb9f47538a541d0501,unittest_u2_public_smoke_dry_run_c6a18439ebe64bdb9f47538a541d0501,unit_test_artifact,unknown,0,0,no,no,empty_or_no_files,yes,low,no,unit-test artifact; not recommended as POCR route input
runs/user/unittest_u2_public_smoke_dry_run_c6b8006c618c44198a1706123a0dfdfa/candidate_sql,unit_test_artifact,unittest_u2_public_smoke_dry_run_c6b8006c618c44198a1706123a0dfdfa,unittest_u2_public_smoke_dry_run_c6b8006c618c44198a1706123a0dfdfa,unit_test_artifact,unknown,0,0,no,no,empty_or_no_files,yes,low,no,unit-test artifact; not recommended as POCR route input
runs/user/unittest_u2_public_smoke_dry_run_ca94fb2a8d0849ae92fa03bfde5bb713/candidate_sql,unit_test_artifact,unittest_u2_public_smoke_dry_run_ca94fb2a8d0849ae92fa03bfde5bb713,unittest_u2_public_smoke_dry_run_ca94fb2a8d0849ae92fa03bfde5bb713,unit_test_artifact,unknown,0,0,no,no,empty_or_no_files,yes,low,no,unit-test artifact; not recommended as POCR route input
runs/user/unittest_u2_public_smoke_dry_run_d39c8854dd0f43e0be8994f0787eabb9/candidate_sql,unit_test_artifact,unittest_u2_public_smoke_dry_run_d39c8854dd0f43e0be8994f0787eabb9,unittest_u2_public_smoke_dry_run_d39c8854dd0f43e0be8994f0787eabb9,unit_test_artifact,unknown,0,0,no,no,empty_or_no_files,yes,low,no,unit-test artifact; not recommended as POCR route input
runs/user/unittest_u2_public_smoke_dry_run_d4362c5daab24bf6bc231652a9dc63ef/candidate_sql,unit_test_artifact,unittest_u2_public_smoke_dry_run_d4362c5daab24bf6bc231652a9dc63ef,unittest_u2_public_smoke_dry_run_d4362c5daab24bf6bc231652a9dc63ef,unit_test_artifact,unknown,0,0,no,no,empty_or_no_files,yes,low,no,unit-test artifact; not recommended as POCR route input
runs/user/unittest_u2_public_smoke_dry_run_d463f635a39c4847adaf6f70f2cb82f0/candidate_sql,unit_test_artifact,unittest_u2_public_smoke_dry_run_d463f635a39c4847adaf6f70f2cb82f0,unittest_u2_public_smoke_dry_run_d463f635a39c4847adaf6f70f2cb82f0,unit_test_artifact,unknown,0,0,no,no,empty_or_no_files,yes,low,no,unit-test artifact; not recommended as POCR route input
runs/user/unittest_u2_public_smoke_dry_run_d46b6c5ecf5641ffbd6dc6f4e7516623/candidate_sql,unit_test_artifact,unittest_u2_public_smoke_dry_run_d46b6c5ecf5641ffbd6dc6f4e7516623,unittest_u2_public_smoke_dry_run_d46b6c5ecf5641ffbd6dc6f4e7516623,unit_test_artifact,unknown,0,0,no,no,empty_or_no_files,yes,low,no,unit-test artifact; not recommended as POCR route input
runs/user/unittest_u2_public_smoke_dry_run_d8c8d34a02df4e9c94687ca2b988e012/candidate_sql,unit_test_artifact,unittest_u2_public_smoke_dry_run_d8c8d34a02df4e9c94687ca2b988e012,unittest_u2_public_smoke_dry_run_d8c8d34a02df4e9c94687ca2b988e012,unit_test_artifact,unknown,0,0,no,no,empty_or_no_files,yes,low,no,unit-test artifact; not recommended as POCR route input
runs/user/unittest_u2_public_smoke_dry_run_d9e0992b6ced442a800b315c6b2ec704/candidate_sql,unit_test_artifact,unittest_u2_public_smoke_dry_run_d9e0992b6ced442a800b315c6b2ec704,unittest_u2_public_smoke_dry_run_d9e0992b6ced442a800b315c6b2ec704,unit_test_artifact,unknown,0,0,no,no,empty_or_no_files,yes,low,no,unit-test artifact; not recommended as POCR route input
runs/user/unittest_u2_public_smoke_dry_run_dd6f27adf8bd4e8fbb4588cf900a964a/candidate_sql,unit_test_artifact,unittest_u2_public_smoke_dry_run_dd6f27adf8bd4e8fbb4588cf900a964a,unittest_u2_public_smoke_dry_run_dd6f27adf8bd4e8fbb4588cf900a964a,unit_test_artifact,unknown,0,0,no,no,empty_or_no_files,yes,low,no,unit-test artifact; not recommended as POCR route input
runs/user/unittest_u2_public_smoke_dry_run_df7c2c4ac6124a4b8464c1147a89a2c1/candidate_sql,unit_test_artifact,unittest_u2_public_smoke_dry_run_df7c2c4ac6124a4b8464c1147a89a2c1,unittest_u2_public_smoke_dry_run_df7c2c4ac6124a4b8464c1147a89a2c1,unit_test_artifact,unknown,0,0,no,no,empty_or_no_files,yes,low,no,unit-test artifact; not recommended as POCR route input
runs/user/unittest_u2_public_smoke_dry_run_dfe68cf3966648a3b992d673d2a50c6d/candidate_sql,unit_test_artifact,unittest_u2_public_smoke_dry_run_dfe68cf3966648a3b992d673d2a50c6d,unittest_u2_public_smoke_dry_run_dfe68cf3966648a3b992d673d2a50c6d,unit_test_artifact,unknown,0,0,no,no,empty_or_no_files,yes,low,no,unit-test artifact; not recommended as POCR route input
runs/user/unittest_u2_public_smoke_dry_run_e05764214912400dabf97aa431c6d0f2/candidate_sql,unit_test_artifact,unittest_u2_public_smoke_dry_run_e05764214912400dabf97aa431c6d0f2,unittest_u2_public_smoke_dry_run_e05764214912400dabf97aa431c6d0f2,unit_test_artifact,unknown,0,0,no,no,empty_or_no_files,yes,low,no,unit-test artifact; not recommended as POCR route input
runs/user/unittest_u2_public_smoke_dry_run_e48f430b7c52477390206113504be34a/candidate_sql,unit_test_artifact,unittest_u2_public_smoke_dry_run_e48f430b7c52477390206113504be34a,unittest_u2_public_smoke_dry_run_e48f430b7c52477390206113504be34a,unit_test_artifact,unknown,0,0,no,no,empty_or_no_files,yes,low,no,unit-test artifact; not recommended as POCR route input
runs/user/unittest_u2_public_smoke_dry_run_e5fc06aa78004f7ca475c8c8bca68658/candidate_sql,unit_test_artifact,unittest_u2_public_smoke_dry_run_e5fc06aa78004f7ca475c8c8bca68658,unittest_u2_public_smoke_dry_run_e5fc06aa78004f7ca475c8c8bca68658,unit_test_artifact,unknown,0,0,no,no,empty_or_no_files,yes,low,no,unit-test artifact; not recommended as POCR route input
runs/user/unittest_u2_public_smoke_dry_run_eaf982ca502c435d960ad519f54260e5/candidate_sql,unit_test_artifact,unittest_u2_public_smoke_dry_run_eaf982ca502c435d960ad519f54260e5,unittest_u2_public_smoke_dry_run_eaf982ca502c435d960ad519f54260e5,unit_test_artifact,unknown,0,0,no,no,empty_or_no_files,yes,low,no,unit-test artifact; not recommended as POCR route input
runs/user/unittest_u2_public_smoke_dry_run_eb6500627923435d84b7b1d99593704a/candidate_sql,unit_test_artifact,unittest_u2_public_smoke_dry_run_eb6500627923435d84b7b1d99593704a,unittest_u2_public_smoke_dry_run_eb6500627923435d84b7b1d99593704a,unit_test_artifact,unknown,0,0,no,no,empty_or_no_files,yes,low,no,unit-test artifact; not recommended as POCR route input
runs/user/unittest_u2_public_smoke_dry_run_ed6c6d97dc1b4799902364236277dbee/candidate_sql,unit_test_artifact,unittest_u2_public_smoke_dry_run_ed6c6d97dc1b4799902364236277dbee,unittest_u2_public_smoke_dry_run_ed6c6d97dc1b4799902364236277dbee,unit_test_artifact,unknown,0,0,no,no,empty_or_no_files,yes,low,no,unit-test artifact; not recommended as POCR route input
runs/user/unittest_u2_public_smoke_dry_run_efed2bcbc1da4ab0a8245ed494f525e9/candidate_sql,unit_test_artifact,unittest_u2_public_smoke_dry_run_efed2bcbc1da4ab0a8245ed494f525e9,unittest_u2_public_smoke_dry_run_efed2bcbc1da4ab0a8245ed494f525e9,unit_test_artifact,unknown,0,0,no,no,empty_or_no_files,yes,low,no,unit-test artifact; not recommended as POCR route input
runs/user/unittest_u2_public_smoke_dry_run_f18169556f86433598013186d92de5bc/candidate_sql,unit_test_artifact,unittest_u2_public_smoke_dry_run_f18169556f86433598013186d92de5bc,unittest_u2_public_smoke_dry_run_f18169556f86433598013186d92de5bc,unit_test_artifact,unknown,0,0,no,no,empty_or_no_files,yes,low,no,unit-test artifact; not recommended as POCR route input
runs/user/unittest_u2_public_smoke_dry_run_f1cecebdf59c4ac5bedf150a4b04dd53/candidate_sql,unit_test_artifact,unittest_u2_public_smoke_dry_run_f1cecebdf59c4ac5bedf150a4b04dd53,unittest_u2_public_smoke_dry_run_f1cecebdf59c4ac5bedf150a4b04dd53,unit_test_artifact,unknown,0,0,no,no,empty_or_no_files,yes,low,no,unit-test artifact; not recommended as POCR route input
runs/user/unittest_u2_public_smoke_dry_run_f4cf02e1471e408b976a947b5a332156/candidate_sql,unit_test_artifact,unittest_u2_public_smoke_dry_run_f4cf02e1471e408b976a947b5a332156,unittest_u2_public_smoke_dry_run_f4cf02e1471e408b976a947b5a332156,unit_test_artifact,unknown,0,0,no,no,empty_or_no_files,yes,low,no,unit-test artifact; not recommended as POCR route input
runs/user/unittest_u2_public_smoke_dry_run_f54add154af5439ba2261a18c94e1ae7/candidate_sql,unit_test_artifact,unittest_u2_public_smoke_dry_run_f54add154af5439ba2261a18c94e1ae7,unittest_u2_public_smoke_dry_run_f54add154af5439ba2261a18c94e1ae7,unit_test_artifact,unknown,0,0,no,no,empty_or_no_files,yes,low,no,unit-test artifact; not recommended as POCR route input
runs/user/unittest_u2_public_smoke_dry_run_f5db3f5779e440e8ad4fedbcb8eac37e/candidate_sql,unit_test_artifact,unittest_u2_public_smoke_dry_run_f5db3f5779e440e8ad4fedbcb8eac37e,unittest_u2_public_smoke_dry_run_f5db3f5779e440e8ad4fedbcb8eac37e,unit_test_artifact,unknown,0,0,no,no,empty_or_no_files,yes,low,no,unit-test artifact; not recommended as POCR route input
runs/user/unittest_u2_public_smoke_dry_run_f6d58a402ae44e37b21752393f71976c/candidate_sql,unit_test_artifact,unittest_u2_public_smoke_dry_run_f6d58a402ae44e37b21752393f71976c,unittest_u2_public_smoke_dry_run_f6d58a402ae44e37b21752393f71976c,unit_test_artifact,unknown,0,0,no,no,empty_or_no_files,yes,low,no,unit-test artifact; not recommended as POCR route input
runs/user/unittest_u2_public_smoke_dry_run_f8d063c7dd8d4e9c93182e8f8738c114/candidate_sql,unit_test_artifact,unittest_u2_public_smoke_dry_run_f8d063c7dd8d4e9c93182e8f8738c114,unittest_u2_public_smoke_dry_run_f8d063c7dd8d4e9c93182e8f8738c114,unit_test_artifact,unknown,0,0,no,no,empty_or_no_files,yes,low,no,unit-test artifact; not recommended as POCR route input
runs/user/unittest_u2_public_smoke_dry_run_fca2ce70fded4e8aa51ab245b600037e/candidate_sql,unit_test_artifact,unittest_u2_public_smoke_dry_run_fca2ce70fded4e8aa51ab245b600037e,unittest_u2_public_smoke_dry_run_fca2ce70fded4e8aa51ab245b600037e,unit_test_artifact,unknown,0,0,no,no,empty_or_no_files,yes,low,no,unit-test artifact; not recommended as POCR route input
runs/user/unittest_u2_public_smoke_dry_run_fdc80528a6b44fda986512b1aa409d79/candidate_sql,unit_test_artifact,unittest_u2_public_smoke_dry_run_fdc80528a6b44fda986512b1aa409d79,unittest_u2_public_smoke_dry_run_fdc80528a6b44fda986512b1aa409d79,unit_test_artifact,unknown,0,0,no,no,empty_or_no_files,yes,low,no,unit-test artifact; not recommended as POCR route input
runs/user/unittest_u2_public_smoke_dry_run_fef5c768152b4bc985151b5445da6f74/candidate_sql,unit_test_artifact,unittest_u2_public_smoke_dry_run_fef5c768152b4bc985151b5445da6f74,unittest_u2_public_smoke_dry_run_fef5c768152b4bc985151b5445da6f74,unit_test_artifact,unknown,0,0,no,no,empty_or_no_files,yes,low,no,unit-test artifact; not recommended as POCR route input
runs/user/unittest_u3_preflight_blocks_db_004c0409abe94187bc06ec7f82dfd4cc/candidate_sql,unit_test_artifact,unittest_u3_preflight_blocks_db_004c0409abe94187bc06ec7f82dfd4cc,unittest_u3_preflight_blocks_db_004c0409abe94187bc06ec7f82dfd4cc,unit_test_artifact,postgres,1,1,no,no,case_engine_suffix_sql,yes,low,no,unit-test artifact; not recommended as POCR route input
runs/user/unittest_u3_preflight_blocks_db_0183e8fab7c54d65b90cf428f8e04993/candidate_sql,unit_test_artifact,unittest_u3_preflight_blocks_db_0183e8fab7c54d65b90cf428f8e04993,unittest_u3_preflight_blocks_db_0183e8fab7c54d65b90cf428f8e04993,unit_test_artifact,postgres,1,1,no,no,case_engine_suffix_sql,yes,low,no,unit-test artifact; not recommended as POCR route input
runs/user/unittest_u3_preflight_blocks_db_03385403bd7943e6967c15a062ba0800/candidate_sql,unit_test_artifact,unittest_u3_preflight_blocks_db_03385403bd7943e6967c15a062ba0800,unittest_u3_preflight_blocks_db_03385403bd7943e6967c15a062ba0800,unit_test_artifact,postgres,1,1,no,no,case_engine_suffix_sql,yes,low,no,unit-test artifact; not recommended as POCR route input
runs/user/unittest_u3_preflight_blocks_db_03b1944c5e42458b848698bdf70f3d88/candidate_sql,unit_test_artifact,unittest_u3_preflight_blocks_db_03b1944c5e42458b848698bdf70f3d88,unittest_u3_preflight_blocks_db_03b1944c5e42458b848698bdf70f3d88,unit_test_artifact,postgres,1,1,no,no,case_engine_suffix_sql,yes,low,no,unit-test artifact; not recommended as POCR route input
runs/user/unittest_u3_preflight_blocks_db_06d2238d72e64a71974ce6ed953681ef/candidate_sql,unit_test_artifact,unittest_u3_preflight_blocks_db_06d2238d72e64a71974ce6ed953681ef,unittest_u3_preflight_blocks_db_06d2238d72e64a71974ce6ed953681ef,unit_test_artifact,postgres,1,1,no,no,case_engine_suffix_sql,yes,low,no,unit-test artifact; not recommended as POCR route input
runs/user/unittest_u3_preflight_blocks_db_075843c5c5104913abeb0e3180d4d116/candidate_sql,unit_test_artifact,unittest_u3_preflight_blocks_db_075843c5c5104913abeb0e3180d4d116,unittest_u3_preflight_blocks_db_075843c5c5104913abeb0e3180d4d116,unit_test_artifact,postgres,1,1,no,no,case_engine_suffix_sql,yes,low,no,unit-test artifact; not recommended as POCR route input
runs/user/unittest_u3_preflight_blocks_db_079b4d049d6e4cec906b2e091dc89495/candidate_sql,unit_test_artifact,unittest_u3_preflight_blocks_db_079b4d049d6e4cec906b2e091dc89495,unittest_u3_preflight_blocks_db_079b4d049d6e4cec906b2e091dc89495,unit_test_artifact,postgres,1,1,no,no,case_engine_suffix_sql,yes,low,no,unit-test artifact; not recommended as POCR route input
runs/user/unittest_u3_preflight_blocks_db_088660c6569f463591d3f143b5980969/candidate_sql,unit_test_artifact,unittest_u3_preflight_blocks_db_088660c6569f463591d3f143b5980969,unittest_u3_preflight_blocks_db_088660c6569f463591d3f143b5980969,unit_test_artifact,postgres,1,1,no,no,case_engine_suffix_sql,yes,low,no,unit-test artifact; not recommended as POCR route input
runs/user/unittest_u3_preflight_blocks_db_0a20f48b76fe4630a8edcee49753b953/candidate_sql,unit_test_artifact,unittest_u3_preflight_blocks_db_0a20f48b76fe4630a8edcee49753b953,unittest_u3_preflight_blocks_db_0a20f48b76fe4630a8edcee49753b953,unit_test_artifact,postgres,1,1,no,no,case_engine_suffix_sql,yes,low,no,unit-test artifact; not recommended as POCR route input
runs/user/unittest_u3_preflight_blocks_db_0a98dda1f1d540079ccf7a1c35d0e8da/candidate_sql,unit_test_artifact,unittest_u3_preflight_blocks_db_0a98dda1f1d540079ccf7a1c35d0e8da,unittest_u3_preflight_blocks_db_0a98dda1f1d540079ccf7a1c35d0e8da,unit_test_artifact,postgres,1,1,no,no,case_engine_suffix_sql,yes,low,no,unit-test artifact; not recommended as POCR route input
runs/user/unittest_u3_preflight_blocks_db_0daa9a6b0ea34ec596d8e7ec1f819325/candidate_sql,unit_test_artifact,unittest_u3_preflight_blocks_db_0daa9a6b0ea34ec596d8e7ec1f819325,unittest_u3_preflight_blocks_db_0daa9a6b0ea34ec596d8e7ec1f819325,unit_test_artifact,postgres,1,1,no,no,case_engine_suffix_sql,yes,low,no,unit-test artifact; not recommended as POCR route input
runs/user/unittest_u3_preflight_blocks_db_0df58516161447fbbe5c4f9f821985dc/candidate_sql,unit_test_artifact,unittest_u3_preflight_blocks_db_0df58516161447fbbe5c4f9f821985dc,unittest_u3_preflight_blocks_db_0df58516161447fbbe5c4f9f821985dc,unit_test_artifact,postgres,1,1,no,no,case_engine_suffix_sql,yes,low,no,unit-test artifact; not recommended as POCR route input
runs/user/unittest_u3_preflight_blocks_db_0e59b65611eb43f1882d06db1fed7678/candidate_sql,unit_test_artifact,unittest_u3_preflight_blocks_db_0e59b65611eb43f1882d06db1fed7678,unittest_u3_preflight_blocks_db_0e59b65611eb43f1882d06db1fed7678,unit_test_artifact,postgres,1,1,no,no,case_engine_suffix_sql,yes,low,no,unit-test artifact; not recommended as POCR route input
runs/user/unittest_u3_preflight_blocks_db_0f3a28f1235d4d35bc0e7a9acd8216e6/candidate_sql,unit_test_artifact,unittest_u3_preflight_blocks_db_0f3a28f1235d4d35bc0e7a9acd8216e6,unittest_u3_preflight_blocks_db_0f3a28f1235d4d35bc0e7a9acd8216e6,unit_test_artifact,postgres,1,1,no,no,case_engine_suffix_sql,yes,low,no,unit-test artifact; not recommended as POCR route input
runs/user/unittest_u3_preflight_blocks_db_1117f32ab54a47a1bb1606ce42e592b0/candidate_sql,unit_test_artifact,unittest_u3_preflight_blocks_db_1117f32ab54a47a1bb1606ce42e592b0,unittest_u3_preflight_blocks_db_1117f32ab54a47a1bb1606ce42e592b0,unit_test_artifact,postgres,1,1,no,no,case_engine_suffix_sql,yes,low,no,unit-test artifact; not recommended as POCR route input
runs/user/unittest_u3_preflight_blocks_db_1471a8fa2967428dbf9662c0609d170b/candidate_sql,unit_test_artifact,unittest_u3_preflight_blocks_db_1471a8fa2967428dbf9662c0609d170b,unittest_u3_preflight_blocks_db_1471a8fa2967428dbf9662c0609d170b,unit_test_artifact,postgres,1,1,no,no,case_engine_suffix_sql,yes,low,no,unit-test artifact; not recommended as POCR route input
runs/user/unittest_u3_preflight_blocks_db_189112e77ba74b9386fbc79b5c455cdd/candidate_sql,unit_test_artifact,unittest_u3_preflight_blocks_db_189112e77ba74b9386fbc79b5c455cdd,unittest_u3_preflight_blocks_db_189112e77ba74b9386fbc79b5c455cdd,unit_test_artifact,postgres,1,1,no,no,case_engine_suffix_sql,yes,low,no,unit-test artifact; not recommended as POCR route input
runs/user/unittest_u3_preflight_blocks_db_1aaa3969e66841d9b17697b9f8158587/candidate_sql,unit_test_artifact,unittest_u3_preflight_blocks_db_1aaa3969e66841d9b17697b9f8158587,unittest_u3_preflight_blocks_db_1aaa3969e66841d9b17697b9f8158587,unit_test_artifact,postgres,1,1,no,no,case_engine_suffix_sql,yes,low,no,unit-test artifact; not recommended as POCR route input
runs/user/unittest_u3_preflight_blocks_db_1c8456cae1d3408da314003af499a2e2/candidate_sql,unit_test_artifact,unittest_u3_preflight_blocks_db_1c8456cae1d3408da314003af499a2e2,unittest_u3_preflight_blocks_db_1c8456cae1d3408da314003af499a2e2,unit_test_artifact,postgres,1,1,no,no,case_engine_suffix_sql,yes,low,no,unit-test artifact; not recommended as POCR route input
runs/user/unittest_u3_preflight_blocks_db_1daa5ec94d7f4d99aba3c5d463e11694/candidate_sql,unit_test_artifact,unittest_u3_preflight_blocks_db_1daa5ec94d7f4d99aba3c5d463e11694,unittest_u3_preflight_blocks_db_1daa5ec94d7f4d99aba3c5d463e11694,unit_test_artifact,postgres,1,1,no,no,case_engine_suffix_sql,yes,low,no,unit-test artifact; not recommended as POCR route input
runs/user/unittest_u3_preflight_blocks_db_2142e02731dc4243a0a81d796762835a/candidate_sql,unit_test_artifact,unittest_u3_preflight_blocks_db_2142e02731dc4243a0a81d796762835a,unittest_u3_preflight_blocks_db_2142e02731dc4243a0a81d796762835a,unit_test_artifact,postgres,1,1,no,no,case_engine_suffix_sql,yes,low,no,unit-test artifact; not recommended as POCR route input
runs/user/unittest_u3_preflight_blocks_db_243637d3848f4081983ae4b8c42451df/candidate_sql,unit_test_artifact,unittest_u3_preflight_blocks_db_243637d3848f4081983ae4b8c42451df,unittest_u3_preflight_blocks_db_243637d3848f4081983ae4b8c42451df,unit_test_artifact,postgres,1,1,no,no,case_engine_suffix_sql,yes,low,no,unit-test artifact; not recommended as POCR route input
runs/user/unittest_u3_preflight_blocks_db_24d95dfb016b4939958a92dfc43afca5/candidate_sql,unit_test_artifact,unittest_u3_preflight_blocks_db_24d95dfb016b4939958a92dfc43afca5,unittest_u3_preflight_blocks_db_24d95dfb016b4939958a92dfc43afca5,unit_test_artifact,postgres,1,1,no,no,case_engine_suffix_sql,yes,low,no,unit-test artifact; not recommended as POCR route input
runs/user/unittest_u3_preflight_blocks_db_27761e1bddad4ab3be87674c0c5cbbca/candidate_sql,unit_test_artifact,unittest_u3_preflight_blocks_db_27761e1bddad4ab3be87674c0c5cbbca,unittest_u3_preflight_blocks_db_27761e1bddad4ab3be87674c0c5cbbca,unit_test_artifact,postgres,1,1,no,no,case_engine_suffix_sql,yes,low,no,unit-test artifact; not recommended as POCR route input
runs/user/unittest_u3_preflight_blocks_db_29dd2e911b2546c69c601fc15f8bcc64/candidate_sql,unit_test_artifact,unittest_u3_preflight_blocks_db_29dd2e911b2546c69c601fc15f8bcc64,unittest_u3_preflight_blocks_db_29dd2e911b2546c69c601fc15f8bcc64,unit_test_artifact,postgres,1,1,no,no,case_engine_suffix_sql,yes,low,no,unit-test artifact; not recommended as POCR route input
runs/user/unittest_u3_preflight_blocks_db_2a51a3c1d26b4a4fb5abc2e7574479b7/candidate_sql,unit_test_artifact,unittest_u3_preflight_blocks_db_2a51a3c1d26b4a4fb5abc2e7574479b7,unittest_u3_preflight_blocks_db_2a51a3c1d26b4a4fb5abc2e7574479b7,unit_test_artifact,postgres,1,1,no,no,case_engine_suffix_sql,yes,low,no,unit-test artifact; not recommended as POCR route input
runs/user/unittest_u3_preflight_blocks_db_2b2c4d84241f44c6a206b2b253357247/candidate_sql,unit_test_artifact,unittest_u3_preflight_blocks_db_2b2c4d84241f44c6a206b2b253357247,unittest_u3_preflight_blocks_db_2b2c4d84241f44c6a206b2b253357247,unit_test_artifact,postgres,1,1,no,no,case_engine_suffix_sql,yes,low,no,unit-test artifact; not recommended as POCR route input
runs/user/unittest_u3_preflight_blocks_db_2cb153c95cb9482cb45c35f416d35424/candidate_sql,unit_test_artifact,unittest_u3_preflight_blocks_db_2cb153c95cb9482cb45c35f416d35424,unittest_u3_preflight_blocks_db_2cb153c95cb9482cb45c35f416d35424,unit_test_artifact,postgres,1,1,no,no,case_engine_suffix_sql,yes,low,no,unit-test artifact; not recommended as POCR route input
runs/user/unittest_u3_preflight_blocks_db_2f35ef11f8454436a0daaec49f5faed0/candidate_sql,unit_test_artifact,unittest_u3_preflight_blocks_db_2f35ef11f8454436a0daaec49f5faed0,unittest_u3_preflight_blocks_db_2f35ef11f8454436a0daaec49f5faed0,unit_test_artifact,postgres,1,1,no,no,case_engine_suffix_sql,yes,low,no,unit-test artifact; not recommended as POCR route input
runs/user/unittest_u3_preflight_blocks_db_3056a198e549488ab2df4d745f18eac3/candidate_sql,unit_test_artifact,unittest_u3_preflight_blocks_db_3056a198e549488ab2df4d745f18eac3,unittest_u3_preflight_blocks_db_3056a198e549488ab2df4d745f18eac3,unit_test_artifact,postgres,1,1,no,no,case_engine_suffix_sql,yes,low,no,unit-test artifact; not recommended as POCR route input
runs/user/unittest_u3_preflight_blocks_db_310da06526b24f83aa2c9c392778e252/candidate_sql,unit_test_artifact,unittest_u3_preflight_blocks_db_310da06526b24f83aa2c9c392778e252,unittest_u3_preflight_blocks_db_310da06526b24f83aa2c9c392778e252,unit_test_artifact,postgres,1,1,no,no,case_engine_suffix_sql,yes,low,no,unit-test artifact; not recommended as POCR route input
runs/user/unittest_u3_preflight_blocks_db_358a3ab15ee549329470bb4b7c4c41fb/candidate_sql,unit_test_artifact,unittest_u3_preflight_blocks_db_358a3ab15ee549329470bb4b7c4c41fb,unittest_u3_preflight_blocks_db_358a3ab15ee549329470bb4b7c4c41fb,unit_test_artifact,postgres,1,1,no,no,case_engine_suffix_sql,yes,low,no,unit-test artifact; not recommended as POCR route input
runs/user/unittest_u3_preflight_blocks_db_3da554054bb04878a690691f3552356c/candidate_sql,unit_test_artifact,unittest_u3_preflight_blocks_db_3da554054bb04878a690691f3552356c,unittest_u3_preflight_blocks_db_3da554054bb04878a690691f3552356c,unit_test_artifact,postgres,1,1,no,no,case_engine_suffix_sql,yes,low,no,unit-test artifact; not recommended as POCR route input
runs/user/unittest_u3_preflight_blocks_db_3ebcb83777ba4f729870559bc9b8bd89/candidate_sql,unit_test_artifact,unittest_u3_preflight_blocks_db_3ebcb83777ba4f729870559bc9b8bd89,unittest_u3_preflight_blocks_db_3ebcb83777ba4f729870559bc9b8bd89,unit_test_artifact,postgres,1,1,no,no,case_engine_suffix_sql,yes,low,no,unit-test artifact; not recommended as POCR route input
runs/user/unittest_u3_preflight_blocks_db_3f01315393664d10bfea912030504555/candidate_sql,unit_test_artifact,unittest_u3_preflight_blocks_db_3f01315393664d10bfea912030504555,unittest_u3_preflight_blocks_db_3f01315393664d10bfea912030504555,unit_test_artifact,postgres,1,1,no,no,case_engine_suffix_sql,yes,low,no,unit-test artifact; not recommended as POCR route input
runs/user/unittest_u3_preflight_blocks_db_3f2a7eb498754e9fbcdef209ed4ae58b/candidate_sql,unit_test_artifact,unittest_u3_preflight_blocks_db_3f2a7eb498754e9fbcdef209ed4ae58b,unittest_u3_preflight_blocks_db_3f2a7eb498754e9fbcdef209ed4ae58b,unit_test_artifact,postgres,1,1,no,no,case_engine_suffix_sql,yes,low,no,unit-test artifact; not recommended as POCR route input
runs/user/unittest_u3_preflight_blocks_db_439283785b7b4d2391c6e66976d74149/candidate_sql,unit_test_artifact,unittest_u3_preflight_blocks_db_439283785b7b4d2391c6e66976d74149,unittest_u3_preflight_blocks_db_439283785b7b4d2391c6e66976d74149,unit_test_artifact,postgres,1,1,no,no,case_engine_suffix_sql,yes,low,no,unit-test artifact; not recommended as POCR route input
runs/user/unittest_u3_preflight_blocks_db_446948279317408b91131ac21dc034f2/candidate_sql,unit_test_artifact,unittest_u3_preflight_blocks_db_446948279317408b91131ac21dc034f2,unittest_u3_preflight_blocks_db_446948279317408b91131ac21dc034f2,unit_test_artifact,postgres,1,1,no,no,case_engine_suffix_sql,yes,low,no,unit-test artifact; not recommended as POCR route input
runs/user/unittest_u3_preflight_blocks_db_460c3f969fc34b89825832d105c4ec68/candidate_sql,unit_test_artifact,unittest_u3_preflight_blocks_db_460c3f969fc34b89825832d105c4ec68,unittest_u3_preflight_blocks_db_460c3f969fc34b89825832d105c4ec68,unit_test_artifact,postgres,1,1,no,no,case_engine_suffix_sql,yes,low,no,unit-test artifact; not recommended as POCR route input
runs/user/unittest_u3_preflight_blocks_db_4704e8a5bdda47258567e30aa6db8717/candidate_sql,unit_test_artifact,unittest_u3_preflight_blocks_db_4704e8a5bdda47258567e30aa6db8717,unittest_u3_preflight_blocks_db_4704e8a5bdda47258567e30aa6db8717,unit_test_artifact,postgres,1,1,no,no,case_engine_suffix_sql,yes,low,no,unit-test artifact; not recommended as POCR route input
runs/user/unittest_u3_preflight_blocks_db_4b006f645b0342fbb4ec5e8fb450bcb8/candidate_sql,unit_test_artifact,unittest_u3_preflight_blocks_db_4b006f645b0342fbb4ec5e8fb450bcb8,unittest_u3_preflight_blocks_db_4b006f645b0342fbb4ec5e8fb450bcb8,unit_test_artifact,postgres,1,1,no,no,case_engine_suffix_sql,yes,low,no,unit-test artifact; not recommended as POCR route input
runs/user/unittest_u3_preflight_blocks_db_4c7e215003284d7e9d82816a5d19e72a/candidate_sql,unit_test_artifact,unittest_u3_preflight_blocks_db_4c7e215003284d7e9d82816a5d19e72a,unittest_u3_preflight_blocks_db_4c7e215003284d7e9d82816a5d19e72a,unit_test_artifact,postgres,1,1,no,no,case_engine_suffix_sql,yes,low,no,unit-test artifact; not recommended as POCR route input
runs/user/unittest_u3_preflight_blocks_db_4dc9eb90db9444ecb1fb004460a6864f/candidate_sql,unit_test_artifact,unittest_u3_preflight_blocks_db_4dc9eb90db9444ecb1fb004460a6864f,unittest_u3_preflight_blocks_db_4dc9eb90db9444ecb1fb004460a6864f,unit_test_artifact,postgres,1,1,no,no,case_engine_suffix_sql,yes,low,no,unit-test artifact; not recommended as POCR route input
runs/user/unittest_u3_preflight_blocks_db_4e4c33fd494545baa8b51a76b36d4e4a/candidate_sql,unit_test_artifact,unittest_u3_preflight_blocks_db_4e4c33fd494545baa8b51a76b36d4e4a,unittest_u3_preflight_blocks_db_4e4c33fd494545baa8b51a76b36d4e4a,unit_test_artifact,postgres,1,1,no,no,case_engine_suffix_sql,yes,low,no,unit-test artifact; not recommended as POCR route input
runs/user/unittest_u3_preflight_blocks_db_58c7d487202e4bebbe95d7859c4db20b/candidate_sql,unit_test_artifact,unittest_u3_preflight_blocks_db_58c7d487202e4bebbe95d7859c4db20b,unittest_u3_preflight_blocks_db_58c7d487202e4bebbe95d7859c4db20b,unit_test_artifact,postgres,1,1,no,no,case_engine_suffix_sql,yes,low,no,unit-test artifact; not recommended as POCR route input
runs/user/unittest_u3_preflight_blocks_db_60259416180d4094a8149423c7b3ba7b/candidate_sql,unit_test_artifact,unittest_u3_preflight_blocks_db_60259416180d4094a8149423c7b3ba7b,unittest_u3_preflight_blocks_db_60259416180d4094a8149423c7b3ba7b,unit_test_artifact,postgres,1,1,no,no,case_engine_suffix_sql,yes,low,no,unit-test artifact; not recommended as POCR route input
runs/user/unittest_u3_preflight_blocks_db_625ac8422c20427293b105a6e71586e2/candidate_sql,unit_test_artifact,unittest_u3_preflight_blocks_db_625ac8422c20427293b105a6e71586e2,unittest_u3_preflight_blocks_db_625ac8422c20427293b105a6e71586e2,unit_test_artifact,postgres,1,1,no,no,case_engine_suffix_sql,yes,low,no,unit-test artifact; not recommended as POCR route input
runs/user/unittest_u3_preflight_blocks_db_62a4716c2c3a43078d513b046bd64419/candidate_sql,unit_test_artifact,unittest_u3_preflight_blocks_db_62a4716c2c3a43078d513b046bd64419,unittest_u3_preflight_blocks_db_62a4716c2c3a43078d513b046bd64419,unit_test_artifact,postgres,1,1,no,no,case_engine_suffix_sql,yes,low,no,unit-test artifact; not recommended as POCR route input
runs/user/unittest_u3_preflight_blocks_db_6624799771f0420f8e9c503f7e18ea91/candidate_sql,unit_test_artifact,unittest_u3_preflight_blocks_db_6624799771f0420f8e9c503f7e18ea91,unittest_u3_preflight_blocks_db_6624799771f0420f8e9c503f7e18ea91,unit_test_artifact,postgres,1,1,no,no,case_engine_suffix_sql,yes,low,no,unit-test artifact; not recommended as POCR route input
runs/user/unittest_u3_preflight_blocks_db_6931bf08c47e473ebdbc2efd469296c6/candidate_sql,unit_test_artifact,unittest_u3_preflight_blocks_db_6931bf08c47e473ebdbc2efd469296c6,unittest_u3_preflight_blocks_db_6931bf08c47e473ebdbc2efd469296c6,unit_test_artifact,postgres,1,1,no,no,case_engine_suffix_sql,yes,low,no,unit-test artifact; not recommended as POCR route input
runs/user/unittest_u3_preflight_blocks_db_6dd3ce1cb62d4fd4b0afa2f9af41d985/candidate_sql,unit_test_artifact,unittest_u3_preflight_blocks_db_6dd3ce1cb62d4fd4b0afa2f9af41d985,unittest_u3_preflight_blocks_db_6dd3ce1cb62d4fd4b0afa2f9af41d985,unit_test_artifact,postgres,1,1,no,no,case_engine_suffix_sql,yes,low,no,unit-test artifact; not recommended as POCR route input
runs/user/unittest_u3_preflight_blocks_db_7218304faf694b13abc55375af48b3d5/candidate_sql,unit_test_artifact,unittest_u3_preflight_blocks_db_7218304faf694b13abc55375af48b3d5,unittest_u3_preflight_blocks_db_7218304faf694b13abc55375af48b3d5,unit_test_artifact,postgres,1,1,no,no,case_engine_suffix_sql,yes,low,no,unit-test artifact; not recommended as POCR route input
runs/user/unittest_u3_preflight_blocks_db_762588a6079e4f47a65bd43155c7e8e6/candidate_sql,unit_test_artifact,unittest_u3_preflight_blocks_db_762588a6079e4f47a65bd43155c7e8e6,unittest_u3_preflight_blocks_db_762588a6079e4f47a65bd43155c7e8e6,unit_test_artifact,postgres,1,1,no,no,case_engine_suffix_sql,yes,low,no,unit-test artifact; not recommended as POCR route input
runs/user/unittest_u3_preflight_blocks_db_76b2bf0f5a21453385cfd7be8a5daf41/candidate_sql,unit_test_artifact,unittest_u3_preflight_blocks_db_76b2bf0f5a21453385cfd7be8a5daf41,unittest_u3_preflight_blocks_db_76b2bf0f5a21453385cfd7be8a5daf41,unit_test_artifact,postgres,1,1,no,no,case_engine_suffix_sql,yes,low,no,unit-test artifact; not recommended as POCR route input
runs/user/unittest_u3_preflight_blocks_db_7b29881411e94af692993db98708a559/candidate_sql,unit_test_artifact,unittest_u3_preflight_blocks_db_7b29881411e94af692993db98708a559,unittest_u3_preflight_blocks_db_7b29881411e94af692993db98708a559,unit_test_artifact,postgres,1,1,no,no,case_engine_suffix_sql,yes,low,no,unit-test artifact; not recommended as POCR route input
runs/user/unittest_u3_preflight_blocks_db_830fa033001f4c48996fced7a80d6de8/candidate_sql,unit_test_artifact,unittest_u3_preflight_blocks_db_830fa033001f4c48996fced7a80d6de8,unittest_u3_preflight_blocks_db_830fa033001f4c48996fced7a80d6de8,unit_test_artifact,postgres,1,1,no,no,case_engine_suffix_sql,yes,low,no,unit-test artifact; not recommended as POCR route input
runs/user/unittest_u3_preflight_blocks_db_83fad180e67346749bd9eb67ac58c579/candidate_sql,unit_test_artifact,unittest_u3_preflight_blocks_db_83fad180e67346749bd9eb67ac58c579,unittest_u3_preflight_blocks_db_83fad180e67346749bd9eb67ac58c579,unit_test_artifact,postgres,1,1,no,no,case_engine_suffix_sql,yes,low,no,unit-test artifact; not recommended as POCR route input
runs/user/unittest_u3_preflight_blocks_db_850b65a10913467b97df74d66ab821fd/candidate_sql,unit_test_artifact,unittest_u3_preflight_blocks_db_850b65a10913467b97df74d66ab821fd,unittest_u3_preflight_blocks_db_850b65a10913467b97df74d66ab821fd,unit_test_artifact,postgres,1,1,no,no,case_engine_suffix_sql,yes,low,no,unit-test artifact; not recommended as POCR route input
runs/user/unittest_u3_preflight_blocks_db_898a3c7aec8d466f9d1f175e91305e37/candidate_sql,unit_test_artifact,unittest_u3_preflight_blocks_db_898a3c7aec8d466f9d1f175e91305e37,unittest_u3_preflight_blocks_db_898a3c7aec8d466f9d1f175e91305e37,unit_test_artifact,postgres,1,1,no,no,case_engine_suffix_sql,yes,low,no,unit-test artifact; not recommended as POCR route input
runs/user/unittest_u3_preflight_blocks_db_8d5bd022ae84463f9086d90ed058cb19/candidate_sql,unit_test_artifact,unittest_u3_preflight_blocks_db_8d5bd022ae84463f9086d90ed058cb19,unittest_u3_preflight_blocks_db_8d5bd022ae84463f9086d90ed058cb19,unit_test_artifact,postgres,1,1,no,no,case_engine_suffix_sql,yes,low,no,unit-test artifact; not recommended as POCR route input
runs/user/unittest_u3_preflight_blocks_db_8d7f28ce52644278bd5a986ba0f46bba/candidate_sql,unit_test_artifact,unittest_u3_preflight_blocks_db_8d7f28ce52644278bd5a986ba0f46bba,unittest_u3_preflight_blocks_db_8d7f28ce52644278bd5a986ba0f46bba,unit_test_artifact,postgres,1,1,no,no,case_engine_suffix_sql,yes,low,no,unit-test artifact; not recommended as POCR route input
runs/user/unittest_u3_preflight_blocks_db_907dfd363fb240cc8dc175ec7edb1bd4/candidate_sql,unit_test_artifact,unittest_u3_preflight_blocks_db_907dfd363fb240cc8dc175ec7edb1bd4,unittest_u3_preflight_blocks_db_907dfd363fb240cc8dc175ec7edb1bd4,unit_test_artifact,postgres,1,1,no,no,case_engine_suffix_sql,yes,low,no,unit-test artifact; not recommended as POCR route input
runs/user/unittest_u3_preflight_blocks_db_9348c906007c4e67b7a5eb0945cd80f7/candidate_sql,unit_test_artifact,unittest_u3_preflight_blocks_db_9348c906007c4e67b7a5eb0945cd80f7,unittest_u3_preflight_blocks_db_9348c906007c4e67b7a5eb0945cd80f7,unit_test_artifact,postgres,1,1,no,no,case_engine_suffix_sql,yes,low,no,unit-test artifact; not recommended as POCR route input
runs/user/unittest_u3_preflight_blocks_db_9386ee81e934413b9af48acd1afea088/candidate_sql,unit_test_artifact,unittest_u3_preflight_blocks_db_9386ee81e934413b9af48acd1afea088,unittest_u3_preflight_blocks_db_9386ee81e934413b9af48acd1afea088,unit_test_artifact,postgres,1,1,no,no,case_engine_suffix_sql,yes,low,no,unit-test artifact; not recommended as POCR route input
runs/user/unittest_u3_preflight_blocks_db_9791b646f9d641f4baca5dc5f26f838e/candidate_sql,unit_test_artifact,unittest_u3_preflight_blocks_db_9791b646f9d641f4baca5dc5f26f838e,unittest_u3_preflight_blocks_db_9791b646f9d641f4baca5dc5f26f838e,unit_test_artifact,postgres,1,1,no,no,case_engine_suffix_sql,yes,low,no,unit-test artifact; not recommended as POCR route input
runs/user/unittest_u3_preflight_blocks_db_993f851827484d5395c0a3760f1606e0/candidate_sql,unit_test_artifact,unittest_u3_preflight_blocks_db_993f851827484d5395c0a3760f1606e0,unittest_u3_preflight_blocks_db_993f851827484d5395c0a3760f1606e0,unit_test_artifact,postgres,1,1,no,no,case_engine_suffix_sql,yes,low,no,unit-test artifact; not recommended as POCR route input
runs/user/unittest_u3_preflight_blocks_db_9f57b15dd0284ffc8673c6942602088a/candidate_sql,unit_test_artifact,unittest_u3_preflight_blocks_db_9f57b15dd0284ffc8673c6942602088a,unittest_u3_preflight_blocks_db_9f57b15dd0284ffc8673c6942602088a,unit_test_artifact,postgres,1,1,no,no,case_engine_suffix_sql,yes,low,no,unit-test artifact; not recommended as POCR route input
runs/user/unittest_u3_preflight_blocks_db_a22207ee4e0a44c588456a9c1b37dcd1/candidate_sql,unit_test_artifact,unittest_u3_preflight_blocks_db_a22207ee4e0a44c588456a9c1b37dcd1,unittest_u3_preflight_blocks_db_a22207ee4e0a44c588456a9c1b37dcd1,unit_test_artifact,postgres,1,1,no,no,case_engine_suffix_sql,yes,low,no,unit-test artifact; not recommended as POCR route input
runs/user/unittest_u3_preflight_blocks_db_a22bab0e99ca4a01afa0d91bdeb5a843/candidate_sql,unit_test_artifact,unittest_u3_preflight_blocks_db_a22bab0e99ca4a01afa0d91bdeb5a843,unittest_u3_preflight_blocks_db_a22bab0e99ca4a01afa0d91bdeb5a843,unit_test_artifact,postgres,1,1,no,no,case_engine_suffix_sql,yes,low,no,unit-test artifact; not recommended as POCR route input
runs/user/unittest_u3_preflight_blocks_db_a25cbfeb28e445379e6401bc6b701cc3/candidate_sql,unit_test_artifact,unittest_u3_preflight_blocks_db_a25cbfeb28e445379e6401bc6b701cc3,unittest_u3_preflight_blocks_db_a25cbfeb28e445379e6401bc6b701cc3,unit_test_artifact,postgres,1,1,no,no,case_engine_suffix_sql,yes,low,no,unit-test artifact; not recommended as POCR route input
runs/user/unittest_u3_preflight_blocks_db_a49ee971551d4314be92c2b5b013148b/candidate_sql,unit_test_artifact,unittest_u3_preflight_blocks_db_a49ee971551d4314be92c2b5b013148b,unittest_u3_preflight_blocks_db_a49ee971551d4314be92c2b5b013148b,unit_test_artifact,postgres,1,1,no,no,case_engine_suffix_sql,yes,low,no,unit-test artifact; not recommended as POCR route input
runs/user/unittest_u3_preflight_blocks_db_ab5575686e474a2ea4d16929aaef60bc/candidate_sql,unit_test_artifact,unittest_u3_preflight_blocks_db_ab5575686e474a2ea4d16929aaef60bc,unittest_u3_preflight_blocks_db_ab5575686e474a2ea4d16929aaef60bc,unit_test_artifact,postgres,1,1,no,no,case_engine_suffix_sql,yes,low,no,unit-test artifact; not recommended as POCR route input
runs/user/unittest_u3_preflight_blocks_db_baad519b7bc44311ace5d9df1a5d8cca/candidate_sql,unit_test_artifact,unittest_u3_preflight_blocks_db_baad519b7bc44311ace5d9df1a5d8cca,unittest_u3_preflight_blocks_db_baad519b7bc44311ace5d9df1a5d8cca,unit_test_artifact,postgres,1,1,no,no,case_engine_suffix_sql,yes,low,no,unit-test artifact; not recommended as POCR route input
runs/user/unittest_u3_preflight_blocks_db_bda965e4e27b44c6b4d92c1dc1de7b56/candidate_sql,unit_test_artifact,unittest_u3_preflight_blocks_db_bda965e4e27b44c6b4d92c1dc1de7b56,unittest_u3_preflight_blocks_db_bda965e4e27b44c6b4d92c1dc1de7b56,unit_test_artifact,postgres,1,1,no,no,case_engine_suffix_sql,yes,low,no,unit-test artifact; not recommended as POCR route input
runs/user/unittest_u3_preflight_blocks_db_c677cdb477f04daeaaec3fcf6a0317e4/candidate_sql,unit_test_artifact,unittest_u3_preflight_blocks_db_c677cdb477f04daeaaec3fcf6a0317e4,unittest_u3_preflight_blocks_db_c677cdb477f04daeaaec3fcf6a0317e4,unit_test_artifact,postgres,1,1,no,no,case_engine_suffix_sql,yes,low,no,unit-test artifact; not recommended as POCR route input
runs/user/unittest_u3_preflight_blocks_db_c85960f6b4e6424fa5a1603a03a9a11b/candidate_sql,unit_test_artifact,unittest_u3_preflight_blocks_db_c85960f6b4e6424fa5a1603a03a9a11b,unittest_u3_preflight_blocks_db_c85960f6b4e6424fa5a1603a03a9a11b,unit_test_artifact,postgres,1,1,no,no,case_engine_suffix_sql,yes,low,no,unit-test artifact; not recommended as POCR route input
runs/user/unittest_u3_preflight_blocks_db_c982e5a17da24b59828fad8269333af0/candidate_sql,unit_test_artifact,unittest_u3_preflight_blocks_db_c982e5a17da24b59828fad8269333af0,unittest_u3_preflight_blocks_db_c982e5a17da24b59828fad8269333af0,unit_test_artifact,postgres,1,1,no,no,case_engine_suffix_sql,yes,low,no,unit-test artifact; not recommended as POCR route input
runs/user/unittest_u3_preflight_blocks_db_cae279c70d894e2683dac7d24996674a/candidate_sql,unit_test_artifact,unittest_u3_preflight_blocks_db_cae279c70d894e2683dac7d24996674a,unittest_u3_preflight_blocks_db_cae279c70d894e2683dac7d24996674a,unit_test_artifact,postgres,1,1,no,no,case_engine_suffix_sql,yes,low,no,unit-test artifact; not recommended as POCR route input
runs/user/unittest_u3_preflight_blocks_db_cbe7cc7be1714e5e89c979f43faec1e5/candidate_sql,unit_test_artifact,unittest_u3_preflight_blocks_db_cbe7cc7be1714e5e89c979f43faec1e5,unittest_u3_preflight_blocks_db_cbe7cc7be1714e5e89c979f43faec1e5,unit_test_artifact,postgres,1,1,no,no,case_engine_suffix_sql,yes,low,no,unit-test artifact; not recommended as POCR route input
runs/user/unittest_u3_preflight_blocks_db_ce7c441fd2d349c08f1a06e34f6c2b32/candidate_sql,unit_test_artifact,unittest_u3_preflight_blocks_db_ce7c441fd2d349c08f1a06e34f6c2b32,unittest_u3_preflight_blocks_db_ce7c441fd2d349c08f1a06e34f6c2b32,unit_test_artifact,postgres,1,1,no,no,case_engine_suffix_sql,yes,low,no,unit-test artifact; not recommended as POCR route input
runs/user/unittest_u3_preflight_blocks_db_d143a23990014a8ea16d7ea487a3a5d2/candidate_sql,unit_test_artifact,unittest_u3_preflight_blocks_db_d143a23990014a8ea16d7ea487a3a5d2,unittest_u3_preflight_blocks_db_d143a23990014a8ea16d7ea487a3a5d2,unit_test_artifact,postgres,1,1,no,no,case_engine_suffix_sql,yes,low,no,unit-test artifact; not recommended as POCR route input
runs/user/unittest_u3_preflight_blocks_db_d27be60301b149d88ae9e14e1d596f8a/candidate_sql,unit_test_artifact,unittest_u3_preflight_blocks_db_d27be60301b149d88ae9e14e1d596f8a,unittest_u3_preflight_blocks_db_d27be60301b149d88ae9e14e1d596f8a,unit_test_artifact,postgres,1,1,no,no,case_engine_suffix_sql,yes,low,no,unit-test artifact; not recommended as POCR route input
runs/user/unittest_u3_preflight_blocks_db_d56172bcdf5f413ab757d5d9970493d7/candidate_sql,unit_test_artifact,unittest_u3_preflight_blocks_db_d56172bcdf5f413ab757d5d9970493d7,unittest_u3_preflight_blocks_db_d56172bcdf5f413ab757d5d9970493d7,unit_test_artifact,postgres,1,1,no,no,case_engine_suffix_sql,yes,low,no,unit-test artifact; not recommended as POCR route input
runs/user/unittest_u3_preflight_blocks_db_d6d544a4993240f381179ce87ac52958/candidate_sql,unit_test_artifact,unittest_u3_preflight_blocks_db_d6d544a4993240f381179ce87ac52958,unittest_u3_preflight_blocks_db_d6d544a4993240f381179ce87ac52958,unit_test_artifact,postgres,1,1,no,no,case_engine_suffix_sql,yes,low,no,unit-test artifact; not recommended as POCR route input
runs/user/unittest_u3_preflight_blocks_db_d9dca0520d074504b5786a7920543f45/candidate_sql,unit_test_artifact,unittest_u3_preflight_blocks_db_d9dca0520d074504b5786a7920543f45,unittest_u3_preflight_blocks_db_d9dca0520d074504b5786a7920543f45,unit_test_artifact,postgres,1,1,no,no,case_engine_suffix_sql,yes,low,no,unit-test artifact; not recommended as POCR route input
runs/user/unittest_u3_preflight_blocks_db_dc2de6d9b06d4de994d1da2d51f2d333/candidate_sql,unit_test_artifact,unittest_u3_preflight_blocks_db_dc2de6d9b06d4de994d1da2d51f2d333,unittest_u3_preflight_blocks_db_dc2de6d9b06d4de994d1da2d51f2d333,unit_test_artifact,postgres,1,1,no,no,case_engine_suffix_sql,yes,low,no,unit-test artifact; not recommended as POCR route input
runs/user/unittest_u3_preflight_blocks_db_e67648ca699a430fa43bd267667d31f7/candidate_sql,unit_test_artifact,unittest_u3_preflight_blocks_db_e67648ca699a430fa43bd267667d31f7,unittest_u3_preflight_blocks_db_e67648ca699a430fa43bd267667d31f7,unit_test_artifact,postgres,1,1,no,no,case_engine_suffix_sql,yes,low,no,unit-test artifact; not recommended as POCR route input
runs/user/unittest_u3_preflight_blocks_db_e768db0c016d435292c848fd907215e6/candidate_sql,unit_test_artifact,unittest_u3_preflight_blocks_db_e768db0c016d435292c848fd907215e6,unittest_u3_preflight_blocks_db_e768db0c016d435292c848fd907215e6,unit_test_artifact,postgres,1,1,no,no,case_engine_suffix_sql,yes,low,no,unit-test artifact; not recommended as POCR route input
runs/user/unittest_u3_preflight_blocks_db_e84b2840a28e44d4b913ce47edb859f7/candidate_sql,unit_test_artifact,unittest_u3_preflight_blocks_db_e84b2840a28e44d4b913ce47edb859f7,unittest_u3_preflight_blocks_db_e84b2840a28e44d4b913ce47edb859f7,unit_test_artifact,postgres,1,1,no,no,case_engine_suffix_sql,yes,low,no,unit-test artifact; not recommended as POCR route input
runs/user/unittest_u3_preflight_blocks_db_e8c3c1ab49324c6bba9cc55b1791bf72/candidate_sql,unit_test_artifact,unittest_u3_preflight_blocks_db_e8c3c1ab49324c6bba9cc55b1791bf72,unittest_u3_preflight_blocks_db_e8c3c1ab49324c6bba9cc55b1791bf72,unit_test_artifact,postgres,1,1,no,no,case_engine_suffix_sql,yes,low,no,unit-test artifact; not recommended as POCR route input
runs/user/unittest_u3_preflight_blocks_db_e9c80003cc8148538901b179b324c3d4/candidate_sql,unit_test_artifact,unittest_u3_preflight_blocks_db_e9c80003cc8148538901b179b324c3d4,unittest_u3_preflight_blocks_db_e9c80003cc8148538901b179b324c3d4,unit_test_artifact,postgres,1,1,no,no,case_engine_suffix_sql,yes,low,no,unit-test artifact; not recommended as POCR route input
runs/user/unittest_u3_preflight_blocks_db_eaa17b5d1c8c4bbb852a7e52c026e48b/candidate_sql,unit_test_artifact,unittest_u3_preflight_blocks_db_eaa17b5d1c8c4bbb852a7e52c026e48b,unittest_u3_preflight_blocks_db_eaa17b5d1c8c4bbb852a7e52c026e48b,unit_test_artifact,postgres,1,1,no,no,case_engine_suffix_sql,yes,low,no,unit-test artifact; not recommended as POCR route input
runs/user/unittest_u3_preflight_blocks_db_edecec08f5194ffabb067c094931d4e5/candidate_sql,unit_test_artifact,unittest_u3_preflight_blocks_db_edecec08f5194ffabb067c094931d4e5,unittest_u3_preflight_blocks_db_edecec08f5194ffabb067c094931d4e5,unit_test_artifact,postgres,1,1,no,no,case_engine_suffix_sql,yes,low,no,unit-test artifact; not recommended as POCR route input
runs/user/unittest_u3_preflight_blocks_db_f05861cb2c8f4d9b9115b2d24970090f/candidate_sql,unit_test_artifact,unittest_u3_preflight_blocks_db_f05861cb2c8f4d9b9115b2d24970090f,unittest_u3_preflight_blocks_db_f05861cb2c8f4d9b9115b2d24970090f,unit_test_artifact,postgres,1,1,no,no,case_engine_suffix_sql,yes,low,no,unit-test artifact; not recommended as POCR route input
runs/user/unittest_u3_preflight_blocks_db_f1ba1363e02042cbaed50a98d1babedd/candidate_sql,unit_test_artifact,unittest_u3_preflight_blocks_db_f1ba1363e02042cbaed50a98d1babedd,unittest_u3_preflight_blocks_db_f1ba1363e02042cbaed50a98d1babedd,unit_test_artifact,postgres,1,1,no,no,case_engine_suffix_sql,yes,low,no,unit-test artifact; not recommended as POCR route input
runs/user/unittest_u3_preflight_blocks_db_f2805d118e474fa69f6fb643c863a67c/candidate_sql,unit_test_artifact,unittest_u3_preflight_blocks_db_f2805d118e474fa69f6fb643c863a67c,unittest_u3_preflight_blocks_db_f2805d118e474fa69f6fb643c863a67c,unit_test_artifact,postgres,1,1,no,no,case_engine_suffix_sql,yes,low,no,unit-test artifact; not recommended as POCR route input
runs/user/unittest_u3_preflight_blocks_db_f38f1ab2c476454da5e18cdd40e124d6/candidate_sql,unit_test_artifact,unittest_u3_preflight_blocks_db_f38f1ab2c476454da5e18cdd40e124d6,unittest_u3_preflight_blocks_db_f38f1ab2c476454da5e18cdd40e124d6,unit_test_artifact,postgres,1,1,no,no,case_engine_suffix_sql,yes,low,no,unit-test artifact; not recommended as POCR route input
runs/user/unittest_u3_preflight_blocks_db_f7e894c48ef540b6b2af493ed75ceeec/candidate_sql,unit_test_artifact,unittest_u3_preflight_blocks_db_f7e894c48ef540b6b2af493ed75ceeec,unittest_u3_preflight_blocks_db_f7e894c48ef540b6b2af493ed75ceeec,unit_test_artifact,postgres,1,1,no,no,case_engine_suffix_sql,yes,low,no,unit-test artifact; not recommended as POCR route input
runs/user/unittest_u3_preflight_blocks_db_f9d595ec82ff4a278f44a0050aedc620/candidate_sql,unit_test_artifact,unittest_u3_preflight_blocks_db_f9d595ec82ff4a278f44a0050aedc620,unittest_u3_preflight_blocks_db_f9d595ec82ff4a278f44a0050aedc620,unit_test_artifact,postgres,1,1,no,no,case_engine_suffix_sql,yes,low,no,unit-test artifact; not recommended as POCR route input
runs/user/unittest_u3_preflight_blocks_db_ff0ce49337834873a82e8ec25e6723ee/candidate_sql,unit_test_artifact,unittest_u3_preflight_blocks_db_ff0ce49337834873a82e8ec25e6723ee,unittest_u3_preflight_blocks_db_ff0ce49337834873a82e8ec25e6723ee,unit_test_artifact,postgres,1,1,no,no,case_engine_suffix_sql,yes,low,no,unit-test artifact; not recommended as POCR route input
runs/user/unittest_u3_public_smoke_dry_run_0222496fb96c4e3f9af8f46cda94bebe/candidate_sql,unit_test_artifact,unittest_u3_public_smoke_dry_run_0222496fb96c4e3f9af8f46cda94bebe,unittest_u3_public_smoke_dry_run_0222496fb96c4e3f9af8f46cda94bebe,unit_test_artifact,unknown,0,0,no,no,empty_or_no_files,yes,low,no,unit-test artifact; not recommended as POCR route input
runs/user/unittest_u3_public_smoke_dry_run_071779626eb647e2b48489fa7930e330/candidate_sql,unit_test_artifact,unittest_u3_public_smoke_dry_run_071779626eb647e2b48489fa7930e330,unittest_u3_public_smoke_dry_run_071779626eb647e2b48489fa7930e330,unit_test_artifact,unknown,0,0,no,no,empty_or_no_files,yes,low,no,unit-test artifact; not recommended as POCR route input
runs/user/unittest_u3_public_smoke_dry_run_0ac3e7658a4f4ce8ac8c7d1d71161292/candidate_sql,unit_test_artifact,unittest_u3_public_smoke_dry_run_0ac3e7658a4f4ce8ac8c7d1d71161292,unittest_u3_public_smoke_dry_run_0ac3e7658a4f4ce8ac8c7d1d71161292,unit_test_artifact,unknown,0,0,no,no,empty_or_no_files,yes,low,no,unit-test artifact; not recommended as POCR route input
runs/user/unittest_u3_public_smoke_dry_run_0b2c945578374f8e82998b571d9799a5/candidate_sql,unit_test_artifact,unittest_u3_public_smoke_dry_run_0b2c945578374f8e82998b571d9799a5,unittest_u3_public_smoke_dry_run_0b2c945578374f8e82998b571d9799a5,unit_test_artifact,unknown,0,0,no,no,empty_or_no_files,yes,low,no,unit-test artifact; not recommended as POCR route input
runs/user/unittest_u3_public_smoke_dry_run_0e5ef6687fac4c5e9ad91e09a6a79a96/candidate_sql,unit_test_artifact,unittest_u3_public_smoke_dry_run_0e5ef6687fac4c5e9ad91e09a6a79a96,unittest_u3_public_smoke_dry_run_0e5ef6687fac4c5e9ad91e09a6a79a96,unit_test_artifact,unknown,0,0,no,no,empty_or_no_files,yes,low,no,unit-test artifact; not recommended as POCR route input
runs/user/unittest_u3_public_smoke_dry_run_1053c76404d94a12aadf68a87cbb632e/candidate_sql,unit_test_artifact,unittest_u3_public_smoke_dry_run_1053c76404d94a12aadf68a87cbb632e,unittest_u3_public_smoke_dry_run_1053c76404d94a12aadf68a87cbb632e,unit_test_artifact,unknown,0,0,no,no,empty_or_no_files,yes,low,no,unit-test artifact; not recommended as POCR route input
runs/user/unittest_u3_public_smoke_dry_run_13303ceb3270471cb07ecdc8f593d2ec/candidate_sql,unit_test_artifact,unittest_u3_public_smoke_dry_run_13303ceb3270471cb07ecdc8f593d2ec,unittest_u3_public_smoke_dry_run_13303ceb3270471cb07ecdc8f593d2ec,unit_test_artifact,unknown,0,0,no,no,empty_or_no_files,yes,low,no,unit-test artifact; not recommended as POCR route input
runs/user/unittest_u3_public_smoke_dry_run_141bf861a1074e1fb0911db2d5046505/candidate_sql,unit_test_artifact,unittest_u3_public_smoke_dry_run_141bf861a1074e1fb0911db2d5046505,unittest_u3_public_smoke_dry_run_141bf861a1074e1fb0911db2d5046505,unit_test_artifact,unknown,0,0,no,no,empty_or_no_files,yes,low,no,unit-test artifact; not recommended as POCR route input
runs/user/unittest_u3_public_smoke_dry_run_162b0cce4d914d1ea311e3385ac89572/candidate_sql,unit_test_artifact,unittest_u3_public_smoke_dry_run_162b0cce4d914d1ea311e3385ac89572,unittest_u3_public_smoke_dry_run_162b0cce4d914d1ea311e3385ac89572,unit_test_artifact,unknown,0,0,no,no,empty_or_no_files,yes,low,no,unit-test artifact; not recommended as POCR route input
runs/user/unittest_u3_public_smoke_dry_run_1b39db10b6d74d3697b987d4849bf18e/candidate_sql,unit_test_artifact,unittest_u3_public_smoke_dry_run_1b39db10b6d74d3697b987d4849bf18e,unittest_u3_public_smoke_dry_run_1b39db10b6d74d3697b987d4849bf18e,unit_test_artifact,unknown,0,0,no,no,empty_or_no_files,yes,low,no,unit-test artifact; not recommended as POCR route input
runs/user/unittest_u3_public_smoke_dry_run_1e8c8e94757048ae90761004cc9fc499/candidate_sql,unit_test_artifact,unittest_u3_public_smoke_dry_run_1e8c8e94757048ae90761004cc9fc499,unittest_u3_public_smoke_dry_run_1e8c8e94757048ae90761004cc9fc499,unit_test_artifact,unknown,0,0,no,no,empty_or_no_files,yes,low,no,unit-test artifact; not recommended as POCR route input
runs/user/unittest_u3_public_smoke_dry_run_21a7309d9aef44d7b94b605d68af794c/candidate_sql,unit_test_artifact,unittest_u3_public_smoke_dry_run_21a7309d9aef44d7b94b605d68af794c,unittest_u3_public_smoke_dry_run_21a7309d9aef44d7b94b605d68af794c,unit_test_artifact,unknown,0,0,no,no,empty_or_no_files,yes,low,no,unit-test artifact; not recommended as POCR route input
runs/user/unittest_u3_public_smoke_dry_run_2523453c50874f779cf66566b57df8f7/candidate_sql,unit_test_artifact,unittest_u3_public_smoke_dry_run_2523453c50874f779cf66566b57df8f7,unittest_u3_public_smoke_dry_run_2523453c50874f779cf66566b57df8f7,unit_test_artifact,unknown,0,0,no,no,empty_or_no_files,yes,low,no,unit-test artifact; not recommended as POCR route input
runs/user/unittest_u3_public_smoke_dry_run_2919bad91b0a49a2b14569b8fe1f3e7e/candidate_sql,unit_test_artifact,unittest_u3_public_smoke_dry_run_2919bad91b0a49a2b14569b8fe1f3e7e,unittest_u3_public_smoke_dry_run_2919bad91b0a49a2b14569b8fe1f3e7e,unit_test_artifact,unknown,0,0,no,no,empty_or_no_files,yes,low,no,unit-test artifact; not recommended as POCR route input
runs/user/unittest_u3_public_smoke_dry_run_298984da08844b3e8167d2fe56bc504b/candidate_sql,unit_test_artifact,unittest_u3_public_smoke_dry_run_298984da08844b3e8167d2fe56bc504b,unittest_u3_public_smoke_dry_run_298984da08844b3e8167d2fe56bc504b,unit_test_artifact,unknown,0,0,no,no,empty_or_no_files,yes,low,no,unit-test artifact; not recommended as POCR route input
runs/user/unittest_u3_public_smoke_dry_run_29fcc6c925d343debdbad8fbe5140192/candidate_sql,unit_test_artifact,unittest_u3_public_smoke_dry_run_29fcc6c925d343debdbad8fbe5140192,unittest_u3_public_smoke_dry_run_29fcc6c925d343debdbad8fbe5140192,unit_test_artifact,unknown,0,0,no,no,empty_or_no_files,yes,low,no,unit-test artifact; not recommended as POCR route input
runs/user/unittest_u3_public_smoke_dry_run_2afc55ad0848425e9f003e6de611aff9/candidate_sql,unit_test_artifact,unittest_u3_public_smoke_dry_run_2afc55ad0848425e9f003e6de611aff9,unittest_u3_public_smoke_dry_run_2afc55ad0848425e9f003e6de611aff9,unit_test_artifact,unknown,0,0,no,no,empty_or_no_files,yes,low,no,unit-test artifact; not recommended as POCR route input
runs/user/unittest_u3_public_smoke_dry_run_2bf8c964056e4552946fc8db97e342ae/candidate_sql,unit_test_artifact,unittest_u3_public_smoke_dry_run_2bf8c964056e4552946fc8db97e342ae,unittest_u3_public_smoke_dry_run_2bf8c964056e4552946fc8db97e342ae,unit_test_artifact,unknown,0,0,no,no,empty_or_no_files,yes,low,no,unit-test artifact; not recommended as POCR route input
runs/user/unittest_u3_public_smoke_dry_run_2e8962229f574553bb4954170f769742/candidate_sql,unit_test_artifact,unittest_u3_public_smoke_dry_run_2e8962229f574553bb4954170f769742,unittest_u3_public_smoke_dry_run_2e8962229f574553bb4954170f769742,unit_test_artifact,unknown,0,0,no,no,empty_or_no_files,yes,low,no,unit-test artifact; not recommended as POCR route input
runs/user/unittest_u3_public_smoke_dry_run_3247deabc3704a9f9af7e9fb0ebf2ead/candidate_sql,unit_test_artifact,unittest_u3_public_smoke_dry_run_3247deabc3704a9f9af7e9fb0ebf2ead,unittest_u3_public_smoke_dry_run_3247deabc3704a9f9af7e9fb0ebf2ead,unit_test_artifact,unknown,0,0,no,no,empty_or_no_files,yes,low,no,unit-test artifact; not recommended as POCR route input
runs/user/unittest_u3_public_smoke_dry_run_34155dcef33f49ed8aacf175fc04d10d/candidate_sql,unit_test_artifact,unittest_u3_public_smoke_dry_run_34155dcef33f49ed8aacf175fc04d10d,unittest_u3_public_smoke_dry_run_34155dcef33f49ed8aacf175fc04d10d,unit_test_artifact,unknown,0,0,no,no,empty_or_no_files,yes,low,no,unit-test artifact; not recommended as POCR route input
runs/user/unittest_u3_public_smoke_dry_run_368dbe892121497fbdfa014ab20112ea/candidate_sql,unit_test_artifact,unittest_u3_public_smoke_dry_run_368dbe892121497fbdfa014ab20112ea,unittest_u3_public_smoke_dry_run_368dbe892121497fbdfa014ab20112ea,unit_test_artifact,unknown,0,0,no,no,empty_or_no_files,yes,low,no,unit-test artifact; not recommended as POCR route input
runs/user/unittest_u3_public_smoke_dry_run_390df907c5d341e79aacc4196402d31c/candidate_sql,unit_test_artifact,unittest_u3_public_smoke_dry_run_390df907c5d341e79aacc4196402d31c,unittest_u3_public_smoke_dry_run_390df907c5d341e79aacc4196402d31c,unit_test_artifact,unknown,0,0,no,no,empty_or_no_files,yes,low,no,unit-test artifact; not recommended as POCR route input
runs/user/unittest_u3_public_smoke_dry_run_3a1873a889e14de481c8cca2a6be352d/candidate_sql,unit_test_artifact,unittest_u3_public_smoke_dry_run_3a1873a889e14de481c8cca2a6be352d,unittest_u3_public_smoke_dry_run_3a1873a889e14de481c8cca2a6be352d,unit_test_artifact,unknown,0,0,no,no,empty_or_no_files,yes,low,no,unit-test artifact; not recommended as POCR route input
runs/user/unittest_u3_public_smoke_dry_run_3cb821d0712642628761b8839df94736/candidate_sql,unit_test_artifact,unittest_u3_public_smoke_dry_run_3cb821d0712642628761b8839df94736,unittest_u3_public_smoke_dry_run_3cb821d0712642628761b8839df94736,unit_test_artifact,unknown,0,0,no,no,empty_or_no_files,yes,low,no,unit-test artifact; not recommended as POCR route input
runs/user/unittest_u3_public_smoke_dry_run_42bb77fc432749438499047b8522267b/candidate_sql,unit_test_artifact,unittest_u3_public_smoke_dry_run_42bb77fc432749438499047b8522267b,unittest_u3_public_smoke_dry_run_42bb77fc432749438499047b8522267b,unit_test_artifact,unknown,0,0,no,no,empty_or_no_files,yes,low,no,unit-test artifact; not recommended as POCR route input
runs/user/unittest_u3_public_smoke_dry_run_44f7853dcec148a8bdf6d2b85cca99d8/candidate_sql,unit_test_artifact,unittest_u3_public_smoke_dry_run_44f7853dcec148a8bdf6d2b85cca99d8,unittest_u3_public_smoke_dry_run_44f7853dcec148a8bdf6d2b85cca99d8,unit_test_artifact,unknown,0,0,no,no,empty_or_no_files,yes,low,no,unit-test artifact; not recommended as POCR route input
runs/user/unittest_u3_public_smoke_dry_run_4b46691d2583460aba95d091bd03a49f/candidate_sql,unit_test_artifact,unittest_u3_public_smoke_dry_run_4b46691d2583460aba95d091bd03a49f,unittest_u3_public_smoke_dry_run_4b46691d2583460aba95d091bd03a49f,unit_test_artifact,unknown,0,0,no,no,empty_or_no_files,yes,low,no,unit-test artifact; not recommended as POCR route input
runs/user/unittest_u3_public_smoke_dry_run_54df4888b2b44fb8b0543d3d9d7c33bf/candidate_sql,unit_test_artifact,unittest_u3_public_smoke_dry_run_54df4888b2b44fb8b0543d3d9d7c33bf,unittest_u3_public_smoke_dry_run_54df4888b2b44fb8b0543d3d9d7c33bf,unit_test_artifact,unknown,0,0,no,no,empty_or_no_files,yes,low,no,unit-test artifact; not recommended as POCR route input
runs/user/unittest_u3_public_smoke_dry_run_5648cfccda9d4c4c9a0eaf5ba6892dae/candidate_sql,unit_test_artifact,unittest_u3_public_smoke_dry_run_5648cfccda9d4c4c9a0eaf5ba6892dae,unittest_u3_public_smoke_dry_run_5648cfccda9d4c4c9a0eaf5ba6892dae,unit_test_artifact,unknown,0,0,no,no,empty_or_no_files,yes,low,no,unit-test artifact; not recommended as POCR route input
runs/user/unittest_u3_public_smoke_dry_run_590d8a27fee74689be2bc0046ced9d16/candidate_sql,unit_test_artifact,unittest_u3_public_smoke_dry_run_590d8a27fee74689be2bc0046ced9d16,unittest_u3_public_smoke_dry_run_590d8a27fee74689be2bc0046ced9d16,unit_test_artifact,unknown,0,0,no,no,empty_or_no_files,yes,low,no,unit-test artifact; not recommended as POCR route input
runs/user/unittest_u3_public_smoke_dry_run_5a602a5309b945718fd561323144651b/candidate_sql,unit_test_artifact,unittest_u3_public_smoke_dry_run_5a602a5309b945718fd561323144651b,unittest_u3_public_smoke_dry_run_5a602a5309b945718fd561323144651b,unit_test_artifact,unknown,0,0,no,no,empty_or_no_files,yes,low,no,unit-test artifact; not recommended as POCR route input
runs/user/unittest_u3_public_smoke_dry_run_5a667334811749dea10b32ba53405003/candidate_sql,unit_test_artifact,unittest_u3_public_smoke_dry_run_5a667334811749dea10b32ba53405003,unittest_u3_public_smoke_dry_run_5a667334811749dea10b32ba53405003,unit_test_artifact,unknown,0,0,no,no,empty_or_no_files,yes,low,no,unit-test artifact; not recommended as POCR route input
runs/user/unittest_u3_public_smoke_dry_run_5d119be842c347b1bc24fef58d7ec1c4/candidate_sql,unit_test_artifact,unittest_u3_public_smoke_dry_run_5d119be842c347b1bc24fef58d7ec1c4,unittest_u3_public_smoke_dry_run_5d119be842c347b1bc24fef58d7ec1c4,unit_test_artifact,unknown,0,0,no,no,empty_or_no_files,yes,low,no,unit-test artifact; not recommended as POCR route input
runs/user/unittest_u3_public_smoke_dry_run_5f6024d2c18c407697ca4b3bb4592dc1/candidate_sql,unit_test_artifact,unittest_u3_public_smoke_dry_run_5f6024d2c18c407697ca4b3bb4592dc1,unittest_u3_public_smoke_dry_run_5f6024d2c18c407697ca4b3bb4592dc1,unit_test_artifact,unknown,0,0,no,no,empty_or_no_files,yes,low,no,unit-test artifact; not recommended as POCR route input
runs/user/unittest_u3_public_smoke_dry_run_5f7ae0ea6dd246b28923f47f2a0a30fb/candidate_sql,unit_test_artifact,unittest_u3_public_smoke_dry_run_5f7ae0ea6dd246b28923f47f2a0a30fb,unittest_u3_public_smoke_dry_run_5f7ae0ea6dd246b28923f47f2a0a30fb,unit_test_artifact,unknown,0,0,no,no,empty_or_no_files,yes,low,no,unit-test artifact; not recommended as POCR route input
runs/user/unittest_u3_public_smoke_dry_run_61416e57668e4b77a4690f967ef9d251/candidate_sql,unit_test_artifact,unittest_u3_public_smoke_dry_run_61416e57668e4b77a4690f967ef9d251,unittest_u3_public_smoke_dry_run_61416e57668e4b77a4690f967ef9d251,unit_test_artifact,unknown,0,0,no,no,empty_or_no_files,yes,low,no,unit-test artifact; not recommended as POCR route input
runs/user/unittest_u3_public_smoke_dry_run_652fc03b223a4b7ba99a92cb87b64eb8/candidate_sql,unit_test_artifact,unittest_u3_public_smoke_dry_run_652fc03b223a4b7ba99a92cb87b64eb8,unittest_u3_public_smoke_dry_run_652fc03b223a4b7ba99a92cb87b64eb8,unit_test_artifact,unknown,0,0,no,no,empty_or_no_files,yes,low,no,unit-test artifact; not recommended as POCR route input
runs/user/unittest_u3_public_smoke_dry_run_653bfc384d6e4cd09aafbc3ed6b0b11c/candidate_sql,unit_test_artifact,unittest_u3_public_smoke_dry_run_653bfc384d6e4cd09aafbc3ed6b0b11c,unittest_u3_public_smoke_dry_run_653bfc384d6e4cd09aafbc3ed6b0b11c,unit_test_artifact,unknown,0,0,no,no,empty_or_no_files,yes,low,no,unit-test artifact; not recommended as POCR route input
runs/user/unittest_u3_public_smoke_dry_run_663869eaaa064984a88dd9cd75cfee8a/candidate_sql,unit_test_artifact,unittest_u3_public_smoke_dry_run_663869eaaa064984a88dd9cd75cfee8a,unittest_u3_public_smoke_dry_run_663869eaaa064984a88dd9cd75cfee8a,unit_test_artifact,unknown,0,0,no,no,empty_or_no_files,yes,low,no,unit-test artifact; not recommended as POCR route input
runs/user/unittest_u3_public_smoke_dry_run_748df72c58af43e49cf7264c49a71cdb/candidate_sql,unit_test_artifact,unittest_u3_public_smoke_dry_run_748df72c58af43e49cf7264c49a71cdb,unittest_u3_public_smoke_dry_run_748df72c58af43e49cf7264c49a71cdb,unit_test_artifact,unknown,0,0,no,no,empty_or_no_files,yes,low,no,unit-test artifact; not recommended as POCR route input
runs/user/unittest_u3_public_smoke_dry_run_749bc72bdb17463a974cc0a51dce8b76/candidate_sql,unit_test_artifact,unittest_u3_public_smoke_dry_run_749bc72bdb17463a974cc0a51dce8b76,unittest_u3_public_smoke_dry_run_749bc72bdb17463a974cc0a51dce8b76,unit_test_artifact,unknown,0,0,no,no,empty_or_no_files,yes,low,no,unit-test artifact; not recommended as POCR route input
runs/user/unittest_u3_public_smoke_dry_run_7562b84decb04ebd9117d20909b71120/candidate_sql,unit_test_artifact,unittest_u3_public_smoke_dry_run_7562b84decb04ebd9117d20909b71120,unittest_u3_public_smoke_dry_run_7562b84decb04ebd9117d20909b71120,unit_test_artifact,unknown,0,0,no,no,empty_or_no_files,yes,low,no,unit-test artifact; not recommended as POCR route input
runs/user/unittest_u3_public_smoke_dry_run_76aea9a025124fe98ba8192a15fdb5d4/candidate_sql,unit_test_artifact,unittest_u3_public_smoke_dry_run_76aea9a025124fe98ba8192a15fdb5d4,unittest_u3_public_smoke_dry_run_76aea9a025124fe98ba8192a15fdb5d4,unit_test_artifact,unknown,0,0,no,no,empty_or_no_files,yes,low,no,unit-test artifact; not recommended as POCR route input
runs/user/unittest_u3_public_smoke_dry_run_7d8b642bf5434ed483f58eeffc990163/candidate_sql,unit_test_artifact,unittest_u3_public_smoke_dry_run_7d8b642bf5434ed483f58eeffc990163,unittest_u3_public_smoke_dry_run_7d8b642bf5434ed483f58eeffc990163,unit_test_artifact,unknown,0,0,no,no,empty_or_no_files,yes,low,no,unit-test artifact; not recommended as POCR route input
runs/user/unittest_u3_public_smoke_dry_run_7ddb1ef3efbd4bc3a84e0ba625bd2d18/candidate_sql,unit_test_artifact,unittest_u3_public_smoke_dry_run_7ddb1ef3efbd4bc3a84e0ba625bd2d18,unittest_u3_public_smoke_dry_run_7ddb1ef3efbd4bc3a84e0ba625bd2d18,unit_test_artifact,unknown,0,0,no,no,empty_or_no_files,yes,low,no,unit-test artifact; not recommended as POCR route input
runs/user/unittest_u3_public_smoke_dry_run_80fb59489d1b433bb7e0e945e4543d98/candidate_sql,unit_test_artifact,unittest_u3_public_smoke_dry_run_80fb59489d1b433bb7e0e945e4543d98,unittest_u3_public_smoke_dry_run_80fb59489d1b433bb7e0e945e4543d98,unit_test_artifact,unknown,0,0,no,no,empty_or_no_files,yes,low,no,unit-test artifact; not recommended as POCR route input
runs/user/unittest_u3_public_smoke_dry_run_81bfd7f97c144a1c841dd9184eeb4cd0/candidate_sql,unit_test_artifact,unittest_u3_public_smoke_dry_run_81bfd7f97c144a1c841dd9184eeb4cd0,unittest_u3_public_smoke_dry_run_81bfd7f97c144a1c841dd9184eeb4cd0,unit_test_artifact,unknown,0,0,no,no,empty_or_no_files,yes,low,no,unit-test artifact; not recommended as POCR route input
runs/user/unittest_u3_public_smoke_dry_run_81e6dc66a9ec4ce78a444150a515ec8b/candidate_sql,unit_test_artifact,unittest_u3_public_smoke_dry_run_81e6dc66a9ec4ce78a444150a515ec8b,unittest_u3_public_smoke_dry_run_81e6dc66a9ec4ce78a444150a515ec8b,unit_test_artifact,unknown,0,0,no,no,empty_or_no_files,yes,low,no,unit-test artifact; not recommended as POCR route input
runs/user/unittest_u3_public_smoke_dry_run_83f68ea4452e4e46aafecea77da5881b/candidate_sql,unit_test_artifact,unittest_u3_public_smoke_dry_run_83f68ea4452e4e46aafecea77da5881b,unittest_u3_public_smoke_dry_run_83f68ea4452e4e46aafecea77da5881b,unit_test_artifact,unknown,0,0,no,no,empty_or_no_files,yes,low,no,unit-test artifact; not recommended as POCR route input
runs/user/unittest_u3_public_smoke_dry_run_842ed610301d4b8fac6ea91793bed0cd/candidate_sql,unit_test_artifact,unittest_u3_public_smoke_dry_run_842ed610301d4b8fac6ea91793bed0cd,unittest_u3_public_smoke_dry_run_842ed610301d4b8fac6ea91793bed0cd,unit_test_artifact,unknown,0,0,no,no,empty_or_no_files,yes,low,no,unit-test artifact; not recommended as POCR route input
runs/user/unittest_u3_public_smoke_dry_run_8575adc58ec4460282c853a83b85c469/candidate_sql,unit_test_artifact,unittest_u3_public_smoke_dry_run_8575adc58ec4460282c853a83b85c469,unittest_u3_public_smoke_dry_run_8575adc58ec4460282c853a83b85c469,unit_test_artifact,unknown,0,0,no,no,empty_or_no_files,yes,low,no,unit-test artifact; not recommended as POCR route input
runs/user/unittest_u3_public_smoke_dry_run_863fe559352a4abfacf571dde9927ad9/candidate_sql,unit_test_artifact,unittest_u3_public_smoke_dry_run_863fe559352a4abfacf571dde9927ad9,unittest_u3_public_smoke_dry_run_863fe559352a4abfacf571dde9927ad9,unit_test_artifact,unknown,0,0,no,no,empty_or_no_files,yes,low,no,unit-test artifact; not recommended as POCR route input
runs/user/unittest_u3_public_smoke_dry_run_873ab87697654205a4664e85fb2e0d8f/candidate_sql,unit_test_artifact,unittest_u3_public_smoke_dry_run_873ab87697654205a4664e85fb2e0d8f,unittest_u3_public_smoke_dry_run_873ab87697654205a4664e85fb2e0d8f,unit_test_artifact,unknown,0,0,no,no,empty_or_no_files,yes,low,no,unit-test artifact; not recommended as POCR route input
runs/user/unittest_u3_public_smoke_dry_run_8bc704777bb94afe847cad236c9e8950/candidate_sql,unit_test_artifact,unittest_u3_public_smoke_dry_run_8bc704777bb94afe847cad236c9e8950,unittest_u3_public_smoke_dry_run_8bc704777bb94afe847cad236c9e8950,unit_test_artifact,unknown,0,0,no,no,empty_or_no_files,yes,low,no,unit-test artifact; not recommended as POCR route input
runs/user/unittest_u3_public_smoke_dry_run_8e360bfad5a74956956e3cfd8ea35895/candidate_sql,unit_test_artifact,unittest_u3_public_smoke_dry_run_8e360bfad5a74956956e3cfd8ea35895,unittest_u3_public_smoke_dry_run_8e360bfad5a74956956e3cfd8ea35895,unit_test_artifact,unknown,0,0,no,no,empty_or_no_files,yes,low,no,unit-test artifact; not recommended as POCR route input
runs/user/unittest_u3_public_smoke_dry_run_8efc78f29dba4871be05d24c4c6cf1d6/candidate_sql,unit_test_artifact,unittest_u3_public_smoke_dry_run_8efc78f29dba4871be05d24c4c6cf1d6,unittest_u3_public_smoke_dry_run_8efc78f29dba4871be05d24c4c6cf1d6,unit_test_artifact,unknown,0,0,no,no,empty_or_no_files,yes,low,no,unit-test artifact; not recommended as POCR route input
runs/user/unittest_u3_public_smoke_dry_run_8fa7202a1d0242a5a804053755c8f92c/candidate_sql,unit_test_artifact,unittest_u3_public_smoke_dry_run_8fa7202a1d0242a5a804053755c8f92c,unittest_u3_public_smoke_dry_run_8fa7202a1d0242a5a804053755c8f92c,unit_test_artifact,unknown,0,0,no,no,empty_or_no_files,yes,low,no,unit-test artifact; not recommended as POCR route input
runs/user/unittest_u3_public_smoke_dry_run_94570e06a64c4da597c7e9fa20e32b72/candidate_sql,unit_test_artifact,unittest_u3_public_smoke_dry_run_94570e06a64c4da597c7e9fa20e32b72,unittest_u3_public_smoke_dry_run_94570e06a64c4da597c7e9fa20e32b72,unit_test_artifact,unknown,0,0,no,no,empty_or_no_files,yes,low,no,unit-test artifact; not recommended as POCR route input
runs/user/unittest_u3_public_smoke_dry_run_95655deb200444a081fd82f726f9674d/candidate_sql,unit_test_artifact,unittest_u3_public_smoke_dry_run_95655deb200444a081fd82f726f9674d,unittest_u3_public_smoke_dry_run_95655deb200444a081fd82f726f9674d,unit_test_artifact,unknown,0,0,no,no,empty_or_no_files,yes,low,no,unit-test artifact; not recommended as POCR route input
runs/user/unittest_u3_public_smoke_dry_run_9a251bfde9d6449fa26ef72d1a45c000/candidate_sql,unit_test_artifact,unittest_u3_public_smoke_dry_run_9a251bfde9d6449fa26ef72d1a45c000,unittest_u3_public_smoke_dry_run_9a251bfde9d6449fa26ef72d1a45c000,unit_test_artifact,unknown,0,0,no,no,empty_or_no_files,yes,low,no,unit-test artifact; not recommended as POCR route input
runs/user/unittest_u3_public_smoke_dry_run_9afd8862fa8740baa62620c916d1d6c2/candidate_sql,unit_test_artifact,unittest_u3_public_smoke_dry_run_9afd8862fa8740baa62620c916d1d6c2,unittest_u3_public_smoke_dry_run_9afd8862fa8740baa62620c916d1d6c2,unit_test_artifact,unknown,0,0,no,no,empty_or_no_files,yes,low,no,unit-test artifact; not recommended as POCR route input
runs/user/unittest_u3_public_smoke_dry_run_a09acb7e289b4b9da632a13cba558e25/candidate_sql,unit_test_artifact,unittest_u3_public_smoke_dry_run_a09acb7e289b4b9da632a13cba558e25,unittest_u3_public_smoke_dry_run_a09acb7e289b4b9da632a13cba558e25,unit_test_artifact,unknown,0,0,no,no,empty_or_no_files,yes,low,no,unit-test artifact; not recommended as POCR route input
runs/user/unittest_u3_public_smoke_dry_run_a6ef4a2a24764d4a8fe75b5b350bb1c7/candidate_sql,unit_test_artifact,unittest_u3_public_smoke_dry_run_a6ef4a2a24764d4a8fe75b5b350bb1c7,unittest_u3_public_smoke_dry_run_a6ef4a2a24764d4a8fe75b5b350bb1c7,unit_test_artifact,unknown,0,0,no,no,empty_or_no_files,yes,low,no,unit-test artifact; not recommended as POCR route input
runs/user/unittest_u3_public_smoke_dry_run_aa48db77724840369b79c69f012e190b/candidate_sql,unit_test_artifact,unittest_u3_public_smoke_dry_run_aa48db77724840369b79c69f012e190b,unittest_u3_public_smoke_dry_run_aa48db77724840369b79c69f012e190b,unit_test_artifact,unknown,0,0,no,no,empty_or_no_files,yes,low,no,unit-test artifact; not recommended as POCR route input
runs/user/unittest_u3_public_smoke_dry_run_acef4396f4e0403db757c99b5ea36744/candidate_sql,unit_test_artifact,unittest_u3_public_smoke_dry_run_acef4396f4e0403db757c99b5ea36744,unittest_u3_public_smoke_dry_run_acef4396f4e0403db757c99b5ea36744,unit_test_artifact,unknown,0,0,no,no,empty_or_no_files,yes,low,no,unit-test artifact; not recommended as POCR route input
runs/user/unittest_u3_public_smoke_dry_run_adb6066cfade42ac810bae22d442b128/candidate_sql,unit_test_artifact,unittest_u3_public_smoke_dry_run_adb6066cfade42ac810bae22d442b128,unittest_u3_public_smoke_dry_run_adb6066cfade42ac810bae22d442b128,unit_test_artifact,unknown,0,0,no,no,empty_or_no_files,yes,low,no,unit-test artifact; not recommended as POCR route input
runs/user/unittest_u3_public_smoke_dry_run_b22074175b984d019cec5193fa5b7ffe/candidate_sql,unit_test_artifact,unittest_u3_public_smoke_dry_run_b22074175b984d019cec5193fa5b7ffe,unittest_u3_public_smoke_dry_run_b22074175b984d019cec5193fa5b7ffe,unit_test_artifact,unknown,0,0,no,no,empty_or_no_files,yes,low,no,unit-test artifact; not recommended as POCR route input
runs/user/unittest_u3_public_smoke_dry_run_b365427290b04809ba10ac5a46930f51/candidate_sql,unit_test_artifact,unittest_u3_public_smoke_dry_run_b365427290b04809ba10ac5a46930f51,unittest_u3_public_smoke_dry_run_b365427290b04809ba10ac5a46930f51,unit_test_artifact,unknown,0,0,no,no,empty_or_no_files,yes,low,no,unit-test artifact; not recommended as POCR route input
runs/user/unittest_u3_public_smoke_dry_run_b5b3ce78dd8f42b59bc268e63da3ec72/candidate_sql,unit_test_artifact,unittest_u3_public_smoke_dry_run_b5b3ce78dd8f42b59bc268e63da3ec72,unittest_u3_public_smoke_dry_run_b5b3ce78dd8f42b59bc268e63da3ec72,unit_test_artifact,unknown,0,0,no,no,empty_or_no_files,yes,low,no,unit-test artifact; not recommended as POCR route input
runs/user/unittest_u3_public_smoke_dry_run_bc24f8ed3567463c9df4fdff363b3699/candidate_sql,unit_test_artifact,unittest_u3_public_smoke_dry_run_bc24f8ed3567463c9df4fdff363b3699,unittest_u3_public_smoke_dry_run_bc24f8ed3567463c9df4fdff363b3699,unit_test_artifact,unknown,0,0,no,no,empty_or_no_files,yes,low,no,unit-test artifact; not recommended as POCR route input
runs/user/unittest_u3_public_smoke_dry_run_bcaeb8ab3f8c40cd9d74357ddfce6b3b/candidate_sql,unit_test_artifact,unittest_u3_public_smoke_dry_run_bcaeb8ab3f8c40cd9d74357ddfce6b3b,unittest_u3_public_smoke_dry_run_bcaeb8ab3f8c40cd9d74357ddfce6b3b,unit_test_artifact,unknown,0,0,no,no,empty_or_no_files,yes,low,no,unit-test artifact; not recommended as POCR route input
runs/user/unittest_u3_public_smoke_dry_run_be0a4d4c2f3c492c88913a21b3949082/candidate_sql,unit_test_artifact,unittest_u3_public_smoke_dry_run_be0a4d4c2f3c492c88913a21b3949082,unittest_u3_public_smoke_dry_run_be0a4d4c2f3c492c88913a21b3949082,unit_test_artifact,unknown,0,0,no,no,empty_or_no_files,yes,low,no,unit-test artifact; not recommended as POCR route input
runs/user/unittest_u3_public_smoke_dry_run_bf78e7f0e88344b8a9475f534a061e16/candidate_sql,unit_test_artifact,unittest_u3_public_smoke_dry_run_bf78e7f0e88344b8a9475f534a061e16,unittest_u3_public_smoke_dry_run_bf78e7f0e88344b8a9475f534a061e16,unit_test_artifact,unknown,0,0,no,no,empty_or_no_files,yes,low,no,unit-test artifact; not recommended as POCR route input
runs/user/unittest_u3_public_smoke_dry_run_bfb7e4d35d884359968041c57e09a52b/candidate_sql,unit_test_artifact,unittest_u3_public_smoke_dry_run_bfb7e4d35d884359968041c57e09a52b,unittest_u3_public_smoke_dry_run_bfb7e4d35d884359968041c57e09a52b,unit_test_artifact,unknown,0,0,no,no,empty_or_no_files,yes,low,no,unit-test artifact; not recommended as POCR route input
runs/user/unittest_u3_public_smoke_dry_run_c53c322eae734d17b5c29c5bd4563ed1/candidate_sql,unit_test_artifact,unittest_u3_public_smoke_dry_run_c53c322eae734d17b5c29c5bd4563ed1,unittest_u3_public_smoke_dry_run_c53c322eae734d17b5c29c5bd4563ed1,unit_test_artifact,unknown,0,0,no,no,empty_or_no_files,yes,low,no,unit-test artifact; not recommended as POCR route input
runs/user/unittest_u3_public_smoke_dry_run_c6320daa64b6438db0664e633515c4f3/candidate_sql,unit_test_artifact,unittest_u3_public_smoke_dry_run_c6320daa64b6438db0664e633515c4f3,unittest_u3_public_smoke_dry_run_c6320daa64b6438db0664e633515c4f3,unit_test_artifact,unknown,0,0,no,no,empty_or_no_files,yes,low,no,unit-test artifact; not recommended as POCR route input
runs/user/unittest_u3_public_smoke_dry_run_c7718aba3f334adf8e136c01199e132e/candidate_sql,unit_test_artifact,unittest_u3_public_smoke_dry_run_c7718aba3f334adf8e136c01199e132e,unittest_u3_public_smoke_dry_run_c7718aba3f334adf8e136c01199e132e,unit_test_artifact,unknown,0,0,no,no,empty_or_no_files,yes,low,no,unit-test artifact; not recommended as POCR route input
runs/user/unittest_u3_public_smoke_dry_run_ca68ab7c586945ccbe099d855fc26818/candidate_sql,unit_test_artifact,unittest_u3_public_smoke_dry_run_ca68ab7c586945ccbe099d855fc26818,unittest_u3_public_smoke_dry_run_ca68ab7c586945ccbe099d855fc26818,unit_test_artifact,unknown,0,0,no,no,empty_or_no_files,yes,low,no,unit-test artifact; not recommended as POCR route input
runs/user/unittest_u3_public_smoke_dry_run_cd28b93678ea42f59b1c91238c3c029a/candidate_sql,unit_test_artifact,unittest_u3_public_smoke_dry_run_cd28b93678ea42f59b1c91238c3c029a,unittest_u3_public_smoke_dry_run_cd28b93678ea42f59b1c91238c3c029a,unit_test_artifact,unknown,0,0,no,no,empty_or_no_files,yes,low,no,unit-test artifact; not recommended as POCR route input
runs/user/unittest_u3_public_smoke_dry_run_ce5f11adfe9d42dbb31b92423c6416af/candidate_sql,unit_test_artifact,unittest_u3_public_smoke_dry_run_ce5f11adfe9d42dbb31b92423c6416af,unittest_u3_public_smoke_dry_run_ce5f11adfe9d42dbb31b92423c6416af,unit_test_artifact,unknown,0,0,no,no,empty_or_no_files,yes,low,no,unit-test artifact; not recommended as POCR route input
runs/user/unittest_u3_public_smoke_dry_run_d19cdc1658994134bfe385cd1acd7a44/candidate_sql,unit_test_artifact,unittest_u3_public_smoke_dry_run_d19cdc1658994134bfe385cd1acd7a44,unittest_u3_public_smoke_dry_run_d19cdc1658994134bfe385cd1acd7a44,unit_test_artifact,unknown,0,0,no,no,empty_or_no_files,yes,low,no,unit-test artifact; not recommended as POCR route input
runs/user/unittest_u3_public_smoke_dry_run_d7008b4811504b80bee0a4886bdb7f12/candidate_sql,unit_test_artifact,unittest_u3_public_smoke_dry_run_d7008b4811504b80bee0a4886bdb7f12,unittest_u3_public_smoke_dry_run_d7008b4811504b80bee0a4886bdb7f12,unit_test_artifact,unknown,0,0,no,no,empty_or_no_files,yes,low,no,unit-test artifact; not recommended as POCR route input
runs/user/unittest_u3_public_smoke_dry_run_d8602e667bff47be9538ec7f63f24518/candidate_sql,unit_test_artifact,unittest_u3_public_smoke_dry_run_d8602e667bff47be9538ec7f63f24518,unittest_u3_public_smoke_dry_run_d8602e667bff47be9538ec7f63f24518,unit_test_artifact,unknown,0,0,no,no,empty_or_no_files,yes,low,no,unit-test artifact; not recommended as POCR route input
runs/user/unittest_u3_public_smoke_dry_run_d96dfde735b84bf89119b2547bf7104d/candidate_sql,unit_test_artifact,unittest_u3_public_smoke_dry_run_d96dfde735b84bf89119b2547bf7104d,unittest_u3_public_smoke_dry_run_d96dfde735b84bf89119b2547bf7104d,unit_test_artifact,unknown,0,0,no,no,empty_or_no_files,yes,low,no,unit-test artifact; not recommended as POCR route input
runs/user/unittest_u3_public_smoke_dry_run_dbcc64ff6bd74db1bf889524556d3c5b/candidate_sql,unit_test_artifact,unittest_u3_public_smoke_dry_run_dbcc64ff6bd74db1bf889524556d3c5b,unittest_u3_public_smoke_dry_run_dbcc64ff6bd74db1bf889524556d3c5b,unit_test_artifact,unknown,0,0,no,no,empty_or_no_files,yes,low,no,unit-test artifact; not recommended as POCR route input
runs/user/unittest_u3_public_smoke_dry_run_de2e562c7bf84a9286cb136bbdc6e47a/candidate_sql,unit_test_artifact,unittest_u3_public_smoke_dry_run_de2e562c7bf84a9286cb136bbdc6e47a,unittest_u3_public_smoke_dry_run_de2e562c7bf84a9286cb136bbdc6e47a,unit_test_artifact,unknown,0,0,no,no,empty_or_no_files,yes,low,no,unit-test artifact; not recommended as POCR route input
runs/user/unittest_u3_public_smoke_dry_run_dfc34e0028b64435a4d3fc3a4dac73e1/candidate_sql,unit_test_artifact,unittest_u3_public_smoke_dry_run_dfc34e0028b64435a4d3fc3a4dac73e1,unittest_u3_public_smoke_dry_run_dfc34e0028b64435a4d3fc3a4dac73e1,unit_test_artifact,unknown,0,0,no,no,empty_or_no_files,yes,low,no,unit-test artifact; not recommended as POCR route input
runs/user/unittest_u3_public_smoke_dry_run_e2ae22e354e148bfbb06737a3a0f5025/candidate_sql,unit_test_artifact,unittest_u3_public_smoke_dry_run_e2ae22e354e148bfbb06737a3a0f5025,unittest_u3_public_smoke_dry_run_e2ae22e354e148bfbb06737a3a0f5025,unit_test_artifact,unknown,0,0,no,no,empty_or_no_files,yes,low,no,unit-test artifact; not recommended as POCR route input
runs/user/unittest_u3_public_smoke_dry_run_e43870be9d0043cca9e2e49ec2568e31/candidate_sql,unit_test_artifact,unittest_u3_public_smoke_dry_run_e43870be9d0043cca9e2e49ec2568e31,unittest_u3_public_smoke_dry_run_e43870be9d0043cca9e2e49ec2568e31,unit_test_artifact,unknown,0,0,no,no,empty_or_no_files,yes,low,no,unit-test artifact; not recommended as POCR route input
runs/user/unittest_u3_public_smoke_dry_run_e488c7057e3e4d85bc8e7c5b5bb24237/candidate_sql,unit_test_artifact,unittest_u3_public_smoke_dry_run_e488c7057e3e4d85bc8e7c5b5bb24237,unittest_u3_public_smoke_dry_run_e488c7057e3e4d85bc8e7c5b5bb24237,unit_test_artifact,unknown,0,0,no,no,empty_or_no_files,yes,low,no,unit-test artifact; not recommended as POCR route input
runs/user/unittest_u3_public_smoke_dry_run_e4ed389693a94224a2930efdce9d2689/candidate_sql,unit_test_artifact,unittest_u3_public_smoke_dry_run_e4ed389693a94224a2930efdce9d2689,unittest_u3_public_smoke_dry_run_e4ed389693a94224a2930efdce9d2689,unit_test_artifact,unknown,0,0,no,no,empty_or_no_files,yes,low,no,unit-test artifact; not recommended as POCR route input
runs/user/unittest_u3_public_smoke_dry_run_e505e13444f14061a16ac2bc2e0bc68b/candidate_sql,unit_test_artifact,unittest_u3_public_smoke_dry_run_e505e13444f14061a16ac2bc2e0bc68b,unittest_u3_public_smoke_dry_run_e505e13444f14061a16ac2bc2e0bc68b,unit_test_artifact,unknown,0,0,no,no,empty_or_no_files,yes,low,no,unit-test artifact; not recommended as POCR route input
runs/user/unittest_u3_public_smoke_dry_run_e55b421aa628441cbaf9b2773f19cb81/candidate_sql,unit_test_artifact,unittest_u3_public_smoke_dry_run_e55b421aa628441cbaf9b2773f19cb81,unittest_u3_public_smoke_dry_run_e55b421aa628441cbaf9b2773f19cb81,unit_test_artifact,unknown,0,0,no,no,empty_or_no_files,yes,low,no,unit-test artifact; not recommended as POCR route input
runs/user/unittest_u3_public_smoke_dry_run_e63cd40f4d2e465f9739e610ba8d9759/candidate_sql,unit_test_artifact,unittest_u3_public_smoke_dry_run_e63cd40f4d2e465f9739e610ba8d9759,unittest_u3_public_smoke_dry_run_e63cd40f4d2e465f9739e610ba8d9759,unit_test_artifact,unknown,0,0,no,no,empty_or_no_files,yes,low,no,unit-test artifact; not recommended as POCR route input
runs/user/unittest_u3_public_smoke_dry_run_e8590172f12a4bee9d9eddbe9f558b29/candidate_sql,unit_test_artifact,unittest_u3_public_smoke_dry_run_e8590172f12a4bee9d9eddbe9f558b29,unittest_u3_public_smoke_dry_run_e8590172f12a4bee9d9eddbe9f558b29,unit_test_artifact,unknown,0,0,no,no,empty_or_no_files,yes,low,no,unit-test artifact; not recommended as POCR route input
runs/user/unittest_u3_public_smoke_dry_run_e90f82bc22884cca9e75e38975aeb336/candidate_sql,unit_test_artifact,unittest_u3_public_smoke_dry_run_e90f82bc22884cca9e75e38975aeb336,unittest_u3_public_smoke_dry_run_e90f82bc22884cca9e75e38975aeb336,unit_test_artifact,unknown,0,0,no,no,empty_or_no_files,yes,low,no,unit-test artifact; not recommended as POCR route input
runs/user/unittest_u3_public_smoke_dry_run_f130dfaab04c4268bc97e97d0ef0b992/candidate_sql,unit_test_artifact,unittest_u3_public_smoke_dry_run_f130dfaab04c4268bc97e97d0ef0b992,unittest_u3_public_smoke_dry_run_f130dfaab04c4268bc97e97d0ef0b992,unit_test_artifact,unknown,0,0,no,no,empty_or_no_files,yes,low,no,unit-test artifact; not recommended as POCR route input
runs/user/unittest_u3_public_smoke_dry_run_f6585616ff87405ca831527243acdfe7/candidate_sql,unit_test_artifact,unittest_u3_public_smoke_dry_run_f6585616ff87405ca831527243acdfe7,unittest_u3_public_smoke_dry_run_f6585616ff87405ca831527243acdfe7,unit_test_artifact,unknown,0,0,no,no,empty_or_no_files,yes,low,no,unit-test artifact; not recommended as POCR route input
runs/user/unittest_u3_public_smoke_dry_run_ffea54d20e474d2185d7b8eb7ade4798/candidate_sql,unit_test_artifact,unittest_u3_public_smoke_dry_run_ffea54d20e474d2185d7b8eb7ade4798,unittest_u3_public_smoke_dry_run_ffea54d20e474d2185d7b8eb7ade4798,unit_test_artifact,unknown,0,0,no,no,empty_or_no_files,yes,low,no,unit-test artifact; not recommended as POCR route input
runs/user/unittest_u3_public_smoke_preflight_00663c97c9644c49b1d40bb32cf60577/candidate_sql,unit_test_artifact,unittest_u3_public_smoke_preflight_00663c97c9644c49b1d40bb32cf60577,unittest_u3_public_smoke_preflight_00663c97c9644c49b1d40bb32cf60577,unit_test_artifact,postgres,2,2,no,no,case_engine_suffix_sql,yes,low,no,unit-test artifact; not recommended as POCR route input
runs/user/unittest_u3_public_smoke_preflight_019cc117771d47428c463f35edcc868c/candidate_sql,unit_test_artifact,unittest_u3_public_smoke_preflight_019cc117771d47428c463f35edcc868c,unittest_u3_public_smoke_preflight_019cc117771d47428c463f35edcc868c,unit_test_artifact,postgres,2,2,no,no,case_engine_suffix_sql,yes,low,no,unit-test artifact; not recommended as POCR route input
runs/user/unittest_u3_public_smoke_preflight_02d4110dbda145bda94b7c718be34c50/candidate_sql,unit_test_artifact,unittest_u3_public_smoke_preflight_02d4110dbda145bda94b7c718be34c50,unittest_u3_public_smoke_preflight_02d4110dbda145bda94b7c718be34c50,unit_test_artifact,postgres,2,2,no,no,case_engine_suffix_sql,yes,low,no,unit-test artifact; not recommended as POCR route input
runs/user/unittest_u3_public_smoke_preflight_04f329c5ddc8457e88a90e20c7a73b3f/candidate_sql,unit_test_artifact,unittest_u3_public_smoke_preflight_04f329c5ddc8457e88a90e20c7a73b3f,unittest_u3_public_smoke_preflight_04f329c5ddc8457e88a90e20c7a73b3f,unit_test_artifact,postgres,2,2,no,no,case_engine_suffix_sql,yes,low,no,unit-test artifact; not recommended as POCR route input
runs/user/unittest_u3_public_smoke_preflight_07c2f4918c294e1ea5f781fe579d34a9/candidate_sql,unit_test_artifact,unittest_u3_public_smoke_preflight_07c2f4918c294e1ea5f781fe579d34a9,unittest_u3_public_smoke_preflight_07c2f4918c294e1ea5f781fe579d34a9,unit_test_artifact,postgres,2,2,no,no,case_engine_suffix_sql,yes,low,no,unit-test artifact; not recommended as POCR route input
runs/user/unittest_u3_public_smoke_preflight_0ab667ff0be94eeaa88d30373ad1cf0b/candidate_sql,unit_test_artifact,unittest_u3_public_smoke_preflight_0ab667ff0be94eeaa88d30373ad1cf0b,unittest_u3_public_smoke_preflight_0ab667ff0be94eeaa88d30373ad1cf0b,unit_test_artifact,postgres,2,2,no,no,case_engine_suffix_sql,yes,low,no,unit-test artifact; not recommended as POCR route input
runs/user/unittest_u3_public_smoke_preflight_0e841e5958ba40e2b62b2dc01cf16822/candidate_sql,unit_test_artifact,unittest_u3_public_smoke_preflight_0e841e5958ba40e2b62b2dc01cf16822,unittest_u3_public_smoke_preflight_0e841e5958ba40e2b62b2dc01cf16822,unit_test_artifact,postgres,2,2,no,no,case_engine_suffix_sql,yes,low,no,unit-test artifact; not recommended as POCR route input
runs/user/unittest_u3_public_smoke_preflight_0f99bed0d5ce454ab317781702eb4b4b/candidate_sql,unit_test_artifact,unittest_u3_public_smoke_preflight_0f99bed0d5ce454ab317781702eb4b4b,unittest_u3_public_smoke_preflight_0f99bed0d5ce454ab317781702eb4b4b,unit_test_artifact,postgres,2,2,no,no,case_engine_suffix_sql,yes,low,no,unit-test artifact; not recommended as POCR route input
runs/user/unittest_u3_public_smoke_preflight_113d681aa4b5459ca9e596a04f773098/candidate_sql,unit_test_artifact,unittest_u3_public_smoke_preflight_113d681aa4b5459ca9e596a04f773098,unittest_u3_public_smoke_preflight_113d681aa4b5459ca9e596a04f773098,unit_test_artifact,postgres,2,2,no,no,case_engine_suffix_sql,yes,low,no,unit-test artifact; not recommended as POCR route input
runs/user/unittest_u3_public_smoke_preflight_152e6711e884401889fbd4d0acff3c4f/candidate_sql,unit_test_artifact,unittest_u3_public_smoke_preflight_152e6711e884401889fbd4d0acff3c4f,unittest_u3_public_smoke_preflight_152e6711e884401889fbd4d0acff3c4f,unit_test_artifact,postgres,2,2,no,no,case_engine_suffix_sql,yes,low,no,unit-test artifact; not recommended as POCR route input
runs/user/unittest_u3_public_smoke_preflight_15a7e82af8b64ad69845f19dbdba77ca/candidate_sql,unit_test_artifact,unittest_u3_public_smoke_preflight_15a7e82af8b64ad69845f19dbdba77ca,unittest_u3_public_smoke_preflight_15a7e82af8b64ad69845f19dbdba77ca,unit_test_artifact,postgres,2,2,no,no,case_engine_suffix_sql,yes,low,no,unit-test artifact; not recommended as POCR route input
runs/user/unittest_u3_public_smoke_preflight_1e0bcdc95d994d23aad3d29035c56051/candidate_sql,unit_test_artifact,unittest_u3_public_smoke_preflight_1e0bcdc95d994d23aad3d29035c56051,unittest_u3_public_smoke_preflight_1e0bcdc95d994d23aad3d29035c56051,unit_test_artifact,postgres,2,2,no,no,case_engine_suffix_sql,yes,low,no,unit-test artifact; not recommended as POCR route input
runs/user/unittest_u3_public_smoke_preflight_1e907e062a874282bd2fee353bc63ed1/candidate_sql,unit_test_artifact,unittest_u3_public_smoke_preflight_1e907e062a874282bd2fee353bc63ed1,unittest_u3_public_smoke_preflight_1e907e062a874282bd2fee353bc63ed1,unit_test_artifact,postgres,2,2,no,no,case_engine_suffix_sql,yes,low,no,unit-test artifact; not recommended as POCR route input
runs/user/unittest_u3_public_smoke_preflight_26c21e866b534d45bb5bda56730de297/candidate_sql,unit_test_artifact,unittest_u3_public_smoke_preflight_26c21e866b534d45bb5bda56730de297,unittest_u3_public_smoke_preflight_26c21e866b534d45bb5bda56730de297,unit_test_artifact,postgres,2,2,no,no,case_engine_suffix_sql,yes,low,no,unit-test artifact; not recommended as POCR route input
runs/user/unittest_u3_public_smoke_preflight_26c78aa2344249309875d9169aae3903/candidate_sql,unit_test_artifact,unittest_u3_public_smoke_preflight_26c78aa2344249309875d9169aae3903,unittest_u3_public_smoke_preflight_26c78aa2344249309875d9169aae3903,unit_test_artifact,postgres,2,2,no,no,case_engine_suffix_sql,yes,low,no,unit-test artifact; not recommended as POCR route input
runs/user/unittest_u3_public_smoke_preflight_2960d6ef9c224e97adf65d5a639c49f2/candidate_sql,unit_test_artifact,unittest_u3_public_smoke_preflight_2960d6ef9c224e97adf65d5a639c49f2,unittest_u3_public_smoke_preflight_2960d6ef9c224e97adf65d5a639c49f2,unit_test_artifact,postgres,2,2,no,no,case_engine_suffix_sql,yes,low,no,unit-test artifact; not recommended as POCR route input
runs/user/unittest_u3_public_smoke_preflight_2aeed56c870649c5940d8be7709d95f7/candidate_sql,unit_test_artifact,unittest_u3_public_smoke_preflight_2aeed56c870649c5940d8be7709d95f7,unittest_u3_public_smoke_preflight_2aeed56c870649c5940d8be7709d95f7,unit_test_artifact,postgres,2,2,no,no,case_engine_suffix_sql,yes,low,no,unit-test artifact; not recommended as POCR route input
runs/user/unittest_u3_public_smoke_preflight_2f5b1cc8d1e24f24bd02663733202e1b/candidate_sql,unit_test_artifact,unittest_u3_public_smoke_preflight_2f5b1cc8d1e24f24bd02663733202e1b,unittest_u3_public_smoke_preflight_2f5b1cc8d1e24f24bd02663733202e1b,unit_test_artifact,postgres,2,2,no,no,case_engine_suffix_sql,yes,low,no,unit-test artifact; not recommended as POCR route input
runs/user/unittest_u3_public_smoke_preflight_2fef8521203c486a9806f555348e3073/candidate_sql,unit_test_artifact,unittest_u3_public_smoke_preflight_2fef8521203c486a9806f555348e3073,unittest_u3_public_smoke_preflight_2fef8521203c486a9806f555348e3073,unit_test_artifact,postgres,2,2,no,no,case_engine_suffix_sql,yes,low,no,unit-test artifact; not recommended as POCR route input
runs/user/unittest_u3_public_smoke_preflight_31b342c4bffe4be39073f2538118c28e/candidate_sql,unit_test_artifact,unittest_u3_public_smoke_preflight_31b342c4bffe4be39073f2538118c28e,unittest_u3_public_smoke_preflight_31b342c4bffe4be39073f2538118c28e,unit_test_artifact,postgres,2,2,no,no,case_engine_suffix_sql,yes,low,no,unit-test artifact; not recommended as POCR route input
runs/user/unittest_u3_public_smoke_preflight_3647bd2702b64cf1aa414f685f9a1c58/candidate_sql,unit_test_artifact,unittest_u3_public_smoke_preflight_3647bd2702b64cf1aa414f685f9a1c58,unittest_u3_public_smoke_preflight_3647bd2702b64cf1aa414f685f9a1c58,unit_test_artifact,postgres,2,2,no,no,case_engine_suffix_sql,yes,low,no,unit-test artifact; not recommended as POCR route input
runs/user/unittest_u3_public_smoke_preflight_3760b8f36e5043078156f7e80b37e997/candidate_sql,unit_test_artifact,unittest_u3_public_smoke_preflight_3760b8f36e5043078156f7e80b37e997,unittest_u3_public_smoke_preflight_3760b8f36e5043078156f7e80b37e997,unit_test_artifact,postgres,2,2,no,no,case_engine_suffix_sql,yes,low,no,unit-test artifact; not recommended as POCR route input
runs/user/unittest_u3_public_smoke_preflight_398ed64378774ebc986ddf20eec267bc/candidate_sql,unit_test_artifact,unittest_u3_public_smoke_preflight_398ed64378774ebc986ddf20eec267bc,unittest_u3_public_smoke_preflight_398ed64378774ebc986ddf20eec267bc,unit_test_artifact,postgres,2,2,no,no,case_engine_suffix_sql,yes,low,no,unit-test artifact; not recommended as POCR route input
runs/user/unittest_u3_public_smoke_preflight_3a1bbfcf2c114a4b90e464a3e754de55/candidate_sql,unit_test_artifact,unittest_u3_public_smoke_preflight_3a1bbfcf2c114a4b90e464a3e754de55,unittest_u3_public_smoke_preflight_3a1bbfcf2c114a4b90e464a3e754de55,unit_test_artifact,postgres,2,2,no,no,case_engine_suffix_sql,yes,low,no,unit-test artifact; not recommended as POCR route input
runs/user/unittest_u3_public_smoke_preflight_3b3788d0fcbf40b1a1249bfe7030c1bc/candidate_sql,unit_test_artifact,unittest_u3_public_smoke_preflight_3b3788d0fcbf40b1a1249bfe7030c1bc,unittest_u3_public_smoke_preflight_3b3788d0fcbf40b1a1249bfe7030c1bc,unit_test_artifact,postgres,2,2,no,no,case_engine_suffix_sql,yes,low,no,unit-test artifact; not recommended as POCR route input
runs/user/unittest_u3_public_smoke_preflight_3cd080d111454b7f9e26760f495d9fe5/candidate_sql,unit_test_artifact,unittest_u3_public_smoke_preflight_3cd080d111454b7f9e26760f495d9fe5,unittest_u3_public_smoke_preflight_3cd080d111454b7f9e26760f495d9fe5,unit_test_artifact,postgres,2,2,no,no,case_engine_suffix_sql,yes,low,no,unit-test artifact; not recommended as POCR route input
runs/user/unittest_u3_public_smoke_preflight_3dd9adf357ab49efa7df2bcebe6ababa/candidate_sql,unit_test_artifact,unittest_u3_public_smoke_preflight_3dd9adf357ab49efa7df2bcebe6ababa,unittest_u3_public_smoke_preflight_3dd9adf357ab49efa7df2bcebe6ababa,unit_test_artifact,postgres,2,2,no,no,case_engine_suffix_sql,yes,low,no,unit-test artifact; not recommended as POCR route input
runs/user/unittest_u3_public_smoke_preflight_3e847bbc1a3b4344914e552f93dd4798/candidate_sql,unit_test_artifact,unittest_u3_public_smoke_preflight_3e847bbc1a3b4344914e552f93dd4798,unittest_u3_public_smoke_preflight_3e847bbc1a3b4344914e552f93dd4798,unit_test_artifact,postgres,2,2,no,no,case_engine_suffix_sql,yes,low,no,unit-test artifact; not recommended as POCR route input
runs/user/unittest_u3_public_smoke_preflight_3eed450a9c4845b0abbcfa471c7a86a7/candidate_sql,unit_test_artifact,unittest_u3_public_smoke_preflight_3eed450a9c4845b0abbcfa471c7a86a7,unittest_u3_public_smoke_preflight_3eed450a9c4845b0abbcfa471c7a86a7,unit_test_artifact,postgres,2,2,no,no,case_engine_suffix_sql,yes,low,no,unit-test artifact; not recommended as POCR route input
runs/user/unittest_u3_public_smoke_preflight_409dcd67533541709d1fa49e26640990/candidate_sql,unit_test_artifact,unittest_u3_public_smoke_preflight_409dcd67533541709d1fa49e26640990,unittest_u3_public_smoke_preflight_409dcd67533541709d1fa49e26640990,unit_test_artifact,postgres,2,2,no,no,case_engine_suffix_sql,yes,low,no,unit-test artifact; not recommended as POCR route input
runs/user/unittest_u3_public_smoke_preflight_4131b6e980ac4acab17253af83f819df/candidate_sql,unit_test_artifact,unittest_u3_public_smoke_preflight_4131b6e980ac4acab17253af83f819df,unittest_u3_public_smoke_preflight_4131b6e980ac4acab17253af83f819df,unit_test_artifact,postgres,2,2,no,no,case_engine_suffix_sql,yes,low,no,unit-test artifact; not recommended as POCR route input
runs/user/unittest_u3_public_smoke_preflight_4883dce07c0844ed9025a0c4c5ebac5d/candidate_sql,unit_test_artifact,unittest_u3_public_smoke_preflight_4883dce07c0844ed9025a0c4c5ebac5d,unittest_u3_public_smoke_preflight_4883dce07c0844ed9025a0c4c5ebac5d,unit_test_artifact,postgres,2,2,no,no,case_engine_suffix_sql,yes,low,no,unit-test artifact; not recommended as POCR route input
runs/user/unittest_u3_public_smoke_preflight_49dfca5c807e49ccbd2a80e2bb603fe0/candidate_sql,unit_test_artifact,unittest_u3_public_smoke_preflight_49dfca5c807e49ccbd2a80e2bb603fe0,unittest_u3_public_smoke_preflight_49dfca5c807e49ccbd2a80e2bb603fe0,unit_test_artifact,postgres,2,2,no,no,case_engine_suffix_sql,yes,low,no,unit-test artifact; not recommended as POCR route input
runs/user/unittest_u3_public_smoke_preflight_4c1450e74a8d48b8afe0fd571f55b204/candidate_sql,unit_test_artifact,unittest_u3_public_smoke_preflight_4c1450e74a8d48b8afe0fd571f55b204,unittest_u3_public_smoke_preflight_4c1450e74a8d48b8afe0fd571f55b204,unit_test_artifact,postgres,2,2,no,no,case_engine_suffix_sql,yes,low,no,unit-test artifact; not recommended as POCR route input
runs/user/unittest_u3_public_smoke_preflight_4c48b264743846cb9f3ab86b80e331b9/candidate_sql,unit_test_artifact,unittest_u3_public_smoke_preflight_4c48b264743846cb9f3ab86b80e331b9,unittest_u3_public_smoke_preflight_4c48b264743846cb9f3ab86b80e331b9,unit_test_artifact,postgres,2,2,no,no,case_engine_suffix_sql,yes,low,no,unit-test artifact; not recommended as POCR route input
runs/user/unittest_u3_public_smoke_preflight_4e1854118a7e492aa5325b5443a77dd7/candidate_sql,unit_test_artifact,unittest_u3_public_smoke_preflight_4e1854118a7e492aa5325b5443a77dd7,unittest_u3_public_smoke_preflight_4e1854118a7e492aa5325b5443a77dd7,unit_test_artifact,postgres,2,2,no,no,case_engine_suffix_sql,yes,low,no,unit-test artifact; not recommended as POCR route input
runs/user/unittest_u3_public_smoke_preflight_506421c81d8b410aa6a45413d78722bd/candidate_sql,unit_test_artifact,unittest_u3_public_smoke_preflight_506421c81d8b410aa6a45413d78722bd,unittest_u3_public_smoke_preflight_506421c81d8b410aa6a45413d78722bd,unit_test_artifact,postgres,2,2,no,no,case_engine_suffix_sql,yes,low,no,unit-test artifact; not recommended as POCR route input
runs/user/unittest_u3_public_smoke_preflight_51121cf998034575add4419d9922749c/candidate_sql,unit_test_artifact,unittest_u3_public_smoke_preflight_51121cf998034575add4419d9922749c,unittest_u3_public_smoke_preflight_51121cf998034575add4419d9922749c,unit_test_artifact,postgres,2,2,no,no,case_engine_suffix_sql,yes,low,no,unit-test artifact; not recommended as POCR route input
runs/user/unittest_u3_public_smoke_preflight_52739bd80c7f41d0b5d74a2370128d1b/candidate_sql,unit_test_artifact,unittest_u3_public_smoke_preflight_52739bd80c7f41d0b5d74a2370128d1b,unittest_u3_public_smoke_preflight_52739bd80c7f41d0b5d74a2370128d1b,unit_test_artifact,postgres,2,2,no,no,case_engine_suffix_sql,yes,low,no,unit-test artifact; not recommended as POCR route input
runs/user/unittest_u3_public_smoke_preflight_559d49dc949747ae894646d50a7cd260/candidate_sql,unit_test_artifact,unittest_u3_public_smoke_preflight_559d49dc949747ae894646d50a7cd260,unittest_u3_public_smoke_preflight_559d49dc949747ae894646d50a7cd260,unit_test_artifact,postgres,2,2,no,no,case_engine_suffix_sql,yes,low,no,unit-test artifact; not recommended as POCR route input
runs/user/unittest_u3_public_smoke_preflight_5c25db69e47e4d0aa1c9798c19baa304/candidate_sql,unit_test_artifact,unittest_u3_public_smoke_preflight_5c25db69e47e4d0aa1c9798c19baa304,unittest_u3_public_smoke_preflight_5c25db69e47e4d0aa1c9798c19baa304,unit_test_artifact,postgres,2,2,no,no,case_engine_suffix_sql,yes,low,no,unit-test artifact; not recommended as POCR route input
runs/user/unittest_u3_public_smoke_preflight_5c5f03a9c66f461f9b450bfacdbc24d9/candidate_sql,unit_test_artifact,unittest_u3_public_smoke_preflight_5c5f03a9c66f461f9b450bfacdbc24d9,unittest_u3_public_smoke_preflight_5c5f03a9c66f461f9b450bfacdbc24d9,unit_test_artifact,postgres,2,2,no,no,case_engine_suffix_sql,yes,low,no,unit-test artifact; not recommended as POCR route input
runs/user/unittest_u3_public_smoke_preflight_6397beb1f0994bc1ba10b15a1404e193/candidate_sql,unit_test_artifact,unittest_u3_public_smoke_preflight_6397beb1f0994bc1ba10b15a1404e193,unittest_u3_public_smoke_preflight_6397beb1f0994bc1ba10b15a1404e193,unit_test_artifact,postgres,2,2,no,no,case_engine_suffix_sql,yes,low,no,unit-test artifact; not recommended as POCR route input
runs/user/unittest_u3_public_smoke_preflight_6642e0722784467f9b340ecdea3540a6/candidate_sql,unit_test_artifact,unittest_u3_public_smoke_preflight_6642e0722784467f9b340ecdea3540a6,unittest_u3_public_smoke_preflight_6642e0722784467f9b340ecdea3540a6,unit_test_artifact,postgres,2,2,no,no,case_engine_suffix_sql,yes,low,no,unit-test artifact; not recommended as POCR route input
runs/user/unittest_u3_public_smoke_preflight_67c6d9f0cb7941b08f32eda607b2de2c/candidate_sql,unit_test_artifact,unittest_u3_public_smoke_preflight_67c6d9f0cb7941b08f32eda607b2de2c,unittest_u3_public_smoke_preflight_67c6d9f0cb7941b08f32eda607b2de2c,unit_test_artifact,postgres,2,2,no,no,case_engine_suffix_sql,yes,low,no,unit-test artifact; not recommended as POCR route input
runs/user/unittest_u3_public_smoke_preflight_6cd3c0a2039f4bb8a233d27377907d95/candidate_sql,unit_test_artifact,unittest_u3_public_smoke_preflight_6cd3c0a2039f4bb8a233d27377907d95,unittest_u3_public_smoke_preflight_6cd3c0a2039f4bb8a233d27377907d95,unit_test_artifact,postgres,2,2,no,no,case_engine_suffix_sql,yes,low,no,unit-test artifact; not recommended as POCR route input
runs/user/unittest_u3_public_smoke_preflight_732056cc65b24d7e9976094f52a8cadb/candidate_sql,unit_test_artifact,unittest_u3_public_smoke_preflight_732056cc65b24d7e9976094f52a8cadb,unittest_u3_public_smoke_preflight_732056cc65b24d7e9976094f52a8cadb,unit_test_artifact,postgres,2,2,no,no,case_engine_suffix_sql,yes,low,no,unit-test artifact; not recommended as POCR route input
runs/user/unittest_u3_public_smoke_preflight_77bb5cefd8a1493389869350e038dfcc/candidate_sql,unit_test_artifact,unittest_u3_public_smoke_preflight_77bb5cefd8a1493389869350e038dfcc,unittest_u3_public_smoke_preflight_77bb5cefd8a1493389869350e038dfcc,unit_test_artifact,postgres,2,2,no,no,case_engine_suffix_sql,yes,low,no,unit-test artifact; not recommended as POCR route input
runs/user/unittest_u3_public_smoke_preflight_7901ac5b66c041a499bf3c76a1efe521/candidate_sql,unit_test_artifact,unittest_u3_public_smoke_preflight_7901ac5b66c041a499bf3c76a1efe521,unittest_u3_public_smoke_preflight_7901ac5b66c041a499bf3c76a1efe521,unit_test_artifact,postgres,2,2,no,no,case_engine_suffix_sql,yes,low,no,unit-test artifact; not recommended as POCR route input
runs/user/unittest_u3_public_smoke_preflight_80da17d3f5b04b2d8aeca4b54f60b2e9/candidate_sql,unit_test_artifact,unittest_u3_public_smoke_preflight_80da17d3f5b04b2d8aeca4b54f60b2e9,unittest_u3_public_smoke_preflight_80da17d3f5b04b2d8aeca4b54f60b2e9,unit_test_artifact,postgres,2,2,no,no,case_engine_suffix_sql,yes,low,no,unit-test artifact; not recommended as POCR route input
runs/user/unittest_u3_public_smoke_preflight_839fd0ede4f24a4fb73618b752b05f23/candidate_sql,unit_test_artifact,unittest_u3_public_smoke_preflight_839fd0ede4f24a4fb73618b752b05f23,unittest_u3_public_smoke_preflight_839fd0ede4f24a4fb73618b752b05f23,unit_test_artifact,postgres,2,2,no,no,case_engine_suffix_sql,yes,low,no,unit-test artifact; not recommended as POCR route input
runs/user/unittest_u3_public_smoke_preflight_94d3f9b56c254010ac8d279689f07d5f/candidate_sql,unit_test_artifact,unittest_u3_public_smoke_preflight_94d3f9b56c254010ac8d279689f07d5f,unittest_u3_public_smoke_preflight_94d3f9b56c254010ac8d279689f07d5f,unit_test_artifact,postgres,2,2,no,no,case_engine_suffix_sql,yes,low,no,unit-test artifact; not recommended as POCR route input
runs/user/unittest_u3_public_smoke_preflight_96d8b6075464414fbb12533385ef6222/candidate_sql,unit_test_artifact,unittest_u3_public_smoke_preflight_96d8b6075464414fbb12533385ef6222,unittest_u3_public_smoke_preflight_96d8b6075464414fbb12533385ef6222,unit_test_artifact,postgres,2,2,no,no,case_engine_suffix_sql,yes,low,no,unit-test artifact; not recommended as POCR route input
runs/user/unittest_u3_public_smoke_preflight_97e57b9ec9c3403eb6a5f985dfdd9212/candidate_sql,unit_test_artifact,unittest_u3_public_smoke_preflight_97e57b9ec9c3403eb6a5f985dfdd9212,unittest_u3_public_smoke_preflight_97e57b9ec9c3403eb6a5f985dfdd9212,unit_test_artifact,postgres,2,2,no,no,case_engine_suffix_sql,yes,low,no,unit-test artifact; not recommended as POCR route input
runs/user/unittest_u3_public_smoke_preflight_9b1af7ff1881469d9c6499dec0c41e0f/candidate_sql,unit_test_artifact,unittest_u3_public_smoke_preflight_9b1af7ff1881469d9c6499dec0c41e0f,unittest_u3_public_smoke_preflight_9b1af7ff1881469d9c6499dec0c41e0f,unit_test_artifact,postgres,2,2,no,no,case_engine_suffix_sql,yes,low,no,unit-test artifact; not recommended as POCR route input
runs/user/unittest_u3_public_smoke_preflight_9d05ba6df5d34eb68f67d028ef81dd44/candidate_sql,unit_test_artifact,unittest_u3_public_smoke_preflight_9d05ba6df5d34eb68f67d028ef81dd44,unittest_u3_public_smoke_preflight_9d05ba6df5d34eb68f67d028ef81dd44,unit_test_artifact,postgres,2,2,no,no,case_engine_suffix_sql,yes,low,no,unit-test artifact; not recommended as POCR route input
runs/user/unittest_u3_public_smoke_preflight_a0788097f45e4d8c9037b7a4dedd3cd6/candidate_sql,unit_test_artifact,unittest_u3_public_smoke_preflight_a0788097f45e4d8c9037b7a4dedd3cd6,unittest_u3_public_smoke_preflight_a0788097f45e4d8c9037b7a4dedd3cd6,unit_test_artifact,postgres,2,2,no,no,case_engine_suffix_sql,yes,low,no,unit-test artifact; not recommended as POCR route input
runs/user/unittest_u3_public_smoke_preflight_a127e50f0d0146dd831fbe4f15cb867f/candidate_sql,unit_test_artifact,unittest_u3_public_smoke_preflight_a127e50f0d0146dd831fbe4f15cb867f,unittest_u3_public_smoke_preflight_a127e50f0d0146dd831fbe4f15cb867f,unit_test_artifact,postgres,2,2,no,no,case_engine_suffix_sql,yes,low,no,unit-test artifact; not recommended as POCR route input
runs/user/unittest_u3_public_smoke_preflight_a2dcaf6ea8834662abe9e183c5bce2cc/candidate_sql,unit_test_artifact,unittest_u3_public_smoke_preflight_a2dcaf6ea8834662abe9e183c5bce2cc,unittest_u3_public_smoke_preflight_a2dcaf6ea8834662abe9e183c5bce2cc,unit_test_artifact,postgres,2,2,no,no,case_engine_suffix_sql,yes,low,no,unit-test artifact; not recommended as POCR route input
runs/user/unittest_u3_public_smoke_preflight_a364cf41ee624b0fbb24651f76616a54/candidate_sql,unit_test_artifact,unittest_u3_public_smoke_preflight_a364cf41ee624b0fbb24651f76616a54,unittest_u3_public_smoke_preflight_a364cf41ee624b0fbb24651f76616a54,unit_test_artifact,postgres,2,2,no,no,case_engine_suffix_sql,yes,low,no,unit-test artifact; not recommended as POCR route input
runs/user/unittest_u3_public_smoke_preflight_a4a87a52c78c4d9b99db92a7de66ae8d/candidate_sql,unit_test_artifact,unittest_u3_public_smoke_preflight_a4a87a52c78c4d9b99db92a7de66ae8d,unittest_u3_public_smoke_preflight_a4a87a52c78c4d9b99db92a7de66ae8d,unit_test_artifact,postgres,2,2,no,no,case_engine_suffix_sql,yes,low,no,unit-test artifact; not recommended as POCR route input
runs/user/unittest_u3_public_smoke_preflight_a51d232cab7643f49d1cc244dd1a4c44/candidate_sql,unit_test_artifact,unittest_u3_public_smoke_preflight_a51d232cab7643f49d1cc244dd1a4c44,unittest_u3_public_smoke_preflight_a51d232cab7643f49d1cc244dd1a4c44,unit_test_artifact,postgres,2,2,no,no,case_engine_suffix_sql,yes,low,no,unit-test artifact; not recommended as POCR route input
runs/user/unittest_u3_public_smoke_preflight_a7d003a2edfd4050b12c3e0ae4cfc1b0/candidate_sql,unit_test_artifact,unittest_u3_public_smoke_preflight_a7d003a2edfd4050b12c3e0ae4cfc1b0,unittest_u3_public_smoke_preflight_a7d003a2edfd4050b12c3e0ae4cfc1b0,unit_test_artifact,postgres,2,2,no,no,case_engine_suffix_sql,yes,low,no,unit-test artifact; not recommended as POCR route input
runs/user/unittest_u3_public_smoke_preflight_a81447e87cac4000bf2454064a521c76/candidate_sql,unit_test_artifact,unittest_u3_public_smoke_preflight_a81447e87cac4000bf2454064a521c76,unittest_u3_public_smoke_preflight_a81447e87cac4000bf2454064a521c76,unit_test_artifact,postgres,2,2,no,no,case_engine_suffix_sql,yes,low,no,unit-test artifact; not recommended as POCR route input
runs/user/unittest_u3_public_smoke_preflight_ad006d98f5774433856cb018d509a609/candidate_sql,unit_test_artifact,unittest_u3_public_smoke_preflight_ad006d98f5774433856cb018d509a609,unittest_u3_public_smoke_preflight_ad006d98f5774433856cb018d509a609,unit_test_artifact,postgres,2,2,no,no,case_engine_suffix_sql,yes,low,no,unit-test artifact; not recommended as POCR route input
runs/user/unittest_u3_public_smoke_preflight_aed641806a9340018a1eed1c3d1cb7a0/candidate_sql,unit_test_artifact,unittest_u3_public_smoke_preflight_aed641806a9340018a1eed1c3d1cb7a0,unittest_u3_public_smoke_preflight_aed641806a9340018a1eed1c3d1cb7a0,unit_test_artifact,postgres,2,2,no,no,case_engine_suffix_sql,yes,low,no,unit-test artifact; not recommended as POCR route input
runs/user/unittest_u3_public_smoke_preflight_af5871be7e7149a4887c6e1677cdbb3d/candidate_sql,unit_test_artifact,unittest_u3_public_smoke_preflight_af5871be7e7149a4887c6e1677cdbb3d,unittest_u3_public_smoke_preflight_af5871be7e7149a4887c6e1677cdbb3d,unit_test_artifact,postgres,2,2,no,no,case_engine_suffix_sql,yes,low,no,unit-test artifact; not recommended as POCR route input
runs/user/unittest_u3_public_smoke_preflight_b0c2d13d0e6e42849fdcec149fb45dcf/candidate_sql,unit_test_artifact,unittest_u3_public_smoke_preflight_b0c2d13d0e6e42849fdcec149fb45dcf,unittest_u3_public_smoke_preflight_b0c2d13d0e6e42849fdcec149fb45dcf,unit_test_artifact,postgres,2,2,no,no,case_engine_suffix_sql,yes,low,no,unit-test artifact; not recommended as POCR route input
runs/user/unittest_u3_public_smoke_preflight_b128368b983d4c84bc1a5e6664806ad1/candidate_sql,unit_test_artifact,unittest_u3_public_smoke_preflight_b128368b983d4c84bc1a5e6664806ad1,unittest_u3_public_smoke_preflight_b128368b983d4c84bc1a5e6664806ad1,unit_test_artifact,postgres,2,2,no,no,case_engine_suffix_sql,yes,low,no,unit-test artifact; not recommended as POCR route input
runs/user/unittest_u3_public_smoke_preflight_b27ed3023c824c4ba0f9e142f930f388/candidate_sql,unit_test_artifact,unittest_u3_public_smoke_preflight_b27ed3023c824c4ba0f9e142f930f388,unittest_u3_public_smoke_preflight_b27ed3023c824c4ba0f9e142f930f388,unit_test_artifact,postgres,2,2,no,no,case_engine_suffix_sql,yes,low,no,unit-test artifact; not recommended as POCR route input
runs/user/unittest_u3_public_smoke_preflight_b2a0ab4a7d4048feb5a62dec92867e59/candidate_sql,unit_test_artifact,unittest_u3_public_smoke_preflight_b2a0ab4a7d4048feb5a62dec92867e59,unittest_u3_public_smoke_preflight_b2a0ab4a7d4048feb5a62dec92867e59,unit_test_artifact,postgres,2,2,no,no,case_engine_suffix_sql,yes,low,no,unit-test artifact; not recommended as POCR route input
runs/user/unittest_u3_public_smoke_preflight_b2a249c3ad4d4caabb4e966ca3f163ee/candidate_sql,unit_test_artifact,unittest_u3_public_smoke_preflight_b2a249c3ad4d4caabb4e966ca3f163ee,unittest_u3_public_smoke_preflight_b2a249c3ad4d4caabb4e966ca3f163ee,unit_test_artifact,postgres,2,2,no,no,case_engine_suffix_sql,yes,low,no,unit-test artifact; not recommended as POCR route input
runs/user/unittest_u3_public_smoke_preflight_ba02c1be185748948776d6913c3394c2/candidate_sql,unit_test_artifact,unittest_u3_public_smoke_preflight_ba02c1be185748948776d6913c3394c2,unittest_u3_public_smoke_preflight_ba02c1be185748948776d6913c3394c2,unit_test_artifact,postgres,2,2,no,no,case_engine_suffix_sql,yes,low,no,unit-test artifact; not recommended as POCR route input
runs/user/unittest_u3_public_smoke_preflight_bb9287cd2800454eb208176bd9f1e771/candidate_sql,unit_test_artifact,unittest_u3_public_smoke_preflight_bb9287cd2800454eb208176bd9f1e771,unittest_u3_public_smoke_preflight_bb9287cd2800454eb208176bd9f1e771,unit_test_artifact,postgres,2,2,no,no,case_engine_suffix_sql,yes,low,no,unit-test artifact; not recommended as POCR route input
runs/user/unittest_u3_public_smoke_preflight_bba7802a02a74958adc5c49d149458ce/candidate_sql,unit_test_artifact,unittest_u3_public_smoke_preflight_bba7802a02a74958adc5c49d149458ce,unittest_u3_public_smoke_preflight_bba7802a02a74958adc5c49d149458ce,unit_test_artifact,postgres,2,2,no,no,case_engine_suffix_sql,yes,low,no,unit-test artifact; not recommended as POCR route input
runs/user/unittest_u3_public_smoke_preflight_bc2f6ded835545adbff66eec20786d26/candidate_sql,unit_test_artifact,unittest_u3_public_smoke_preflight_bc2f6ded835545adbff66eec20786d26,unittest_u3_public_smoke_preflight_bc2f6ded835545adbff66eec20786d26,unit_test_artifact,postgres,2,2,no,no,case_engine_suffix_sql,yes,low,no,unit-test artifact; not recommended as POCR route input
runs/user/unittest_u3_public_smoke_preflight_c0be883b87cf4f5bb4ee27ab0b999bd0/candidate_sql,unit_test_artifact,unittest_u3_public_smoke_preflight_c0be883b87cf4f5bb4ee27ab0b999bd0,unittest_u3_public_smoke_preflight_c0be883b87cf4f5bb4ee27ab0b999bd0,unit_test_artifact,postgres,2,2,no,no,case_engine_suffix_sql,yes,low,no,unit-test artifact; not recommended as POCR route input
runs/user/unittest_u3_public_smoke_preflight_c274438c47e64a039b322722e244f401/candidate_sql,unit_test_artifact,unittest_u3_public_smoke_preflight_c274438c47e64a039b322722e244f401,unittest_u3_public_smoke_preflight_c274438c47e64a039b322722e244f401,unit_test_artifact,postgres,2,2,no,no,case_engine_suffix_sql,yes,low,no,unit-test artifact; not recommended as POCR route input
runs/user/unittest_u3_public_smoke_preflight_c51692be686144caba31a47a3d6c7691/candidate_sql,unit_test_artifact,unittest_u3_public_smoke_preflight_c51692be686144caba31a47a3d6c7691,unittest_u3_public_smoke_preflight_c51692be686144caba31a47a3d6c7691,unit_test_artifact,postgres,2,2,no,no,case_engine_suffix_sql,yes,low,no,unit-test artifact; not recommended as POCR route input
runs/user/unittest_u3_public_smoke_preflight_c87043ab5e334a81bded11169958d0b1/candidate_sql,unit_test_artifact,unittest_u3_public_smoke_preflight_c87043ab5e334a81bded11169958d0b1,unittest_u3_public_smoke_preflight_c87043ab5e334a81bded11169958d0b1,unit_test_artifact,postgres,2,2,no,no,case_engine_suffix_sql,yes,low,no,unit-test artifact; not recommended as POCR route input
runs/user/unittest_u3_public_smoke_preflight_d18dd7eca7ec409382e16b028f2df518/candidate_sql,unit_test_artifact,unittest_u3_public_smoke_preflight_d18dd7eca7ec409382e16b028f2df518,unittest_u3_public_smoke_preflight_d18dd7eca7ec409382e16b028f2df518,unit_test_artifact,postgres,2,2,no,no,case_engine_suffix_sql,yes,low,no,unit-test artifact; not recommended as POCR route input
runs/user/unittest_u3_public_smoke_preflight_d2497f221b154f4f8ec8609ae77798bf/candidate_sql,unit_test_artifact,unittest_u3_public_smoke_preflight_d2497f221b154f4f8ec8609ae77798bf,unittest_u3_public_smoke_preflight_d2497f221b154f4f8ec8609ae77798bf,unit_test_artifact,postgres,2,2,no,no,case_engine_suffix_sql,yes,low,no,unit-test artifact; not recommended as POCR route input
runs/user/unittest_u3_public_smoke_preflight_d49ef307a2c6410c8cc6d8527f0701f4/candidate_sql,unit_test_artifact,unittest_u3_public_smoke_preflight_d49ef307a2c6410c8cc6d8527f0701f4,unittest_u3_public_smoke_preflight_d49ef307a2c6410c8cc6d8527f0701f4,unit_test_artifact,postgres,2,2,no,no,case_engine_suffix_sql,yes,low,no,unit-test artifact; not recommended as POCR route input
runs/user/unittest_u3_public_smoke_preflight_d500032df8c346f3a6f05926603cf4a4/candidate_sql,unit_test_artifact,unittest_u3_public_smoke_preflight_d500032df8c346f3a6f05926603cf4a4,unittest_u3_public_smoke_preflight_d500032df8c346f3a6f05926603cf4a4,unit_test_artifact,postgres,2,2,no,no,case_engine_suffix_sql,yes,low,no,unit-test artifact; not recommended as POCR route input
runs/user/unittest_u3_public_smoke_preflight_da26323839a24a5a94f18e30fa31fb5c/candidate_sql,unit_test_artifact,unittest_u3_public_smoke_preflight_da26323839a24a5a94f18e30fa31fb5c,unittest_u3_public_smoke_preflight_da26323839a24a5a94f18e30fa31fb5c,unit_test_artifact,postgres,2,2,no,no,case_engine_suffix_sql,yes,low,no,unit-test artifact; not recommended as POCR route input
runs/user/unittest_u3_public_smoke_preflight_da679c7084554a79ac9e098b095e6474/candidate_sql,unit_test_artifact,unittest_u3_public_smoke_preflight_da679c7084554a79ac9e098b095e6474,unittest_u3_public_smoke_preflight_da679c7084554a79ac9e098b095e6474,unit_test_artifact,postgres,2,2,no,no,case_engine_suffix_sql,yes,low,no,unit-test artifact; not recommended as POCR route input
runs/user/unittest_u3_public_smoke_preflight_db97d11c8be4415681e0dd17467d8d7f/candidate_sql,unit_test_artifact,unittest_u3_public_smoke_preflight_db97d11c8be4415681e0dd17467d8d7f,unittest_u3_public_smoke_preflight_db97d11c8be4415681e0dd17467d8d7f,unit_test_artifact,postgres,2,2,no,no,case_engine_suffix_sql,yes,low,no,unit-test artifact; not recommended as POCR route input
runs/user/unittest_u3_public_smoke_preflight_e15584622ee6437192306be0bba1ebe7/candidate_sql,unit_test_artifact,unittest_u3_public_smoke_preflight_e15584622ee6437192306be0bba1ebe7,unittest_u3_public_smoke_preflight_e15584622ee6437192306be0bba1ebe7,unit_test_artifact,postgres,2,2,no,no,case_engine_suffix_sql,yes,low,no,unit-test artifact; not recommended as POCR route input
runs/user/unittest_u3_public_smoke_preflight_e1dbaccf1e5c4073bd96dd6deb59e766/candidate_sql,unit_test_artifact,unittest_u3_public_smoke_preflight_e1dbaccf1e5c4073bd96dd6deb59e766,unittest_u3_public_smoke_preflight_e1dbaccf1e5c4073bd96dd6deb59e766,unit_test_artifact,postgres,2,2,no,no,case_engine_suffix_sql,yes,low,no,unit-test artifact; not recommended as POCR route input
runs/user/unittest_u3_public_smoke_preflight_e5ad23caa8e6498cb7dc969c10bdd237/candidate_sql,unit_test_artifact,unittest_u3_public_smoke_preflight_e5ad23caa8e6498cb7dc969c10bdd237,unittest_u3_public_smoke_preflight_e5ad23caa8e6498cb7dc969c10bdd237,unit_test_artifact,postgres,2,2,no,no,case_engine_suffix_sql,yes,low,no,unit-test artifact; not recommended as POCR route input
runs/user/unittest_u3_public_smoke_preflight_e81a879dd2a74bc799c642eb3469a1f6/candidate_sql,unit_test_artifact,unittest_u3_public_smoke_preflight_e81a879dd2a74bc799c642eb3469a1f6,unittest_u3_public_smoke_preflight_e81a879dd2a74bc799c642eb3469a1f6,unit_test_artifact,postgres,2,2,no,no,case_engine_suffix_sql,yes,low,no,unit-test artifact; not recommended as POCR route input
runs/user/unittest_u3_public_smoke_preflight_eacb31153b4344f5aeb42c48324400d0/candidate_sql,unit_test_artifact,unittest_u3_public_smoke_preflight_eacb31153b4344f5aeb42c48324400d0,unittest_u3_public_smoke_preflight_eacb31153b4344f5aeb42c48324400d0,unit_test_artifact,postgres,2,2,no,no,case_engine_suffix_sql,yes,low,no,unit-test artifact; not recommended as POCR route input
runs/user/unittest_u3_public_smoke_preflight_ee8b8bf6b18b450480e9b3eb2f081c99/candidate_sql,unit_test_artifact,unittest_u3_public_smoke_preflight_ee8b8bf6b18b450480e9b3eb2f081c99,unittest_u3_public_smoke_preflight_ee8b8bf6b18b450480e9b3eb2f081c99,unit_test_artifact,postgres,2,2,no,no,case_engine_suffix_sql,yes,low,no,unit-test artifact; not recommended as POCR route input
runs/user/unittest_u3_public_smoke_preflight_f26d5356ccf1441ca7925c33ce6bb001/candidate_sql,unit_test_artifact,unittest_u3_public_smoke_preflight_f26d5356ccf1441ca7925c33ce6bb001,unittest_u3_public_smoke_preflight_f26d5356ccf1441ca7925c33ce6bb001,unit_test_artifact,postgres,2,2,no,no,case_engine_suffix_sql,yes,low,no,unit-test artifact; not recommended as POCR route input
runs/user/unittest_u3_public_smoke_preflight_f50a1863e1534869a1ab79673a221f2e/candidate_sql,unit_test_artifact,unittest_u3_public_smoke_preflight_f50a1863e1534869a1ab79673a221f2e,unittest_u3_public_smoke_preflight_f50a1863e1534869a1ab79673a221f2e,unit_test_artifact,postgres,2,2,no,no,case_engine_suffix_sql,yes,low,no,unit-test artifact; not recommended as POCR route input
runs/user/unittest_u3_public_smoke_preflight_f6fd840b08fc4d62a301ac38de76d515/candidate_sql,unit_test_artifact,unittest_u3_public_smoke_preflight_f6fd840b08fc4d62a301ac38de76d515,unittest_u3_public_smoke_preflight_f6fd840b08fc4d62a301ac38de76d515,unit_test_artifact,postgres,2,2,no,no,case_engine_suffix_sql,yes,low,no,unit-test artifact; not recommended as POCR route input
runs/user/unittest_u3_public_smoke_preflight_f7959b43b468405b926e63e9e2013e6c/candidate_sql,unit_test_artifact,unittest_u3_public_smoke_preflight_f7959b43b468405b926e63e9e2013e6c,unittest_u3_public_smoke_preflight_f7959b43b468405b926e63e9e2013e6c,unit_test_artifact,postgres,2,2,no,no,case_engine_suffix_sql,yes,low,no,unit-test artifact; not recommended as POCR route input
runs/user/unittest_u3_public_smoke_preflight_f8e16fdc7a2a444895d1096f81b2526b/candidate_sql,unit_test_artifact,unittest_u3_public_smoke_preflight_f8e16fdc7a2a444895d1096f81b2526b,unittest_u3_public_smoke_preflight_f8e16fdc7a2a444895d1096f81b2526b,unit_test_artifact,postgres,2,2,no,no,case_engine_suffix_sql,yes,low,no,unit-test artifact; not recommended as POCR route input
runs/user/unittest_u3_public_smoke_preflight_fa06123b29024644bdbc90dea5e43790/candidate_sql,unit_test_artifact,unittest_u3_public_smoke_preflight_fa06123b29024644bdbc90dea5e43790,unittest_u3_public_smoke_preflight_fa06123b29024644bdbc90dea5e43790,unit_test_artifact,postgres,2,2,no,no,case_engine_suffix_sql,yes,low,no,unit-test artifact; not recommended as POCR route input
runs/user/unittest_u3_public_smoke_preflight_fe2458f6d2aa4545a0a6efff58868469/candidate_sql,unit_test_artifact,unittest_u3_public_smoke_preflight_fe2458f6d2aa4545a0a6efff58868469,unittest_u3_public_smoke_preflight_fe2458f6d2aa4545a0a6efff58868469,unit_test_artifact,postgres,2,2,no,no,case_engine_suffix_sql,yes,low,no,unit-test artifact; not recommended as POCR route input
runs/user/unittest_user_entry_dry_run_0072ac13ca8c41d9a1613074e90ad091/candidate_sql,unit_test_artifact,unittest_user_entry_dry_run_0072ac13ca8c41d9a1613074e90ad091,unittest_user_entry_dry_run_0072ac13ca8c41d9a1613074e90ad091,unit_test_artifact,unknown,0,0,no,no,empty_or_no_files,yes,low,no,unit-test artifact; not recommended as POCR route input
runs/user/unittest_user_entry_dry_run_02b6c8b01db8467f9e64efc99bc817f2/candidate_sql,unit_test_artifact,unittest_user_entry_dry_run_02b6c8b01db8467f9e64efc99bc817f2,unittest_user_entry_dry_run_02b6c8b01db8467f9e64efc99bc817f2,unit_test_artifact,unknown,0,0,no,no,empty_or_no_files,yes,low,no,unit-test artifact; not recommended as POCR route input
runs/user/unittest_user_entry_dry_run_02bd7b135583407283217896715afeca/candidate_sql,unit_test_artifact,unittest_user_entry_dry_run_02bd7b135583407283217896715afeca,unittest_user_entry_dry_run_02bd7b135583407283217896715afeca,unit_test_artifact,unknown,0,0,no,no,empty_or_no_files,yes,low,no,unit-test artifact; not recommended as POCR route input
runs/user/unittest_user_entry_dry_run_042d1080d3654bf29dfe4d197f7b7fc6/candidate_sql,unit_test_artifact,unittest_user_entry_dry_run_042d1080d3654bf29dfe4d197f7b7fc6,unittest_user_entry_dry_run_042d1080d3654bf29dfe4d197f7b7fc6,unit_test_artifact,unknown,0,0,no,no,empty_or_no_files,yes,low,no,unit-test artifact; not recommended as POCR route input
runs/user/unittest_user_entry_dry_run_05c7a65da805424aaa921402fa03442b/candidate_sql,unit_test_artifact,unittest_user_entry_dry_run_05c7a65da805424aaa921402fa03442b,unittest_user_entry_dry_run_05c7a65da805424aaa921402fa03442b,unit_test_artifact,unknown,0,0,no,no,empty_or_no_files,yes,low,no,unit-test artifact; not recommended as POCR route input
runs/user/unittest_user_entry_dry_run_08abe84cfca446008baafd1dee046e3a/candidate_sql,unit_test_artifact,unittest_user_entry_dry_run_08abe84cfca446008baafd1dee046e3a,unittest_user_entry_dry_run_08abe84cfca446008baafd1dee046e3a,unit_test_artifact,unknown,0,0,no,no,empty_or_no_files,yes,low,no,unit-test artifact; not recommended as POCR route input
runs/user/unittest_user_entry_dry_run_0b8395302cb34ba9aa35314998a3c9b5/candidate_sql,unit_test_artifact,unittest_user_entry_dry_run_0b8395302cb34ba9aa35314998a3c9b5,unittest_user_entry_dry_run_0b8395302cb34ba9aa35314998a3c9b5,unit_test_artifact,unknown,0,0,no,no,empty_or_no_files,yes,low,no,unit-test artifact; not recommended as POCR route input
runs/user/unittest_user_entry_dry_run_0c8c3caeec9f4a8286b8596739ff2e5d/candidate_sql,unit_test_artifact,unittest_user_entry_dry_run_0c8c3caeec9f4a8286b8596739ff2e5d,unittest_user_entry_dry_run_0c8c3caeec9f4a8286b8596739ff2e5d,unit_test_artifact,unknown,0,0,no,no,empty_or_no_files,yes,low,no,unit-test artifact; not recommended as POCR route input
runs/user/unittest_user_entry_dry_run_0ca3d3fc77e64378baace6386fe248cb/candidate_sql,unit_test_artifact,unittest_user_entry_dry_run_0ca3d3fc77e64378baace6386fe248cb,unittest_user_entry_dry_run_0ca3d3fc77e64378baace6386fe248cb,unit_test_artifact,unknown,0,0,no,no,empty_or_no_files,yes,low,no,unit-test artifact; not recommended as POCR route input
runs/user/unittest_user_entry_dry_run_0defce52efcc4b5aa1a94cc15f7d0ec9/candidate_sql,unit_test_artifact,unittest_user_entry_dry_run_0defce52efcc4b5aa1a94cc15f7d0ec9,unittest_user_entry_dry_run_0defce52efcc4b5aa1a94cc15f7d0ec9,unit_test_artifact,unknown,0,0,no,no,empty_or_no_files,yes,low,no,unit-test artifact; not recommended as POCR route input
runs/user/unittest_user_entry_dry_run_1005a26e17a44998aa30b8f33e0dfefd/candidate_sql,unit_test_artifact,unittest_user_entry_dry_run_1005a26e17a44998aa30b8f33e0dfefd,unittest_user_entry_dry_run_1005a26e17a44998aa30b8f33e0dfefd,unit_test_artifact,unknown,0,0,no,no,empty_or_no_files,yes,low,no,unit-test artifact; not recommended as POCR route input
runs/user/unittest_user_entry_dry_run_1017682abaa148babc771450195c49d8/candidate_sql,unit_test_artifact,unittest_user_entry_dry_run_1017682abaa148babc771450195c49d8,unittest_user_entry_dry_run_1017682abaa148babc771450195c49d8,unit_test_artifact,unknown,0,0,no,no,empty_or_no_files,yes,low,no,unit-test artifact; not recommended as POCR route input
runs/user/unittest_user_entry_dry_run_10a223fbff2242a388ad31c4986edf93/candidate_sql,unit_test_artifact,unittest_user_entry_dry_run_10a223fbff2242a388ad31c4986edf93,unittest_user_entry_dry_run_10a223fbff2242a388ad31c4986edf93,unit_test_artifact,unknown,0,0,no,no,empty_or_no_files,yes,low,no,unit-test artifact; not recommended as POCR route input
runs/user/unittest_user_entry_dry_run_118dc3fc45064937879e7b982c3054fd/candidate_sql,unit_test_artifact,unittest_user_entry_dry_run_118dc3fc45064937879e7b982c3054fd,unittest_user_entry_dry_run_118dc3fc45064937879e7b982c3054fd,unit_test_artifact,unknown,0,0,no,no,empty_or_no_files,yes,low,no,unit-test artifact; not recommended as POCR route input
runs/user/unittest_user_entry_dry_run_129edbe9ddde49caaf2f56e747234e3a/candidate_sql,unit_test_artifact,unittest_user_entry_dry_run_129edbe9ddde49caaf2f56e747234e3a,unittest_user_entry_dry_run_129edbe9ddde49caaf2f56e747234e3a,unit_test_artifact,unknown,0,0,no,no,empty_or_no_files,yes,low,no,unit-test artifact; not recommended as POCR route input
runs/user/unittest_user_entry_dry_run_13bdd10fd4a54f6fb9f94ef166144a62/candidate_sql,unit_test_artifact,unittest_user_entry_dry_run_13bdd10fd4a54f6fb9f94ef166144a62,unittest_user_entry_dry_run_13bdd10fd4a54f6fb9f94ef166144a62,unit_test_artifact,unknown,0,0,no,no,empty_or_no_files,yes,low,no,unit-test artifact; not recommended as POCR route input
runs/user/unittest_user_entry_dry_run_1452b37999cb482981133b37dd96b5e1/candidate_sql,unit_test_artifact,unittest_user_entry_dry_run_1452b37999cb482981133b37dd96b5e1,unittest_user_entry_dry_run_1452b37999cb482981133b37dd96b5e1,unit_test_artifact,unknown,0,0,no,no,empty_or_no_files,yes,low,no,unit-test artifact; not recommended as POCR route input
runs/user/unittest_user_entry_dry_run_1b94026738cd497e8ac58224e331831e/candidate_sql,unit_test_artifact,unittest_user_entry_dry_run_1b94026738cd497e8ac58224e331831e,unittest_user_entry_dry_run_1b94026738cd497e8ac58224e331831e,unit_test_artifact,unknown,0,0,no,no,empty_or_no_files,yes,low,no,unit-test artifact; not recommended as POCR route input
runs/user/unittest_user_entry_dry_run_1c4c33b4bf234949b286d2e19e20b05a/candidate_sql,unit_test_artifact,unittest_user_entry_dry_run_1c4c33b4bf234949b286d2e19e20b05a,unittest_user_entry_dry_run_1c4c33b4bf234949b286d2e19e20b05a,unit_test_artifact,unknown,0,0,no,no,empty_or_no_files,yes,low,no,unit-test artifact; not recommended as POCR route input
runs/user/unittest_user_entry_dry_run_1d7c529ee617446da9d23ddfaf3cd80d/candidate_sql,unit_test_artifact,unittest_user_entry_dry_run_1d7c529ee617446da9d23ddfaf3cd80d,unittest_user_entry_dry_run_1d7c529ee617446da9d23ddfaf3cd80d,unit_test_artifact,unknown,0,0,no,no,empty_or_no_files,yes,low,no,unit-test artifact; not recommended as POCR route input
runs/user/unittest_user_entry_dry_run_2101a1bcd05440dbbc61534831356caa/candidate_sql,unit_test_artifact,unittest_user_entry_dry_run_2101a1bcd05440dbbc61534831356caa,unittest_user_entry_dry_run_2101a1bcd05440dbbc61534831356caa,unit_test_artifact,unknown,0,0,no,no,empty_or_no_files,yes,low,no,unit-test artifact; not recommended as POCR route input
runs/user/unittest_user_entry_dry_run_2767991105cc4c7b968b26776a717f9d/candidate_sql,unit_test_artifact,unittest_user_entry_dry_run_2767991105cc4c7b968b26776a717f9d,unittest_user_entry_dry_run_2767991105cc4c7b968b26776a717f9d,unit_test_artifact,unknown,0,0,no,no,empty_or_no_files,yes,low,no,unit-test artifact; not recommended as POCR route input
runs/user/unittest_user_entry_dry_run_2dfa833aaa2d4f14bba93f5322f80bc1/candidate_sql,unit_test_artifact,unittest_user_entry_dry_run_2dfa833aaa2d4f14bba93f5322f80bc1,unittest_user_entry_dry_run_2dfa833aaa2d4f14bba93f5322f80bc1,unit_test_artifact,unknown,0,0,no,no,empty_or_no_files,yes,low,no,unit-test artifact; not recommended as POCR route input
runs/user/unittest_user_entry_dry_run_2e0d4cc7b89148bc9154703b3fc51973/candidate_sql,unit_test_artifact,unittest_user_entry_dry_run_2e0d4cc7b89148bc9154703b3fc51973,unittest_user_entry_dry_run_2e0d4cc7b89148bc9154703b3fc51973,unit_test_artifact,unknown,0,0,no,no,empty_or_no_files,yes,low,no,unit-test artifact; not recommended as POCR route input
runs/user/unittest_user_entry_dry_run_2f12cd60b6cc4395881eb234d9b119ee/candidate_sql,unit_test_artifact,unittest_user_entry_dry_run_2f12cd60b6cc4395881eb234d9b119ee,unittest_user_entry_dry_run_2f12cd60b6cc4395881eb234d9b119ee,unit_test_artifact,unknown,0,0,no,no,empty_or_no_files,yes,low,no,unit-test artifact; not recommended as POCR route input
runs/user/unittest_user_entry_dry_run_34083c10913a4566aa3dcb7dbd646695/candidate_sql,unit_test_artifact,unittest_user_entry_dry_run_34083c10913a4566aa3dcb7dbd646695,unittest_user_entry_dry_run_34083c10913a4566aa3dcb7dbd646695,unit_test_artifact,unknown,0,0,no,no,empty_or_no_files,yes,low,no,unit-test artifact; not recommended as POCR route input
runs/user/unittest_user_entry_dry_run_3af05c3d45c744399abb13095fc709c4/candidate_sql,unit_test_artifact,unittest_user_entry_dry_run_3af05c3d45c744399abb13095fc709c4,unittest_user_entry_dry_run_3af05c3d45c744399abb13095fc709c4,unit_test_artifact,unknown,0,0,no,no,empty_or_no_files,yes,low,no,unit-test artifact; not recommended as POCR route input
runs/user/unittest_user_entry_dry_run_3b221a3d084c4e5f86ead9131ab7a686/candidate_sql,unit_test_artifact,unittest_user_entry_dry_run_3b221a3d084c4e5f86ead9131ab7a686,unittest_user_entry_dry_run_3b221a3d084c4e5f86ead9131ab7a686,unit_test_artifact,unknown,0,0,no,no,empty_or_no_files,yes,low,no,unit-test artifact; not recommended as POCR route input
runs/user/unittest_user_entry_dry_run_3f5da5a541b14a298a12a2aa2d8b442a/candidate_sql,unit_test_artifact,unittest_user_entry_dry_run_3f5da5a541b14a298a12a2aa2d8b442a,unittest_user_entry_dry_run_3f5da5a541b14a298a12a2aa2d8b442a,unit_test_artifact,unknown,0,0,no,no,empty_or_no_files,yes,low,no,unit-test artifact; not recommended as POCR route input
runs/user/unittest_user_entry_dry_run_46b57bb6910e428dbf3cc9ad842d8243/candidate_sql,unit_test_artifact,unittest_user_entry_dry_run_46b57bb6910e428dbf3cc9ad842d8243,unittest_user_entry_dry_run_46b57bb6910e428dbf3cc9ad842d8243,unit_test_artifact,unknown,0,0,no,no,empty_or_no_files,yes,low,no,unit-test artifact; not recommended as POCR route input
runs/user/unittest_user_entry_dry_run_46ef0d34d3464268917e20eb9fc2d152/candidate_sql,unit_test_artifact,unittest_user_entry_dry_run_46ef0d34d3464268917e20eb9fc2d152,unittest_user_entry_dry_run_46ef0d34d3464268917e20eb9fc2d152,unit_test_artifact,unknown,0,0,no,no,empty_or_no_files,yes,low,no,unit-test artifact; not recommended as POCR route input
runs/user/unittest_user_entry_dry_run_48e7a6f970584430ae32190402397fc9/candidate_sql,unit_test_artifact,unittest_user_entry_dry_run_48e7a6f970584430ae32190402397fc9,unittest_user_entry_dry_run_48e7a6f970584430ae32190402397fc9,unit_test_artifact,unknown,0,0,no,no,empty_or_no_files,yes,low,no,unit-test artifact; not recommended as POCR route input
runs/user/unittest_user_entry_dry_run_49d09ab24bb548aca59e63da915465d8/candidate_sql,unit_test_artifact,unittest_user_entry_dry_run_49d09ab24bb548aca59e63da915465d8,unittest_user_entry_dry_run_49d09ab24bb548aca59e63da915465d8,unit_test_artifact,unknown,0,0,no,no,empty_or_no_files,yes,low,no,unit-test artifact; not recommended as POCR route input
runs/user/unittest_user_entry_dry_run_4bbc0c1632924fb0b3bc3a228a0ff5d4/candidate_sql,unit_test_artifact,unittest_user_entry_dry_run_4bbc0c1632924fb0b3bc3a228a0ff5d4,unittest_user_entry_dry_run_4bbc0c1632924fb0b3bc3a228a0ff5d4,unit_test_artifact,unknown,0,0,no,no,empty_or_no_files,yes,low,no,unit-test artifact; not recommended as POCR route input
runs/user/unittest_user_entry_dry_run_4be6df9ff0474887ac13a42483995aad/candidate_sql,unit_test_artifact,unittest_user_entry_dry_run_4be6df9ff0474887ac13a42483995aad,unittest_user_entry_dry_run_4be6df9ff0474887ac13a42483995aad,unit_test_artifact,unknown,0,0,no,no,empty_or_no_files,yes,low,no,unit-test artifact; not recommended as POCR route input
runs/user/unittest_user_entry_dry_run_4d76d41f614140f9b2ea4ca5b159a62c/candidate_sql,unit_test_artifact,unittest_user_entry_dry_run_4d76d41f614140f9b2ea4ca5b159a62c,unittest_user_entry_dry_run_4d76d41f614140f9b2ea4ca5b159a62c,unit_test_artifact,unknown,0,0,no,no,empty_or_no_files,yes,low,no,unit-test artifact; not recommended as POCR route input
runs/user/unittest_user_entry_dry_run_4f7952df980448d680743ff034d0d165/candidate_sql,unit_test_artifact,unittest_user_entry_dry_run_4f7952df980448d680743ff034d0d165,unittest_user_entry_dry_run_4f7952df980448d680743ff034d0d165,unit_test_artifact,unknown,0,0,no,no,empty_or_no_files,yes,low,no,unit-test artifact; not recommended as POCR route input
runs/user/unittest_user_entry_dry_run_4fd099b028af40bb9a5f79c8839c515e/candidate_sql,unit_test_artifact,unittest_user_entry_dry_run_4fd099b028af40bb9a5f79c8839c515e,unittest_user_entry_dry_run_4fd099b028af40bb9a5f79c8839c515e,unit_test_artifact,unknown,0,0,no,no,empty_or_no_files,yes,low,no,unit-test artifact; not recommended as POCR route input
runs/user/unittest_user_entry_dry_run_548f852fe35c4c1b883d6018b6bbeba9/candidate_sql,unit_test_artifact,unittest_user_entry_dry_run_548f852fe35c4c1b883d6018b6bbeba9,unittest_user_entry_dry_run_548f852fe35c4c1b883d6018b6bbeba9,unit_test_artifact,unknown,0,0,no,no,empty_or_no_files,yes,low,no,unit-test artifact; not recommended as POCR route input
runs/user/unittest_user_entry_dry_run_55a7216ebfbe4e69b3255b3989470e4b/candidate_sql,unit_test_artifact,unittest_user_entry_dry_run_55a7216ebfbe4e69b3255b3989470e4b,unittest_user_entry_dry_run_55a7216ebfbe4e69b3255b3989470e4b,unit_test_artifact,unknown,0,0,no,no,empty_or_no_files,yes,low,no,unit-test artifact; not recommended as POCR route input
runs/user/unittest_user_entry_dry_run_592961407efd44b0ab17e493bc93431d/candidate_sql,unit_test_artifact,unittest_user_entry_dry_run_592961407efd44b0ab17e493bc93431d,unittest_user_entry_dry_run_592961407efd44b0ab17e493bc93431d,unit_test_artifact,unknown,0,0,no,no,empty_or_no_files,yes,low,no,unit-test artifact; not recommended as POCR route input
runs/user/unittest_user_entry_dry_run_60f58b3fdf294ca889648e9d24ceb3a2/candidate_sql,unit_test_artifact,unittest_user_entry_dry_run_60f58b3fdf294ca889648e9d24ceb3a2,unittest_user_entry_dry_run_60f58b3fdf294ca889648e9d24ceb3a2,unit_test_artifact,unknown,0,0,no,no,empty_or_no_files,yes,low,no,unit-test artifact; not recommended as POCR route input
runs/user/unittest_user_entry_dry_run_61ada2d208d24242a12bb17b6ae86949/candidate_sql,unit_test_artifact,unittest_user_entry_dry_run_61ada2d208d24242a12bb17b6ae86949,unittest_user_entry_dry_run_61ada2d208d24242a12bb17b6ae86949,unit_test_artifact,unknown,0,0,no,no,empty_or_no_files,yes,low,no,unit-test artifact; not recommended as POCR route input
runs/user/unittest_user_entry_dry_run_62b67f3f64534700bc18e41d44033e9c/candidate_sql,unit_test_artifact,unittest_user_entry_dry_run_62b67f3f64534700bc18e41d44033e9c,unittest_user_entry_dry_run_62b67f3f64534700bc18e41d44033e9c,unit_test_artifact,unknown,0,0,no,no,empty_or_no_files,yes,low,no,unit-test artifact; not recommended as POCR route input
runs/user/unittest_user_entry_dry_run_6417b91440ab42b7a7acaed31f482e27/candidate_sql,unit_test_artifact,unittest_user_entry_dry_run_6417b91440ab42b7a7acaed31f482e27,unittest_user_entry_dry_run_6417b91440ab42b7a7acaed31f482e27,unit_test_artifact,unknown,0,0,no,no,empty_or_no_files,yes,low,no,unit-test artifact; not recommended as POCR route input
runs/user/unittest_user_entry_dry_run_676389bb1fb7434c8d30920b9c7a0e1a/candidate_sql,unit_test_artifact,unittest_user_entry_dry_run_676389bb1fb7434c8d30920b9c7a0e1a,unittest_user_entry_dry_run_676389bb1fb7434c8d30920b9c7a0e1a,unit_test_artifact,unknown,0,0,no,no,empty_or_no_files,yes,low,no,unit-test artifact; not recommended as POCR route input
runs/user/unittest_user_entry_dry_run_69dde72ab4a4419398fa08d4b97eade4/candidate_sql,unit_test_artifact,unittest_user_entry_dry_run_69dde72ab4a4419398fa08d4b97eade4,unittest_user_entry_dry_run_69dde72ab4a4419398fa08d4b97eade4,unit_test_artifact,unknown,0,0,no,no,empty_or_no_files,yes,low,no,unit-test artifact; not recommended as POCR route input
runs/user/unittest_user_entry_dry_run_6b7a366f92494b80b7c8c1874debedc7/candidate_sql,unit_test_artifact,unittest_user_entry_dry_run_6b7a366f92494b80b7c8c1874debedc7,unittest_user_entry_dry_run_6b7a366f92494b80b7c8c1874debedc7,unit_test_artifact,unknown,0,0,no,no,empty_or_no_files,yes,low,no,unit-test artifact; not recommended as POCR route input
runs/user/unittest_user_entry_dry_run_6ce6228aa80742bea61a1a1fcae81aec/candidate_sql,unit_test_artifact,unittest_user_entry_dry_run_6ce6228aa80742bea61a1a1fcae81aec,unittest_user_entry_dry_run_6ce6228aa80742bea61a1a1fcae81aec,unit_test_artifact,unknown,0,0,no,no,empty_or_no_files,yes,low,no,unit-test artifact; not recommended as POCR route input
runs/user/unittest_user_entry_dry_run_7051f0eb64844a9ab0a4c00652dd7282/candidate_sql,unit_test_artifact,unittest_user_entry_dry_run_7051f0eb64844a9ab0a4c00652dd7282,unittest_user_entry_dry_run_7051f0eb64844a9ab0a4c00652dd7282,unit_test_artifact,unknown,0,0,no,no,empty_or_no_files,yes,low,no,unit-test artifact; not recommended as POCR route input
runs/user/unittest_user_entry_dry_run_70fef6fafa024a5d952ccf646e9169d5/candidate_sql,unit_test_artifact,unittest_user_entry_dry_run_70fef6fafa024a5d952ccf646e9169d5,unittest_user_entry_dry_run_70fef6fafa024a5d952ccf646e9169d5,unit_test_artifact,unknown,0,0,no,no,empty_or_no_files,yes,low,no,unit-test artifact; not recommended as POCR route input
runs/user/unittest_user_entry_dry_run_70ff38ddb6544aa5bd51bba8ac2088e5/candidate_sql,unit_test_artifact,unittest_user_entry_dry_run_70ff38ddb6544aa5bd51bba8ac2088e5,unittest_user_entry_dry_run_70ff38ddb6544aa5bd51bba8ac2088e5,unit_test_artifact,unknown,0,0,no,no,empty_or_no_files,yes,low,no,unit-test artifact; not recommended as POCR route input
runs/user/unittest_user_entry_dry_run_730619519a9e44c0b261902439840629/candidate_sql,unit_test_artifact,unittest_user_entry_dry_run_730619519a9e44c0b261902439840629,unittest_user_entry_dry_run_730619519a9e44c0b261902439840629,unit_test_artifact,unknown,0,0,no,no,empty_or_no_files,yes,low,no,unit-test artifact; not recommended as POCR route input
runs/user/unittest_user_entry_dry_run_78982e44466f4af0842da6e08855bb51/candidate_sql,unit_test_artifact,unittest_user_entry_dry_run_78982e44466f4af0842da6e08855bb51,unittest_user_entry_dry_run_78982e44466f4af0842da6e08855bb51,unit_test_artifact,unknown,0,0,no,no,empty_or_no_files,yes,low,no,unit-test artifact; not recommended as POCR route input
runs/user/unittest_user_entry_dry_run_7e1d3b08730d45bb99001c18a2639f2f/candidate_sql,unit_test_artifact,unittest_user_entry_dry_run_7e1d3b08730d45bb99001c18a2639f2f,unittest_user_entry_dry_run_7e1d3b08730d45bb99001c18a2639f2f,unit_test_artifact,unknown,0,0,no,no,empty_or_no_files,yes,low,no,unit-test artifact; not recommended as POCR route input
runs/user/unittest_user_entry_dry_run_813d726357784f16934f04050781c173/candidate_sql,unit_test_artifact,unittest_user_entry_dry_run_813d726357784f16934f04050781c173,unittest_user_entry_dry_run_813d726357784f16934f04050781c173,unit_test_artifact,unknown,0,0,no,no,empty_or_no_files,yes,low,no,unit-test artifact; not recommended as POCR route input
runs/user/unittest_user_entry_dry_run_81740f84e4d641219aee1dc32d71309f/candidate_sql,unit_test_artifact,unittest_user_entry_dry_run_81740f84e4d641219aee1dc32d71309f,unittest_user_entry_dry_run_81740f84e4d641219aee1dc32d71309f,unit_test_artifact,unknown,0,0,no,no,empty_or_no_files,yes,low,no,unit-test artifact; not recommended as POCR route input
runs/user/unittest_user_entry_dry_run_83406fdeaaec4249ba4071e15e21a54a/candidate_sql,unit_test_artifact,unittest_user_entry_dry_run_83406fdeaaec4249ba4071e15e21a54a,unittest_user_entry_dry_run_83406fdeaaec4249ba4071e15e21a54a,unit_test_artifact,unknown,0,0,no,no,empty_or_no_files,yes,low,no,unit-test artifact; not recommended as POCR route input
runs/user/unittest_user_entry_dry_run_84ea3446f2c74ad88a35a71cf40fd222/candidate_sql,unit_test_artifact,unittest_user_entry_dry_run_84ea3446f2c74ad88a35a71cf40fd222,unittest_user_entry_dry_run_84ea3446f2c74ad88a35a71cf40fd222,unit_test_artifact,unknown,0,0,no,no,empty_or_no_files,yes,low,no,unit-test artifact; not recommended as POCR route input
runs/user/unittest_user_entry_dry_run_86b41cbfc96c41b097fa8709833e790e/candidate_sql,unit_test_artifact,unittest_user_entry_dry_run_86b41cbfc96c41b097fa8709833e790e,unittest_user_entry_dry_run_86b41cbfc96c41b097fa8709833e790e,unit_test_artifact,unknown,0,0,no,no,empty_or_no_files,yes,low,no,unit-test artifact; not recommended as POCR route input
runs/user/unittest_user_entry_dry_run_880925f1a27243e7aa350861c6fcbda8/candidate_sql,unit_test_artifact,unittest_user_entry_dry_run_880925f1a27243e7aa350861c6fcbda8,unittest_user_entry_dry_run_880925f1a27243e7aa350861c6fcbda8,unit_test_artifact,unknown,0,0,no,no,empty_or_no_files,yes,low,no,unit-test artifact; not recommended as POCR route input
runs/user/unittest_user_entry_dry_run_88e714cf46bb4f798bd1cebe6f562ca6/candidate_sql,unit_test_artifact,unittest_user_entry_dry_run_88e714cf46bb4f798bd1cebe6f562ca6,unittest_user_entry_dry_run_88e714cf46bb4f798bd1cebe6f562ca6,unit_test_artifact,unknown,0,0,no,no,empty_or_no_files,yes,low,no,unit-test artifact; not recommended as POCR route input
runs/user/unittest_user_entry_dry_run_8da3edd5db4f470db8ae903782f1d612/candidate_sql,unit_test_artifact,unittest_user_entry_dry_run_8da3edd5db4f470db8ae903782f1d612,unittest_user_entry_dry_run_8da3edd5db4f470db8ae903782f1d612,unit_test_artifact,unknown,0,0,no,no,empty_or_no_files,yes,low,no,unit-test artifact; not recommended as POCR route input
runs/user/unittest_user_entry_dry_run_8ebde54e0e2e421eaf8ac549e0c4b4e5/candidate_sql,unit_test_artifact,unittest_user_entry_dry_run_8ebde54e0e2e421eaf8ac549e0c4b4e5,unittest_user_entry_dry_run_8ebde54e0e2e421eaf8ac549e0c4b4e5,unit_test_artifact,unknown,0,0,no,no,empty_or_no_files,yes,low,no,unit-test artifact; not recommended as POCR route input
runs/user/unittest_user_entry_dry_run_90c09c4e27e241199151af23aa7ffc23/candidate_sql,unit_test_artifact,unittest_user_entry_dry_run_90c09c4e27e241199151af23aa7ffc23,unittest_user_entry_dry_run_90c09c4e27e241199151af23aa7ffc23,unit_test_artifact,unknown,0,0,no,no,empty_or_no_files,yes,low,no,unit-test artifact; not recommended as POCR route input
runs/user/unittest_user_entry_dry_run_92946f6d4f66421aae4e1de62c27a3aa/candidate_sql,unit_test_artifact,unittest_user_entry_dry_run_92946f6d4f66421aae4e1de62c27a3aa,unittest_user_entry_dry_run_92946f6d4f66421aae4e1de62c27a3aa,unit_test_artifact,unknown,0,0,no,no,empty_or_no_files,yes,low,no,unit-test artifact; not recommended as POCR route input
runs/user/unittest_user_entry_dry_run_938e92533d324841ac176b2175949a6b/candidate_sql,unit_test_artifact,unittest_user_entry_dry_run_938e92533d324841ac176b2175949a6b,unittest_user_entry_dry_run_938e92533d324841ac176b2175949a6b,unit_test_artifact,unknown,0,0,no,no,empty_or_no_files,yes,low,no,unit-test artifact; not recommended as POCR route input
runs/user/unittest_user_entry_dry_run_96d2abf3956d4c87952bc6352c0d6773/candidate_sql,unit_test_artifact,unittest_user_entry_dry_run_96d2abf3956d4c87952bc6352c0d6773,unittest_user_entry_dry_run_96d2abf3956d4c87952bc6352c0d6773,unit_test_artifact,unknown,0,0,no,no,empty_or_no_files,yes,low,no,unit-test artifact; not recommended as POCR route input
runs/user/unittest_user_entry_dry_run_989acb52de604e33bd2523f7154ca216/candidate_sql,unit_test_artifact,unittest_user_entry_dry_run_989acb52de604e33bd2523f7154ca216,unittest_user_entry_dry_run_989acb52de604e33bd2523f7154ca216,unit_test_artifact,unknown,0,0,no,no,empty_or_no_files,yes,low,no,unit-test artifact; not recommended as POCR route input
runs/user/unittest_user_entry_dry_run_99de223502b446b099ccd56cd5225405/candidate_sql,unit_test_artifact,unittest_user_entry_dry_run_99de223502b446b099ccd56cd5225405,unittest_user_entry_dry_run_99de223502b446b099ccd56cd5225405,unit_test_artifact,unknown,0,0,no,no,empty_or_no_files,yes,low,no,unit-test artifact; not recommended as POCR route input
runs/user/unittest_user_entry_dry_run_99eeabd3e32c49ccaad6acf319311cbe/candidate_sql,unit_test_artifact,unittest_user_entry_dry_run_99eeabd3e32c49ccaad6acf319311cbe,unittest_user_entry_dry_run_99eeabd3e32c49ccaad6acf319311cbe,unit_test_artifact,unknown,0,0,no,no,empty_or_no_files,yes,low,no,unit-test artifact; not recommended as POCR route input
runs/user/unittest_user_entry_dry_run_9b13eedc26d644f7a2816c53269e266c/candidate_sql,unit_test_artifact,unittest_user_entry_dry_run_9b13eedc26d644f7a2816c53269e266c,unittest_user_entry_dry_run_9b13eedc26d644f7a2816c53269e266c,unit_test_artifact,unknown,0,0,no,no,empty_or_no_files,yes,low,no,unit-test artifact; not recommended as POCR route input
runs/user/unittest_user_entry_dry_run_9b24dead25534f61b262a024c43ce240/candidate_sql,unit_test_artifact,unittest_user_entry_dry_run_9b24dead25534f61b262a024c43ce240,unittest_user_entry_dry_run_9b24dead25534f61b262a024c43ce240,unit_test_artifact,unknown,0,0,no,no,empty_or_no_files,yes,low,no,unit-test artifact; not recommended as POCR route input
runs/user/unittest_user_entry_dry_run_9b5a600fa7ac4bc8a64fcb9790aefe67/candidate_sql,unit_test_artifact,unittest_user_entry_dry_run_9b5a600fa7ac4bc8a64fcb9790aefe67,unittest_user_entry_dry_run_9b5a600fa7ac4bc8a64fcb9790aefe67,unit_test_artifact,unknown,0,0,no,no,empty_or_no_files,yes,low,no,unit-test artifact; not recommended as POCR route input
runs/user/unittest_user_entry_dry_run_9c3a9140e1a34ae2b25ab6b270793f88/candidate_sql,unit_test_artifact,unittest_user_entry_dry_run_9c3a9140e1a34ae2b25ab6b270793f88,unittest_user_entry_dry_run_9c3a9140e1a34ae2b25ab6b270793f88,unit_test_artifact,unknown,0,0,no,no,empty_or_no_files,yes,low,no,unit-test artifact; not recommended as POCR route input
runs/user/unittest_user_entry_dry_run_9ee31ba91afa457182338a2eecfc6f74/candidate_sql,unit_test_artifact,unittest_user_entry_dry_run_9ee31ba91afa457182338a2eecfc6f74,unittest_user_entry_dry_run_9ee31ba91afa457182338a2eecfc6f74,unit_test_artifact,unknown,0,0,no,no,empty_or_no_files,yes,low,no,unit-test artifact; not recommended as POCR route input
runs/user/unittest_user_entry_dry_run_a0d39f319dca4afd92138565b94193c7/candidate_sql,unit_test_artifact,unittest_user_entry_dry_run_a0d39f319dca4afd92138565b94193c7,unittest_user_entry_dry_run_a0d39f319dca4afd92138565b94193c7,unit_test_artifact,unknown,0,0,no,no,empty_or_no_files,yes,low,no,unit-test artifact; not recommended as POCR route input
runs/user/unittest_user_entry_dry_run_a49df7d527a645fb8fb3c3153e53baf5/candidate_sql,unit_test_artifact,unittest_user_entry_dry_run_a49df7d527a645fb8fb3c3153e53baf5,unittest_user_entry_dry_run_a49df7d527a645fb8fb3c3153e53baf5,unit_test_artifact,unknown,0,0,no,no,empty_or_no_files,yes,low,no,unit-test artifact; not recommended as POCR route input
runs/user/unittest_user_entry_dry_run_a742631a49514cac882b9e550fdec3e7/candidate_sql,unit_test_artifact,unittest_user_entry_dry_run_a742631a49514cac882b9e550fdec3e7,unittest_user_entry_dry_run_a742631a49514cac882b9e550fdec3e7,unit_test_artifact,unknown,0,0,no,no,empty_or_no_files,yes,low,no,unit-test artifact; not recommended as POCR route input
runs/user/unittest_user_entry_dry_run_a914ea67d9504ecd9f914f9d540b29c8/candidate_sql,unit_test_artifact,unittest_user_entry_dry_run_a914ea67d9504ecd9f914f9d540b29c8,unittest_user_entry_dry_run_a914ea67d9504ecd9f914f9d540b29c8,unit_test_artifact,unknown,0,0,no,no,empty_or_no_files,yes,low,no,unit-test artifact; not recommended as POCR route input
runs/user/unittest_user_entry_dry_run_abc884a864b84011ac47044574a539fb/candidate_sql,unit_test_artifact,unittest_user_entry_dry_run_abc884a864b84011ac47044574a539fb,unittest_user_entry_dry_run_abc884a864b84011ac47044574a539fb,unit_test_artifact,unknown,0,0,no,no,empty_or_no_files,yes,low,no,unit-test artifact; not recommended as POCR route input
runs/user/unittest_user_entry_dry_run_afd3e8eadfdc43eca687de4bbb2d2270/candidate_sql,unit_test_artifact,unittest_user_entry_dry_run_afd3e8eadfdc43eca687de4bbb2d2270,unittest_user_entry_dry_run_afd3e8eadfdc43eca687de4bbb2d2270,unit_test_artifact,unknown,0,0,no,no,empty_or_no_files,yes,low,no,unit-test artifact; not recommended as POCR route input
runs/user/unittest_user_entry_dry_run_b062fc4eb36749c3b93a9ce4afd3a87e/candidate_sql,unit_test_artifact,unittest_user_entry_dry_run_b062fc4eb36749c3b93a9ce4afd3a87e,unittest_user_entry_dry_run_b062fc4eb36749c3b93a9ce4afd3a87e,unit_test_artifact,unknown,0,0,no,no,empty_or_no_files,yes,low,no,unit-test artifact; not recommended as POCR route input
runs/user/unittest_user_entry_dry_run_b268e6393e834eaeb5708d6ce1cf236d/candidate_sql,unit_test_artifact,unittest_user_entry_dry_run_b268e6393e834eaeb5708d6ce1cf236d,unittest_user_entry_dry_run_b268e6393e834eaeb5708d6ce1cf236d,unit_test_artifact,unknown,0,0,no,no,empty_or_no_files,yes,low,no,unit-test artifact; not recommended as POCR route input
runs/user/unittest_user_entry_dry_run_b8d626e474a34da499290b190967169d/candidate_sql,unit_test_artifact,unittest_user_entry_dry_run_b8d626e474a34da499290b190967169d,unittest_user_entry_dry_run_b8d626e474a34da499290b190967169d,unit_test_artifact,unknown,0,0,no,no,empty_or_no_files,yes,low,no,unit-test artifact; not recommended as POCR route input
runs/user/unittest_user_entry_dry_run_b95c3fd18586465e83b9d4a750c216ce/candidate_sql,unit_test_artifact,unittest_user_entry_dry_run_b95c3fd18586465e83b9d4a750c216ce,unittest_user_entry_dry_run_b95c3fd18586465e83b9d4a750c216ce,unit_test_artifact,unknown,0,0,no,no,empty_or_no_files,yes,low,no,unit-test artifact; not recommended as POCR route input
runs/user/unittest_user_entry_dry_run_bc3ab27751584af7b96ccfc47cd690f3/candidate_sql,unit_test_artifact,unittest_user_entry_dry_run_bc3ab27751584af7b96ccfc47cd690f3,unittest_user_entry_dry_run_bc3ab27751584af7b96ccfc47cd690f3,unit_test_artifact,unknown,0,0,no,no,empty_or_no_files,yes,low,no,unit-test artifact; not recommended as POCR route input
runs/user/unittest_user_entry_dry_run_bcd567cbb5d047da8e31c047a6f01d71/candidate_sql,unit_test_artifact,unittest_user_entry_dry_run_bcd567cbb5d047da8e31c047a6f01d71,unittest_user_entry_dry_run_bcd567cbb5d047da8e31c047a6f01d71,unit_test_artifact,unknown,0,0,no,no,empty_or_no_files,yes,low,no,unit-test artifact; not recommended as POCR route input
runs/user/unittest_user_entry_dry_run_c2c158f9e65a4a57a24ef836be1cca91/candidate_sql,unit_test_artifact,unittest_user_entry_dry_run_c2c158f9e65a4a57a24ef836be1cca91,unittest_user_entry_dry_run_c2c158f9e65a4a57a24ef836be1cca91,unit_test_artifact,unknown,0,0,no,no,empty_or_no_files,yes,low,no,unit-test artifact; not recommended as POCR route input
runs/user/unittest_user_entry_dry_run_cfb68780f0814cb793d605ebece55ca0/candidate_sql,unit_test_artifact,unittest_user_entry_dry_run_cfb68780f0814cb793d605ebece55ca0,unittest_user_entry_dry_run_cfb68780f0814cb793d605ebece55ca0,unit_test_artifact,unknown,0,0,no,no,empty_or_no_files,yes,low,no,unit-test artifact; not recommended as POCR route input
runs/user/unittest_user_entry_dry_run_d04dbd8f7e2049659dab8cc193d7c37d/candidate_sql,unit_test_artifact,unittest_user_entry_dry_run_d04dbd8f7e2049659dab8cc193d7c37d,unittest_user_entry_dry_run_d04dbd8f7e2049659dab8cc193d7c37d,unit_test_artifact,unknown,0,0,no,no,empty_or_no_files,yes,low,no,unit-test artifact; not recommended as POCR route input
runs/user/unittest_user_entry_dry_run_d0fce7376fd441d4bcd1d02bd5173a55/candidate_sql,unit_test_artifact,unittest_user_entry_dry_run_d0fce7376fd441d4bcd1d02bd5173a55,unittest_user_entry_dry_run_d0fce7376fd441d4bcd1d02bd5173a55,unit_test_artifact,unknown,0,0,no,no,empty_or_no_files,yes,low,no,unit-test artifact; not recommended as POCR route input
runs/user/unittest_user_entry_dry_run_d41790d7394d4068bfb5a44d751c127b/candidate_sql,unit_test_artifact,unittest_user_entry_dry_run_d41790d7394d4068bfb5a44d751c127b,unittest_user_entry_dry_run_d41790d7394d4068bfb5a44d751c127b,unit_test_artifact,unknown,0,0,no,no,empty_or_no_files,yes,low,no,unit-test artifact; not recommended as POCR route input
runs/user/unittest_user_entry_dry_run_d8f2011b97684bf0aa882edafc1ef4b1/candidate_sql,unit_test_artifact,unittest_user_entry_dry_run_d8f2011b97684bf0aa882edafc1ef4b1,unittest_user_entry_dry_run_d8f2011b97684bf0aa882edafc1ef4b1,unit_test_artifact,unknown,0,0,no,no,empty_or_no_files,yes,low,no,unit-test artifact; not recommended as POCR route input
runs/user/unittest_user_entry_dry_run_dbea06d2bf7d4954bc8384973bb0881c/candidate_sql,unit_test_artifact,unittest_user_entry_dry_run_dbea06d2bf7d4954bc8384973bb0881c,unittest_user_entry_dry_run_dbea06d2bf7d4954bc8384973bb0881c,unit_test_artifact,unknown,0,0,no,no,empty_or_no_files,yes,low,no,unit-test artifact; not recommended as POCR route input
runs/user/unittest_user_entry_dry_run_de07c76cab0c4336aa4bd418d44fd970/candidate_sql,unit_test_artifact,unittest_user_entry_dry_run_de07c76cab0c4336aa4bd418d44fd970,unittest_user_entry_dry_run_de07c76cab0c4336aa4bd418d44fd970,unit_test_artifact,unknown,0,0,no,no,empty_or_no_files,yes,low,no,unit-test artifact; not recommended as POCR route input
runs/user/unittest_user_entry_dry_run_df9d52df4a8943fcba254261186b8b15/candidate_sql,unit_test_artifact,unittest_user_entry_dry_run_df9d52df4a8943fcba254261186b8b15,unittest_user_entry_dry_run_df9d52df4a8943fcba254261186b8b15,unit_test_artifact,unknown,0,0,no,no,empty_or_no_files,yes,low,no,unit-test artifact; not recommended as POCR route input
runs/user/unittest_user_entry_dry_run_e2f7e20b351c4a62861ed9954310c2bb/candidate_sql,unit_test_artifact,unittest_user_entry_dry_run_e2f7e20b351c4a62861ed9954310c2bb,unittest_user_entry_dry_run_e2f7e20b351c4a62861ed9954310c2bb,unit_test_artifact,unknown,0,0,no,no,empty_or_no_files,yes,low,no,unit-test artifact; not recommended as POCR route input
runs/user/unittest_user_entry_dry_run_e38eb8a5ec194a81b1768924b870218a/candidate_sql,unit_test_artifact,unittest_user_entry_dry_run_e38eb8a5ec194a81b1768924b870218a,unittest_user_entry_dry_run_e38eb8a5ec194a81b1768924b870218a,unit_test_artifact,unknown,0,0,no,no,empty_or_no_files,yes,low,no,unit-test artifact; not recommended as POCR route input
runs/user/unittest_user_entry_dry_run_ea0e7ead04f042b994b33f80495e0383/candidate_sql,unit_test_artifact,unittest_user_entry_dry_run_ea0e7ead04f042b994b33f80495e0383,unittest_user_entry_dry_run_ea0e7ead04f042b994b33f80495e0383,unit_test_artifact,unknown,0,0,no,no,empty_or_no_files,yes,low,no,unit-test artifact; not recommended as POCR route input
runs/user/unittest_user_entry_dry_run_eb34c679a9334b8b9280990874ca933e/candidate_sql,unit_test_artifact,unittest_user_entry_dry_run_eb34c679a9334b8b9280990874ca933e,unittest_user_entry_dry_run_eb34c679a9334b8b9280990874ca933e,unit_test_artifact,unknown,0,0,no,no,empty_or_no_files,yes,low,no,unit-test artifact; not recommended as POCR route input
runs/user/unittest_user_entry_dry_run_ecdba199aebf4e4caad2ef2ea489a916/candidate_sql,unit_test_artifact,unittest_user_entry_dry_run_ecdba199aebf4e4caad2ef2ea489a916,unittest_user_entry_dry_run_ecdba199aebf4e4caad2ef2ea489a916,unit_test_artifact,unknown,0,0,no,no,empty_or_no_files,yes,low,no,unit-test artifact; not recommended as POCR route input
runs/user/unittest_user_entry_dry_run_f9cf37bf2a1d438e90c614afa043b6d2/candidate_sql,unit_test_artifact,unittest_user_entry_dry_run_f9cf37bf2a1d438e90c614afa043b6d2,unittest_user_entry_dry_run_f9cf37bf2a1d438e90c614afa043b6d2,unit_test_artifact,unknown,0,0,no,no,empty_or_no_files,yes,low,no,unit-test artifact; not recommended as POCR route input
runs/user/unittest_user_entry_dry_run_fa1b428e03e7452a922f587d35bf457b/candidate_sql,unit_test_artifact,unittest_user_entry_dry_run_fa1b428e03e7452a922f587d35bf457b,unittest_user_entry_dry_run_fa1b428e03e7452a922f587d35bf457b,unit_test_artifact,unknown,0,0,no,no,empty_or_no_files,yes,low,no,unit-test artifact; not recommended as POCR route input
runs/user/unittest_user_entry_dry_run_fa6b0e1345674a3a87dd87d090539325/candidate_sql,unit_test_artifact,unittest_user_entry_dry_run_fa6b0e1345674a3a87dd87d090539325,unittest_user_entry_dry_run_fa6b0e1345674a3a87dd87d090539325,unit_test_artifact,unknown,0,0,no,no,empty_or_no_files,yes,low,no,unit-test artifact; not recommended as POCR route input
runs/user/unittest_user_entry_dry_run_fa8ded66a9994c5ba5179e8b1253f399/candidate_sql,unit_test_artifact,unittest_user_entry_dry_run_fa8ded66a9994c5ba5179e8b1253f399,unittest_user_entry_dry_run_fa8ded66a9994c5ba5179e8b1253f399,unit_test_artifact,unknown,0,0,no,no,empty_or_no_files,yes,low,no,unit-test artifact; not recommended as POCR route input
runs/user/unittest_user_entry_dry_run_fc8fc81645e643b4a9ee2620c495e42e/candidate_sql,unit_test_artifact,unittest_user_entry_dry_run_fc8fc81645e643b4a9ee2620c495e42e,unittest_user_entry_dry_run_fc8fc81645e643b4a9ee2620c495e42e,unit_test_artifact,unknown,0,0,no,no,empty_or_no_files,yes,low,no,unit-test artifact; not recommended as POCR route input
runs/user/unittest_user_entry_dry_run_fd3233a4d6cc40898a6022f16a8ed196/candidate_sql,unit_test_artifact,unittest_user_entry_dry_run_fd3233a4d6cc40898a6022f16a8ed196,unittest_user_entry_dry_run_fd3233a4d6cc40898a6022f16a8ed196,unit_test_artifact,unknown,0,0,no,no,empty_or_no_files,yes,low,no,unit-test artifact; not recommended as POCR route input
runs/user/unittest_user_entry_dry_run_fdc85927bd4b486aa5a082c25cfaa401/candidate_sql,unit_test_artifact,unittest_user_entry_dry_run_fdc85927bd4b486aa5a082c25cfaa401,unittest_user_entry_dry_run_fdc85927bd4b486aa5a082c25cfaa401,unit_test_artifact,unknown,0,0,no,no,empty_or_no_files,yes,low,no,unit-test artifact; not recommended as POCR route input
runs/user/unittest_user_entry_empty_01bbbf0c487e463abb2df65ab9859000/candidate_sql,unit_test_artifact,unittest_user_entry_empty_01bbbf0c487e463abb2df65ab9859000,unittest_user_entry_empty_01bbbf0c487e463abb2df65ab9859000,unit_test_artifact,unknown,0,0,no,no,empty_or_no_files,yes,low,no,unit-test artifact; not recommended as POCR route input
runs/user/unittest_user_entry_empty_03b8e751fa354490bf798234838f5aee/candidate_sql,unit_test_artifact,unittest_user_entry_empty_03b8e751fa354490bf798234838f5aee,unittest_user_entry_empty_03b8e751fa354490bf798234838f5aee,unit_test_artifact,unknown,0,0,no,no,empty_or_no_files,yes,low,no,unit-test artifact; not recommended as POCR route input
runs/user/unittest_user_entry_empty_06a4bf9c8aeb4279bc9ef5bd0de1de94/candidate_sql,unit_test_artifact,unittest_user_entry_empty_06a4bf9c8aeb4279bc9ef5bd0de1de94,unittest_user_entry_empty_06a4bf9c8aeb4279bc9ef5bd0de1de94,unit_test_artifact,unknown,0,0,no,no,empty_or_no_files,yes,low,no,unit-test artifact; not recommended as POCR route input
runs/user/unittest_user_entry_empty_07c826bbc6314dad8f1852189fd577cc/candidate_sql,unit_test_artifact,unittest_user_entry_empty_07c826bbc6314dad8f1852189fd577cc,unittest_user_entry_empty_07c826bbc6314dad8f1852189fd577cc,unit_test_artifact,unknown,0,0,no,no,empty_or_no_files,yes,low,no,unit-test artifact; not recommended as POCR route input
runs/user/unittest_user_entry_empty_084f7a325fe14796838a6634a4ba5c72/candidate_sql,unit_test_artifact,unittest_user_entry_empty_084f7a325fe14796838a6634a4ba5c72,unittest_user_entry_empty_084f7a325fe14796838a6634a4ba5c72,unit_test_artifact,unknown,0,0,no,no,empty_or_no_files,yes,low,no,unit-test artifact; not recommended as POCR route input
runs/user/unittest_user_entry_empty_0a9b5c33cc8b4354b8cc52d7d8ae806e/candidate_sql,unit_test_artifact,unittest_user_entry_empty_0a9b5c33cc8b4354b8cc52d7d8ae806e,unittest_user_entry_empty_0a9b5c33cc8b4354b8cc52d7d8ae806e,unit_test_artifact,unknown,0,0,no,no,empty_or_no_files,yes,low,no,unit-test artifact; not recommended as POCR route input
runs/user/unittest_user_entry_empty_0ccf57344fd54e4aa8eef2f1475af3f2/candidate_sql,unit_test_artifact,unittest_user_entry_empty_0ccf57344fd54e4aa8eef2f1475af3f2,unittest_user_entry_empty_0ccf57344fd54e4aa8eef2f1475af3f2,unit_test_artifact,unknown,0,0,no,no,empty_or_no_files,yes,low,no,unit-test artifact; not recommended as POCR route input
runs/user/unittest_user_entry_empty_0fa6799b5d7941c6af23d33365136656/candidate_sql,unit_test_artifact,unittest_user_entry_empty_0fa6799b5d7941c6af23d33365136656,unittest_user_entry_empty_0fa6799b5d7941c6af23d33365136656,unit_test_artifact,unknown,0,0,no,no,empty_or_no_files,yes,low,no,unit-test artifact; not recommended as POCR route input
runs/user/unittest_user_entry_empty_10050ca3082f4b1989cbc389068b7a71/candidate_sql,unit_test_artifact,unittest_user_entry_empty_10050ca3082f4b1989cbc389068b7a71,unittest_user_entry_empty_10050ca3082f4b1989cbc389068b7a71,unit_test_artifact,unknown,0,0,no,no,empty_or_no_files,yes,low,no,unit-test artifact; not recommended as POCR route input
runs/user/unittest_user_entry_empty_110e237d666643469eb8251ec2d17f9e/candidate_sql,unit_test_artifact,unittest_user_entry_empty_110e237d666643469eb8251ec2d17f9e,unittest_user_entry_empty_110e237d666643469eb8251ec2d17f9e,unit_test_artifact,unknown,0,0,no,no,empty_or_no_files,yes,low,no,unit-test artifact; not recommended as POCR route input
runs/user/unittest_user_entry_empty_1592623e71094dc783c6f6b28924d4f0/candidate_sql,unit_test_artifact,unittest_user_entry_empty_1592623e71094dc783c6f6b28924d4f0,unittest_user_entry_empty_1592623e71094dc783c6f6b28924d4f0,unit_test_artifact,unknown,0,0,no,no,empty_or_no_files,yes,low,no,unit-test artifact; not recommended as POCR route input
runs/user/unittest_user_entry_empty_15c6f68bac0d4e2d8c5e0e29db78b2ef/candidate_sql,unit_test_artifact,unittest_user_entry_empty_15c6f68bac0d4e2d8c5e0e29db78b2ef,unittest_user_entry_empty_15c6f68bac0d4e2d8c5e0e29db78b2ef,unit_test_artifact,unknown,0,0,no,no,empty_or_no_files,yes,low,no,unit-test artifact; not recommended as POCR route input
runs/user/unittest_user_entry_empty_18961803ac774bf6ad0d2722b991de95/candidate_sql,unit_test_artifact,unittest_user_entry_empty_18961803ac774bf6ad0d2722b991de95,unittest_user_entry_empty_18961803ac774bf6ad0d2722b991de95,unit_test_artifact,unknown,0,0,no,no,empty_or_no_files,yes,low,no,unit-test artifact; not recommended as POCR route input
runs/user/unittest_user_entry_empty_1990b8aa38b94203a8175998b15ef408/candidate_sql,unit_test_artifact,unittest_user_entry_empty_1990b8aa38b94203a8175998b15ef408,unittest_user_entry_empty_1990b8aa38b94203a8175998b15ef408,unit_test_artifact,unknown,0,0,no,no,empty_or_no_files,yes,low,no,unit-test artifact; not recommended as POCR route input
runs/user/unittest_user_entry_empty_1cf6933431f44946992966653fcc865e/candidate_sql,unit_test_artifact,unittest_user_entry_empty_1cf6933431f44946992966653fcc865e,unittest_user_entry_empty_1cf6933431f44946992966653fcc865e,unit_test_artifact,unknown,0,0,no,no,empty_or_no_files,yes,low,no,unit-test artifact; not recommended as POCR route input
runs/user/unittest_user_entry_empty_1edaba1144dc42519fdef46d4c5a82ef/candidate_sql,unit_test_artifact,unittest_user_entry_empty_1edaba1144dc42519fdef46d4c5a82ef,unittest_user_entry_empty_1edaba1144dc42519fdef46d4c5a82ef,unit_test_artifact,unknown,0,0,no,no,empty_or_no_files,yes,low,no,unit-test artifact; not recommended as POCR route input
runs/user/unittest_user_entry_empty_1f8b4e9c9c3f4067bfbcc521264c57fc/candidate_sql,unit_test_artifact,unittest_user_entry_empty_1f8b4e9c9c3f4067bfbcc521264c57fc,unittest_user_entry_empty_1f8b4e9c9c3f4067bfbcc521264c57fc,unit_test_artifact,unknown,0,0,no,no,empty_or_no_files,yes,low,no,unit-test artifact; not recommended as POCR route input
runs/user/unittest_user_entry_empty_21a9d9a293d9453b9b6fb134c158b431/candidate_sql,unit_test_artifact,unittest_user_entry_empty_21a9d9a293d9453b9b6fb134c158b431,unittest_user_entry_empty_21a9d9a293d9453b9b6fb134c158b431,unit_test_artifact,unknown,0,0,no,no,empty_or_no_files,yes,low,no,unit-test artifact; not recommended as POCR route input
runs/user/unittest_user_entry_empty_2670d4e6008b4bb0b4e8d0255c07b6b6/candidate_sql,unit_test_artifact,unittest_user_entry_empty_2670d4e6008b4bb0b4e8d0255c07b6b6,unittest_user_entry_empty_2670d4e6008b4bb0b4e8d0255c07b6b6,unit_test_artifact,unknown,0,0,no,no,empty_or_no_files,yes,low,no,unit-test artifact; not recommended as POCR route input
runs/user/unittest_user_entry_empty_2750d497a835412fbc9aed425cc1e421/candidate_sql,unit_test_artifact,unittest_user_entry_empty_2750d497a835412fbc9aed425cc1e421,unittest_user_entry_empty_2750d497a835412fbc9aed425cc1e421,unit_test_artifact,unknown,0,0,no,no,empty_or_no_files,yes,low,no,unit-test artifact; not recommended as POCR route input
runs/user/unittest_user_entry_empty_2c5c29d513c0450897197218eb621143/candidate_sql,unit_test_artifact,unittest_user_entry_empty_2c5c29d513c0450897197218eb621143,unittest_user_entry_empty_2c5c29d513c0450897197218eb621143,unit_test_artifact,unknown,0,0,no,no,empty_or_no_files,yes,low,no,unit-test artifact; not recommended as POCR route input
runs/user/unittest_user_entry_empty_2e4dd2f27b0a4e6abd5d3df743804066/candidate_sql,unit_test_artifact,unittest_user_entry_empty_2e4dd2f27b0a4e6abd5d3df743804066,unittest_user_entry_empty_2e4dd2f27b0a4e6abd5d3df743804066,unit_test_artifact,unknown,0,0,no,no,empty_or_no_files,yes,low,no,unit-test artifact; not recommended as POCR route input
runs/user/unittest_user_entry_empty_2e72634ac6ea4365a46f293088ced06f/candidate_sql,unit_test_artifact,unittest_user_entry_empty_2e72634ac6ea4365a46f293088ced06f,unittest_user_entry_empty_2e72634ac6ea4365a46f293088ced06f,unit_test_artifact,unknown,0,0,no,no,empty_or_no_files,yes,low,no,unit-test artifact; not recommended as POCR route input
runs/user/unittest_user_entry_empty_2f3b151befef4d768e104cbf7a821058/candidate_sql,unit_test_artifact,unittest_user_entry_empty_2f3b151befef4d768e104cbf7a821058,unittest_user_entry_empty_2f3b151befef4d768e104cbf7a821058,unit_test_artifact,unknown,0,0,no,no,empty_or_no_files,yes,low,no,unit-test artifact; not recommended as POCR route input
runs/user/unittest_user_entry_empty_3046afed05f347bd8f29c2290dba0f83/candidate_sql,unit_test_artifact,unittest_user_entry_empty_3046afed05f347bd8f29c2290dba0f83,unittest_user_entry_empty_3046afed05f347bd8f29c2290dba0f83,unit_test_artifact,unknown,0,0,no,no,empty_or_no_files,yes,low,no,unit-test artifact; not recommended as POCR route input
runs/user/unittest_user_entry_empty_311315f2bf9447d38ce16251994c6849/candidate_sql,unit_test_artifact,unittest_user_entry_empty_311315f2bf9447d38ce16251994c6849,unittest_user_entry_empty_311315f2bf9447d38ce16251994c6849,unit_test_artifact,unknown,0,0,no,no,empty_or_no_files,yes,low,no,unit-test artifact; not recommended as POCR route input
runs/user/unittest_user_entry_empty_36408d9efd1d4563813b72e5d12030ec/candidate_sql,unit_test_artifact,unittest_user_entry_empty_36408d9efd1d4563813b72e5d12030ec,unittest_user_entry_empty_36408d9efd1d4563813b72e5d12030ec,unit_test_artifact,unknown,0,0,no,no,empty_or_no_files,yes,low,no,unit-test artifact; not recommended as POCR route input
runs/user/unittest_user_entry_empty_37a656e7938f443795e1250860c756de/candidate_sql,unit_test_artifact,unittest_user_entry_empty_37a656e7938f443795e1250860c756de,unittest_user_entry_empty_37a656e7938f443795e1250860c756de,unit_test_artifact,unknown,0,0,no,no,empty_or_no_files,yes,low,no,unit-test artifact; not recommended as POCR route input
runs/user/unittest_user_entry_empty_3aafcaec45b4429882a305123ffd8ba9/candidate_sql,unit_test_artifact,unittest_user_entry_empty_3aafcaec45b4429882a305123ffd8ba9,unittest_user_entry_empty_3aafcaec45b4429882a305123ffd8ba9,unit_test_artifact,unknown,0,0,no,no,empty_or_no_files,yes,low,no,unit-test artifact; not recommended as POCR route input
runs/user/unittest_user_entry_empty_3bcd657c59d448e29498004c43b82217/candidate_sql,unit_test_artifact,unittest_user_entry_empty_3bcd657c59d448e29498004c43b82217,unittest_user_entry_empty_3bcd657c59d448e29498004c43b82217,unit_test_artifact,unknown,0,0,no,no,empty_or_no_files,yes,low,no,unit-test artifact; not recommended as POCR route input
runs/user/unittest_user_entry_empty_4038583d4b9d428d815f945a5b091526/candidate_sql,unit_test_artifact,unittest_user_entry_empty_4038583d4b9d428d815f945a5b091526,unittest_user_entry_empty_4038583d4b9d428d815f945a5b091526,unit_test_artifact,unknown,0,0,no,no,empty_or_no_files,yes,low,no,unit-test artifact; not recommended as POCR route input
runs/user/unittest_user_entry_empty_407d6ffaf13d4058b2100426508157c4/candidate_sql,unit_test_artifact,unittest_user_entry_empty_407d6ffaf13d4058b2100426508157c4,unittest_user_entry_empty_407d6ffaf13d4058b2100426508157c4,unit_test_artifact,unknown,0,0,no,no,empty_or_no_files,yes,low,no,unit-test artifact; not recommended as POCR route input
runs/user/unittest_user_entry_empty_432ca35453a849a9ba2d1ff7ffdf3a6f/candidate_sql,unit_test_artifact,unittest_user_entry_empty_432ca35453a849a9ba2d1ff7ffdf3a6f,unittest_user_entry_empty_432ca35453a849a9ba2d1ff7ffdf3a6f,unit_test_artifact,unknown,0,0,no,no,empty_or_no_files,yes,low,no,unit-test artifact; not recommended as POCR route input
runs/user/unittest_user_entry_empty_463484a37a594e1da95039aff89d4e94/candidate_sql,unit_test_artifact,unittest_user_entry_empty_463484a37a594e1da95039aff89d4e94,unittest_user_entry_empty_463484a37a594e1da95039aff89d4e94,unit_test_artifact,unknown,0,0,no,no,empty_or_no_files,yes,low,no,unit-test artifact; not recommended as POCR route input
runs/user/unittest_user_entry_empty_47396174683043389f7156954ae554be/candidate_sql,unit_test_artifact,unittest_user_entry_empty_47396174683043389f7156954ae554be,unittest_user_entry_empty_47396174683043389f7156954ae554be,unit_test_artifact,unknown,0,0,no,no,empty_or_no_files,yes,low,no,unit-test artifact; not recommended as POCR route input
runs/user/unittest_user_entry_empty_47f92afd67ce48ca98fa5759cfefe598/candidate_sql,unit_test_artifact,unittest_user_entry_empty_47f92afd67ce48ca98fa5759cfefe598,unittest_user_entry_empty_47f92afd67ce48ca98fa5759cfefe598,unit_test_artifact,unknown,0,0,no,no,empty_or_no_files,yes,low,no,unit-test artifact; not recommended as POCR route input
runs/user/unittest_user_entry_empty_48f562aee67e48eda2c0abd3f09909b6/candidate_sql,unit_test_artifact,unittest_user_entry_empty_48f562aee67e48eda2c0abd3f09909b6,unittest_user_entry_empty_48f562aee67e48eda2c0abd3f09909b6,unit_test_artifact,unknown,0,0,no,no,empty_or_no_files,yes,low,no,unit-test artifact; not recommended as POCR route input
runs/user/unittest_user_entry_empty_4eb18fd54f40498ea8c1fd8107601852/candidate_sql,unit_test_artifact,unittest_user_entry_empty_4eb18fd54f40498ea8c1fd8107601852,unittest_user_entry_empty_4eb18fd54f40498ea8c1fd8107601852,unit_test_artifact,unknown,0,0,no,no,empty_or_no_files,yes,low,no,unit-test artifact; not recommended as POCR route input
runs/user/unittest_user_entry_empty_50b10640cea945ce9f1376d493258864/candidate_sql,unit_test_artifact,unittest_user_entry_empty_50b10640cea945ce9f1376d493258864,unittest_user_entry_empty_50b10640cea945ce9f1376d493258864,unit_test_artifact,unknown,0,0,no,no,empty_or_no_files,yes,low,no,unit-test artifact; not recommended as POCR route input
runs/user/unittest_user_entry_empty_50e9e9486d1641dab236d71d00fc3bba/candidate_sql,unit_test_artifact,unittest_user_entry_empty_50e9e9486d1641dab236d71d00fc3bba,unittest_user_entry_empty_50e9e9486d1641dab236d71d00fc3bba,unit_test_artifact,unknown,0,0,no,no,empty_or_no_files,yes,low,no,unit-test artifact; not recommended as POCR route input
runs/user/unittest_user_entry_empty_515f25c7f6e34475852f55ce541ed271/candidate_sql,unit_test_artifact,unittest_user_entry_empty_515f25c7f6e34475852f55ce541ed271,unittest_user_entry_empty_515f25c7f6e34475852f55ce541ed271,unit_test_artifact,unknown,0,0,no,no,empty_or_no_files,yes,low,no,unit-test artifact; not recommended as POCR route input
runs/user/unittest_user_entry_empty_51f4adc598574051b2cecbf5e5c5e0ff/candidate_sql,unit_test_artifact,unittest_user_entry_empty_51f4adc598574051b2cecbf5e5c5e0ff,unittest_user_entry_empty_51f4adc598574051b2cecbf5e5c5e0ff,unit_test_artifact,unknown,0,0,no,no,empty_or_no_files,yes,low,no,unit-test artifact; not recommended as POCR route input
runs/user/unittest_user_entry_empty_522daba7ca8347ca98929f8e6d0333a0/candidate_sql,unit_test_artifact,unittest_user_entry_empty_522daba7ca8347ca98929f8e6d0333a0,unittest_user_entry_empty_522daba7ca8347ca98929f8e6d0333a0,unit_test_artifact,unknown,0,0,no,no,empty_or_no_files,yes,low,no,unit-test artifact; not recommended as POCR route input
runs/user/unittest_user_entry_empty_562a146b17e24a82917b8be13c3b53f2/candidate_sql,unit_test_artifact,unittest_user_entry_empty_562a146b17e24a82917b8be13c3b53f2,unittest_user_entry_empty_562a146b17e24a82917b8be13c3b53f2,unit_test_artifact,unknown,0,0,no,no,empty_or_no_files,yes,low,no,unit-test artifact; not recommended as POCR route input
runs/user/unittest_user_entry_empty_564b7af8d2e541d0a8a37ef169ba2278/candidate_sql,unit_test_artifact,unittest_user_entry_empty_564b7af8d2e541d0a8a37ef169ba2278,unittest_user_entry_empty_564b7af8d2e541d0a8a37ef169ba2278,unit_test_artifact,unknown,0,0,no,no,empty_or_no_files,yes,low,no,unit-test artifact; not recommended as POCR route input
runs/user/unittest_user_entry_empty_576290f3066e408b9f899fbb4e5fd352/candidate_sql,unit_test_artifact,unittest_user_entry_empty_576290f3066e408b9f899fbb4e5fd352,unittest_user_entry_empty_576290f3066e408b9f899fbb4e5fd352,unit_test_artifact,unknown,0,0,no,no,empty_or_no_files,yes,low,no,unit-test artifact; not recommended as POCR route input
runs/user/unittest_user_entry_empty_57822a7cd13442769b1b9e909a56317f/candidate_sql,unit_test_artifact,unittest_user_entry_empty_57822a7cd13442769b1b9e909a56317f,unittest_user_entry_empty_57822a7cd13442769b1b9e909a56317f,unit_test_artifact,unknown,0,0,no,no,empty_or_no_files,yes,low,no,unit-test artifact; not recommended as POCR route input
runs/user/unittest_user_entry_empty_58bb53f2cc0e48e8b78cf4ccd382127e/candidate_sql,unit_test_artifact,unittest_user_entry_empty_58bb53f2cc0e48e8b78cf4ccd382127e,unittest_user_entry_empty_58bb53f2cc0e48e8b78cf4ccd382127e,unit_test_artifact,unknown,0,0,no,no,empty_or_no_files,yes,low,no,unit-test artifact; not recommended as POCR route input
runs/user/unittest_user_entry_empty_59bf1c27fc564621ac09b921bd7cc78d/candidate_sql,unit_test_artifact,unittest_user_entry_empty_59bf1c27fc564621ac09b921bd7cc78d,unittest_user_entry_empty_59bf1c27fc564621ac09b921bd7cc78d,unit_test_artifact,unknown,0,0,no,no,empty_or_no_files,yes,low,no,unit-test artifact; not recommended as POCR route input
runs/user/unittest_user_entry_empty_5c8288e3a29148e4a1b0ba4ca7b13db8/candidate_sql,unit_test_artifact,unittest_user_entry_empty_5c8288e3a29148e4a1b0ba4ca7b13db8,unittest_user_entry_empty_5c8288e3a29148e4a1b0ba4ca7b13db8,unit_test_artifact,unknown,0,0,no,no,empty_or_no_files,yes,low,no,unit-test artifact; not recommended as POCR route input
runs/user/unittest_user_entry_empty_64e007b48abc402f91333590def0d854/candidate_sql,unit_test_artifact,unittest_user_entry_empty_64e007b48abc402f91333590def0d854,unittest_user_entry_empty_64e007b48abc402f91333590def0d854,unit_test_artifact,unknown,0,0,no,no,empty_or_no_files,yes,low,no,unit-test artifact; not recommended as POCR route input
runs/user/unittest_user_entry_empty_654168bc554344c1b9fd60fd83d48846/candidate_sql,unit_test_artifact,unittest_user_entry_empty_654168bc554344c1b9fd60fd83d48846,unittest_user_entry_empty_654168bc554344c1b9fd60fd83d48846,unit_test_artifact,unknown,0,0,no,no,empty_or_no_files,yes,low,no,unit-test artifact; not recommended as POCR route input
runs/user/unittest_user_entry_empty_68f6fb07e0ca4e1f80f28c0159c5b036/candidate_sql,unit_test_artifact,unittest_user_entry_empty_68f6fb07e0ca4e1f80f28c0159c5b036,unittest_user_entry_empty_68f6fb07e0ca4e1f80f28c0159c5b036,unit_test_artifact,unknown,0,0,no,no,empty_or_no_files,yes,low,no,unit-test artifact; not recommended as POCR route input
runs/user/unittest_user_entry_empty_6ca8cf00975840d0b2c4e8db920b9695/candidate_sql,unit_test_artifact,unittest_user_entry_empty_6ca8cf00975840d0b2c4e8db920b9695,unittest_user_entry_empty_6ca8cf00975840d0b2c4e8db920b9695,unit_test_artifact,unknown,0,0,no,no,empty_or_no_files,yes,low,no,unit-test artifact; not recommended as POCR route input
runs/user/unittest_user_entry_empty_6ef2ea46f39941de8dbdbc9a12c7238c/candidate_sql,unit_test_artifact,unittest_user_entry_empty_6ef2ea46f39941de8dbdbc9a12c7238c,unittest_user_entry_empty_6ef2ea46f39941de8dbdbc9a12c7238c,unit_test_artifact,unknown,0,0,no,no,empty_or_no_files,yes,low,no,unit-test artifact; not recommended as POCR route input
runs/user/unittest_user_entry_empty_70775b8c3dd44fc5b04746643e2cc76f/candidate_sql,unit_test_artifact,unittest_user_entry_empty_70775b8c3dd44fc5b04746643e2cc76f,unittest_user_entry_empty_70775b8c3dd44fc5b04746643e2cc76f,unit_test_artifact,unknown,0,0,no,no,empty_or_no_files,yes,low,no,unit-test artifact; not recommended as POCR route input
runs/user/unittest_user_entry_empty_70df0cf9cdcc4ae6ad8dacdbd949fff9/candidate_sql,unit_test_artifact,unittest_user_entry_empty_70df0cf9cdcc4ae6ad8dacdbd949fff9,unittest_user_entry_empty_70df0cf9cdcc4ae6ad8dacdbd949fff9,unit_test_artifact,unknown,0,0,no,no,empty_or_no_files,yes,low,no,unit-test artifact; not recommended as POCR route input
runs/user/unittest_user_entry_empty_7272c58563044fdc879ab683178080d3/candidate_sql,unit_test_artifact,unittest_user_entry_empty_7272c58563044fdc879ab683178080d3,unittest_user_entry_empty_7272c58563044fdc879ab683178080d3,unit_test_artifact,unknown,0,0,no,no,empty_or_no_files,yes,low,no,unit-test artifact; not recommended as POCR route input
runs/user/unittest_user_entry_empty_729e24ccaa804c1780fa22b7740b0900/candidate_sql,unit_test_artifact,unittest_user_entry_empty_729e24ccaa804c1780fa22b7740b0900,unittest_user_entry_empty_729e24ccaa804c1780fa22b7740b0900,unit_test_artifact,unknown,0,0,no,no,empty_or_no_files,yes,low,no,unit-test artifact; not recommended as POCR route input
runs/user/unittest_user_entry_empty_752eca4049d84afcba048b4ad728be22/candidate_sql,unit_test_artifact,unittest_user_entry_empty_752eca4049d84afcba048b4ad728be22,unittest_user_entry_empty_752eca4049d84afcba048b4ad728be22,unit_test_artifact,unknown,0,0,no,no,empty_or_no_files,yes,low,no,unit-test artifact; not recommended as POCR route input
runs/user/unittest_user_entry_empty_7b7ccc4d2f554a378d57481dfe672e25/candidate_sql,unit_test_artifact,unittest_user_entry_empty_7b7ccc4d2f554a378d57481dfe672e25,unittest_user_entry_empty_7b7ccc4d2f554a378d57481dfe672e25,unit_test_artifact,unknown,0,0,no,no,empty_or_no_files,yes,low,no,unit-test artifact; not recommended as POCR route input
runs/user/unittest_user_entry_empty_81074305ddb64aab941985923f786462/candidate_sql,unit_test_artifact,unittest_user_entry_empty_81074305ddb64aab941985923f786462,unittest_user_entry_empty_81074305ddb64aab941985923f786462,unit_test_artifact,unknown,0,0,no,no,empty_or_no_files,yes,low,no,unit-test artifact; not recommended as POCR route input
runs/user/unittest_user_entry_empty_811d7165c11c4e9e91b66b4cf02a529e/candidate_sql,unit_test_artifact,unittest_user_entry_empty_811d7165c11c4e9e91b66b4cf02a529e,unittest_user_entry_empty_811d7165c11c4e9e91b66b4cf02a529e,unit_test_artifact,unknown,0,0,no,no,empty_or_no_files,yes,low,no,unit-test artifact; not recommended as POCR route input
runs/user/unittest_user_entry_empty_844f28d43ac64093afa81ec3520394c8/candidate_sql,unit_test_artifact,unittest_user_entry_empty_844f28d43ac64093afa81ec3520394c8,unittest_user_entry_empty_844f28d43ac64093afa81ec3520394c8,unit_test_artifact,unknown,0,0,no,no,empty_or_no_files,yes,low,no,unit-test artifact; not recommended as POCR route input
runs/user/unittest_user_entry_empty_8abf24e5e3c8484d96915bac12e26017/candidate_sql,unit_test_artifact,unittest_user_entry_empty_8abf24e5e3c8484d96915bac12e26017,unittest_user_entry_empty_8abf24e5e3c8484d96915bac12e26017,unit_test_artifact,unknown,0,0,no,no,empty_or_no_files,yes,low,no,unit-test artifact; not recommended as POCR route input
runs/user/unittest_user_entry_empty_908f99357a9144d2a2703e13162f83f0/candidate_sql,unit_test_artifact,unittest_user_entry_empty_908f99357a9144d2a2703e13162f83f0,unittest_user_entry_empty_908f99357a9144d2a2703e13162f83f0,unit_test_artifact,unknown,0,0,no,no,empty_or_no_files,yes,low,no,unit-test artifact; not recommended as POCR route input
runs/user/unittest_user_entry_empty_921af3bea0c44c6e897147d400a3b254/candidate_sql,unit_test_artifact,unittest_user_entry_empty_921af3bea0c44c6e897147d400a3b254,unittest_user_entry_empty_921af3bea0c44c6e897147d400a3b254,unit_test_artifact,unknown,0,0,no,no,empty_or_no_files,yes,low,no,unit-test artifact; not recommended as POCR route input
runs/user/unittest_user_entry_empty_9413eccc25854b2c9fd1432cf05af16f/candidate_sql,unit_test_artifact,unittest_user_entry_empty_9413eccc25854b2c9fd1432cf05af16f,unittest_user_entry_empty_9413eccc25854b2c9fd1432cf05af16f,unit_test_artifact,unknown,0,0,no,no,empty_or_no_files,yes,low,no,unit-test artifact; not recommended as POCR route input
runs/user/unittest_user_entry_empty_94a6fd3b52714cb38f6128310725bfe1/candidate_sql,unit_test_artifact,unittest_user_entry_empty_94a6fd3b52714cb38f6128310725bfe1,unittest_user_entry_empty_94a6fd3b52714cb38f6128310725bfe1,unit_test_artifact,unknown,0,0,no,no,empty_or_no_files,yes,low,no,unit-test artifact; not recommended as POCR route input
runs/user/unittest_user_entry_empty_9617179fee0c4172ab5b935a190da017/candidate_sql,unit_test_artifact,unittest_user_entry_empty_9617179fee0c4172ab5b935a190da017,unittest_user_entry_empty_9617179fee0c4172ab5b935a190da017,unit_test_artifact,unknown,0,0,no,no,empty_or_no_files,yes,low,no,unit-test artifact; not recommended as POCR route input
runs/user/unittest_user_entry_empty_963217d3ad8d4300b8679e90cabc2213/candidate_sql,unit_test_artifact,unittest_user_entry_empty_963217d3ad8d4300b8679e90cabc2213,unittest_user_entry_empty_963217d3ad8d4300b8679e90cabc2213,unit_test_artifact,unknown,0,0,no,no,empty_or_no_files,yes,low,no,unit-test artifact; not recommended as POCR route input
runs/user/unittest_user_entry_empty_98fabf8cd2ab4ec7a9c99dc31e4471e5/candidate_sql,unit_test_artifact,unittest_user_entry_empty_98fabf8cd2ab4ec7a9c99dc31e4471e5,unittest_user_entry_empty_98fabf8cd2ab4ec7a9c99dc31e4471e5,unit_test_artifact,unknown,0,0,no,no,empty_or_no_files,yes,low,no,unit-test artifact; not recommended as POCR route input
runs/user/unittest_user_entry_empty_a23b7632812e43bebf1585feb2089265/candidate_sql,unit_test_artifact,unittest_user_entry_empty_a23b7632812e43bebf1585feb2089265,unittest_user_entry_empty_a23b7632812e43bebf1585feb2089265,unit_test_artifact,unknown,0,0,no,no,empty_or_no_files,yes,low,no,unit-test artifact; not recommended as POCR route input
runs/user/unittest_user_entry_empty_a24ac5d5ba4f40e09fda66b5633bf76e/candidate_sql,unit_test_artifact,unittest_user_entry_empty_a24ac5d5ba4f40e09fda66b5633bf76e,unittest_user_entry_empty_a24ac5d5ba4f40e09fda66b5633bf76e,unit_test_artifact,unknown,0,0,no,no,empty_or_no_files,yes,low,no,unit-test artifact; not recommended as POCR route input
runs/user/unittest_user_entry_empty_a2b48cd581f54a278a89efbd53e080e0/candidate_sql,unit_test_artifact,unittest_user_entry_empty_a2b48cd581f54a278a89efbd53e080e0,unittest_user_entry_empty_a2b48cd581f54a278a89efbd53e080e0,unit_test_artifact,unknown,0,0,no,no,empty_or_no_files,yes,low,no,unit-test artifact; not recommended as POCR route input
runs/user/unittest_user_entry_empty_a31f9a26124d4d4d8da83ae5ba8ae13f/candidate_sql,unit_test_artifact,unittest_user_entry_empty_a31f9a26124d4d4d8da83ae5ba8ae13f,unittest_user_entry_empty_a31f9a26124d4d4d8da83ae5ba8ae13f,unit_test_artifact,unknown,0,0,no,no,empty_or_no_files,yes,low,no,unit-test artifact; not recommended as POCR route input
runs/user/unittest_user_entry_empty_a47b54cbf1b54fb6a1e5d389e0e93f97/candidate_sql,unit_test_artifact,unittest_user_entry_empty_a47b54cbf1b54fb6a1e5d389e0e93f97,unittest_user_entry_empty_a47b54cbf1b54fb6a1e5d389e0e93f97,unit_test_artifact,unknown,0,0,no,no,empty_or_no_files,yes,low,no,unit-test artifact; not recommended as POCR route input
runs/user/unittest_user_entry_empty_a5ce7a7464334e9494d56bbc504ab649/candidate_sql,unit_test_artifact,unittest_user_entry_empty_a5ce7a7464334e9494d56bbc504ab649,unittest_user_entry_empty_a5ce7a7464334e9494d56bbc504ab649,unit_test_artifact,unknown,0,0,no,no,empty_or_no_files,yes,low,no,unit-test artifact; not recommended as POCR route input
runs/user/unittest_user_entry_empty_b0e20587dc5e462d8e3e11b488c14e3a/candidate_sql,unit_test_artifact,unittest_user_entry_empty_b0e20587dc5e462d8e3e11b488c14e3a,unittest_user_entry_empty_b0e20587dc5e462d8e3e11b488c14e3a,unit_test_artifact,unknown,0,0,no,no,empty_or_no_files,yes,low,no,unit-test artifact; not recommended as POCR route input
runs/user/unittest_user_entry_empty_b12f6bbc51dc4828ba74d936dbea559a/candidate_sql,unit_test_artifact,unittest_user_entry_empty_b12f6bbc51dc4828ba74d936dbea559a,unittest_user_entry_empty_b12f6bbc51dc4828ba74d936dbea559a,unit_test_artifact,unknown,0,0,no,no,empty_or_no_files,yes,low,no,unit-test artifact; not recommended as POCR route input
runs/user/unittest_user_entry_empty_b36a3f9889dd44138d93b9422a49c35f/candidate_sql,unit_test_artifact,unittest_user_entry_empty_b36a3f9889dd44138d93b9422a49c35f,unittest_user_entry_empty_b36a3f9889dd44138d93b9422a49c35f,unit_test_artifact,unknown,0,0,no,no,empty_or_no_files,yes,low,no,unit-test artifact; not recommended as POCR route input
runs/user/unittest_user_entry_empty_b4ee7d2265164383be1d029429301c88/candidate_sql,unit_test_artifact,unittest_user_entry_empty_b4ee7d2265164383be1d029429301c88,unittest_user_entry_empty_b4ee7d2265164383be1d029429301c88,unit_test_artifact,unknown,0,0,no,no,empty_or_no_files,yes,low,no,unit-test artifact; not recommended as POCR route input
runs/user/unittest_user_entry_empty_bb02e8a731254093a4feb7d93464e06e/candidate_sql,unit_test_artifact,unittest_user_entry_empty_bb02e8a731254093a4feb7d93464e06e,unittest_user_entry_empty_bb02e8a731254093a4feb7d93464e06e,unit_test_artifact,unknown,0,0,no,no,empty_or_no_files,yes,low,no,unit-test artifact; not recommended as POCR route input
runs/user/unittest_user_entry_empty_bc9fbb06fd294509beeeb27a6fddfe52/candidate_sql,unit_test_artifact,unittest_user_entry_empty_bc9fbb06fd294509beeeb27a6fddfe52,unittest_user_entry_empty_bc9fbb06fd294509beeeb27a6fddfe52,unit_test_artifact,unknown,0,0,no,no,empty_or_no_files,yes,low,no,unit-test artifact; not recommended as POCR route input
runs/user/unittest_user_entry_empty_bd8fb933502d4ef9b573cf62a44db72f/candidate_sql,unit_test_artifact,unittest_user_entry_empty_bd8fb933502d4ef9b573cf62a44db72f,unittest_user_entry_empty_bd8fb933502d4ef9b573cf62a44db72f,unit_test_artifact,unknown,0,0,no,no,empty_or_no_files,yes,low,no,unit-test artifact; not recommended as POCR route input
runs/user/unittest_user_entry_empty_be08715f8fe6434c987dd5e1ca2a73e4/candidate_sql,unit_test_artifact,unittest_user_entry_empty_be08715f8fe6434c987dd5e1ca2a73e4,unittest_user_entry_empty_be08715f8fe6434c987dd5e1ca2a73e4,unit_test_artifact,unknown,0,0,no,no,empty_or_no_files,yes,low,no,unit-test artifact; not recommended as POCR route input
runs/user/unittest_user_entry_empty_cb0472bfcca147d7a7b33a6d8ef94a33/candidate_sql,unit_test_artifact,unittest_user_entry_empty_cb0472bfcca147d7a7b33a6d8ef94a33,unittest_user_entry_empty_cb0472bfcca147d7a7b33a6d8ef94a33,unit_test_artifact,unknown,0,0,no,no,empty_or_no_files,yes,low,no,unit-test artifact; not recommended as POCR route input
runs/user/unittest_user_entry_empty_cb176cac7b4a4e1cb203d47853ff59ce/candidate_sql,unit_test_artifact,unittest_user_entry_empty_cb176cac7b4a4e1cb203d47853ff59ce,unittest_user_entry_empty_cb176cac7b4a4e1cb203d47853ff59ce,unit_test_artifact,unknown,0,0,no,no,empty_or_no_files,yes,low,no,unit-test artifact; not recommended as POCR route input
runs/user/unittest_user_entry_empty_cbc7c9e16fce46a194a8f45c9d2e8e3e/candidate_sql,unit_test_artifact,unittest_user_entry_empty_cbc7c9e16fce46a194a8f45c9d2e8e3e,unittest_user_entry_empty_cbc7c9e16fce46a194a8f45c9d2e8e3e,unit_test_artifact,unknown,0,0,no,no,empty_or_no_files,yes,low,no,unit-test artifact; not recommended as POCR route input
runs/user/unittest_user_entry_empty_cdf9cb1bfccd4cbb82abcaec31d32736/candidate_sql,unit_test_artifact,unittest_user_entry_empty_cdf9cb1bfccd4cbb82abcaec31d32736,unittest_user_entry_empty_cdf9cb1bfccd4cbb82abcaec31d32736,unit_test_artifact,unknown,0,0,no,no,empty_or_no_files,yes,low,no,unit-test artifact; not recommended as POCR route input
runs/user/unittest_user_entry_empty_ce14187ecda1403285fab11eaa9aa5cc/candidate_sql,unit_test_artifact,unittest_user_entry_empty_ce14187ecda1403285fab11eaa9aa5cc,unittest_user_entry_empty_ce14187ecda1403285fab11eaa9aa5cc,unit_test_artifact,unknown,0,0,no,no,empty_or_no_files,yes,low,no,unit-test artifact; not recommended as POCR route input
runs/user/unittest_user_entry_empty_cec111c50a244d89a14b919889903b76/candidate_sql,unit_test_artifact,unittest_user_entry_empty_cec111c50a244d89a14b919889903b76,unittest_user_entry_empty_cec111c50a244d89a14b919889903b76,unit_test_artifact,unknown,0,0,no,no,empty_or_no_files,yes,low,no,unit-test artifact; not recommended as POCR route input
runs/user/unittest_user_entry_empty_cee7bf5f294e41ea94f1d397fd6f600f/candidate_sql,unit_test_artifact,unittest_user_entry_empty_cee7bf5f294e41ea94f1d397fd6f600f,unittest_user_entry_empty_cee7bf5f294e41ea94f1d397fd6f600f,unit_test_artifact,unknown,0,0,no,no,empty_or_no_files,yes,low,no,unit-test artifact; not recommended as POCR route input
runs/user/unittest_user_entry_empty_cfe96dfb9f8a4bb8bd6a5b77368d19ef/candidate_sql,unit_test_artifact,unittest_user_entry_empty_cfe96dfb9f8a4bb8bd6a5b77368d19ef,unittest_user_entry_empty_cfe96dfb9f8a4bb8bd6a5b77368d19ef,unit_test_artifact,unknown,0,0,no,no,empty_or_no_files,yes,low,no,unit-test artifact; not recommended as POCR route input
runs/user/unittest_user_entry_empty_d202b19ab68d434f81e730f2fdb5d34f/candidate_sql,unit_test_artifact,unittest_user_entry_empty_d202b19ab68d434f81e730f2fdb5d34f,unittest_user_entry_empty_d202b19ab68d434f81e730f2fdb5d34f,unit_test_artifact,unknown,0,0,no,no,empty_or_no_files,yes,low,no,unit-test artifact; not recommended as POCR route input
runs/user/unittest_user_entry_empty_d4fdabfdec1642019755cc232d2d15a8/candidate_sql,unit_test_artifact,unittest_user_entry_empty_d4fdabfdec1642019755cc232d2d15a8,unittest_user_entry_empty_d4fdabfdec1642019755cc232d2d15a8,unit_test_artifact,unknown,0,0,no,no,empty_or_no_files,yes,low,no,unit-test artifact; not recommended as POCR route input
runs/user/unittest_user_entry_empty_d7059290e0cb4c41befeb442537831ff/candidate_sql,unit_test_artifact,unittest_user_entry_empty_d7059290e0cb4c41befeb442537831ff,unittest_user_entry_empty_d7059290e0cb4c41befeb442537831ff,unit_test_artifact,unknown,0,0,no,no,empty_or_no_files,yes,low,no,unit-test artifact; not recommended as POCR route input
runs/user/unittest_user_entry_empty_da883e140dc04860a94fcf9ce1f5a033/candidate_sql,unit_test_artifact,unittest_user_entry_empty_da883e140dc04860a94fcf9ce1f5a033,unittest_user_entry_empty_da883e140dc04860a94fcf9ce1f5a033,unit_test_artifact,unknown,0,0,no,no,empty_or_no_files,yes,low,no,unit-test artifact; not recommended as POCR route input
runs/user/unittest_user_entry_empty_db940e3072cc4a9b92d7391d1b8d2311/candidate_sql,unit_test_artifact,unittest_user_entry_empty_db940e3072cc4a9b92d7391d1b8d2311,unittest_user_entry_empty_db940e3072cc4a9b92d7391d1b8d2311,unit_test_artifact,unknown,0,0,no,no,empty_or_no_files,yes,low,no,unit-test artifact; not recommended as POCR route input
runs/user/unittest_user_entry_empty_dbccac02a3284e7a84314e64d58e84f5/candidate_sql,unit_test_artifact,unittest_user_entry_empty_dbccac02a3284e7a84314e64d58e84f5,unittest_user_entry_empty_dbccac02a3284e7a84314e64d58e84f5,unit_test_artifact,unknown,0,0,no,no,empty_or_no_files,yes,low,no,unit-test artifact; not recommended as POCR route input
runs/user/unittest_user_entry_empty_dcd95cd70ca240d8b76b83d38fb01c6e/candidate_sql,unit_test_artifact,unittest_user_entry_empty_dcd95cd70ca240d8b76b83d38fb01c6e,unittest_user_entry_empty_dcd95cd70ca240d8b76b83d38fb01c6e,unit_test_artifact,unknown,0,0,no,no,empty_or_no_files,yes,low,no,unit-test artifact; not recommended as POCR route input
runs/user/unittest_user_entry_empty_dd08cf7b2da241b68dc64ab1c9cb36cd/candidate_sql,unit_test_artifact,unittest_user_entry_empty_dd08cf7b2da241b68dc64ab1c9cb36cd,unittest_user_entry_empty_dd08cf7b2da241b68dc64ab1c9cb36cd,unit_test_artifact,unknown,0,0,no,no,empty_or_no_files,yes,low,no,unit-test artifact; not recommended as POCR route input
runs/user/unittest_user_entry_empty_df74ac27100c44cfae188e893131d3a2/candidate_sql,unit_test_artifact,unittest_user_entry_empty_df74ac27100c44cfae188e893131d3a2,unittest_user_entry_empty_df74ac27100c44cfae188e893131d3a2,unit_test_artifact,unknown,0,0,no,no,empty_or_no_files,yes,low,no,unit-test artifact; not recommended as POCR route input
runs/user/unittest_user_entry_empty_e1be2b9505cd46ca87e27fa75b3bbc32/candidate_sql,unit_test_artifact,unittest_user_entry_empty_e1be2b9505cd46ca87e27fa75b3bbc32,unittest_user_entry_empty_e1be2b9505cd46ca87e27fa75b3bbc32,unit_test_artifact,unknown,0,0,no,no,empty_or_no_files,yes,low,no,unit-test artifact; not recommended as POCR route input
runs/user/unittest_user_entry_empty_e365c28936d546329eb054ea72cb6e09/candidate_sql,unit_test_artifact,unittest_user_entry_empty_e365c28936d546329eb054ea72cb6e09,unittest_user_entry_empty_e365c28936d546329eb054ea72cb6e09,unit_test_artifact,unknown,0,0,no,no,empty_or_no_files,yes,low,no,unit-test artifact; not recommended as POCR route input
runs/user/unittest_user_entry_empty_e4e1c6d668a44d8ca9beeabfc0bd2442/candidate_sql,unit_test_artifact,unittest_user_entry_empty_e4e1c6d668a44d8ca9beeabfc0bd2442,unittest_user_entry_empty_e4e1c6d668a44d8ca9beeabfc0bd2442,unit_test_artifact,unknown,0,0,no,no,empty_or_no_files,yes,low,no,unit-test artifact; not recommended as POCR route input
runs/user/unittest_user_entry_empty_e91985f93d8b40a5b396ffeab1a57a77/candidate_sql,unit_test_artifact,unittest_user_entry_empty_e91985f93d8b40a5b396ffeab1a57a77,unittest_user_entry_empty_e91985f93d8b40a5b396ffeab1a57a77,unit_test_artifact,unknown,0,0,no,no,empty_or_no_files,yes,low,no,unit-test artifact; not recommended as POCR route input
runs/user/unittest_user_entry_empty_ec7023ccf571411ba1862c399ee0cbed/candidate_sql,unit_test_artifact,unittest_user_entry_empty_ec7023ccf571411ba1862c399ee0cbed,unittest_user_entry_empty_ec7023ccf571411ba1862c399ee0cbed,unit_test_artifact,unknown,0,0,no,no,empty_or_no_files,yes,low,no,unit-test artifact; not recommended as POCR route input
runs/user/unittest_user_entry_empty_ef02cff78a984695be4e5f0a25a8d494/candidate_sql,unit_test_artifact,unittest_user_entry_empty_ef02cff78a984695be4e5f0a25a8d494,unittest_user_entry_empty_ef02cff78a984695be4e5f0a25a8d494,unit_test_artifact,unknown,0,0,no,no,empty_or_no_files,yes,low,no,unit-test artifact; not recommended as POCR route input
runs/user/unittest_user_entry_failed_0149a45546954c62bfcc165f891a3c1e/candidate_sql,unit_test_artifact,unittest_user_entry_failed_0149a45546954c62bfcc165f891a3c1e,unittest_user_entry_failed_0149a45546954c62bfcc165f891a3c1e,unit_test_artifact,unknown,0,0,no,no,empty_or_no_files,yes,low,no,unit-test artifact; not recommended as POCR route input
runs/user/unittest_user_entry_failed_0193dbed5de84f75aceda183b54fe1b8/candidate_sql,unit_test_artifact,unittest_user_entry_failed_0193dbed5de84f75aceda183b54fe1b8,unittest_user_entry_failed_0193dbed5de84f75aceda183b54fe1b8,unit_test_artifact,unknown,0,0,no,no,empty_or_no_files,yes,low,no,unit-test artifact; not recommended as POCR route input
runs/user/unittest_user_entry_failed_0641b7bf1d8c401a99796c5fb27b612e/candidate_sql,unit_test_artifact,unittest_user_entry_failed_0641b7bf1d8c401a99796c5fb27b612e,unittest_user_entry_failed_0641b7bf1d8c401a99796c5fb27b612e,unit_test_artifact,unknown,0,0,no,no,empty_or_no_files,yes,low,no,unit-test artifact; not recommended as POCR route input
runs/user/unittest_user_entry_failed_070870829dfb44cb9a9e832e1bc23ff7/candidate_sql,unit_test_artifact,unittest_user_entry_failed_070870829dfb44cb9a9e832e1bc23ff7,unittest_user_entry_failed_070870829dfb44cb9a9e832e1bc23ff7,unit_test_artifact,unknown,0,0,no,no,empty_or_no_files,yes,low,no,unit-test artifact; not recommended as POCR route input
runs/user/unittest_user_entry_failed_08deda0674fd489096d11769bd4a4983/candidate_sql,unit_test_artifact,unittest_user_entry_failed_08deda0674fd489096d11769bd4a4983,unittest_user_entry_failed_08deda0674fd489096d11769bd4a4983,unit_test_artifact,unknown,0,0,no,no,empty_or_no_files,yes,low,no,unit-test artifact; not recommended as POCR route input
runs/user/unittest_user_entry_failed_0a821a2a13bd4ac7b39fc19fbf3386b0/candidate_sql,unit_test_artifact,unittest_user_entry_failed_0a821a2a13bd4ac7b39fc19fbf3386b0,unittest_user_entry_failed_0a821a2a13bd4ac7b39fc19fbf3386b0,unit_test_artifact,unknown,0,0,no,no,empty_or_no_files,yes,low,no,unit-test artifact; not recommended as POCR route input
runs/user/unittest_user_entry_failed_15279a579e544850bd7424448a83f8b2/candidate_sql,unit_test_artifact,unittest_user_entry_failed_15279a579e544850bd7424448a83f8b2,unittest_user_entry_failed_15279a579e544850bd7424448a83f8b2,unit_test_artifact,unknown,0,0,no,no,empty_or_no_files,yes,low,no,unit-test artifact; not recommended as POCR route input
runs/user/unittest_user_entry_failed_17a15d80a7ca453ca85787ab342e4342/candidate_sql,unit_test_artifact,unittest_user_entry_failed_17a15d80a7ca453ca85787ab342e4342,unittest_user_entry_failed_17a15d80a7ca453ca85787ab342e4342,unit_test_artifact,unknown,0,0,no,no,empty_or_no_files,yes,low,no,unit-test artifact; not recommended as POCR route input
runs/user/unittest_user_entry_failed_1ee0913fd29a4c489dc978d1dc949e9f/candidate_sql,unit_test_artifact,unittest_user_entry_failed_1ee0913fd29a4c489dc978d1dc949e9f,unittest_user_entry_failed_1ee0913fd29a4c489dc978d1dc949e9f,unit_test_artifact,unknown,0,0,no,no,empty_or_no_files,yes,low,no,unit-test artifact; not recommended as POCR route input
runs/user/unittest_user_entry_failed_202572aa81a04bb5bf8d764c8b8d07e1/candidate_sql,unit_test_artifact,unittest_user_entry_failed_202572aa81a04bb5bf8d764c8b8d07e1,unittest_user_entry_failed_202572aa81a04bb5bf8d764c8b8d07e1,unit_test_artifact,unknown,0,0,no,no,empty_or_no_files,yes,low,no,unit-test artifact; not recommended as POCR route input
runs/user/unittest_user_entry_failed_29965f72357442a1b7f8e518f5ebc3c0/candidate_sql,unit_test_artifact,unittest_user_entry_failed_29965f72357442a1b7f8e518f5ebc3c0,unittest_user_entry_failed_29965f72357442a1b7f8e518f5ebc3c0,unit_test_artifact,unknown,0,0,no,no,empty_or_no_files,yes,low,no,unit-test artifact; not recommended as POCR route input
runs/user/unittest_user_entry_failed_2aaecc370724421b976fc9d1df903150/candidate_sql,unit_test_artifact,unittest_user_entry_failed_2aaecc370724421b976fc9d1df903150,unittest_user_entry_failed_2aaecc370724421b976fc9d1df903150,unit_test_artifact,unknown,0,0,no,no,empty_or_no_files,yes,low,no,unit-test artifact; not recommended as POCR route input
runs/user/unittest_user_entry_failed_2af39fc6c01e48caa050b5f33e32e0a0/candidate_sql,unit_test_artifact,unittest_user_entry_failed_2af39fc6c01e48caa050b5f33e32e0a0,unittest_user_entry_failed_2af39fc6c01e48caa050b5f33e32e0a0,unit_test_artifact,unknown,0,0,no,no,empty_or_no_files,yes,low,no,unit-test artifact; not recommended as POCR route input
runs/user/unittest_user_entry_failed_2bf7d46e85a94d89bf9d8c62f6bb6344/candidate_sql,unit_test_artifact,unittest_user_entry_failed_2bf7d46e85a94d89bf9d8c62f6bb6344,unittest_user_entry_failed_2bf7d46e85a94d89bf9d8c62f6bb6344,unit_test_artifact,unknown,0,0,no,no,empty_or_no_files,yes,low,no,unit-test artifact; not recommended as POCR route input
runs/user/unittest_user_entry_failed_2eca675d352d45e7b553d605dbf7999a/candidate_sql,unit_test_artifact,unittest_user_entry_failed_2eca675d352d45e7b553d605dbf7999a,unittest_user_entry_failed_2eca675d352d45e7b553d605dbf7999a,unit_test_artifact,unknown,0,0,no,no,empty_or_no_files,yes,low,no,unit-test artifact; not recommended as POCR route input
runs/user/unittest_user_entry_failed_2ed7b3adc89d4decb2c78649375f0f8a/candidate_sql,unit_test_artifact,unittest_user_entry_failed_2ed7b3adc89d4decb2c78649375f0f8a,unittest_user_entry_failed_2ed7b3adc89d4decb2c78649375f0f8a,unit_test_artifact,unknown,0,0,no,no,empty_or_no_files,yes,low,no,unit-test artifact; not recommended as POCR route input
runs/user/unittest_user_entry_failed_304fc4909b08490089adb0ee508b4a0a/candidate_sql,unit_test_artifact,unittest_user_entry_failed_304fc4909b08490089adb0ee508b4a0a,unittest_user_entry_failed_304fc4909b08490089adb0ee508b4a0a,unit_test_artifact,unknown,0,0,no,no,empty_or_no_files,yes,low,no,unit-test artifact; not recommended as POCR route input
runs/user/unittest_user_entry_failed_319aa0a73335438e900f879fc92496e5/candidate_sql,unit_test_artifact,unittest_user_entry_failed_319aa0a73335438e900f879fc92496e5,unittest_user_entry_failed_319aa0a73335438e900f879fc92496e5,unit_test_artifact,unknown,0,0,no,no,empty_or_no_files,yes,low,no,unit-test artifact; not recommended as POCR route input
runs/user/unittest_user_entry_failed_34754f9d3da84042b1f968a60ae206bf/candidate_sql,unit_test_artifact,unittest_user_entry_failed_34754f9d3da84042b1f968a60ae206bf,unittest_user_entry_failed_34754f9d3da84042b1f968a60ae206bf,unit_test_artifact,unknown,0,0,no,no,empty_or_no_files,yes,low,no,unit-test artifact; not recommended as POCR route input
runs/user/unittest_user_entry_failed_3905503a814c4b17af5c54bbdacbb483/candidate_sql,unit_test_artifact,unittest_user_entry_failed_3905503a814c4b17af5c54bbdacbb483,unittest_user_entry_failed_3905503a814c4b17af5c54bbdacbb483,unit_test_artifact,unknown,0,0,no,no,empty_or_no_files,yes,low,no,unit-test artifact; not recommended as POCR route input
runs/user/unittest_user_entry_failed_393d98db07cd48b78f5e54a09ad27326/candidate_sql,unit_test_artifact,unittest_user_entry_failed_393d98db07cd48b78f5e54a09ad27326,unittest_user_entry_failed_393d98db07cd48b78f5e54a09ad27326,unit_test_artifact,unknown,0,0,no,no,empty_or_no_files,yes,low,no,unit-test artifact; not recommended as POCR route input
runs/user/unittest_user_entry_failed_3b56574a72bd4ef8a3bb93fd99e90aec/candidate_sql,unit_test_artifact,unittest_user_entry_failed_3b56574a72bd4ef8a3bb93fd99e90aec,unittest_user_entry_failed_3b56574a72bd4ef8a3bb93fd99e90aec,unit_test_artifact,unknown,0,0,no,no,empty_or_no_files,yes,low,no,unit-test artifact; not recommended as POCR route input
runs/user/unittest_user_entry_failed_3ca0ec6df3e74b939ba6692434e23d97/candidate_sql,unit_test_artifact,unittest_user_entry_failed_3ca0ec6df3e74b939ba6692434e23d97,unittest_user_entry_failed_3ca0ec6df3e74b939ba6692434e23d97,unit_test_artifact,unknown,0,0,no,no,empty_or_no_files,yes,low,no,unit-test artifact; not recommended as POCR route input
runs/user/unittest_user_entry_failed_3d5cb5388d754c8aa8aa355e60e7683b/candidate_sql,unit_test_artifact,unittest_user_entry_failed_3d5cb5388d754c8aa8aa355e60e7683b,unittest_user_entry_failed_3d5cb5388d754c8aa8aa355e60e7683b,unit_test_artifact,unknown,0,0,no,no,empty_or_no_files,yes,low,no,unit-test artifact; not recommended as POCR route input
runs/user/unittest_user_entry_failed_3effdb4aabac4bce9f3f3ecac7dae7be/candidate_sql,unit_test_artifact,unittest_user_entry_failed_3effdb4aabac4bce9f3f3ecac7dae7be,unittest_user_entry_failed_3effdb4aabac4bce9f3f3ecac7dae7be,unit_test_artifact,unknown,0,0,no,no,empty_or_no_files,yes,low,no,unit-test artifact; not recommended as POCR route input
runs/user/unittest_user_entry_failed_3fa5c6787d204948bfb1b3780a59b8bc/candidate_sql,unit_test_artifact,unittest_user_entry_failed_3fa5c6787d204948bfb1b3780a59b8bc,unittest_user_entry_failed_3fa5c6787d204948bfb1b3780a59b8bc,unit_test_artifact,unknown,0,0,no,no,empty_or_no_files,yes,low,no,unit-test artifact; not recommended as POCR route input
runs/user/unittest_user_entry_failed_404871bfd9ac4a91a3161ea49a92ca34/candidate_sql,unit_test_artifact,unittest_user_entry_failed_404871bfd9ac4a91a3161ea49a92ca34,unittest_user_entry_failed_404871bfd9ac4a91a3161ea49a92ca34,unit_test_artifact,unknown,0,0,no,no,empty_or_no_files,yes,low,no,unit-test artifact; not recommended as POCR route input
runs/user/unittest_user_entry_failed_455cd9646c0146d7a04a9b9d01c60f53/candidate_sql,unit_test_artifact,unittest_user_entry_failed_455cd9646c0146d7a04a9b9d01c60f53,unittest_user_entry_failed_455cd9646c0146d7a04a9b9d01c60f53,unit_test_artifact,unknown,0,0,no,no,empty_or_no_files,yes,low,no,unit-test artifact; not recommended as POCR route input
runs/user/unittest_user_entry_failed_47028c35aca04310b964a36d65f8d606/candidate_sql,unit_test_artifact,unittest_user_entry_failed_47028c35aca04310b964a36d65f8d606,unittest_user_entry_failed_47028c35aca04310b964a36d65f8d606,unit_test_artifact,unknown,0,0,no,no,empty_or_no_files,yes,low,no,unit-test artifact; not recommended as POCR route input
runs/user/unittest_user_entry_failed_479f3636df3b47979673da5c5527b849/candidate_sql,unit_test_artifact,unittest_user_entry_failed_479f3636df3b47979673da5c5527b849,unittest_user_entry_failed_479f3636df3b47979673da5c5527b849,unit_test_artifact,unknown,0,0,no,no,empty_or_no_files,yes,low,no,unit-test artifact; not recommended as POCR route input
runs/user/unittest_user_entry_failed_484496a7671c455eb2e9d8264b013ed1/candidate_sql,unit_test_artifact,unittest_user_entry_failed_484496a7671c455eb2e9d8264b013ed1,unittest_user_entry_failed_484496a7671c455eb2e9d8264b013ed1,unit_test_artifact,unknown,0,0,no,no,empty_or_no_files,yes,low,no,unit-test artifact; not recommended as POCR route input
runs/user/unittest_user_entry_failed_499526a3c89d4a3c9e3949f2ad0044da/candidate_sql,unit_test_artifact,unittest_user_entry_failed_499526a3c89d4a3c9e3949f2ad0044da,unittest_user_entry_failed_499526a3c89d4a3c9e3949f2ad0044da,unit_test_artifact,unknown,0,0,no,no,empty_or_no_files,yes,low,no,unit-test artifact; not recommended as POCR route input
runs/user/unittest_user_entry_failed_49fdfeee145749b5bb96bbf2bef4fa1e/candidate_sql,unit_test_artifact,unittest_user_entry_failed_49fdfeee145749b5bb96bbf2bef4fa1e,unittest_user_entry_failed_49fdfeee145749b5bb96bbf2bef4fa1e,unit_test_artifact,unknown,0,0,no,no,empty_or_no_files,yes,low,no,unit-test artifact; not recommended as POCR route input
runs/user/unittest_user_entry_failed_4bac6fb2ca4342d0ab762d4b6fb13b79/candidate_sql,unit_test_artifact,unittest_user_entry_failed_4bac6fb2ca4342d0ab762d4b6fb13b79,unittest_user_entry_failed_4bac6fb2ca4342d0ab762d4b6fb13b79,unit_test_artifact,unknown,0,0,no,no,empty_or_no_files,yes,low,no,unit-test artifact; not recommended as POCR route input
runs/user/unittest_user_entry_failed_5314f78a71d5400a9545db8a6856693c/candidate_sql,unit_test_artifact,unittest_user_entry_failed_5314f78a71d5400a9545db8a6856693c,unittest_user_entry_failed_5314f78a71d5400a9545db8a6856693c,unit_test_artifact,unknown,0,0,no,no,empty_or_no_files,yes,low,no,unit-test artifact; not recommended as POCR route input
runs/user/unittest_user_entry_failed_531f4a24c04b43f6b304c626aa7cef88/candidate_sql,unit_test_artifact,unittest_user_entry_failed_531f4a24c04b43f6b304c626aa7cef88,unittest_user_entry_failed_531f4a24c04b43f6b304c626aa7cef88,unit_test_artifact,unknown,0,0,no,no,empty_or_no_files,yes,low,no,unit-test artifact; not recommended as POCR route input
runs/user/unittest_user_entry_failed_534f2140afbf4cdf8f6c433404e402fe/candidate_sql,unit_test_artifact,unittest_user_entry_failed_534f2140afbf4cdf8f6c433404e402fe,unittest_user_entry_failed_534f2140afbf4cdf8f6c433404e402fe,unit_test_artifact,unknown,0,0,no,no,empty_or_no_files,yes,low,no,unit-test artifact; not recommended as POCR route input
runs/user/unittest_user_entry_failed_54e4924e9cb04fca97656921445c95a2/candidate_sql,unit_test_artifact,unittest_user_entry_failed_54e4924e9cb04fca97656921445c95a2,unittest_user_entry_failed_54e4924e9cb04fca97656921445c95a2,unit_test_artifact,unknown,0,0,no,no,empty_or_no_files,yes,low,no,unit-test artifact; not recommended as POCR route input
runs/user/unittest_user_entry_failed_56577d25f73d4439b02afb7d9f8a63df/candidate_sql,unit_test_artifact,unittest_user_entry_failed_56577d25f73d4439b02afb7d9f8a63df,unittest_user_entry_failed_56577d25f73d4439b02afb7d9f8a63df,unit_test_artifact,unknown,0,0,no,no,empty_or_no_files,yes,low,no,unit-test artifact; not recommended as POCR route input
runs/user/unittest_user_entry_failed_56c53247707e45d284b0bd330d06db2d/candidate_sql,unit_test_artifact,unittest_user_entry_failed_56c53247707e45d284b0bd330d06db2d,unittest_user_entry_failed_56c53247707e45d284b0bd330d06db2d,unit_test_artifact,unknown,0,0,no,no,empty_or_no_files,yes,low,no,unit-test artifact; not recommended as POCR route input
runs/user/unittest_user_entry_failed_57e3f0b2f4ed44eaab27eb378dcb8bdd/candidate_sql,unit_test_artifact,unittest_user_entry_failed_57e3f0b2f4ed44eaab27eb378dcb8bdd,unittest_user_entry_failed_57e3f0b2f4ed44eaab27eb378dcb8bdd,unit_test_artifact,unknown,0,0,no,no,empty_or_no_files,yes,low,no,unit-test artifact; not recommended as POCR route input
runs/user/unittest_user_entry_failed_5c665cc31b4c43f4952e44a3f6594c53/candidate_sql,unit_test_artifact,unittest_user_entry_failed_5c665cc31b4c43f4952e44a3f6594c53,unittest_user_entry_failed_5c665cc31b4c43f4952e44a3f6594c53,unit_test_artifact,unknown,0,0,no,no,empty_or_no_files,yes,low,no,unit-test artifact; not recommended as POCR route input
runs/user/unittest_user_entry_failed_5cf21487c2c74159a8b5ecdcaacecf3b/candidate_sql,unit_test_artifact,unittest_user_entry_failed_5cf21487c2c74159a8b5ecdcaacecf3b,unittest_user_entry_failed_5cf21487c2c74159a8b5ecdcaacecf3b,unit_test_artifact,unknown,0,0,no,no,empty_or_no_files,yes,low,no,unit-test artifact; not recommended as POCR route input
runs/user/unittest_user_entry_failed_6069befb3a714a83a1fdde7a5113fa6e/candidate_sql,unit_test_artifact,unittest_user_entry_failed_6069befb3a714a83a1fdde7a5113fa6e,unittest_user_entry_failed_6069befb3a714a83a1fdde7a5113fa6e,unit_test_artifact,unknown,0,0,no,no,empty_or_no_files,yes,low,no,unit-test artifact; not recommended as POCR route input
runs/user/unittest_user_entry_failed_61d9babb25aa4948a0d42193428bf6c4/candidate_sql,unit_test_artifact,unittest_user_entry_failed_61d9babb25aa4948a0d42193428bf6c4,unittest_user_entry_failed_61d9babb25aa4948a0d42193428bf6c4,unit_test_artifact,unknown,0,0,no,no,empty_or_no_files,yes,low,no,unit-test artifact; not recommended as POCR route input
runs/user/unittest_user_entry_failed_61ec5e2f931f45929316f19fd965468f/candidate_sql,unit_test_artifact,unittest_user_entry_failed_61ec5e2f931f45929316f19fd965468f,unittest_user_entry_failed_61ec5e2f931f45929316f19fd965468f,unit_test_artifact,unknown,0,0,no,no,empty_or_no_files,yes,low,no,unit-test artifact; not recommended as POCR route input
runs/user/unittest_user_entry_failed_6b49711d6762421c81a5390f13a4d00c/candidate_sql,unit_test_artifact,unittest_user_entry_failed_6b49711d6762421c81a5390f13a4d00c,unittest_user_entry_failed_6b49711d6762421c81a5390f13a4d00c,unit_test_artifact,unknown,0,0,no,no,empty_or_no_files,yes,low,no,unit-test artifact; not recommended as POCR route input
runs/user/unittest_user_entry_failed_6ebc063dacd24e0380232c401475adec/candidate_sql,unit_test_artifact,unittest_user_entry_failed_6ebc063dacd24e0380232c401475adec,unittest_user_entry_failed_6ebc063dacd24e0380232c401475adec,unit_test_artifact,unknown,0,0,no,no,empty_or_no_files,yes,low,no,unit-test artifact; not recommended as POCR route input
runs/user/unittest_user_entry_failed_6edc5af54083466ab9a9324218157f99/candidate_sql,unit_test_artifact,unittest_user_entry_failed_6edc5af54083466ab9a9324218157f99,unittest_user_entry_failed_6edc5af54083466ab9a9324218157f99,unit_test_artifact,unknown,0,0,no,no,empty_or_no_files,yes,low,no,unit-test artifact; not recommended as POCR route input
runs/user/unittest_user_entry_failed_6f4e4fe1796f44bab159adae7672db2a/candidate_sql,unit_test_artifact,unittest_user_entry_failed_6f4e4fe1796f44bab159adae7672db2a,unittest_user_entry_failed_6f4e4fe1796f44bab159adae7672db2a,unit_test_artifact,unknown,0,0,no,no,empty_or_no_files,yes,low,no,unit-test artifact; not recommended as POCR route input
runs/user/unittest_user_entry_failed_76968e95097046479dfd501b10d1930c/candidate_sql,unit_test_artifact,unittest_user_entry_failed_76968e95097046479dfd501b10d1930c,unittest_user_entry_failed_76968e95097046479dfd501b10d1930c,unit_test_artifact,unknown,0,0,no,no,empty_or_no_files,yes,low,no,unit-test artifact; not recommended as POCR route input
runs/user/unittest_user_entry_failed_79e7501d5e8143ce9450eb9caff5b518/candidate_sql,unit_test_artifact,unittest_user_entry_failed_79e7501d5e8143ce9450eb9caff5b518,unittest_user_entry_failed_79e7501d5e8143ce9450eb9caff5b518,unit_test_artifact,unknown,0,0,no,no,empty_or_no_files,yes,low,no,unit-test artifact; not recommended as POCR route input
runs/user/unittest_user_entry_failed_7eec7ce55c3e4a1a95e1e7581964bd64/candidate_sql,unit_test_artifact,unittest_user_entry_failed_7eec7ce55c3e4a1a95e1e7581964bd64,unittest_user_entry_failed_7eec7ce55c3e4a1a95e1e7581964bd64,unit_test_artifact,unknown,0,0,no,no,empty_or_no_files,yes,low,no,unit-test artifact; not recommended as POCR route input
runs/user/unittest_user_entry_failed_8450bf870d0143968f31ca11fdeb7005/candidate_sql,unit_test_artifact,unittest_user_entry_failed_8450bf870d0143968f31ca11fdeb7005,unittest_user_entry_failed_8450bf870d0143968f31ca11fdeb7005,unit_test_artifact,unknown,0,0,no,no,empty_or_no_files,yes,low,no,unit-test artifact; not recommended as POCR route input
runs/user/unittest_user_entry_failed_859d6b37333e40d492755959d400e30f/candidate_sql,unit_test_artifact,unittest_user_entry_failed_859d6b37333e40d492755959d400e30f,unittest_user_entry_failed_859d6b37333e40d492755959d400e30f,unit_test_artifact,unknown,0,0,no,no,empty_or_no_files,yes,low,no,unit-test artifact; not recommended as POCR route input
runs/user/unittest_user_entry_failed_86227fc879944ed8969d1bde1d56524b/candidate_sql,unit_test_artifact,unittest_user_entry_failed_86227fc879944ed8969d1bde1d56524b,unittest_user_entry_failed_86227fc879944ed8969d1bde1d56524b,unit_test_artifact,unknown,0,0,no,no,empty_or_no_files,yes,low,no,unit-test artifact; not recommended as POCR route input
runs/user/unittest_user_entry_failed_876be01e11d64fb2ad8656beddba9171/candidate_sql,unit_test_artifact,unittest_user_entry_failed_876be01e11d64fb2ad8656beddba9171,unittest_user_entry_failed_876be01e11d64fb2ad8656beddba9171,unit_test_artifact,unknown,0,0,no,no,empty_or_no_files,yes,low,no,unit-test artifact; not recommended as POCR route input
runs/user/unittest_user_entry_failed_8bae59c125e94ef6b6a0acc300124949/candidate_sql,unit_test_artifact,unittest_user_entry_failed_8bae59c125e94ef6b6a0acc300124949,unittest_user_entry_failed_8bae59c125e94ef6b6a0acc300124949,unit_test_artifact,unknown,0,0,no,no,empty_or_no_files,yes,low,no,unit-test artifact; not recommended as POCR route input
runs/user/unittest_user_entry_failed_8c8e3ff37f8940e082c3e033979c3b66/candidate_sql,unit_test_artifact,unittest_user_entry_failed_8c8e3ff37f8940e082c3e033979c3b66,unittest_user_entry_failed_8c8e3ff37f8940e082c3e033979c3b66,unit_test_artifact,unknown,0,0,no,no,empty_or_no_files,yes,low,no,unit-test artifact; not recommended as POCR route input
runs/user/unittest_user_entry_failed_920c15912a3e4c679e768b0a60d62d08/candidate_sql,unit_test_artifact,unittest_user_entry_failed_920c15912a3e4c679e768b0a60d62d08,unittest_user_entry_failed_920c15912a3e4c679e768b0a60d62d08,unit_test_artifact,unknown,0,0,no,no,empty_or_no_files,yes,low,no,unit-test artifact; not recommended as POCR route input
runs/user/unittest_user_entry_failed_9212b4fcf29c4a8599a4124d3f6dcf32/candidate_sql,unit_test_artifact,unittest_user_entry_failed_9212b4fcf29c4a8599a4124d3f6dcf32,unittest_user_entry_failed_9212b4fcf29c4a8599a4124d3f6dcf32,unit_test_artifact,unknown,0,0,no,no,empty_or_no_files,yes,low,no,unit-test artifact; not recommended as POCR route input
runs/user/unittest_user_entry_failed_94e948b8d9694d498201171a2ab57454/candidate_sql,unit_test_artifact,unittest_user_entry_failed_94e948b8d9694d498201171a2ab57454,unittest_user_entry_failed_94e948b8d9694d498201171a2ab57454,unit_test_artifact,unknown,0,0,no,no,empty_or_no_files,yes,low,no,unit-test artifact; not recommended as POCR route input
runs/user/unittest_user_entry_failed_9570e2a2e1db4a618f2c596d0be38f96/candidate_sql,unit_test_artifact,unittest_user_entry_failed_9570e2a2e1db4a618f2c596d0be38f96,unittest_user_entry_failed_9570e2a2e1db4a618f2c596d0be38f96,unit_test_artifact,unknown,0,0,no,no,empty_or_no_files,yes,low,no,unit-test artifact; not recommended as POCR route input
runs/user/unittest_user_entry_failed_9891c9fc1eca4493b35f6de331c118ee/candidate_sql,unit_test_artifact,unittest_user_entry_failed_9891c9fc1eca4493b35f6de331c118ee,unittest_user_entry_failed_9891c9fc1eca4493b35f6de331c118ee,unit_test_artifact,unknown,0,0,no,no,empty_or_no_files,yes,low,no,unit-test artifact; not recommended as POCR route input
runs/user/unittest_user_entry_failed_98a7556a49a74c40acbb935508092feb/candidate_sql,unit_test_artifact,unittest_user_entry_failed_98a7556a49a74c40acbb935508092feb,unittest_user_entry_failed_98a7556a49a74c40acbb935508092feb,unit_test_artifact,unknown,0,0,no,no,empty_or_no_files,yes,low,no,unit-test artifact; not recommended as POCR route input
runs/user/unittest_user_entry_failed_98b7a1dc366249d59db6647b6c962756/candidate_sql,unit_test_artifact,unittest_user_entry_failed_98b7a1dc366249d59db6647b6c962756,unittest_user_entry_failed_98b7a1dc366249d59db6647b6c962756,unit_test_artifact,unknown,0,0,no,no,empty_or_no_files,yes,low,no,unit-test artifact; not recommended as POCR route input
runs/user/unittest_user_entry_failed_9a277715f8c943e7bbd8f19c6a27421b/candidate_sql,unit_test_artifact,unittest_user_entry_failed_9a277715f8c943e7bbd8f19c6a27421b,unittest_user_entry_failed_9a277715f8c943e7bbd8f19c6a27421b,unit_test_artifact,unknown,0,0,no,no,empty_or_no_files,yes,low,no,unit-test artifact; not recommended as POCR route input
runs/user/unittest_user_entry_failed_9b8b7e43179f4783ae22f4844cfc37cc/candidate_sql,unit_test_artifact,unittest_user_entry_failed_9b8b7e43179f4783ae22f4844cfc37cc,unittest_user_entry_failed_9b8b7e43179f4783ae22f4844cfc37cc,unit_test_artifact,unknown,0,0,no,no,empty_or_no_files,yes,low,no,unit-test artifact; not recommended as POCR route input
runs/user/unittest_user_entry_failed_a2050116a41c4e0da9dc15cf37bca980/candidate_sql,unit_test_artifact,unittest_user_entry_failed_a2050116a41c4e0da9dc15cf37bca980,unittest_user_entry_failed_a2050116a41c4e0da9dc15cf37bca980,unit_test_artifact,unknown,0,0,no,no,empty_or_no_files,yes,low,no,unit-test artifact; not recommended as POCR route input
runs/user/unittest_user_entry_failed_a43dc416608d46f2950c774e573f3011/candidate_sql,unit_test_artifact,unittest_user_entry_failed_a43dc416608d46f2950c774e573f3011,unittest_user_entry_failed_a43dc416608d46f2950c774e573f3011,unit_test_artifact,unknown,0,0,no,no,empty_or_no_files,yes,low,no,unit-test artifact; not recommended as POCR route input
runs/user/unittest_user_entry_failed_a4f06af3e69d41c3aa999588170d718d/candidate_sql,unit_test_artifact,unittest_user_entry_failed_a4f06af3e69d41c3aa999588170d718d,unittest_user_entry_failed_a4f06af3e69d41c3aa999588170d718d,unit_test_artifact,unknown,0,0,no,no,empty_or_no_files,yes,low,no,unit-test artifact; not recommended as POCR route input
runs/user/unittest_user_entry_failed_a7ca4e9ba32e45f1ac0309aaf821a718/candidate_sql,unit_test_artifact,unittest_user_entry_failed_a7ca4e9ba32e45f1ac0309aaf821a718,unittest_user_entry_failed_a7ca4e9ba32e45f1ac0309aaf821a718,unit_test_artifact,unknown,0,0,no,no,empty_or_no_files,yes,low,no,unit-test artifact; not recommended as POCR route input
runs/user/unittest_user_entry_failed_a9af1febce5b47d6b11ebc72caba3d4d/candidate_sql,unit_test_artifact,unittest_user_entry_failed_a9af1febce5b47d6b11ebc72caba3d4d,unittest_user_entry_failed_a9af1febce5b47d6b11ebc72caba3d4d,unit_test_artifact,unknown,0,0,no,no,empty_or_no_files,yes,low,no,unit-test artifact; not recommended as POCR route input
runs/user/unittest_user_entry_failed_aaec0e31225e4928850cb8c8ee8d9830/candidate_sql,unit_test_artifact,unittest_user_entry_failed_aaec0e31225e4928850cb8c8ee8d9830,unittest_user_entry_failed_aaec0e31225e4928850cb8c8ee8d9830,unit_test_artifact,unknown,0,0,no,no,empty_or_no_files,yes,low,no,unit-test artifact; not recommended as POCR route input
runs/user/unittest_user_entry_failed_ac55c957b13144c3ae562f5a1cdd82d5/candidate_sql,unit_test_artifact,unittest_user_entry_failed_ac55c957b13144c3ae562f5a1cdd82d5,unittest_user_entry_failed_ac55c957b13144c3ae562f5a1cdd82d5,unit_test_artifact,unknown,0,0,no,no,empty_or_no_files,yes,low,no,unit-test artifact; not recommended as POCR route input
runs/user/unittest_user_entry_failed_acf00184331345dda45e374ca8ca5e32/candidate_sql,unit_test_artifact,unittest_user_entry_failed_acf00184331345dda45e374ca8ca5e32,unittest_user_entry_failed_acf00184331345dda45e374ca8ca5e32,unit_test_artifact,unknown,0,0,no,no,empty_or_no_files,yes,low,no,unit-test artifact; not recommended as POCR route input
runs/user/unittest_user_entry_failed_ad81eb08e70e43cc8950260b6b21b530/candidate_sql,unit_test_artifact,unittest_user_entry_failed_ad81eb08e70e43cc8950260b6b21b530,unittest_user_entry_failed_ad81eb08e70e43cc8950260b6b21b530,unit_test_artifact,unknown,0,0,no,no,empty_or_no_files,yes,low,no,unit-test artifact; not recommended as POCR route input
runs/user/unittest_user_entry_failed_af93cad8fc0d44458f75a0bf41bc1050/candidate_sql,unit_test_artifact,unittest_user_entry_failed_af93cad8fc0d44458f75a0bf41bc1050,unittest_user_entry_failed_af93cad8fc0d44458f75a0bf41bc1050,unit_test_artifact,unknown,0,0,no,no,empty_or_no_files,yes,low,no,unit-test artifact; not recommended as POCR route input
runs/user/unittest_user_entry_failed_b1078836a9914864b4e8d58a02ec0087/candidate_sql,unit_test_artifact,unittest_user_entry_failed_b1078836a9914864b4e8d58a02ec0087,unittest_user_entry_failed_b1078836a9914864b4e8d58a02ec0087,unit_test_artifact,unknown,0,0,no,no,empty_or_no_files,yes,low,no,unit-test artifact; not recommended as POCR route input
runs/user/unittest_user_entry_failed_b10f7c1710e7497081d7dff31d074d82/candidate_sql,unit_test_artifact,unittest_user_entry_failed_b10f7c1710e7497081d7dff31d074d82,unittest_user_entry_failed_b10f7c1710e7497081d7dff31d074d82,unit_test_artifact,unknown,0,0,no,no,empty_or_no_files,yes,low,no,unit-test artifact; not recommended as POCR route input
runs/user/unittest_user_entry_failed_b2416bce0471499eb0c03dcf130e286d/candidate_sql,unit_test_artifact,unittest_user_entry_failed_b2416bce0471499eb0c03dcf130e286d,unittest_user_entry_failed_b2416bce0471499eb0c03dcf130e286d,unit_test_artifact,unknown,0,0,no,no,empty_or_no_files,yes,low,no,unit-test artifact; not recommended as POCR route input
runs/user/unittest_user_entry_failed_b324f62cd8b549c09db28bf474d5e64b/candidate_sql,unit_test_artifact,unittest_user_entry_failed_b324f62cd8b549c09db28bf474d5e64b,unittest_user_entry_failed_b324f62cd8b549c09db28bf474d5e64b,unit_test_artifact,unknown,0,0,no,no,empty_or_no_files,yes,low,no,unit-test artifact; not recommended as POCR route input
runs/user/unittest_user_entry_failed_b500e7503e6d48358027c277a64763d9/candidate_sql,unit_test_artifact,unittest_user_entry_failed_b500e7503e6d48358027c277a64763d9,unittest_user_entry_failed_b500e7503e6d48358027c277a64763d9,unit_test_artifact,unknown,0,0,no,no,empty_or_no_files,yes,low,no,unit-test artifact; not recommended as POCR route input
runs/user/unittest_user_entry_failed_b7d33943946d464aa2f095ef2fdafe71/candidate_sql,unit_test_artifact,unittest_user_entry_failed_b7d33943946d464aa2f095ef2fdafe71,unittest_user_entry_failed_b7d33943946d464aa2f095ef2fdafe71,unit_test_artifact,unknown,0,0,no,no,empty_or_no_files,yes,low,no,unit-test artifact; not recommended as POCR route input
runs/user/unittest_user_entry_failed_b96614bc4bb64476a88705d9619e3321/candidate_sql,unit_test_artifact,unittest_user_entry_failed_b96614bc4bb64476a88705d9619e3321,unittest_user_entry_failed_b96614bc4bb64476a88705d9619e3321,unit_test_artifact,unknown,0,0,no,no,empty_or_no_files,yes,low,no,unit-test artifact; not recommended as POCR route input
runs/user/unittest_user_entry_failed_bd1dc7382b0c474c80ca91348abf11b6/candidate_sql,unit_test_artifact,unittest_user_entry_failed_bd1dc7382b0c474c80ca91348abf11b6,unittest_user_entry_failed_bd1dc7382b0c474c80ca91348abf11b6,unit_test_artifact,unknown,0,0,no,no,empty_or_no_files,yes,low,no,unit-test artifact; not recommended as POCR route input
runs/user/unittest_user_entry_failed_c0fc85572a0c410f8caf5b09302176ee/candidate_sql,unit_test_artifact,unittest_user_entry_failed_c0fc85572a0c410f8caf5b09302176ee,unittest_user_entry_failed_c0fc85572a0c410f8caf5b09302176ee,unit_test_artifact,unknown,0,0,no,no,empty_or_no_files,yes,low,no,unit-test artifact; not recommended as POCR route input
runs/user/unittest_user_entry_failed_c673fb0bd30c428fa0b30489ba77cb10/candidate_sql,unit_test_artifact,unittest_user_entry_failed_c673fb0bd30c428fa0b30489ba77cb10,unittest_user_entry_failed_c673fb0bd30c428fa0b30489ba77cb10,unit_test_artifact,unknown,0,0,no,no,empty_or_no_files,yes,low,no,unit-test artifact; not recommended as POCR route input
runs/user/unittest_user_entry_failed_c6d9784ce644453b88e0dec43d98e9e6/candidate_sql,unit_test_artifact,unittest_user_entry_failed_c6d9784ce644453b88e0dec43d98e9e6,unittest_user_entry_failed_c6d9784ce644453b88e0dec43d98e9e6,unit_test_artifact,unknown,0,0,no,no,empty_or_no_files,yes,low,no,unit-test artifact; not recommended as POCR route input
runs/user/unittest_user_entry_failed_c753e587eca0435384ce023e7ba94f75/candidate_sql,unit_test_artifact,unittest_user_entry_failed_c753e587eca0435384ce023e7ba94f75,unittest_user_entry_failed_c753e587eca0435384ce023e7ba94f75,unit_test_artifact,unknown,0,0,no,no,empty_or_no_files,yes,low,no,unit-test artifact; not recommended as POCR route input
runs/user/unittest_user_entry_failed_c7760eaaaccb42e1b1913bfd47509dc6/candidate_sql,unit_test_artifact,unittest_user_entry_failed_c7760eaaaccb42e1b1913bfd47509dc6,unittest_user_entry_failed_c7760eaaaccb42e1b1913bfd47509dc6,unit_test_artifact,unknown,0,0,no,no,empty_or_no_files,yes,low,no,unit-test artifact; not recommended as POCR route input
runs/user/unittest_user_entry_failed_ca1dacd08a054fb4acc60115975efe3d/candidate_sql,unit_test_artifact,unittest_user_entry_failed_ca1dacd08a054fb4acc60115975efe3d,unittest_user_entry_failed_ca1dacd08a054fb4acc60115975efe3d,unit_test_artifact,unknown,0,0,no,no,empty_or_no_files,yes,low,no,unit-test artifact; not recommended as POCR route input
runs/user/unittest_user_entry_failed_cea7df50886f475b887e2188254b2e17/candidate_sql,unit_test_artifact,unittest_user_entry_failed_cea7df50886f475b887e2188254b2e17,unittest_user_entry_failed_cea7df50886f475b887e2188254b2e17,unit_test_artifact,unknown,0,0,no,no,empty_or_no_files,yes,low,no,unit-test artifact; not recommended as POCR route input
runs/user/unittest_user_entry_failed_d5b1a6b4556e4aa5987f51c9f48813fe/candidate_sql,unit_test_artifact,unittest_user_entry_failed_d5b1a6b4556e4aa5987f51c9f48813fe,unittest_user_entry_failed_d5b1a6b4556e4aa5987f51c9f48813fe,unit_test_artifact,unknown,0,0,no,no,empty_or_no_files,yes,low,no,unit-test artifact; not recommended as POCR route input
runs/user/unittest_user_entry_failed_d66571857ccc4052abe86797984606df/candidate_sql,unit_test_artifact,unittest_user_entry_failed_d66571857ccc4052abe86797984606df,unittest_user_entry_failed_d66571857ccc4052abe86797984606df,unit_test_artifact,unknown,0,0,no,no,empty_or_no_files,yes,low,no,unit-test artifact; not recommended as POCR route input
runs/user/unittest_user_entry_failed_d6b5d1f580cf4ad98b5e89036078fa6d/candidate_sql,unit_test_artifact,unittest_user_entry_failed_d6b5d1f580cf4ad98b5e89036078fa6d,unittest_user_entry_failed_d6b5d1f580cf4ad98b5e89036078fa6d,unit_test_artifact,unknown,0,0,no,no,empty_or_no_files,yes,low,no,unit-test artifact; not recommended as POCR route input
runs/user/unittest_user_entry_failed_db697bec07054515ac828e1f743c536d/candidate_sql,unit_test_artifact,unittest_user_entry_failed_db697bec07054515ac828e1f743c536d,unittest_user_entry_failed_db697bec07054515ac828e1f743c536d,unit_test_artifact,unknown,0,0,no,no,empty_or_no_files,yes,low,no,unit-test artifact; not recommended as POCR route input
runs/user/unittest_user_entry_failed_dc6876249249436ba419022f45a13532/candidate_sql,unit_test_artifact,unittest_user_entry_failed_dc6876249249436ba419022f45a13532,unittest_user_entry_failed_dc6876249249436ba419022f45a13532,unit_test_artifact,unknown,0,0,no,no,empty_or_no_files,yes,low,no,unit-test artifact; not recommended as POCR route input
runs/user/unittest_user_entry_failed_dc747ed0043345c6947907c38078ec7a/candidate_sql,unit_test_artifact,unittest_user_entry_failed_dc747ed0043345c6947907c38078ec7a,unittest_user_entry_failed_dc747ed0043345c6947907c38078ec7a,unit_test_artifact,unknown,0,0,no,no,empty_or_no_files,yes,low,no,unit-test artifact; not recommended as POCR route input
runs/user/unittest_user_entry_failed_e0a623ed41cd400c885f3ae8a44c23f5/candidate_sql,unit_test_artifact,unittest_user_entry_failed_e0a623ed41cd400c885f3ae8a44c23f5,unittest_user_entry_failed_e0a623ed41cd400c885f3ae8a44c23f5,unit_test_artifact,unknown,0,0,no,no,empty_or_no_files,yes,low,no,unit-test artifact; not recommended as POCR route input
runs/user/unittest_user_entry_failed_e0e07cabaeaf444cb7a3d678ec18de4a/candidate_sql,unit_test_artifact,unittest_user_entry_failed_e0e07cabaeaf444cb7a3d678ec18de4a,unittest_user_entry_failed_e0e07cabaeaf444cb7a3d678ec18de4a,unit_test_artifact,unknown,0,0,no,no,empty_or_no_files,yes,low,no,unit-test artifact; not recommended as POCR route input
runs/user/unittest_user_entry_failed_e2fd15be62674513984c50e0cf4fb0d9/candidate_sql,unit_test_artifact,unittest_user_entry_failed_e2fd15be62674513984c50e0cf4fb0d9,unittest_user_entry_failed_e2fd15be62674513984c50e0cf4fb0d9,unit_test_artifact,unknown,0,0,no,no,empty_or_no_files,yes,low,no,unit-test artifact; not recommended as POCR route input
runs/user/unittest_user_entry_failed_e641a438eae8451bbb68407cf9ef6772/candidate_sql,unit_test_artifact,unittest_user_entry_failed_e641a438eae8451bbb68407cf9ef6772,unittest_user_entry_failed_e641a438eae8451bbb68407cf9ef6772,unit_test_artifact,unknown,0,0,no,no,empty_or_no_files,yes,low,no,unit-test artifact; not recommended as POCR route input
runs/user/unittest_user_entry_failed_e869555136d34c869c0379cdec4dc6c0/candidate_sql,unit_test_artifact,unittest_user_entry_failed_e869555136d34c869c0379cdec4dc6c0,unittest_user_entry_failed_e869555136d34c869c0379cdec4dc6c0,unit_test_artifact,unknown,0,0,no,no,empty_or_no_files,yes,low,no,unit-test artifact; not recommended as POCR route input
runs/user/unittest_user_entry_failed_e9aa948b04e946ccb3d2f02af061c20f/candidate_sql,unit_test_artifact,unittest_user_entry_failed_e9aa948b04e946ccb3d2f02af061c20f,unittest_user_entry_failed_e9aa948b04e946ccb3d2f02af061c20f,unit_test_artifact,unknown,0,0,no,no,empty_or_no_files,yes,low,no,unit-test artifact; not recommended as POCR route input
runs/user/unittest_user_entry_failed_ede0c15f8c0342d5be9790374affc592/candidate_sql,unit_test_artifact,unittest_user_entry_failed_ede0c15f8c0342d5be9790374affc592,unittest_user_entry_failed_ede0c15f8c0342d5be9790374affc592,unit_test_artifact,unknown,0,0,no,no,empty_or_no_files,yes,low,no,unit-test artifact; not recommended as POCR route input
runs/user/unittest_user_entry_failed_f2e9dd29b70642ff9bd32b42dd6cb66e/candidate_sql,unit_test_artifact,unittest_user_entry_failed_f2e9dd29b70642ff9bd32b42dd6cb66e,unittest_user_entry_failed_f2e9dd29b70642ff9bd32b42dd6cb66e,unit_test_artifact,unknown,0,0,no,no,empty_or_no_files,yes,low,no,unit-test artifact; not recommended as POCR route input
runs/user/unittest_user_entry_failed_f735f32fc55d42b2bce72e6ecb9d999b/candidate_sql,unit_test_artifact,unittest_user_entry_failed_f735f32fc55d42b2bce72e6ecb9d999b,unittest_user_entry_failed_f735f32fc55d42b2bce72e6ecb9d999b,unit_test_artifact,unknown,0,0,no,no,empty_or_no_files,yes,low,no,unit-test artifact; not recommended as POCR route input
runs/user/unittest_user_entry_failed_fd9947acdc8b4e35ba3f2af2e603c980/candidate_sql,unit_test_artifact,unittest_user_entry_failed_fd9947acdc8b4e35ba3f2af2e603c980,unittest_user_entry_failed_fd9947acdc8b4e35ba3f2af2e603c980,unit_test_artifact,unknown,0,0,no,no,empty_or_no_files,yes,low,no,unit-test artifact; not recommended as POCR route input
runs/user/unittest_user_entry_stdout_04d733baa3b54e2b8c044c0fe5708dcc/candidate_sql,unit_test_artifact,unittest_user_entry_stdout_04d733baa3b54e2b8c044c0fe5708dcc,unittest_user_entry_stdout_04d733baa3b54e2b8c044c0fe5708dcc,unit_test_artifact,postgres,1,1,no,no,case_engine_suffix_sql,yes,low,no,unit-test artifact; not recommended as POCR route input
runs/user/unittest_user_entry_stdout_052a7c23a3be46b881700b80eb08d04a/candidate_sql,unit_test_artifact,unittest_user_entry_stdout_052a7c23a3be46b881700b80eb08d04a,unittest_user_entry_stdout_052a7c23a3be46b881700b80eb08d04a,unit_test_artifact,postgres,1,1,no,no,case_engine_suffix_sql,yes,low,no,unit-test artifact; not recommended as POCR route input
runs/user/unittest_user_entry_stdout_065a96333eeb4f8b8eced74ca5641a92/candidate_sql,unit_test_artifact,unittest_user_entry_stdout_065a96333eeb4f8b8eced74ca5641a92,unittest_user_entry_stdout_065a96333eeb4f8b8eced74ca5641a92,unit_test_artifact,postgres,1,1,no,no,case_engine_suffix_sql,yes,low,no,unit-test artifact; not recommended as POCR route input
runs/user/unittest_user_entry_stdout_0865f253a7ab4e23a5bb871d0b486a17/candidate_sql,unit_test_artifact,unittest_user_entry_stdout_0865f253a7ab4e23a5bb871d0b486a17,unittest_user_entry_stdout_0865f253a7ab4e23a5bb871d0b486a17,unit_test_artifact,postgres,1,1,no,no,case_engine_suffix_sql,yes,low,no,unit-test artifact; not recommended as POCR route input
runs/user/unittest_user_entry_stdout_08c7b672f596455789a30b530b023ca7/candidate_sql,unit_test_artifact,unittest_user_entry_stdout_08c7b672f596455789a30b530b023ca7,unittest_user_entry_stdout_08c7b672f596455789a30b530b023ca7,unit_test_artifact,postgres,1,1,no,no,case_engine_suffix_sql,yes,low,no,unit-test artifact; not recommended as POCR route input
runs/user/unittest_user_entry_stdout_097b48769c5d4aaba96a63267840c080/candidate_sql,unit_test_artifact,unittest_user_entry_stdout_097b48769c5d4aaba96a63267840c080,unittest_user_entry_stdout_097b48769c5d4aaba96a63267840c080,unit_test_artifact,postgres,1,1,no,no,case_engine_suffix_sql,yes,low,no,unit-test artifact; not recommended as POCR route input
runs/user/unittest_user_entry_stdout_0be78d7b6cf649f982d41fe1e054537c/candidate_sql,unit_test_artifact,unittest_user_entry_stdout_0be78d7b6cf649f982d41fe1e054537c,unittest_user_entry_stdout_0be78d7b6cf649f982d41fe1e054537c,unit_test_artifact,postgres,1,1,no,no,case_engine_suffix_sql,yes,low,no,unit-test artifact; not recommended as POCR route input
runs/user/unittest_user_entry_stdout_0d3f60808428454e95d4e30f12c78fac/candidate_sql,unit_test_artifact,unittest_user_entry_stdout_0d3f60808428454e95d4e30f12c78fac,unittest_user_entry_stdout_0d3f60808428454e95d4e30f12c78fac,unit_test_artifact,postgres,1,1,no,no,case_engine_suffix_sql,yes,low,no,unit-test artifact; not recommended as POCR route input
runs/user/unittest_user_entry_stdout_0e9719cef04240cc8d2af10f7f7c16d0/candidate_sql,unit_test_artifact,unittest_user_entry_stdout_0e9719cef04240cc8d2af10f7f7c16d0,unittest_user_entry_stdout_0e9719cef04240cc8d2af10f7f7c16d0,unit_test_artifact,postgres,1,1,no,no,case_engine_suffix_sql,yes,low,no,unit-test artifact; not recommended as POCR route input
runs/user/unittest_user_entry_stdout_0ef083ea58a7488a8222fa856138fb57/candidate_sql,unit_test_artifact,unittest_user_entry_stdout_0ef083ea58a7488a8222fa856138fb57,unittest_user_entry_stdout_0ef083ea58a7488a8222fa856138fb57,unit_test_artifact,postgres,1,1,no,no,case_engine_suffix_sql,yes,low,no,unit-test artifact; not recommended as POCR route input
runs/user/unittest_user_entry_stdout_105c7b564fcf45ee9fe410789727907f/candidate_sql,unit_test_artifact,unittest_user_entry_stdout_105c7b564fcf45ee9fe410789727907f,unittest_user_entry_stdout_105c7b564fcf45ee9fe410789727907f,unit_test_artifact,postgres,1,1,no,no,case_engine_suffix_sql,yes,low,no,unit-test artifact; not recommended as POCR route input
runs/user/unittest_user_entry_stdout_10680d0927e344dea1a4a266d5f61503/candidate_sql,unit_test_artifact,unittest_user_entry_stdout_10680d0927e344dea1a4a266d5f61503,unittest_user_entry_stdout_10680d0927e344dea1a4a266d5f61503,unit_test_artifact,postgres,1,1,no,no,case_engine_suffix_sql,yes,low,no,unit-test artifact; not recommended as POCR route input
runs/user/unittest_user_entry_stdout_1262ec588d06408dbf7fb32adc23be10/candidate_sql,unit_test_artifact,unittest_user_entry_stdout_1262ec588d06408dbf7fb32adc23be10,unittest_user_entry_stdout_1262ec588d06408dbf7fb32adc23be10,unit_test_artifact,postgres,1,1,no,no,case_engine_suffix_sql,yes,low,no,unit-test artifact; not recommended as POCR route input
runs/user/unittest_user_entry_stdout_132b60a79be1451ba8b7f41ee8638ab5/candidate_sql,unit_test_artifact,unittest_user_entry_stdout_132b60a79be1451ba8b7f41ee8638ab5,unittest_user_entry_stdout_132b60a79be1451ba8b7f41ee8638ab5,unit_test_artifact,postgres,1,1,no,no,case_engine_suffix_sql,yes,low,no,unit-test artifact; not recommended as POCR route input
runs/user/unittest_user_entry_stdout_1a274c5c0eaa47e09c95e2df15f7165f/candidate_sql,unit_test_artifact,unittest_user_entry_stdout_1a274c5c0eaa47e09c95e2df15f7165f,unittest_user_entry_stdout_1a274c5c0eaa47e09c95e2df15f7165f,unit_test_artifact,postgres,1,1,no,no,case_engine_suffix_sql,yes,low,no,unit-test artifact; not recommended as POCR route input
runs/user/unittest_user_entry_stdout_1a8109974ebc44fd8c92b6e4b5e62fe0/candidate_sql,unit_test_artifact,unittest_user_entry_stdout_1a8109974ebc44fd8c92b6e4b5e62fe0,unittest_user_entry_stdout_1a8109974ebc44fd8c92b6e4b5e62fe0,unit_test_artifact,postgres,1,1,no,no,case_engine_suffix_sql,yes,low,no,unit-test artifact; not recommended as POCR route input
runs/user/unittest_user_entry_stdout_1cd44bcdaf90450e9f3eb832ceb52608/candidate_sql,unit_test_artifact,unittest_user_entry_stdout_1cd44bcdaf90450e9f3eb832ceb52608,unittest_user_entry_stdout_1cd44bcdaf90450e9f3eb832ceb52608,unit_test_artifact,postgres,1,1,no,no,case_engine_suffix_sql,yes,low,no,unit-test artifact; not recommended as POCR route input
runs/user/unittest_user_entry_stdout_1cf335ffd7e64f3288e3ba172e83c720/candidate_sql,unit_test_artifact,unittest_user_entry_stdout_1cf335ffd7e64f3288e3ba172e83c720,unittest_user_entry_stdout_1cf335ffd7e64f3288e3ba172e83c720,unit_test_artifact,postgres,1,1,no,no,case_engine_suffix_sql,yes,low,no,unit-test artifact; not recommended as POCR route input
runs/user/unittest_user_entry_stdout_2236659ccb9a4a10b76393d7adc1c7de/candidate_sql,unit_test_artifact,unittest_user_entry_stdout_2236659ccb9a4a10b76393d7adc1c7de,unittest_user_entry_stdout_2236659ccb9a4a10b76393d7adc1c7de,unit_test_artifact,postgres,1,1,no,no,case_engine_suffix_sql,yes,low,no,unit-test artifact; not recommended as POCR route input
runs/user/unittest_user_entry_stdout_245bfdc67f1946f2b2c1a24d44eccb6c/candidate_sql,unit_test_artifact,unittest_user_entry_stdout_245bfdc67f1946f2b2c1a24d44eccb6c,unittest_user_entry_stdout_245bfdc67f1946f2b2c1a24d44eccb6c,unit_test_artifact,postgres,1,1,no,no,case_engine_suffix_sql,yes,low,no,unit-test artifact; not recommended as POCR route input
runs/user/unittest_user_entry_stdout_247371d3b65142bd846128cb9ebe0d12/candidate_sql,unit_test_artifact,unittest_user_entry_stdout_247371d3b65142bd846128cb9ebe0d12,unittest_user_entry_stdout_247371d3b65142bd846128cb9ebe0d12,unit_test_artifact,postgres,1,1,no,no,case_engine_suffix_sql,yes,low,no,unit-test artifact; not recommended as POCR route input
runs/user/unittest_user_entry_stdout_24aa18c22f454eeea5d57193b5d013fa/candidate_sql,unit_test_artifact,unittest_user_entry_stdout_24aa18c22f454eeea5d57193b5d013fa,unittest_user_entry_stdout_24aa18c22f454eeea5d57193b5d013fa,unit_test_artifact,postgres,1,1,no,no,case_engine_suffix_sql,yes,low,no,unit-test artifact; not recommended as POCR route input
runs/user/unittest_user_entry_stdout_25d59bd9fe124a21aae46c7ed1d0158d/candidate_sql,unit_test_artifact,unittest_user_entry_stdout_25d59bd9fe124a21aae46c7ed1d0158d,unittest_user_entry_stdout_25d59bd9fe124a21aae46c7ed1d0158d,unit_test_artifact,postgres,1,1,no,no,case_engine_suffix_sql,yes,low,no,unit-test artifact; not recommended as POCR route input
runs/user/unittest_user_entry_stdout_277c5f4f0cba4e38b3a7c055374caf4b/candidate_sql,unit_test_artifact,unittest_user_entry_stdout_277c5f4f0cba4e38b3a7c055374caf4b,unittest_user_entry_stdout_277c5f4f0cba4e38b3a7c055374caf4b,unit_test_artifact,postgres,1,1,no,no,case_engine_suffix_sql,yes,low,no,unit-test artifact; not recommended as POCR route input
runs/user/unittest_user_entry_stdout_289478f0c1eb4703a821f3b6465bbffb/candidate_sql,unit_test_artifact,unittest_user_entry_stdout_289478f0c1eb4703a821f3b6465bbffb,unittest_user_entry_stdout_289478f0c1eb4703a821f3b6465bbffb,unit_test_artifact,postgres,1,1,no,no,case_engine_suffix_sql,yes,low,no,unit-test artifact; not recommended as POCR route input
runs/user/unittest_user_entry_stdout_2b770d2cc36944889e1aaf1b7b503c5e/candidate_sql,unit_test_artifact,unittest_user_entry_stdout_2b770d2cc36944889e1aaf1b7b503c5e,unittest_user_entry_stdout_2b770d2cc36944889e1aaf1b7b503c5e,unit_test_artifact,postgres,1,1,no,no,case_engine_suffix_sql,yes,low,no,unit-test artifact; not recommended as POCR route input
runs/user/unittest_user_entry_stdout_30a45d7852844df9bdb4982471c15799/candidate_sql,unit_test_artifact,unittest_user_entry_stdout_30a45d7852844df9bdb4982471c15799,unittest_user_entry_stdout_30a45d7852844df9bdb4982471c15799,unit_test_artifact,postgres,1,1,no,no,case_engine_suffix_sql,yes,low,no,unit-test artifact; not recommended as POCR route input
runs/user/unittest_user_entry_stdout_31750c89436249a893b760ff93dfe6b1/candidate_sql,unit_test_artifact,unittest_user_entry_stdout_31750c89436249a893b760ff93dfe6b1,unittest_user_entry_stdout_31750c89436249a893b760ff93dfe6b1,unit_test_artifact,postgres,1,1,no,no,case_engine_suffix_sql,yes,low,no,unit-test artifact; not recommended as POCR route input
runs/user/unittest_user_entry_stdout_33106a774ead42bea9172eb74b900c19/candidate_sql,unit_test_artifact,unittest_user_entry_stdout_33106a774ead42bea9172eb74b900c19,unittest_user_entry_stdout_33106a774ead42bea9172eb74b900c19,unit_test_artifact,postgres,1,1,no,no,case_engine_suffix_sql,yes,low,no,unit-test artifact; not recommended as POCR route input
runs/user/unittest_user_entry_stdout_3356aa6ad9e344a48c49924f6ba0f4a2/candidate_sql,unit_test_artifact,unittest_user_entry_stdout_3356aa6ad9e344a48c49924f6ba0f4a2,unittest_user_entry_stdout_3356aa6ad9e344a48c49924f6ba0f4a2,unit_test_artifact,postgres,1,1,no,no,case_engine_suffix_sql,yes,low,no,unit-test artifact; not recommended as POCR route input
runs/user/unittest_user_entry_stdout_352d17369ede4420b89458bc6ebef9bd/candidate_sql,unit_test_artifact,unittest_user_entry_stdout_352d17369ede4420b89458bc6ebef9bd,unittest_user_entry_stdout_352d17369ede4420b89458bc6ebef9bd,unit_test_artifact,postgres,1,1,no,no,case_engine_suffix_sql,yes,low,no,unit-test artifact; not recommended as POCR route input
runs/user/unittest_user_entry_stdout_36e78d4c145a44a18222ec67acdf8216/candidate_sql,unit_test_artifact,unittest_user_entry_stdout_36e78d4c145a44a18222ec67acdf8216,unittest_user_entry_stdout_36e78d4c145a44a18222ec67acdf8216,unit_test_artifact,postgres,1,1,no,no,case_engine_suffix_sql,yes,low,no,unit-test artifact; not recommended as POCR route input
runs/user/unittest_user_entry_stdout_3c1761977ea34fc88a9b4474e4f710ee/candidate_sql,unit_test_artifact,unittest_user_entry_stdout_3c1761977ea34fc88a9b4474e4f710ee,unittest_user_entry_stdout_3c1761977ea34fc88a9b4474e4f710ee,unit_test_artifact,postgres,1,1,no,no,case_engine_suffix_sql,yes,low,no,unit-test artifact; not recommended as POCR route input
runs/user/unittest_user_entry_stdout_3d2b8719c439410585a450b04c661d1b/candidate_sql,unit_test_artifact,unittest_user_entry_stdout_3d2b8719c439410585a450b04c661d1b,unittest_user_entry_stdout_3d2b8719c439410585a450b04c661d1b,unit_test_artifact,postgres,1,1,no,no,case_engine_suffix_sql,yes,low,no,unit-test artifact; not recommended as POCR route input
runs/user/unittest_user_entry_stdout_4044d5d9b171400196619b51e7777249/candidate_sql,unit_test_artifact,unittest_user_entry_stdout_4044d5d9b171400196619b51e7777249,unittest_user_entry_stdout_4044d5d9b171400196619b51e7777249,unit_test_artifact,postgres,1,1,no,no,case_engine_suffix_sql,yes,low,no,unit-test artifact; not recommended as POCR route input
runs/user/unittest_user_entry_stdout_422265a24a6b495aaa9871e7625dfa78/candidate_sql,unit_test_artifact,unittest_user_entry_stdout_422265a24a6b495aaa9871e7625dfa78,unittest_user_entry_stdout_422265a24a6b495aaa9871e7625dfa78,unit_test_artifact,postgres,1,1,no,no,case_engine_suffix_sql,yes,low,no,unit-test artifact; not recommended as POCR route input
runs/user/unittest_user_entry_stdout_4556bc9806cd4cc782b98c207878d9f3/candidate_sql,unit_test_artifact,unittest_user_entry_stdout_4556bc9806cd4cc782b98c207878d9f3,unittest_user_entry_stdout_4556bc9806cd4cc782b98c207878d9f3,unit_test_artifact,postgres,1,1,no,no,case_engine_suffix_sql,yes,low,no,unit-test artifact; not recommended as POCR route input
runs/user/unittest_user_entry_stdout_455b61843dfa495c9aaae34ac3ee6d2f/candidate_sql,unit_test_artifact,unittest_user_entry_stdout_455b61843dfa495c9aaae34ac3ee6d2f,unittest_user_entry_stdout_455b61843dfa495c9aaae34ac3ee6d2f,unit_test_artifact,postgres,1,1,no,no,case_engine_suffix_sql,yes,low,no,unit-test artifact; not recommended as POCR route input
runs/user/unittest_user_entry_stdout_4783a20b164e47deb7c057b99fcdf6b5/candidate_sql,unit_test_artifact,unittest_user_entry_stdout_4783a20b164e47deb7c057b99fcdf6b5,unittest_user_entry_stdout_4783a20b164e47deb7c057b99fcdf6b5,unit_test_artifact,postgres,1,1,no,no,case_engine_suffix_sql,yes,low,no,unit-test artifact; not recommended as POCR route input
runs/user/unittest_user_entry_stdout_4b38a90e270b4ce99e5239f565290f4e/candidate_sql,unit_test_artifact,unittest_user_entry_stdout_4b38a90e270b4ce99e5239f565290f4e,unittest_user_entry_stdout_4b38a90e270b4ce99e5239f565290f4e,unit_test_artifact,postgres,1,1,no,no,case_engine_suffix_sql,yes,low,no,unit-test artifact; not recommended as POCR route input
runs/user/unittest_user_entry_stdout_4e7206fc255b45b2b49bf82b7c55ecd5/candidate_sql,unit_test_artifact,unittest_user_entry_stdout_4e7206fc255b45b2b49bf82b7c55ecd5,unittest_user_entry_stdout_4e7206fc255b45b2b49bf82b7c55ecd5,unit_test_artifact,postgres,1,1,no,no,case_engine_suffix_sql,yes,low,no,unit-test artifact; not recommended as POCR route input
runs/user/unittest_user_entry_stdout_5023f5c92c234439b0cfe02af783134e/candidate_sql,unit_test_artifact,unittest_user_entry_stdout_5023f5c92c234439b0cfe02af783134e,unittest_user_entry_stdout_5023f5c92c234439b0cfe02af783134e,unit_test_artifact,postgres,1,1,no,no,case_engine_suffix_sql,yes,low,no,unit-test artifact; not recommended as POCR route input
runs/user/unittest_user_entry_stdout_5337ce898b3e4f34a48abf41ce9a11e2/candidate_sql,unit_test_artifact,unittest_user_entry_stdout_5337ce898b3e4f34a48abf41ce9a11e2,unittest_user_entry_stdout_5337ce898b3e4f34a48abf41ce9a11e2,unit_test_artifact,postgres,1,1,no,no,case_engine_suffix_sql,yes,low,no,unit-test artifact; not recommended as POCR route input
runs/user/unittest_user_entry_stdout_578bfe92e09a44ab942b837316540714/candidate_sql,unit_test_artifact,unittest_user_entry_stdout_578bfe92e09a44ab942b837316540714,unittest_user_entry_stdout_578bfe92e09a44ab942b837316540714,unit_test_artifact,postgres,1,1,no,no,case_engine_suffix_sql,yes,low,no,unit-test artifact; not recommended as POCR route input
runs/user/unittest_user_entry_stdout_5d017f391a6e4c1eb92f5a9743acd917/candidate_sql,unit_test_artifact,unittest_user_entry_stdout_5d017f391a6e4c1eb92f5a9743acd917,unittest_user_entry_stdout_5d017f391a6e4c1eb92f5a9743acd917,unit_test_artifact,postgres,1,1,no,no,case_engine_suffix_sql,yes,low,no,unit-test artifact; not recommended as POCR route input
runs/user/unittest_user_entry_stdout_6256f2ff239c404b9633b90f2156cde4/candidate_sql,unit_test_artifact,unittest_user_entry_stdout_6256f2ff239c404b9633b90f2156cde4,unittest_user_entry_stdout_6256f2ff239c404b9633b90f2156cde4,unit_test_artifact,postgres,1,1,no,no,case_engine_suffix_sql,yes,low,no,unit-test artifact; not recommended as POCR route input
runs/user/unittest_user_entry_stdout_62ee21a7da3d455ebe989bdcf3c2c007/candidate_sql,unit_test_artifact,unittest_user_entry_stdout_62ee21a7da3d455ebe989bdcf3c2c007,unittest_user_entry_stdout_62ee21a7da3d455ebe989bdcf3c2c007,unit_test_artifact,postgres,1,1,no,no,case_engine_suffix_sql,yes,low,no,unit-test artifact; not recommended as POCR route input
runs/user/unittest_user_entry_stdout_662f28bde0e24282b3e08ee92ea1848c/candidate_sql,unit_test_artifact,unittest_user_entry_stdout_662f28bde0e24282b3e08ee92ea1848c,unittest_user_entry_stdout_662f28bde0e24282b3e08ee92ea1848c,unit_test_artifact,postgres,1,1,no,no,case_engine_suffix_sql,yes,low,no,unit-test artifact; not recommended as POCR route input
runs/user/unittest_user_entry_stdout_6742b41903314fbfa0c24c25677965e9/candidate_sql,unit_test_artifact,unittest_user_entry_stdout_6742b41903314fbfa0c24c25677965e9,unittest_user_entry_stdout_6742b41903314fbfa0c24c25677965e9,unit_test_artifact,postgres,1,1,no,no,case_engine_suffix_sql,yes,low,no,unit-test artifact; not recommended as POCR route input
runs/user/unittest_user_entry_stdout_687606bba9954c2a885a589d2ba6e699/candidate_sql,unit_test_artifact,unittest_user_entry_stdout_687606bba9954c2a885a589d2ba6e699,unittest_user_entry_stdout_687606bba9954c2a885a589d2ba6e699,unit_test_artifact,postgres,1,1,no,no,case_engine_suffix_sql,yes,low,no,unit-test artifact; not recommended as POCR route input
runs/user/unittest_user_entry_stdout_699b725d9bbe484ab24ef78a4e0d24c9/candidate_sql,unit_test_artifact,unittest_user_entry_stdout_699b725d9bbe484ab24ef78a4e0d24c9,unittest_user_entry_stdout_699b725d9bbe484ab24ef78a4e0d24c9,unit_test_artifact,postgres,1,1,no,no,case_engine_suffix_sql,yes,low,no,unit-test artifact; not recommended as POCR route input
runs/user/unittest_user_entry_stdout_69f703332b524d5d91cc1b11c3d388a3/candidate_sql,unit_test_artifact,unittest_user_entry_stdout_69f703332b524d5d91cc1b11c3d388a3,unittest_user_entry_stdout_69f703332b524d5d91cc1b11c3d388a3,unit_test_artifact,postgres,1,1,no,no,case_engine_suffix_sql,yes,low,no,unit-test artifact; not recommended as POCR route input
runs/user/unittest_user_entry_stdout_6a026a0c1f1f4750a5dbcd4b649dfb39/candidate_sql,unit_test_artifact,unittest_user_entry_stdout_6a026a0c1f1f4750a5dbcd4b649dfb39,unittest_user_entry_stdout_6a026a0c1f1f4750a5dbcd4b649dfb39,unit_test_artifact,postgres,1,1,no,no,case_engine_suffix_sql,yes,low,no,unit-test artifact; not recommended as POCR route input
runs/user/unittest_user_entry_stdout_6bb70816fb4d40b49faee9810af16c89/candidate_sql,unit_test_artifact,unittest_user_entry_stdout_6bb70816fb4d40b49faee9810af16c89,unittest_user_entry_stdout_6bb70816fb4d40b49faee9810af16c89,unit_test_artifact,postgres,1,1,no,no,case_engine_suffix_sql,yes,low,no,unit-test artifact; not recommended as POCR route input
runs/user/unittest_user_entry_stdout_6fa92af1fa274910b633cf4b3ed9acdc/candidate_sql,unit_test_artifact,unittest_user_entry_stdout_6fa92af1fa274910b633cf4b3ed9acdc,unittest_user_entry_stdout_6fa92af1fa274910b633cf4b3ed9acdc,unit_test_artifact,postgres,1,1,no,no,case_engine_suffix_sql,yes,low,no,unit-test artifact; not recommended as POCR route input
runs/user/unittest_user_entry_stdout_7165f745ea2743368d160888883f0cd5/candidate_sql,unit_test_artifact,unittest_user_entry_stdout_7165f745ea2743368d160888883f0cd5,unittest_user_entry_stdout_7165f745ea2743368d160888883f0cd5,unit_test_artifact,postgres,1,1,no,no,case_engine_suffix_sql,yes,low,no,unit-test artifact; not recommended as POCR route input
runs/user/unittest_user_entry_stdout_71da5f6118104e8aa67a0ded7914cd28/candidate_sql,unit_test_artifact,unittest_user_entry_stdout_71da5f6118104e8aa67a0ded7914cd28,unittest_user_entry_stdout_71da5f6118104e8aa67a0ded7914cd28,unit_test_artifact,postgres,1,1,no,no,case_engine_suffix_sql,yes,low,no,unit-test artifact; not recommended as POCR route input
runs/user/unittest_user_entry_stdout_727413bf772e450baffbc63336cc9730/candidate_sql,unit_test_artifact,unittest_user_entry_stdout_727413bf772e450baffbc63336cc9730,unittest_user_entry_stdout_727413bf772e450baffbc63336cc9730,unit_test_artifact,postgres,1,1,no,no,case_engine_suffix_sql,yes,low,no,unit-test artifact; not recommended as POCR route input
runs/user/unittest_user_entry_stdout_72be332ba0134892939d27015b9e9a0b/candidate_sql,unit_test_artifact,unittest_user_entry_stdout_72be332ba0134892939d27015b9e9a0b,unittest_user_entry_stdout_72be332ba0134892939d27015b9e9a0b,unit_test_artifact,postgres,1,1,no,no,case_engine_suffix_sql,yes,low,no,unit-test artifact; not recommended as POCR route input
runs/user/unittest_user_entry_stdout_78e6f8df1f0b45beb4fff23e7d90cb75/candidate_sql,unit_test_artifact,unittest_user_entry_stdout_78e6f8df1f0b45beb4fff23e7d90cb75,unittest_user_entry_stdout_78e6f8df1f0b45beb4fff23e7d90cb75,unit_test_artifact,postgres,1,1,no,no,case_engine_suffix_sql,yes,low,no,unit-test artifact; not recommended as POCR route input
runs/user/unittest_user_entry_stdout_78ea977a0cd9463ea96ca3fd41a2db4a/candidate_sql,unit_test_artifact,unittest_user_entry_stdout_78ea977a0cd9463ea96ca3fd41a2db4a,unittest_user_entry_stdout_78ea977a0cd9463ea96ca3fd41a2db4a,unit_test_artifact,postgres,1,1,no,no,case_engine_suffix_sql,yes,low,no,unit-test artifact; not recommended as POCR route input
runs/user/unittest_user_entry_stdout_7f7fba2443494228bfbc21ead4116b8c/candidate_sql,unit_test_artifact,unittest_user_entry_stdout_7f7fba2443494228bfbc21ead4116b8c,unittest_user_entry_stdout_7f7fba2443494228bfbc21ead4116b8c,unit_test_artifact,postgres,1,1,no,no,case_engine_suffix_sql,yes,low,no,unit-test artifact; not recommended as POCR route input
runs/user/unittest_user_entry_stdout_865cd4a82b4944f28205c19efa971de5/candidate_sql,unit_test_artifact,unittest_user_entry_stdout_865cd4a82b4944f28205c19efa971de5,unittest_user_entry_stdout_865cd4a82b4944f28205c19efa971de5,unit_test_artifact,postgres,1,1,no,no,case_engine_suffix_sql,yes,low,no,unit-test artifact; not recommended as POCR route input
runs/user/unittest_user_entry_stdout_89d5aaadf6854500bfa48c9bf17804ca/candidate_sql,unit_test_artifact,unittest_user_entry_stdout_89d5aaadf6854500bfa48c9bf17804ca,unittest_user_entry_stdout_89d5aaadf6854500bfa48c9bf17804ca,unit_test_artifact,postgres,1,1,no,no,case_engine_suffix_sql,yes,low,no,unit-test artifact; not recommended as POCR route input
runs/user/unittest_user_entry_stdout_8a6a74c671474deca98f1b12b4b214ac/candidate_sql,unit_test_artifact,unittest_user_entry_stdout_8a6a74c671474deca98f1b12b4b214ac,unittest_user_entry_stdout_8a6a74c671474deca98f1b12b4b214ac,unit_test_artifact,postgres,1,1,no,no,case_engine_suffix_sql,yes,low,no,unit-test artifact; not recommended as POCR route input
runs/user/unittest_user_entry_stdout_8b5efe11340349869bd822d0e9d9c69b/candidate_sql,unit_test_artifact,unittest_user_entry_stdout_8b5efe11340349869bd822d0e9d9c69b,unittest_user_entry_stdout_8b5efe11340349869bd822d0e9d9c69b,unit_test_artifact,postgres,1,1,no,no,case_engine_suffix_sql,yes,low,no,unit-test artifact; not recommended as POCR route input
runs/user/unittest_user_entry_stdout_8e866f6e6bb7478eb0f53960ffbdbe23/candidate_sql,unit_test_artifact,unittest_user_entry_stdout_8e866f6e6bb7478eb0f53960ffbdbe23,unittest_user_entry_stdout_8e866f6e6bb7478eb0f53960ffbdbe23,unit_test_artifact,postgres,1,1,no,no,case_engine_suffix_sql,yes,low,no,unit-test artifact; not recommended as POCR route input
runs/user/unittest_user_entry_stdout_8fd8004224274b06a213bc5fb42a6c4a/candidate_sql,unit_test_artifact,unittest_user_entry_stdout_8fd8004224274b06a213bc5fb42a6c4a,unittest_user_entry_stdout_8fd8004224274b06a213bc5fb42a6c4a,unit_test_artifact,postgres,1,1,no,no,case_engine_suffix_sql,yes,low,no,unit-test artifact; not recommended as POCR route input
runs/user/unittest_user_entry_stdout_912f6ea488b74360a28915e95f5e264a/candidate_sql,unit_test_artifact,unittest_user_entry_stdout_912f6ea488b74360a28915e95f5e264a,unittest_user_entry_stdout_912f6ea488b74360a28915e95f5e264a,unit_test_artifact,postgres,1,1,no,no,case_engine_suffix_sql,yes,low,no,unit-test artifact; not recommended as POCR route input
runs/user/unittest_user_entry_stdout_94f6fdb9d0854d819e1f21ffc071fea7/candidate_sql,unit_test_artifact,unittest_user_entry_stdout_94f6fdb9d0854d819e1f21ffc071fea7,unittest_user_entry_stdout_94f6fdb9d0854d819e1f21ffc071fea7,unit_test_artifact,postgres,1,1,no,no,case_engine_suffix_sql,yes,low,no,unit-test artifact; not recommended as POCR route input
runs/user/unittest_user_entry_stdout_97f16e597b2249fc959cece3c93f0333/candidate_sql,unit_test_artifact,unittest_user_entry_stdout_97f16e597b2249fc959cece3c93f0333,unittest_user_entry_stdout_97f16e597b2249fc959cece3c93f0333,unit_test_artifact,postgres,1,1,no,no,case_engine_suffix_sql,yes,low,no,unit-test artifact; not recommended as POCR route input
runs/user/unittest_user_entry_stdout_9dd01168a3e64492a71dda6eca1e0d6c/candidate_sql,unit_test_artifact,unittest_user_entry_stdout_9dd01168a3e64492a71dda6eca1e0d6c,unittest_user_entry_stdout_9dd01168a3e64492a71dda6eca1e0d6c,unit_test_artifact,postgres,1,1,no,no,case_engine_suffix_sql,yes,low,no,unit-test artifact; not recommended as POCR route input
runs/user/unittest_user_entry_stdout_9f73347d1e7c4b96af1d49dcdc3037b0/candidate_sql,unit_test_artifact,unittest_user_entry_stdout_9f73347d1e7c4b96af1d49dcdc3037b0,unittest_user_entry_stdout_9f73347d1e7c4b96af1d49dcdc3037b0,unit_test_artifact,postgres,1,1,no,no,case_engine_suffix_sql,yes,low,no,unit-test artifact; not recommended as POCR route input
runs/user/unittest_user_entry_stdout_a222bc2960de438d9b097029807eace1/candidate_sql,unit_test_artifact,unittest_user_entry_stdout_a222bc2960de438d9b097029807eace1,unittest_user_entry_stdout_a222bc2960de438d9b097029807eace1,unit_test_artifact,postgres,1,1,no,no,case_engine_suffix_sql,yes,low,no,unit-test artifact; not recommended as POCR route input
runs/user/unittest_user_entry_stdout_a40fcced99a64e87aa830d7e72e3288b/candidate_sql,unit_test_artifact,unittest_user_entry_stdout_a40fcced99a64e87aa830d7e72e3288b,unittest_user_entry_stdout_a40fcced99a64e87aa830d7e72e3288b,unit_test_artifact,postgres,1,1,no,no,case_engine_suffix_sql,yes,low,no,unit-test artifact; not recommended as POCR route input
runs/user/unittest_user_entry_stdout_a4bc73f238924cf3b036a7cf038d8fe1/candidate_sql,unit_test_artifact,unittest_user_entry_stdout_a4bc73f238924cf3b036a7cf038d8fe1,unittest_user_entry_stdout_a4bc73f238924cf3b036a7cf038d8fe1,unit_test_artifact,postgres,1,1,no,no,case_engine_suffix_sql,yes,low,no,unit-test artifact; not recommended as POCR route input
runs/user/unittest_user_entry_stdout_a91db7107df249f2add4f96122a87547/candidate_sql,unit_test_artifact,unittest_user_entry_stdout_a91db7107df249f2add4f96122a87547,unittest_user_entry_stdout_a91db7107df249f2add4f96122a87547,unit_test_artifact,postgres,1,1,no,no,case_engine_suffix_sql,yes,low,no,unit-test artifact; not recommended as POCR route input
runs/user/unittest_user_entry_stdout_afeb67a8ca3149e190f26ceba5ac1419/candidate_sql,unit_test_artifact,unittest_user_entry_stdout_afeb67a8ca3149e190f26ceba5ac1419,unittest_user_entry_stdout_afeb67a8ca3149e190f26ceba5ac1419,unit_test_artifact,postgres,1,1,no,no,case_engine_suffix_sql,yes,low,no,unit-test artifact; not recommended as POCR route input
runs/user/unittest_user_entry_stdout_b4b2fcaf9e8440479daafd47aadba34d/candidate_sql,unit_test_artifact,unittest_user_entry_stdout_b4b2fcaf9e8440479daafd47aadba34d,unittest_user_entry_stdout_b4b2fcaf9e8440479daafd47aadba34d,unit_test_artifact,postgres,1,1,no,no,case_engine_suffix_sql,yes,low,no,unit-test artifact; not recommended as POCR route input
runs/user/unittest_user_entry_stdout_b5e8928d075c4b668121b4b15c6789ed/candidate_sql,unit_test_artifact,unittest_user_entry_stdout_b5e8928d075c4b668121b4b15c6789ed,unittest_user_entry_stdout_b5e8928d075c4b668121b4b15c6789ed,unit_test_artifact,postgres,1,1,no,no,case_engine_suffix_sql,yes,low,no,unit-test artifact; not recommended as POCR route input
runs/user/unittest_user_entry_stdout_b721400a48274adb8060199c84ad5cd6/candidate_sql,unit_test_artifact,unittest_user_entry_stdout_b721400a48274adb8060199c84ad5cd6,unittest_user_entry_stdout_b721400a48274adb8060199c84ad5cd6,unit_test_artifact,postgres,1,1,no,no,case_engine_suffix_sql,yes,low,no,unit-test artifact; not recommended as POCR route input
runs/user/unittest_user_entry_stdout_b86259f2018b4b3aa2daeb408bcd87c5/candidate_sql,unit_test_artifact,unittest_user_entry_stdout_b86259f2018b4b3aa2daeb408bcd87c5,unittest_user_entry_stdout_b86259f2018b4b3aa2daeb408bcd87c5,unit_test_artifact,postgres,1,1,no,no,case_engine_suffix_sql,yes,low,no,unit-test artifact; not recommended as POCR route input
runs/user/unittest_user_entry_stdout_ba26a6e1cd81438b8394dfd321a8c19d/candidate_sql,unit_test_artifact,unittest_user_entry_stdout_ba26a6e1cd81438b8394dfd321a8c19d,unittest_user_entry_stdout_ba26a6e1cd81438b8394dfd321a8c19d,unit_test_artifact,postgres,1,1,no,no,case_engine_suffix_sql,yes,low,no,unit-test artifact; not recommended as POCR route input
runs/user/unittest_user_entry_stdout_bba8bb1d89184ac58e73f2ea84f513da/candidate_sql,unit_test_artifact,unittest_user_entry_stdout_bba8bb1d89184ac58e73f2ea84f513da,unittest_user_entry_stdout_bba8bb1d89184ac58e73f2ea84f513da,unit_test_artifact,postgres,1,1,no,no,case_engine_suffix_sql,yes,low,no,unit-test artifact; not recommended as POCR route input
runs/user/unittest_user_entry_stdout_be81afc0a4524d62ae00e0f756a5dc6e/candidate_sql,unit_test_artifact,unittest_user_entry_stdout_be81afc0a4524d62ae00e0f756a5dc6e,unittest_user_entry_stdout_be81afc0a4524d62ae00e0f756a5dc6e,unit_test_artifact,postgres,1,1,no,no,case_engine_suffix_sql,yes,low,no,unit-test artifact; not recommended as POCR route input
runs/user/unittest_user_entry_stdout_c04ce5f1edbc47f9a9c389147f1ae6de/candidate_sql,unit_test_artifact,unittest_user_entry_stdout_c04ce5f1edbc47f9a9c389147f1ae6de,unittest_user_entry_stdout_c04ce5f1edbc47f9a9c389147f1ae6de,unit_test_artifact,postgres,1,1,no,no,case_engine_suffix_sql,yes,low,no,unit-test artifact; not recommended as POCR route input
runs/user/unittest_user_entry_stdout_c33075a092754bcbae3820008548f9f7/candidate_sql,unit_test_artifact,unittest_user_entry_stdout_c33075a092754bcbae3820008548f9f7,unittest_user_entry_stdout_c33075a092754bcbae3820008548f9f7,unit_test_artifact,postgres,1,1,no,no,case_engine_suffix_sql,yes,low,no,unit-test artifact; not recommended as POCR route input
runs/user/unittest_user_entry_stdout_c5e8d4813dbc42c799f62018c6bdc3c8/candidate_sql,unit_test_artifact,unittest_user_entry_stdout_c5e8d4813dbc42c799f62018c6bdc3c8,unittest_user_entry_stdout_c5e8d4813dbc42c799f62018c6bdc3c8,unit_test_artifact,postgres,1,1,no,no,case_engine_suffix_sql,yes,low,no,unit-test artifact; not recommended as POCR route input
runs/user/unittest_user_entry_stdout_c8727635b69f4cbe973e57f07f38bb16/candidate_sql,unit_test_artifact,unittest_user_entry_stdout_c8727635b69f4cbe973e57f07f38bb16,unittest_user_entry_stdout_c8727635b69f4cbe973e57f07f38bb16,unit_test_artifact,postgres,1,1,no,no,case_engine_suffix_sql,yes,low,no,unit-test artifact; not recommended as POCR route input
runs/user/unittest_user_entry_stdout_cb8903f4275b43a7bcb0c4eac5022c05/candidate_sql,unit_test_artifact,unittest_user_entry_stdout_cb8903f4275b43a7bcb0c4eac5022c05,unittest_user_entry_stdout_cb8903f4275b43a7bcb0c4eac5022c05,unit_test_artifact,postgres,1,1,no,no,case_engine_suffix_sql,yes,low,no,unit-test artifact; not recommended as POCR route input
runs/user/unittest_user_entry_stdout_cdd9bee80af74c4fb731b2e76a52d154/candidate_sql,unit_test_artifact,unittest_user_entry_stdout_cdd9bee80af74c4fb731b2e76a52d154,unittest_user_entry_stdout_cdd9bee80af74c4fb731b2e76a52d154,unit_test_artifact,postgres,1,1,no,no,case_engine_suffix_sql,yes,low,no,unit-test artifact; not recommended as POCR route input
runs/user/unittest_user_entry_stdout_d0c46bd60b184841b9a860b9645d7d2a/candidate_sql,unit_test_artifact,unittest_user_entry_stdout_d0c46bd60b184841b9a860b9645d7d2a,unittest_user_entry_stdout_d0c46bd60b184841b9a860b9645d7d2a,unit_test_artifact,postgres,1,1,no,no,case_engine_suffix_sql,yes,low,no,unit-test artifact; not recommended as POCR route input
runs/user/unittest_user_entry_stdout_d3cfb268f35f4908a232e3b4a826e9cd/candidate_sql,unit_test_artifact,unittest_user_entry_stdout_d3cfb268f35f4908a232e3b4a826e9cd,unittest_user_entry_stdout_d3cfb268f35f4908a232e3b4a826e9cd,unit_test_artifact,postgres,1,1,no,no,case_engine_suffix_sql,yes,low,no,unit-test artifact; not recommended as POCR route input
runs/user/unittest_user_entry_stdout_d525fd9230da4a0695971b521eaceea5/candidate_sql,unit_test_artifact,unittest_user_entry_stdout_d525fd9230da4a0695971b521eaceea5,unittest_user_entry_stdout_d525fd9230da4a0695971b521eaceea5,unit_test_artifact,postgres,1,1,no,no,case_engine_suffix_sql,yes,low,no,unit-test artifact; not recommended as POCR route input
runs/user/unittest_user_entry_stdout_e13a648be02c4f1693dc8c53a421b661/candidate_sql,unit_test_artifact,unittest_user_entry_stdout_e13a648be02c4f1693dc8c53a421b661,unittest_user_entry_stdout_e13a648be02c4f1693dc8c53a421b661,unit_test_artifact,postgres,1,1,no,no,case_engine_suffix_sql,yes,low,no,unit-test artifact; not recommended as POCR route input
runs/user/unittest_user_entry_stdout_e2d1c1c1feeb4946b411ff9f72cd60e7/candidate_sql,unit_test_artifact,unittest_user_entry_stdout_e2d1c1c1feeb4946b411ff9f72cd60e7,unittest_user_entry_stdout_e2d1c1c1feeb4946b411ff9f72cd60e7,unit_test_artifact,postgres,1,1,no,no,case_engine_suffix_sql,yes,low,no,unit-test artifact; not recommended as POCR route input
runs/user/unittest_user_entry_stdout_e45d06f8b4fd4be9b264d155d7c3093c/candidate_sql,unit_test_artifact,unittest_user_entry_stdout_e45d06f8b4fd4be9b264d155d7c3093c,unittest_user_entry_stdout_e45d06f8b4fd4be9b264d155d7c3093c,unit_test_artifact,postgres,1,1,no,no,case_engine_suffix_sql,yes,low,no,unit-test artifact; not recommended as POCR route input
runs/user/unittest_user_entry_stdout_e66faa18ff66455691f2e79361e452cd/candidate_sql,unit_test_artifact,unittest_user_entry_stdout_e66faa18ff66455691f2e79361e452cd,unittest_user_entry_stdout_e66faa18ff66455691f2e79361e452cd,unit_test_artifact,postgres,1,1,no,no,case_engine_suffix_sql,yes,low,no,unit-test artifact; not recommended as POCR route input
runs/user/unittest_user_entry_stdout_e7149dd473424892a0a89321ee84118b/candidate_sql,unit_test_artifact,unittest_user_entry_stdout_e7149dd473424892a0a89321ee84118b,unittest_user_entry_stdout_e7149dd473424892a0a89321ee84118b,unit_test_artifact,postgres,1,1,no,no,case_engine_suffix_sql,yes,low,no,unit-test artifact; not recommended as POCR route input
runs/user/unittest_user_entry_stdout_f15fce0bfcf14f13bfb4f43be89557d5/candidate_sql,unit_test_artifact,unittest_user_entry_stdout_f15fce0bfcf14f13bfb4f43be89557d5,unittest_user_entry_stdout_f15fce0bfcf14f13bfb4f43be89557d5,unit_test_artifact,postgres,1,1,no,no,case_engine_suffix_sql,yes,low,no,unit-test artifact; not recommended as POCR route input
runs/user/unittest_user_entry_stdout_f17861acd4a64d8ea15d0fc91da93dc9/candidate_sql,unit_test_artifact,unittest_user_entry_stdout_f17861acd4a64d8ea15d0fc91da93dc9,unittest_user_entry_stdout_f17861acd4a64d8ea15d0fc91da93dc9,unit_test_artifact,postgres,1,1,no,no,case_engine_suffix_sql,yes,low,no,unit-test artifact; not recommended as POCR route input
runs/user/unittest_user_entry_stdout_f28f83ee686a40c598799024050baa18/candidate_sql,unit_test_artifact,unittest_user_entry_stdout_f28f83ee686a40c598799024050baa18,unittest_user_entry_stdout_f28f83ee686a40c598799024050baa18,unit_test_artifact,postgres,1,1,no,no,case_engine_suffix_sql,yes,low,no,unit-test artifact; not recommended as POCR route input
runs/user/unittest_user_entry_stdout_f353ca832b004292beb55c1496e7f1a4/candidate_sql,unit_test_artifact,unittest_user_entry_stdout_f353ca832b004292beb55c1496e7f1a4,unittest_user_entry_stdout_f353ca832b004292beb55c1496e7f1a4,unit_test_artifact,postgres,1,1,no,no,case_engine_suffix_sql,yes,low,no,unit-test artifact; not recommended as POCR route input
runs/user/unittest_user_entry_stdout_f68ab65a2afa42e289fcb0c843893c03/candidate_sql,unit_test_artifact,unittest_user_entry_stdout_f68ab65a2afa42e289fcb0c843893c03,unittest_user_entry_stdout_f68ab65a2afa42e289fcb0c843893c03,unit_test_artifact,postgres,1,1,no,no,case_engine_suffix_sql,yes,low,no,unit-test artifact; not recommended as POCR route input
runs/user/unittest_user_entry_stdout_f8a7434d1eb44e5a90953d23767477e6/candidate_sql,unit_test_artifact,unittest_user_entry_stdout_f8a7434d1eb44e5a90953d23767477e6,unittest_user_entry_stdout_f8a7434d1eb44e5a90953d23767477e6,unit_test_artifact,postgres,1,1,no,no,case_engine_suffix_sql,yes,low,no,unit-test artifact; not recommended as POCR route input
runs/user/unittest_user_entry_stdout_f9460cca065d4d27a2babae3c7d30ff5/candidate_sql,unit_test_artifact,unittest_user_entry_stdout_f9460cca065d4d27a2babae3c7d30ff5,unittest_user_entry_stdout_f9460cca065d4d27a2babae3c7d30ff5,unit_test_artifact,postgres,1,1,no,no,case_engine_suffix_sql,yes,low,no,unit-test artifact; not recommended as POCR route input
runs/user/unittest_user_entry_stdout_fa29ebd7469b465a8b1c26dc607ec20a/candidate_sql,unit_test_artifact,unittest_user_entry_stdout_fa29ebd7469b465a8b1c26dc607ec20a,unittest_user_entry_stdout_fa29ebd7469b465a8b1c26dc607ec20a,unit_test_artifact,postgres,1,1,no,no,case_engine_suffix_sql,yes,low,no,unit-test artifact; not recommended as POCR route input
runs/user/unittest_user_entry_stdout_fa2fcb520fd942a084b68a1cd2f4765d/candidate_sql,unit_test_artifact,unittest_user_entry_stdout_fa2fcb520fd942a084b68a1cd2f4765d,unittest_user_entry_stdout_fa2fcb520fd942a084b68a1cd2f4765d,unit_test_artifact,postgres,1,1,no,no,case_engine_suffix_sql,yes,low,no,unit-test artifact; not recommended as POCR route input
runs/user/unittest_user_entry_stdout_fdbb4788cb7b44a6bbf0bc15d410729f/candidate_sql,unit_test_artifact,unittest_user_entry_stdout_fdbb4788cb7b44a6bbf0bc15d410729f,unittest_user_entry_stdout_fdbb4788cb7b44a6bbf0bc15d410729f,unit_test_artifact,postgres,1,1,no,no,case_engine_suffix_sql,yes,low,no,unit-test artifact; not recommended as POCR route input
runs/user/unittest_user_entry_success_000181fc27224e42bc110510fb5058e1/candidate_sql,unit_test_artifact,unittest_user_entry_success_000181fc27224e42bc110510fb5058e1,unittest_user_entry_success_000181fc27224e42bc110510fb5058e1,unit_test_artifact,postgres,2,2,no,no,case_engine_suffix_sql,yes,low,no,unit-test artifact; not recommended as POCR route input
runs/user/unittest_user_entry_success_011774e2ea2c48cd8a1de79d1999e4bb/candidate_sql,unit_test_artifact,unittest_user_entry_success_011774e2ea2c48cd8a1de79d1999e4bb,unittest_user_entry_success_011774e2ea2c48cd8a1de79d1999e4bb,unit_test_artifact,postgres,2,2,no,no,case_engine_suffix_sql,yes,low,no,unit-test artifact; not recommended as POCR route input
runs/user/unittest_user_entry_success_03a5d7e695d94568be3698f970b6d485/candidate_sql,unit_test_artifact,unittest_user_entry_success_03a5d7e695d94568be3698f970b6d485,unittest_user_entry_success_03a5d7e695d94568be3698f970b6d485,unit_test_artifact,postgres,2,2,no,no,case_engine_suffix_sql,yes,low,no,unit-test artifact; not recommended as POCR route input
runs/user/unittest_user_entry_success_076efeb9ddc24bd6ac9fb70e96032948/candidate_sql,unit_test_artifact,unittest_user_entry_success_076efeb9ddc24bd6ac9fb70e96032948,unittest_user_entry_success_076efeb9ddc24bd6ac9fb70e96032948,unit_test_artifact,postgres,2,2,no,no,case_engine_suffix_sql,yes,low,no,unit-test artifact; not recommended as POCR route input
runs/user/unittest_user_entry_success_0c06afe9715549aca3af8fb1b99b2dd0/candidate_sql,unit_test_artifact,unittest_user_entry_success_0c06afe9715549aca3af8fb1b99b2dd0,unittest_user_entry_success_0c06afe9715549aca3af8fb1b99b2dd0,unit_test_artifact,postgres,2,2,no,no,case_engine_suffix_sql,yes,low,no,unit-test artifact; not recommended as POCR route input
runs/user/unittest_user_entry_success_0c64a6fcada04cd4b046efbdeb111fad/candidate_sql,unit_test_artifact,unittest_user_entry_success_0c64a6fcada04cd4b046efbdeb111fad,unittest_user_entry_success_0c64a6fcada04cd4b046efbdeb111fad,unit_test_artifact,postgres,2,2,no,no,case_engine_suffix_sql,yes,low,no,unit-test artifact; not recommended as POCR route input
runs/user/unittest_user_entry_success_17a6c5a996dd43f4b0e8f1068665faf0/candidate_sql,unit_test_artifact,unittest_user_entry_success_17a6c5a996dd43f4b0e8f1068665faf0,unittest_user_entry_success_17a6c5a996dd43f4b0e8f1068665faf0,unit_test_artifact,postgres,2,2,no,no,case_engine_suffix_sql,yes,low,no,unit-test artifact; not recommended as POCR route input
runs/user/unittest_user_entry_success_194ece06c81c4b198b5dade541fcc89d/candidate_sql,unit_test_artifact,unittest_user_entry_success_194ece06c81c4b198b5dade541fcc89d,unittest_user_entry_success_194ece06c81c4b198b5dade541fcc89d,unit_test_artifact,postgres,2,2,no,no,case_engine_suffix_sql,yes,low,no,unit-test artifact; not recommended as POCR route input
runs/user/unittest_user_entry_success_19a4992a38a440ac992d30d92f1b0434/candidate_sql,unit_test_artifact,unittest_user_entry_success_19a4992a38a440ac992d30d92f1b0434,unittest_user_entry_success_19a4992a38a440ac992d30d92f1b0434,unit_test_artifact,postgres,2,2,no,no,case_engine_suffix_sql,yes,low,no,unit-test artifact; not recommended as POCR route input
runs/user/unittest_user_entry_success_1bb2ea38d72c43e59b59bc4dd87cd624/candidate_sql,unit_test_artifact,unittest_user_entry_success_1bb2ea38d72c43e59b59bc4dd87cd624,unittest_user_entry_success_1bb2ea38d72c43e59b59bc4dd87cd624,unit_test_artifact,postgres,2,2,no,no,case_engine_suffix_sql,yes,low,no,unit-test artifact; not recommended as POCR route input
runs/user/unittest_user_entry_success_1bc559004b304b0bb9476db7613f16b9/candidate_sql,unit_test_artifact,unittest_user_entry_success_1bc559004b304b0bb9476db7613f16b9,unittest_user_entry_success_1bc559004b304b0bb9476db7613f16b9,unit_test_artifact,postgres,2,2,no,no,case_engine_suffix_sql,yes,low,no,unit-test artifact; not recommended as POCR route input
runs/user/unittest_user_entry_success_1c229c14d4af40169be84b3be00ab8e3/candidate_sql,unit_test_artifact,unittest_user_entry_success_1c229c14d4af40169be84b3be00ab8e3,unittest_user_entry_success_1c229c14d4af40169be84b3be00ab8e3,unit_test_artifact,postgres,2,2,no,no,case_engine_suffix_sql,yes,low,no,unit-test artifact; not recommended as POCR route input
runs/user/unittest_user_entry_success_1c822a3f2b854fcc85ea5b2a5e73f110/candidate_sql,unit_test_artifact,unittest_user_entry_success_1c822a3f2b854fcc85ea5b2a5e73f110,unittest_user_entry_success_1c822a3f2b854fcc85ea5b2a5e73f110,unit_test_artifact,postgres,2,2,no,no,case_engine_suffix_sql,yes,low,no,unit-test artifact; not recommended as POCR route input
runs/user/unittest_user_entry_success_1e66f7f2b3254749a4c14a897b385da0/candidate_sql,unit_test_artifact,unittest_user_entry_success_1e66f7f2b3254749a4c14a897b385da0,unittest_user_entry_success_1e66f7f2b3254749a4c14a897b385da0,unit_test_artifact,postgres,2,2,no,no,case_engine_suffix_sql,yes,low,no,unit-test artifact; not recommended as POCR route input
runs/user/unittest_user_entry_success_22ad3511a04540d0bab09ec5836b3497/candidate_sql,unit_test_artifact,unittest_user_entry_success_22ad3511a04540d0bab09ec5836b3497,unittest_user_entry_success_22ad3511a04540d0bab09ec5836b3497,unit_test_artifact,postgres,2,2,no,no,case_engine_suffix_sql,yes,low,no,unit-test artifact; not recommended as POCR route input
runs/user/unittest_user_entry_success_244f2473e8b645aabef44bb00fb420fe/candidate_sql,unit_test_artifact,unittest_user_entry_success_244f2473e8b645aabef44bb00fb420fe,unittest_user_entry_success_244f2473e8b645aabef44bb00fb420fe,unit_test_artifact,postgres,2,2,no,no,case_engine_suffix_sql,yes,low,no,unit-test artifact; not recommended as POCR route input
runs/user/unittest_user_entry_success_24fe8b7a5a6148ed9030e4580e532b55/candidate_sql,unit_test_artifact,unittest_user_entry_success_24fe8b7a5a6148ed9030e4580e532b55,unittest_user_entry_success_24fe8b7a5a6148ed9030e4580e532b55,unit_test_artifact,postgres,2,2,no,no,case_engine_suffix_sql,yes,low,no,unit-test artifact; not recommended as POCR route input
runs/user/unittest_user_entry_success_27c7f75f4a7b4a8c96228276ae7b22de/candidate_sql,unit_test_artifact,unittest_user_entry_success_27c7f75f4a7b4a8c96228276ae7b22de,unittest_user_entry_success_27c7f75f4a7b4a8c96228276ae7b22de,unit_test_artifact,postgres,2,2,no,no,case_engine_suffix_sql,yes,low,no,unit-test artifact; not recommended as POCR route input
runs/user/unittest_user_entry_success_282cfcb9f1ac469585c060b1b7c44c94/candidate_sql,unit_test_artifact,unittest_user_entry_success_282cfcb9f1ac469585c060b1b7c44c94,unittest_user_entry_success_282cfcb9f1ac469585c060b1b7c44c94,unit_test_artifact,postgres,2,2,no,no,case_engine_suffix_sql,yes,low,no,unit-test artifact; not recommended as POCR route input
runs/user/unittest_user_entry_success_2b415b797fc14ec0b15d6b74c83a09d2/candidate_sql,unit_test_artifact,unittest_user_entry_success_2b415b797fc14ec0b15d6b74c83a09d2,unittest_user_entry_success_2b415b797fc14ec0b15d6b74c83a09d2,unit_test_artifact,postgres,2,2,no,no,case_engine_suffix_sql,yes,low,no,unit-test artifact; not recommended as POCR route input
runs/user/unittest_user_entry_success_2ccf4eda8b1347729469ae33ff067c5a/candidate_sql,unit_test_artifact,unittest_user_entry_success_2ccf4eda8b1347729469ae33ff067c5a,unittest_user_entry_success_2ccf4eda8b1347729469ae33ff067c5a,unit_test_artifact,postgres,2,2,no,no,case_engine_suffix_sql,yes,low,no,unit-test artifact; not recommended as POCR route input
runs/user/unittest_user_entry_success_2d7debfe93334d378663f170918f80c0/candidate_sql,unit_test_artifact,unittest_user_entry_success_2d7debfe93334d378663f170918f80c0,unittest_user_entry_success_2d7debfe93334d378663f170918f80c0,unit_test_artifact,postgres,2,2,no,no,case_engine_suffix_sql,yes,low,no,unit-test artifact; not recommended as POCR route input
runs/user/unittest_user_entry_success_30ae2d0a61da4799bc9d554200e1a457/candidate_sql,unit_test_artifact,unittest_user_entry_success_30ae2d0a61da4799bc9d554200e1a457,unittest_user_entry_success_30ae2d0a61da4799bc9d554200e1a457,unit_test_artifact,postgres,2,2,no,no,case_engine_suffix_sql,yes,low,no,unit-test artifact; not recommended as POCR route input
runs/user/unittest_user_entry_success_37c9c7723cee4663a8de1086cf45fc76/candidate_sql,unit_test_artifact,unittest_user_entry_success_37c9c7723cee4663a8de1086cf45fc76,unittest_user_entry_success_37c9c7723cee4663a8de1086cf45fc76,unit_test_artifact,postgres,2,2,no,no,case_engine_suffix_sql,yes,low,no,unit-test artifact; not recommended as POCR route input
runs/user/unittest_user_entry_success_37f53af3416447719bf1dbbd3161187a/candidate_sql,unit_test_artifact,unittest_user_entry_success_37f53af3416447719bf1dbbd3161187a,unittest_user_entry_success_37f53af3416447719bf1dbbd3161187a,unit_test_artifact,postgres,2,2,no,no,case_engine_suffix_sql,yes,low,no,unit-test artifact; not recommended as POCR route input
runs/user/unittest_user_entry_success_38458a42a7b547e49104715dedd302cc/candidate_sql,unit_test_artifact,unittest_user_entry_success_38458a42a7b547e49104715dedd302cc,unittest_user_entry_success_38458a42a7b547e49104715dedd302cc,unit_test_artifact,postgres,2,2,no,no,case_engine_suffix_sql,yes,low,no,unit-test artifact; not recommended as POCR route input
runs/user/unittest_user_entry_success_39aca1bb7f09495aa4d203424997f0e3/candidate_sql,unit_test_artifact,unittest_user_entry_success_39aca1bb7f09495aa4d203424997f0e3,unittest_user_entry_success_39aca1bb7f09495aa4d203424997f0e3,unit_test_artifact,postgres,2,2,no,no,case_engine_suffix_sql,yes,low,no,unit-test artifact; not recommended as POCR route input
runs/user/unittest_user_entry_success_3a31fddfe5cc4257a681cace8cc53247/candidate_sql,unit_test_artifact,unittest_user_entry_success_3a31fddfe5cc4257a681cace8cc53247,unittest_user_entry_success_3a31fddfe5cc4257a681cace8cc53247,unit_test_artifact,postgres,2,2,no,no,case_engine_suffix_sql,yes,low,no,unit-test artifact; not recommended as POCR route input
runs/user/unittest_user_entry_success_3dfaa3c448ad423095ba5060fbda5602/candidate_sql,unit_test_artifact,unittest_user_entry_success_3dfaa3c448ad423095ba5060fbda5602,unittest_user_entry_success_3dfaa3c448ad423095ba5060fbda5602,unit_test_artifact,postgres,2,2,no,no,case_engine_suffix_sql,yes,low,no,unit-test artifact; not recommended as POCR route input
runs/user/unittest_user_entry_success_45ae9b7bc166435aa6bff5fbd936e71a/candidate_sql,unit_test_artifact,unittest_user_entry_success_45ae9b7bc166435aa6bff5fbd936e71a,unittest_user_entry_success_45ae9b7bc166435aa6bff5fbd936e71a,unit_test_artifact,postgres,2,2,no,no,case_engine_suffix_sql,yes,low,no,unit-test artifact; not recommended as POCR route input
runs/user/unittest_user_entry_success_4b2708c707f548429b2c1ed102cd2f4b/candidate_sql,unit_test_artifact,unittest_user_entry_success_4b2708c707f548429b2c1ed102cd2f4b,unittest_user_entry_success_4b2708c707f548429b2c1ed102cd2f4b,unit_test_artifact,postgres,2,2,no,no,case_engine_suffix_sql,yes,low,no,unit-test artifact; not recommended as POCR route input
runs/user/unittest_user_entry_success_4cbeec32345d4c1f90ba16aacd754fe1/candidate_sql,unit_test_artifact,unittest_user_entry_success_4cbeec32345d4c1f90ba16aacd754fe1,unittest_user_entry_success_4cbeec32345d4c1f90ba16aacd754fe1,unit_test_artifact,postgres,2,2,no,no,case_engine_suffix_sql,yes,low,no,unit-test artifact; not recommended as POCR route input
runs/user/unittest_user_entry_success_4e038c2afead410da33fb39d6eaa815d/candidate_sql,unit_test_artifact,unittest_user_entry_success_4e038c2afead410da33fb39d6eaa815d,unittest_user_entry_success_4e038c2afead410da33fb39d6eaa815d,unit_test_artifact,postgres,2,2,no,no,case_engine_suffix_sql,yes,low,no,unit-test artifact; not recommended as POCR route input
runs/user/unittest_user_entry_success_4e13a3a3f1624f33b880b9c930d88f23/candidate_sql,unit_test_artifact,unittest_user_entry_success_4e13a3a3f1624f33b880b9c930d88f23,unittest_user_entry_success_4e13a3a3f1624f33b880b9c930d88f23,unit_test_artifact,postgres,2,2,no,no,case_engine_suffix_sql,yes,low,no,unit-test artifact; not recommended as POCR route input
runs/user/unittest_user_entry_success_51144fe79c274c8c93afb200f6264563/candidate_sql,unit_test_artifact,unittest_user_entry_success_51144fe79c274c8c93afb200f6264563,unittest_user_entry_success_51144fe79c274c8c93afb200f6264563,unit_test_artifact,postgres,2,2,no,no,case_engine_suffix_sql,yes,low,no,unit-test artifact; not recommended as POCR route input
runs/user/unittest_user_entry_success_511eddae5ad84584830b37fa9295e4b8/candidate_sql,unit_test_artifact,unittest_user_entry_success_511eddae5ad84584830b37fa9295e4b8,unittest_user_entry_success_511eddae5ad84584830b37fa9295e4b8,unit_test_artifact,postgres,2,2,no,no,case_engine_suffix_sql,yes,low,no,unit-test artifact; not recommended as POCR route input
runs/user/unittest_user_entry_success_518c075b69f24c8eb94fda4edbc9fb5f/candidate_sql,unit_test_artifact,unittest_user_entry_success_518c075b69f24c8eb94fda4edbc9fb5f,unittest_user_entry_success_518c075b69f24c8eb94fda4edbc9fb5f,unit_test_artifact,postgres,2,2,no,no,case_engine_suffix_sql,yes,low,no,unit-test artifact; not recommended as POCR route input
runs/user/unittest_user_entry_success_57b1c5abeb7443fe94c914abb02f993e/candidate_sql,unit_test_artifact,unittest_user_entry_success_57b1c5abeb7443fe94c914abb02f993e,unittest_user_entry_success_57b1c5abeb7443fe94c914abb02f993e,unit_test_artifact,postgres,2,2,no,no,case_engine_suffix_sql,yes,low,no,unit-test artifact; not recommended as POCR route input
runs/user/unittest_user_entry_success_595b07ed25614f7fbc6b79778801836d/candidate_sql,unit_test_artifact,unittest_user_entry_success_595b07ed25614f7fbc6b79778801836d,unittest_user_entry_success_595b07ed25614f7fbc6b79778801836d,unit_test_artifact,postgres,2,2,no,no,case_engine_suffix_sql,yes,low,no,unit-test artifact; not recommended as POCR route input
runs/user/unittest_user_entry_success_59bd82fdaa994fa19529879d83ee6dd2/candidate_sql,unit_test_artifact,unittest_user_entry_success_59bd82fdaa994fa19529879d83ee6dd2,unittest_user_entry_success_59bd82fdaa994fa19529879d83ee6dd2,unit_test_artifact,postgres,2,2,no,no,case_engine_suffix_sql,yes,low,no,unit-test artifact; not recommended as POCR route input
runs/user/unittest_user_entry_success_5d179708e44044788599294542975fb8/candidate_sql,unit_test_artifact,unittest_user_entry_success_5d179708e44044788599294542975fb8,unittest_user_entry_success_5d179708e44044788599294542975fb8,unit_test_artifact,postgres,2,2,no,no,case_engine_suffix_sql,yes,low,no,unit-test artifact; not recommended as POCR route input
runs/user/unittest_user_entry_success_61a659c728d54d538214b9872d385863/candidate_sql,unit_test_artifact,unittest_user_entry_success_61a659c728d54d538214b9872d385863,unittest_user_entry_success_61a659c728d54d538214b9872d385863,unit_test_artifact,postgres,2,2,no,no,case_engine_suffix_sql,yes,low,no,unit-test artifact; not recommended as POCR route input
runs/user/unittest_user_entry_success_6304b7b00f1341c4abc1893348c1f461/candidate_sql,unit_test_artifact,unittest_user_entry_success_6304b7b00f1341c4abc1893348c1f461,unittest_user_entry_success_6304b7b00f1341c4abc1893348c1f461,unit_test_artifact,postgres,2,2,no,no,case_engine_suffix_sql,yes,low,no,unit-test artifact; not recommended as POCR route input
runs/user/unittest_user_entry_success_631228871760445192027558345d49ec/candidate_sql,unit_test_artifact,unittest_user_entry_success_631228871760445192027558345d49ec,unittest_user_entry_success_631228871760445192027558345d49ec,unit_test_artifact,postgres,2,2,no,no,case_engine_suffix_sql,yes,low,no,unit-test artifact; not recommended as POCR route input
runs/user/unittest_user_entry_success_67917d771a32493eaf3d34ff7825a42b/candidate_sql,unit_test_artifact,unittest_user_entry_success_67917d771a32493eaf3d34ff7825a42b,unittest_user_entry_success_67917d771a32493eaf3d34ff7825a42b,unit_test_artifact,postgres,2,2,no,no,case_engine_suffix_sql,yes,low,no,unit-test artifact; not recommended as POCR route input
runs/user/unittest_user_entry_success_67dc787bc6d94a6ea97a55e3498cc866/candidate_sql,unit_test_artifact,unittest_user_entry_success_67dc787bc6d94a6ea97a55e3498cc866,unittest_user_entry_success_67dc787bc6d94a6ea97a55e3498cc866,unit_test_artifact,postgres,2,2,no,no,case_engine_suffix_sql,yes,low,no,unit-test artifact; not recommended as POCR route input
runs/user/unittest_user_entry_success_74506ac8a0364e62840b922a053a9fdd/candidate_sql,unit_test_artifact,unittest_user_entry_success_74506ac8a0364e62840b922a053a9fdd,unittest_user_entry_success_74506ac8a0364e62840b922a053a9fdd,unit_test_artifact,postgres,2,2,no,no,case_engine_suffix_sql,yes,low,no,unit-test artifact; not recommended as POCR route input
runs/user/unittest_user_entry_success_781571512ef44f1d99b798b150b29ac6/candidate_sql,unit_test_artifact,unittest_user_entry_success_781571512ef44f1d99b798b150b29ac6,unittest_user_entry_success_781571512ef44f1d99b798b150b29ac6,unit_test_artifact,postgres,2,2,no,no,case_engine_suffix_sql,yes,low,no,unit-test artifact; not recommended as POCR route input
runs/user/unittest_user_entry_success_7b50a5b8021146e5a426f5326d555a4c/candidate_sql,unit_test_artifact,unittest_user_entry_success_7b50a5b8021146e5a426f5326d555a4c,unittest_user_entry_success_7b50a5b8021146e5a426f5326d555a4c,unit_test_artifact,postgres,2,2,no,no,case_engine_suffix_sql,yes,low,no,unit-test artifact; not recommended as POCR route input
runs/user/unittest_user_entry_success_7d04193b43114a08b3d72d0a23c3ee7b/candidate_sql,unit_test_artifact,unittest_user_entry_success_7d04193b43114a08b3d72d0a23c3ee7b,unittest_user_entry_success_7d04193b43114a08b3d72d0a23c3ee7b,unit_test_artifact,postgres,2,2,no,no,case_engine_suffix_sql,yes,low,no,unit-test artifact; not recommended as POCR route input
runs/user/unittest_user_entry_success_7dc03f29c00342b8bfd0079f0ca9726d/candidate_sql,unit_test_artifact,unittest_user_entry_success_7dc03f29c00342b8bfd0079f0ca9726d,unittest_user_entry_success_7dc03f29c00342b8bfd0079f0ca9726d,unit_test_artifact,postgres,2,2,no,no,case_engine_suffix_sql,yes,low,no,unit-test artifact; not recommended as POCR route input
runs/user/unittest_user_entry_success_81cc0b0e5dc44b9fb0fc8f1a22416bbb/candidate_sql,unit_test_artifact,unittest_user_entry_success_81cc0b0e5dc44b9fb0fc8f1a22416bbb,unittest_user_entry_success_81cc0b0e5dc44b9fb0fc8f1a22416bbb,unit_test_artifact,postgres,2,2,no,no,case_engine_suffix_sql,yes,low,no,unit-test artifact; not recommended as POCR route input
runs/user/unittest_user_entry_success_83370126a82a499ca01ec884e3082303/candidate_sql,unit_test_artifact,unittest_user_entry_success_83370126a82a499ca01ec884e3082303,unittest_user_entry_success_83370126a82a499ca01ec884e3082303,unit_test_artifact,postgres,2,2,no,no,case_engine_suffix_sql,yes,low,no,unit-test artifact; not recommended as POCR route input
runs/user/unittest_user_entry_success_835bae83d5034986a2cd2199fcefa821/candidate_sql,unit_test_artifact,unittest_user_entry_success_835bae83d5034986a2cd2199fcefa821,unittest_user_entry_success_835bae83d5034986a2cd2199fcefa821,unit_test_artifact,postgres,2,2,no,no,case_engine_suffix_sql,yes,low,no,unit-test artifact; not recommended as POCR route input
runs/user/unittest_user_entry_success_88e239a8a47a47249ad430ac62bd94d7/candidate_sql,unit_test_artifact,unittest_user_entry_success_88e239a8a47a47249ad430ac62bd94d7,unittest_user_entry_success_88e239a8a47a47249ad430ac62bd94d7,unit_test_artifact,postgres,2,2,no,no,case_engine_suffix_sql,yes,low,no,unit-test artifact; not recommended as POCR route input
runs/user/unittest_user_entry_success_8a4d32d12a194dd3ab1aae0d7f026e68/candidate_sql,unit_test_artifact,unittest_user_entry_success_8a4d32d12a194dd3ab1aae0d7f026e68,unittest_user_entry_success_8a4d32d12a194dd3ab1aae0d7f026e68,unit_test_artifact,postgres,2,2,no,no,case_engine_suffix_sql,yes,low,no,unit-test artifact; not recommended as POCR route input
runs/user/unittest_user_entry_success_8ce4fdf4c9724be3a9b893f3c6fba4f7/candidate_sql,unit_test_artifact,unittest_user_entry_success_8ce4fdf4c9724be3a9b893f3c6fba4f7,unittest_user_entry_success_8ce4fdf4c9724be3a9b893f3c6fba4f7,unit_test_artifact,postgres,2,2,no,no,case_engine_suffix_sql,yes,low,no,unit-test artifact; not recommended as POCR route input
runs/user/unittest_user_entry_success_8d3eef2e185a427f964b1368c82c54d2/candidate_sql,unit_test_artifact,unittest_user_entry_success_8d3eef2e185a427f964b1368c82c54d2,unittest_user_entry_success_8d3eef2e185a427f964b1368c82c54d2,unit_test_artifact,postgres,2,2,no,no,case_engine_suffix_sql,yes,low,no,unit-test artifact; not recommended as POCR route input
runs/user/unittest_user_entry_success_9115d1e96b5c42c1a18a7a60e0dcbc74/candidate_sql,unit_test_artifact,unittest_user_entry_success_9115d1e96b5c42c1a18a7a60e0dcbc74,unittest_user_entry_success_9115d1e96b5c42c1a18a7a60e0dcbc74,unit_test_artifact,postgres,2,2,no,no,case_engine_suffix_sql,yes,low,no,unit-test artifact; not recommended as POCR route input
runs/user/unittest_user_entry_success_95f16037303a435b8e163d482d9c84d2/candidate_sql,unit_test_artifact,unittest_user_entry_success_95f16037303a435b8e163d482d9c84d2,unittest_user_entry_success_95f16037303a435b8e163d482d9c84d2,unit_test_artifact,postgres,2,2,no,no,case_engine_suffix_sql,yes,low,no,unit-test artifact; not recommended as POCR route input
runs/user/unittest_user_entry_success_97ffa1e322cd4f1a941b42e682ad9823/candidate_sql,unit_test_artifact,unittest_user_entry_success_97ffa1e322cd4f1a941b42e682ad9823,unittest_user_entry_success_97ffa1e322cd4f1a941b42e682ad9823,unit_test_artifact,postgres,2,2,no,no,case_engine_suffix_sql,yes,low,no,unit-test artifact; not recommended as POCR route input
runs/user/unittest_user_entry_success_9816137bc9214ca9a9249152810b9ef8/candidate_sql,unit_test_artifact,unittest_user_entry_success_9816137bc9214ca9a9249152810b9ef8,unittest_user_entry_success_9816137bc9214ca9a9249152810b9ef8,unit_test_artifact,postgres,2,2,no,no,case_engine_suffix_sql,yes,low,no,unit-test artifact; not recommended as POCR route input
runs/user/unittest_user_entry_success_9b3702e31f994ce69a590753eddec69a/candidate_sql,unit_test_artifact,unittest_user_entry_success_9b3702e31f994ce69a590753eddec69a,unittest_user_entry_success_9b3702e31f994ce69a590753eddec69a,unit_test_artifact,postgres,2,2,no,no,case_engine_suffix_sql,yes,low,no,unit-test artifact; not recommended as POCR route input
runs/user/unittest_user_entry_success_a10920c908ff4efa90efc764c3a1fcbe/candidate_sql,unit_test_artifact,unittest_user_entry_success_a10920c908ff4efa90efc764c3a1fcbe,unittest_user_entry_success_a10920c908ff4efa90efc764c3a1fcbe,unit_test_artifact,postgres,2,2,no,no,case_engine_suffix_sql,yes,low,no,unit-test artifact; not recommended as POCR route input
runs/user/unittest_user_entry_success_a15044e0039e417693aaa9d2dbd52f4c/candidate_sql,unit_test_artifact,unittest_user_entry_success_a15044e0039e417693aaa9d2dbd52f4c,unittest_user_entry_success_a15044e0039e417693aaa9d2dbd52f4c,unit_test_artifact,postgres,2,2,no,no,case_engine_suffix_sql,yes,low,no,unit-test artifact; not recommended as POCR route input
runs/user/unittest_user_entry_success_a2f6679f265948659779de530e7af507/candidate_sql,unit_test_artifact,unittest_user_entry_success_a2f6679f265948659779de530e7af507,unittest_user_entry_success_a2f6679f265948659779de530e7af507,unit_test_artifact,postgres,2,2,no,no,case_engine_suffix_sql,yes,low,no,unit-test artifact; not recommended as POCR route input
runs/user/unittest_user_entry_success_a2fdd1005ee64ce4aef896135ec05a4a/candidate_sql,unit_test_artifact,unittest_user_entry_success_a2fdd1005ee64ce4aef896135ec05a4a,unittest_user_entry_success_a2fdd1005ee64ce4aef896135ec05a4a,unit_test_artifact,postgres,2,2,no,no,case_engine_suffix_sql,yes,low,no,unit-test artifact; not recommended as POCR route input
runs/user/unittest_user_entry_success_a375a565bd7e4243b4ed72f12f86429b/candidate_sql,unit_test_artifact,unittest_user_entry_success_a375a565bd7e4243b4ed72f12f86429b,unittest_user_entry_success_a375a565bd7e4243b4ed72f12f86429b,unit_test_artifact,postgres,2,2,no,no,case_engine_suffix_sql,yes,low,no,unit-test artifact; not recommended as POCR route input
runs/user/unittest_user_entry_success_a6a1cd90736a4c6e82d48a2996d5acfd/candidate_sql,unit_test_artifact,unittest_user_entry_success_a6a1cd90736a4c6e82d48a2996d5acfd,unittest_user_entry_success_a6a1cd90736a4c6e82d48a2996d5acfd,unit_test_artifact,postgres,2,2,no,no,case_engine_suffix_sql,yes,low,no,unit-test artifact; not recommended as POCR route input
runs/user/unittest_user_entry_success_a76a5bfaec4e445fa3aec4ae2fa1285b/candidate_sql,unit_test_artifact,unittest_user_entry_success_a76a5bfaec4e445fa3aec4ae2fa1285b,unittest_user_entry_success_a76a5bfaec4e445fa3aec4ae2fa1285b,unit_test_artifact,postgres,2,2,no,no,case_engine_suffix_sql,yes,low,no,unit-test artifact; not recommended as POCR route input
runs/user/unittest_user_entry_success_a7c546cc649a4d13896c68a492ca959b/candidate_sql,unit_test_artifact,unittest_user_entry_success_a7c546cc649a4d13896c68a492ca959b,unittest_user_entry_success_a7c546cc649a4d13896c68a492ca959b,unit_test_artifact,postgres,2,2,no,no,case_engine_suffix_sql,yes,low,no,unit-test artifact; not recommended as POCR route input
runs/user/unittest_user_entry_success_aa210d053110439286415a30c7465f92/candidate_sql,unit_test_artifact,unittest_user_entry_success_aa210d053110439286415a30c7465f92,unittest_user_entry_success_aa210d053110439286415a30c7465f92,unit_test_artifact,postgres,2,2,no,no,case_engine_suffix_sql,yes,low,no,unit-test artifact; not recommended as POCR route input
runs/user/unittest_user_entry_success_ab7732dff13d43768fb20ff014d23a60/candidate_sql,unit_test_artifact,unittest_user_entry_success_ab7732dff13d43768fb20ff014d23a60,unittest_user_entry_success_ab7732dff13d43768fb20ff014d23a60,unit_test_artifact,postgres,2,2,no,no,case_engine_suffix_sql,yes,low,no,unit-test artifact; not recommended as POCR route input
runs/user/unittest_user_entry_success_ab7cf075e8114416a899f679035f350f/candidate_sql,unit_test_artifact,unittest_user_entry_success_ab7cf075e8114416a899f679035f350f,unittest_user_entry_success_ab7cf075e8114416a899f679035f350f,unit_test_artifact,postgres,2,2,no,no,case_engine_suffix_sql,yes,low,no,unit-test artifact; not recommended as POCR route input
runs/user/unittest_user_entry_success_ab84ad03d3bb43f68fbad9ca285e08d1/candidate_sql,unit_test_artifact,unittest_user_entry_success_ab84ad03d3bb43f68fbad9ca285e08d1,unittest_user_entry_success_ab84ad03d3bb43f68fbad9ca285e08d1,unit_test_artifact,postgres,2,2,no,no,case_engine_suffix_sql,yes,low,no,unit-test artifact; not recommended as POCR route input
runs/user/unittest_user_entry_success_ad37ecaa021f47a8914edcb2091c4934/candidate_sql,unit_test_artifact,unittest_user_entry_success_ad37ecaa021f47a8914edcb2091c4934,unittest_user_entry_success_ad37ecaa021f47a8914edcb2091c4934,unit_test_artifact,postgres,2,2,no,no,case_engine_suffix_sql,yes,low,no,unit-test artifact; not recommended as POCR route input
runs/user/unittest_user_entry_success_b669fe696def49f0841fa05fbe678b11/candidate_sql,unit_test_artifact,unittest_user_entry_success_b669fe696def49f0841fa05fbe678b11,unittest_user_entry_success_b669fe696def49f0841fa05fbe678b11,unit_test_artifact,postgres,2,2,no,no,case_engine_suffix_sql,yes,low,no,unit-test artifact; not recommended as POCR route input
runs/user/unittest_user_entry_success_b7141306e83b4f5ea3233f0b81165a0e/candidate_sql,unit_test_artifact,unittest_user_entry_success_b7141306e83b4f5ea3233f0b81165a0e,unittest_user_entry_success_b7141306e83b4f5ea3233f0b81165a0e,unit_test_artifact,postgres,2,2,no,no,case_engine_suffix_sql,yes,low,no,unit-test artifact; not recommended as POCR route input
runs/user/unittest_user_entry_success_b94d3bbb7da449e8aecbed1a91586fab/candidate_sql,unit_test_artifact,unittest_user_entry_success_b94d3bbb7da449e8aecbed1a91586fab,unittest_user_entry_success_b94d3bbb7da449e8aecbed1a91586fab,unit_test_artifact,postgres,2,2,no,no,case_engine_suffix_sql,yes,low,no,unit-test artifact; not recommended as POCR route input
runs/user/unittest_user_entry_success_bf48389c353849038d526430bfac0cc9/candidate_sql,unit_test_artifact,unittest_user_entry_success_bf48389c353849038d526430bfac0cc9,unittest_user_entry_success_bf48389c353849038d526430bfac0cc9,unit_test_artifact,postgres,2,2,no,no,case_engine_suffix_sql,yes,low,no,unit-test artifact; not recommended as POCR route input
runs/user/unittest_user_entry_success_c0ab3a419d214060bab5afba2adbf056/candidate_sql,unit_test_artifact,unittest_user_entry_success_c0ab3a419d214060bab5afba2adbf056,unittest_user_entry_success_c0ab3a419d214060bab5afba2adbf056,unit_test_artifact,postgres,2,2,no,no,case_engine_suffix_sql,yes,low,no,unit-test artifact; not recommended as POCR route input
runs/user/unittest_user_entry_success_c3d5fa6e7793471a8415679dc963a655/candidate_sql,unit_test_artifact,unittest_user_entry_success_c3d5fa6e7793471a8415679dc963a655,unittest_user_entry_success_c3d5fa6e7793471a8415679dc963a655,unit_test_artifact,postgres,2,2,no,no,case_engine_suffix_sql,yes,low,no,unit-test artifact; not recommended as POCR route input
runs/user/unittest_user_entry_success_c98a9861f00c4909b92e70a1fa40625c/candidate_sql,unit_test_artifact,unittest_user_entry_success_c98a9861f00c4909b92e70a1fa40625c,unittest_user_entry_success_c98a9861f00c4909b92e70a1fa40625c,unit_test_artifact,postgres,2,2,no,no,case_engine_suffix_sql,yes,low,no,unit-test artifact; not recommended as POCR route input
runs/user/unittest_user_entry_success_cb2915f58a3b43569b0176fb590df8b9/candidate_sql,unit_test_artifact,unittest_user_entry_success_cb2915f58a3b43569b0176fb590df8b9,unittest_user_entry_success_cb2915f58a3b43569b0176fb590df8b9,unit_test_artifact,postgres,2,2,no,no,case_engine_suffix_sql,yes,low,no,unit-test artifact; not recommended as POCR route input
runs/user/unittest_user_entry_success_cbe7493ded12475386ee382b03bc1fe3/candidate_sql,unit_test_artifact,unittest_user_entry_success_cbe7493ded12475386ee382b03bc1fe3,unittest_user_entry_success_cbe7493ded12475386ee382b03bc1fe3,unit_test_artifact,postgres,2,2,no,no,case_engine_suffix_sql,yes,low,no,unit-test artifact; not recommended as POCR route input
runs/user/unittest_user_entry_success_ccc7beb2ea8b42a1b9f919543239e01f/candidate_sql,unit_test_artifact,unittest_user_entry_success_ccc7beb2ea8b42a1b9f919543239e01f,unittest_user_entry_success_ccc7beb2ea8b42a1b9f919543239e01f,unit_test_artifact,postgres,2,2,no,no,case_engine_suffix_sql,yes,low,no,unit-test artifact; not recommended as POCR route input
runs/user/unittest_user_entry_success_cea89bccd38b49709e54d5782a4cfd4c/candidate_sql,unit_test_artifact,unittest_user_entry_success_cea89bccd38b49709e54d5782a4cfd4c,unittest_user_entry_success_cea89bccd38b49709e54d5782a4cfd4c,unit_test_artifact,postgres,2,2,no,no,case_engine_suffix_sql,yes,low,no,unit-test artifact; not recommended as POCR route input
runs/user/unittest_user_entry_success_d094693bf0f24a7a9522e30441d76199/candidate_sql,unit_test_artifact,unittest_user_entry_success_d094693bf0f24a7a9522e30441d76199,unittest_user_entry_success_d094693bf0f24a7a9522e30441d76199,unit_test_artifact,postgres,2,2,no,no,case_engine_suffix_sql,yes,low,no,unit-test artifact; not recommended as POCR route input
runs/user/unittest_user_entry_success_d3223b9ab4d84e289bcb50d262c61ef4/candidate_sql,unit_test_artifact,unittest_user_entry_success_d3223b9ab4d84e289bcb50d262c61ef4,unittest_user_entry_success_d3223b9ab4d84e289bcb50d262c61ef4,unit_test_artifact,postgres,2,2,no,no,case_engine_suffix_sql,yes,low,no,unit-test artifact; not recommended as POCR route input
runs/user/unittest_user_entry_success_d561526ffd724af3a78b645ca15b4ab7/candidate_sql,unit_test_artifact,unittest_user_entry_success_d561526ffd724af3a78b645ca15b4ab7,unittest_user_entry_success_d561526ffd724af3a78b645ca15b4ab7,unit_test_artifact,postgres,2,2,no,no,case_engine_suffix_sql,yes,low,no,unit-test artifact; not recommended as POCR route input
runs/user/unittest_user_entry_success_d6753340ab7c4f93a46ab06c9152432f/candidate_sql,unit_test_artifact,unittest_user_entry_success_d6753340ab7c4f93a46ab06c9152432f,unittest_user_entry_success_d6753340ab7c4f93a46ab06c9152432f,unit_test_artifact,postgres,2,2,no,no,case_engine_suffix_sql,yes,low,no,unit-test artifact; not recommended as POCR route input
runs/user/unittest_user_entry_success_d79dbae23a97441a97f7d92edccb29e5/candidate_sql,unit_test_artifact,unittest_user_entry_success_d79dbae23a97441a97f7d92edccb29e5,unittest_user_entry_success_d79dbae23a97441a97f7d92edccb29e5,unit_test_artifact,postgres,2,2,no,no,case_engine_suffix_sql,yes,low,no,unit-test artifact; not recommended as POCR route input
runs/user/unittest_user_entry_success_d9ea1f1026b34985832547e8b144e383/candidate_sql,unit_test_artifact,unittest_user_entry_success_d9ea1f1026b34985832547e8b144e383,unittest_user_entry_success_d9ea1f1026b34985832547e8b144e383,unit_test_artifact,postgres,2,2,no,no,case_engine_suffix_sql,yes,low,no,unit-test artifact; not recommended as POCR route input
runs/user/unittest_user_entry_success_daee5ea7429449489aee74e61a4f480d/candidate_sql,unit_test_artifact,unittest_user_entry_success_daee5ea7429449489aee74e61a4f480d,unittest_user_entry_success_daee5ea7429449489aee74e61a4f480d,unit_test_artifact,postgres,2,2,no,no,case_engine_suffix_sql,yes,low,no,unit-test artifact; not recommended as POCR route input
runs/user/unittest_user_entry_success_ddac9322005644b1b4a86a19a8261480/candidate_sql,unit_test_artifact,unittest_user_entry_success_ddac9322005644b1b4a86a19a8261480,unittest_user_entry_success_ddac9322005644b1b4a86a19a8261480,unit_test_artifact,postgres,2,2,no,no,case_engine_suffix_sql,yes,low,no,unit-test artifact; not recommended as POCR route input
runs/user/unittest_user_entry_success_dde0bdb58866478d9d39d2443eba0b18/candidate_sql,unit_test_artifact,unittest_user_entry_success_dde0bdb58866478d9d39d2443eba0b18,unittest_user_entry_success_dde0bdb58866478d9d39d2443eba0b18,unit_test_artifact,postgres,2,2,no,no,case_engine_suffix_sql,yes,low,no,unit-test artifact; not recommended as POCR route input
runs/user/unittest_user_entry_success_de8b838ced8f401680dcf86d8df80862/candidate_sql,unit_test_artifact,unittest_user_entry_success_de8b838ced8f401680dcf86d8df80862,unittest_user_entry_success_de8b838ced8f401680dcf86d8df80862,unit_test_artifact,postgres,2,2,no,no,case_engine_suffix_sql,yes,low,no,unit-test artifact; not recommended as POCR route input
runs/user/unittest_user_entry_success_df49d07663b642efb919a4fecbd36339/candidate_sql,unit_test_artifact,unittest_user_entry_success_df49d07663b642efb919a4fecbd36339,unittest_user_entry_success_df49d07663b642efb919a4fecbd36339,unit_test_artifact,postgres,2,2,no,no,case_engine_suffix_sql,yes,low,no,unit-test artifact; not recommended as POCR route input
runs/user/unittest_user_entry_success_e0b66af125604fd1a8505d7198a7e48e/candidate_sql,unit_test_artifact,unittest_user_entry_success_e0b66af125604fd1a8505d7198a7e48e,unittest_user_entry_success_e0b66af125604fd1a8505d7198a7e48e,unit_test_artifact,postgres,2,2,no,no,case_engine_suffix_sql,yes,low,no,unit-test artifact; not recommended as POCR route input
runs/user/unittest_user_entry_success_e973658c96e94d66bfde58095ad2c65b/candidate_sql,unit_test_artifact,unittest_user_entry_success_e973658c96e94d66bfde58095ad2c65b,unittest_user_entry_success_e973658c96e94d66bfde58095ad2c65b,unit_test_artifact,postgres,2,2,no,no,case_engine_suffix_sql,yes,low,no,unit-test artifact; not recommended as POCR route input
runs/user/unittest_user_entry_success_eb57ce7fabc24e3cba12959ec77b1c96/candidate_sql,unit_test_artifact,unittest_user_entry_success_eb57ce7fabc24e3cba12959ec77b1c96,unittest_user_entry_success_eb57ce7fabc24e3cba12959ec77b1c96,unit_test_artifact,postgres,2,2,no,no,case_engine_suffix_sql,yes,low,no,unit-test artifact; not recommended as POCR route input
runs/user/unittest_user_entry_success_ec95fcb681844b7bb60206cbdaf90295/candidate_sql,unit_test_artifact,unittest_user_entry_success_ec95fcb681844b7bb60206cbdaf90295,unittest_user_entry_success_ec95fcb681844b7bb60206cbdaf90295,unit_test_artifact,postgres,2,2,no,no,case_engine_suffix_sql,yes,low,no,unit-test artifact; not recommended as POCR route input
runs/user/unittest_user_entry_success_f2122229a1474640b85a230dd7cad7c2/candidate_sql,unit_test_artifact,unittest_user_entry_success_f2122229a1474640b85a230dd7cad7c2,unittest_user_entry_success_f2122229a1474640b85a230dd7cad7c2,unit_test_artifact,postgres,2,2,no,no,case_engine_suffix_sql,yes,low,no,unit-test artifact; not recommended as POCR route input
runs/user/unittest_user_entry_success_f53dd3f428464190abd2b766d16aa210/candidate_sql,unit_test_artifact,unittest_user_entry_success_f53dd3f428464190abd2b766d16aa210,unittest_user_entry_success_f53dd3f428464190abd2b766d16aa210,unit_test_artifact,postgres,2,2,no,no,case_engine_suffix_sql,yes,low,no,unit-test artifact; not recommended as POCR route input
runs/user/unittest_user_entry_success_f76a7a5495714fe585c521bca839c8bc/candidate_sql,unit_test_artifact,unittest_user_entry_success_f76a7a5495714fe585c521bca839c8bc,unittest_user_entry_success_f76a7a5495714fe585c521bca839c8bc,unit_test_artifact,postgres,2,2,no,no,case_engine_suffix_sql,yes,low,no,unit-test artifact; not recommended as POCR route input
runs/user/unittest_user_entry_success_f9493789030c4b70944c6be38010092e/candidate_sql,unit_test_artifact,unittest_user_entry_success_f9493789030c4b70944c6be38010092e,unittest_user_entry_success_f9493789030c4b70944c6be38010092e,unit_test_artifact,postgres,2,2,no,no,case_engine_suffix_sql,yes,low,no,unit-test artifact; not recommended as POCR route input
runs/user/unittest_user_entry_success_fa0e35f88b4149838aec20d6aaa42f97/candidate_sql,unit_test_artifact,unittest_user_entry_success_fa0e35f88b4149838aec20d6aaa42f97,unittest_user_entry_success_fa0e35f88b4149838aec20d6aaa42f97,unit_test_artifact,postgres,2,2,no,no,case_engine_suffix_sql,yes,low,no,unit-test artifact; not recommended as POCR route input
runs/user/unittest_user_entry_success_fa2bfa3220c94bc6bdc2f2ab047542f6/candidate_sql,unit_test_artifact,unittest_user_entry_success_fa2bfa3220c94bc6bdc2f2ab047542f6,unittest_user_entry_success_fa2bfa3220c94bc6bdc2f2ab047542f6,unit_test_artifact,postgres,2,2,no,no,case_engine_suffix_sql,yes,low,no,unit-test artifact; not recommended as POCR route input
runs/user/unittest_user_entry_success_fbfb8c4eb4724c39bac9255aff82849b/candidate_sql,unit_test_artifact,unittest_user_entry_success_fbfb8c4eb4724c39bac9255aff82849b,unittest_user_entry_success_fbfb8c4eb4724c39bac9255aff82849b,unit_test_artifact,postgres,2,2,no,no,case_engine_suffix_sql,yes,low,no,unit-test artifact; not recommended as POCR route input
runs/user/unittest_user_entry_timeout_017729e958404b23a4fe5a12843ee56d/candidate_sql,unit_test_artifact,unittest_user_entry_timeout_017729e958404b23a4fe5a12843ee56d,unittest_user_entry_timeout_017729e958404b23a4fe5a12843ee56d,unit_test_artifact,unknown,0,0,no,no,empty_or_no_files,yes,low,no,unit-test artifact; not recommended as POCR route input
runs/user/unittest_user_entry_timeout_046cd9dca5cc454e84eba3cbdfd2cb27/candidate_sql,unit_test_artifact,unittest_user_entry_timeout_046cd9dca5cc454e84eba3cbdfd2cb27,unittest_user_entry_timeout_046cd9dca5cc454e84eba3cbdfd2cb27,unit_test_artifact,unknown,0,0,no,no,empty_or_no_files,yes,low,no,unit-test artifact; not recommended as POCR route input
runs/user/unittest_user_entry_timeout_04dcb0e32f6f419696d99c3595608cc3/candidate_sql,unit_test_artifact,unittest_user_entry_timeout_04dcb0e32f6f419696d99c3595608cc3,unittest_user_entry_timeout_04dcb0e32f6f419696d99c3595608cc3,unit_test_artifact,unknown,0,0,no,no,empty_or_no_files,yes,low,no,unit-test artifact; not recommended as POCR route input
runs/user/unittest_user_entry_timeout_0744bc108d5d4aa5bd5faa315210d2bc/candidate_sql,unit_test_artifact,unittest_user_entry_timeout_0744bc108d5d4aa5bd5faa315210d2bc,unittest_user_entry_timeout_0744bc108d5d4aa5bd5faa315210d2bc,unit_test_artifact,unknown,0,0,no,no,empty_or_no_files,yes,low,no,unit-test artifact; not recommended as POCR route input
runs/user/unittest_user_entry_timeout_0f3dd5042cc74a2188e7a595b1e10451/candidate_sql,unit_test_artifact,unittest_user_entry_timeout_0f3dd5042cc74a2188e7a595b1e10451,unittest_user_entry_timeout_0f3dd5042cc74a2188e7a595b1e10451,unit_test_artifact,unknown,0,0,no,no,empty_or_no_files,yes,low,no,unit-test artifact; not recommended as POCR route input
runs/user/unittest_user_entry_timeout_10560a9609474bc9903be2a956fd61be/candidate_sql,unit_test_artifact,unittest_user_entry_timeout_10560a9609474bc9903be2a956fd61be,unittest_user_entry_timeout_10560a9609474bc9903be2a956fd61be,unit_test_artifact,unknown,0,0,no,no,empty_or_no_files,yes,low,no,unit-test artifact; not recommended as POCR route input
runs/user/unittest_user_entry_timeout_193be2539eaf46fd8cc2de61a7b364e4/candidate_sql,unit_test_artifact,unittest_user_entry_timeout_193be2539eaf46fd8cc2de61a7b364e4,unittest_user_entry_timeout_193be2539eaf46fd8cc2de61a7b364e4,unit_test_artifact,unknown,0,0,no,no,empty_or_no_files,yes,low,no,unit-test artifact; not recommended as POCR route input
runs/user/unittest_user_entry_timeout_1af41ffd383f423fa946d885d138f79d/candidate_sql,unit_test_artifact,unittest_user_entry_timeout_1af41ffd383f423fa946d885d138f79d,unittest_user_entry_timeout_1af41ffd383f423fa946d885d138f79d,unit_test_artifact,unknown,0,0,no,no,empty_or_no_files,yes,low,no,unit-test artifact; not recommended as POCR route input
runs/user/unittest_user_entry_timeout_22a3ded25cd74fb78655156e036088b8/candidate_sql,unit_test_artifact,unittest_user_entry_timeout_22a3ded25cd74fb78655156e036088b8,unittest_user_entry_timeout_22a3ded25cd74fb78655156e036088b8,unit_test_artifact,unknown,0,0,no,no,empty_or_no_files,yes,low,no,unit-test artifact; not recommended as POCR route input
runs/user/unittest_user_entry_timeout_22c97abd421e444cae5d7bdf89e9795b/candidate_sql,unit_test_artifact,unittest_user_entry_timeout_22c97abd421e444cae5d7bdf89e9795b,unittest_user_entry_timeout_22c97abd421e444cae5d7bdf89e9795b,unit_test_artifact,unknown,0,0,no,no,empty_or_no_files,yes,low,no,unit-test artifact; not recommended as POCR route input
runs/user/unittest_user_entry_timeout_2331a69a36c64c44b574ca8415d79613/candidate_sql,unit_test_artifact,unittest_user_entry_timeout_2331a69a36c64c44b574ca8415d79613,unittest_user_entry_timeout_2331a69a36c64c44b574ca8415d79613,unit_test_artifact,unknown,0,0,no,no,empty_or_no_files,yes,low,no,unit-test artifact; not recommended as POCR route input
runs/user/unittest_user_entry_timeout_244de04d32a54c17ad9465866fc65912/candidate_sql,unit_test_artifact,unittest_user_entry_timeout_244de04d32a54c17ad9465866fc65912,unittest_user_entry_timeout_244de04d32a54c17ad9465866fc65912,unit_test_artifact,unknown,0,0,no,no,empty_or_no_files,yes,low,no,unit-test artifact; not recommended as POCR route input
runs/user/unittest_user_entry_timeout_261cdac77212487da7b772b4064f7bbf/candidate_sql,unit_test_artifact,unittest_user_entry_timeout_261cdac77212487da7b772b4064f7bbf,unittest_user_entry_timeout_261cdac77212487da7b772b4064f7bbf,unit_test_artifact,unknown,0,0,no,no,empty_or_no_files,yes,low,no,unit-test artifact; not recommended as POCR route input
runs/user/unittest_user_entry_timeout_271a7e88bae34b56be7dfa87b3fa2ce2/candidate_sql,unit_test_artifact,unittest_user_entry_timeout_271a7e88bae34b56be7dfa87b3fa2ce2,unittest_user_entry_timeout_271a7e88bae34b56be7dfa87b3fa2ce2,unit_test_artifact,unknown,0,0,no,no,empty_or_no_files,yes,low,no,unit-test artifact; not recommended as POCR route input
runs/user/unittest_user_entry_timeout_27579976538c4cc398cce01b8560c3ee/candidate_sql,unit_test_artifact,unittest_user_entry_timeout_27579976538c4cc398cce01b8560c3ee,unittest_user_entry_timeout_27579976538c4cc398cce01b8560c3ee,unit_test_artifact,unknown,0,0,no,no,empty_or_no_files,yes,low,no,unit-test artifact; not recommended as POCR route input
runs/user/unittest_user_entry_timeout_2931109bdcae48a9a540a3e045573724/candidate_sql,unit_test_artifact,unittest_user_entry_timeout_2931109bdcae48a9a540a3e045573724,unittest_user_entry_timeout_2931109bdcae48a9a540a3e045573724,unit_test_artifact,unknown,0,0,no,no,empty_or_no_files,yes,low,no,unit-test artifact; not recommended as POCR route input
runs/user/unittest_user_entry_timeout_2b68e57a5ce4436d8b02bad2cb85a3d2/candidate_sql,unit_test_artifact,unittest_user_entry_timeout_2b68e57a5ce4436d8b02bad2cb85a3d2,unittest_user_entry_timeout_2b68e57a5ce4436d8b02bad2cb85a3d2,unit_test_artifact,unknown,0,0,no,no,empty_or_no_files,yes,low,no,unit-test artifact; not recommended as POCR route input
runs/user/unittest_user_entry_timeout_2c493e6bc1af4512b94b76f0dd40fc31/candidate_sql,unit_test_artifact,unittest_user_entry_timeout_2c493e6bc1af4512b94b76f0dd40fc31,unittest_user_entry_timeout_2c493e6bc1af4512b94b76f0dd40fc31,unit_test_artifact,unknown,0,0,no,no,empty_or_no_files,yes,low,no,unit-test artifact; not recommended as POCR route input
runs/user/unittest_user_entry_timeout_2dd33c1b9ebb4498abd16ddb5376d034/candidate_sql,unit_test_artifact,unittest_user_entry_timeout_2dd33c1b9ebb4498abd16ddb5376d034,unittest_user_entry_timeout_2dd33c1b9ebb4498abd16ddb5376d034,unit_test_artifact,unknown,0,0,no,no,empty_or_no_files,yes,low,no,unit-test artifact; not recommended as POCR route input
runs/user/unittest_user_entry_timeout_2e490df48db9418098b4b3acb9f14a20/candidate_sql,unit_test_artifact,unittest_user_entry_timeout_2e490df48db9418098b4b3acb9f14a20,unittest_user_entry_timeout_2e490df48db9418098b4b3acb9f14a20,unit_test_artifact,unknown,0,0,no,no,empty_or_no_files,yes,low,no,unit-test artifact; not recommended as POCR route input
runs/user/unittest_user_entry_timeout_2f731d43ff2946ffb76936aab2bcf81e/candidate_sql,unit_test_artifact,unittest_user_entry_timeout_2f731d43ff2946ffb76936aab2bcf81e,unittest_user_entry_timeout_2f731d43ff2946ffb76936aab2bcf81e,unit_test_artifact,unknown,0,0,no,no,empty_or_no_files,yes,low,no,unit-test artifact; not recommended as POCR route input
runs/user/unittest_user_entry_timeout_2f8dea7b1b9a4700a268b10c28dfd4cc/candidate_sql,unit_test_artifact,unittest_user_entry_timeout_2f8dea7b1b9a4700a268b10c28dfd4cc,unittest_user_entry_timeout_2f8dea7b1b9a4700a268b10c28dfd4cc,unit_test_artifact,unknown,0,0,no,no,empty_or_no_files,yes,low,no,unit-test artifact; not recommended as POCR route input
runs/user/unittest_user_entry_timeout_331da01a94024982b264ad9d037d0740/candidate_sql,unit_test_artifact,unittest_user_entry_timeout_331da01a94024982b264ad9d037d0740,unittest_user_entry_timeout_331da01a94024982b264ad9d037d0740,unit_test_artifact,unknown,0,0,no,no,empty_or_no_files,yes,low,no,unit-test artifact; not recommended as POCR route input
runs/user/unittest_user_entry_timeout_372171eb9a204cd68e94cd288c7f3ab7/candidate_sql,unit_test_artifact,unittest_user_entry_timeout_372171eb9a204cd68e94cd288c7f3ab7,unittest_user_entry_timeout_372171eb9a204cd68e94cd288c7f3ab7,unit_test_artifact,unknown,0,0,no,no,empty_or_no_files,yes,low,no,unit-test artifact; not recommended as POCR route input
runs/user/unittest_user_entry_timeout_384a95dbcca443e1b6e5b7a46f36e7ee/candidate_sql,unit_test_artifact,unittest_user_entry_timeout_384a95dbcca443e1b6e5b7a46f36e7ee,unittest_user_entry_timeout_384a95dbcca443e1b6e5b7a46f36e7ee,unit_test_artifact,unknown,0,0,no,no,empty_or_no_files,yes,low,no,unit-test artifact; not recommended as POCR route input
runs/user/unittest_user_entry_timeout_3a566e2058f249d1b9b9a2648169bb0c/candidate_sql,unit_test_artifact,unittest_user_entry_timeout_3a566e2058f249d1b9b9a2648169bb0c,unittest_user_entry_timeout_3a566e2058f249d1b9b9a2648169bb0c,unit_test_artifact,unknown,0,0,no,no,empty_or_no_files,yes,low,no,unit-test artifact; not recommended as POCR route input
runs/user/unittest_user_entry_timeout_3b9fdd6896a344609ce3e3c456c87362/candidate_sql,unit_test_artifact,unittest_user_entry_timeout_3b9fdd6896a344609ce3e3c456c87362,unittest_user_entry_timeout_3b9fdd6896a344609ce3e3c456c87362,unit_test_artifact,unknown,0,0,no,no,empty_or_no_files,yes,low,no,unit-test artifact; not recommended as POCR route input
runs/user/unittest_user_entry_timeout_41c6bc5b2071417295905dad2832ac58/candidate_sql,unit_test_artifact,unittest_user_entry_timeout_41c6bc5b2071417295905dad2832ac58,unittest_user_entry_timeout_41c6bc5b2071417295905dad2832ac58,unit_test_artifact,unknown,0,0,no,no,empty_or_no_files,yes,low,no,unit-test artifact; not recommended as POCR route input
runs/user/unittest_user_entry_timeout_423fb938c6e2478fad2edfed07792079/candidate_sql,unit_test_artifact,unittest_user_entry_timeout_423fb938c6e2478fad2edfed07792079,unittest_user_entry_timeout_423fb938c6e2478fad2edfed07792079,unit_test_artifact,unknown,0,0,no,no,empty_or_no_files,yes,low,no,unit-test artifact; not recommended as POCR route input
runs/user/unittest_user_entry_timeout_4298be2c27e64091b27fedaa2f5c759b/candidate_sql,unit_test_artifact,unittest_user_entry_timeout_4298be2c27e64091b27fedaa2f5c759b,unittest_user_entry_timeout_4298be2c27e64091b27fedaa2f5c759b,unit_test_artifact,unknown,0,0,no,no,empty_or_no_files,yes,low,no,unit-test artifact; not recommended as POCR route input
runs/user/unittest_user_entry_timeout_44c48dc786ed4f44b48d47c39cc0b211/candidate_sql,unit_test_artifact,unittest_user_entry_timeout_44c48dc786ed4f44b48d47c39cc0b211,unittest_user_entry_timeout_44c48dc786ed4f44b48d47c39cc0b211,unit_test_artifact,unknown,0,0,no,no,empty_or_no_files,yes,low,no,unit-test artifact; not recommended as POCR route input
runs/user/unittest_user_entry_timeout_47dbeddb82704f5f90667b481e94fdbd/candidate_sql,unit_test_artifact,unittest_user_entry_timeout_47dbeddb82704f5f90667b481e94fdbd,unittest_user_entry_timeout_47dbeddb82704f5f90667b481e94fdbd,unit_test_artifact,unknown,0,0,no,no,empty_or_no_files,yes,low,no,unit-test artifact; not recommended as POCR route input
runs/user/unittest_user_entry_timeout_497d67318c804a91982dd448c7db1528/candidate_sql,unit_test_artifact,unittest_user_entry_timeout_497d67318c804a91982dd448c7db1528,unittest_user_entry_timeout_497d67318c804a91982dd448c7db1528,unit_test_artifact,unknown,0,0,no,no,empty_or_no_files,yes,low,no,unit-test artifact; not recommended as POCR route input
runs/user/unittest_user_entry_timeout_4ae6857d1b904045adddc9c70e7b30f8/candidate_sql,unit_test_artifact,unittest_user_entry_timeout_4ae6857d1b904045adddc9c70e7b30f8,unittest_user_entry_timeout_4ae6857d1b904045adddc9c70e7b30f8,unit_test_artifact,unknown,0,0,no,no,empty_or_no_files,yes,low,no,unit-test artifact; not recommended as POCR route input
runs/user/unittest_user_entry_timeout_4bc4e6e5fb3f42548170c0c6a8297192/candidate_sql,unit_test_artifact,unittest_user_entry_timeout_4bc4e6e5fb3f42548170c0c6a8297192,unittest_user_entry_timeout_4bc4e6e5fb3f42548170c0c6a8297192,unit_test_artifact,unknown,0,0,no,no,empty_or_no_files,yes,low,no,unit-test artifact; not recommended as POCR route input
runs/user/unittest_user_entry_timeout_4c76870c728545dcbcb96de634ecd3aa/candidate_sql,unit_test_artifact,unittest_user_entry_timeout_4c76870c728545dcbcb96de634ecd3aa,unittest_user_entry_timeout_4c76870c728545dcbcb96de634ecd3aa,unit_test_artifact,unknown,0,0,no,no,empty_or_no_files,yes,low,no,unit-test artifact; not recommended as POCR route input
runs/user/unittest_user_entry_timeout_4ed43282fae9451ab764f0556578209b/candidate_sql,unit_test_artifact,unittest_user_entry_timeout_4ed43282fae9451ab764f0556578209b,unittest_user_entry_timeout_4ed43282fae9451ab764f0556578209b,unit_test_artifact,unknown,0,0,no,no,empty_or_no_files,yes,low,no,unit-test artifact; not recommended as POCR route input
runs/user/unittest_user_entry_timeout_50373e8d26f646ce9321ceafc3f16293/candidate_sql,unit_test_artifact,unittest_user_entry_timeout_50373e8d26f646ce9321ceafc3f16293,unittest_user_entry_timeout_50373e8d26f646ce9321ceafc3f16293,unit_test_artifact,unknown,0,0,no,no,empty_or_no_files,yes,low,no,unit-test artifact; not recommended as POCR route input
runs/user/unittest_user_entry_timeout_513c83ad040d4ca1a7a18280c108b37a/candidate_sql,unit_test_artifact,unittest_user_entry_timeout_513c83ad040d4ca1a7a18280c108b37a,unittest_user_entry_timeout_513c83ad040d4ca1a7a18280c108b37a,unit_test_artifact,unknown,0,0,no,no,empty_or_no_files,yes,low,no,unit-test artifact; not recommended as POCR route input
runs/user/unittest_user_entry_timeout_5493aab6d004450cba04e45fd6ae98e8/candidate_sql,unit_test_artifact,unittest_user_entry_timeout_5493aab6d004450cba04e45fd6ae98e8,unittest_user_entry_timeout_5493aab6d004450cba04e45fd6ae98e8,unit_test_artifact,unknown,0,0,no,no,empty_or_no_files,yes,low,no,unit-test artifact; not recommended as POCR route input
runs/user/unittest_user_entry_timeout_56ad593c415b4b79bd392d201df9c67f/candidate_sql,unit_test_artifact,unittest_user_entry_timeout_56ad593c415b4b79bd392d201df9c67f,unittest_user_entry_timeout_56ad593c415b4b79bd392d201df9c67f,unit_test_artifact,unknown,0,0,no,no,empty_or_no_files,yes,low,no,unit-test artifact; not recommended as POCR route input
runs/user/unittest_user_entry_timeout_57a89e7a1d5643df82a6e66f00fd880c/candidate_sql,unit_test_artifact,unittest_user_entry_timeout_57a89e7a1d5643df82a6e66f00fd880c,unittest_user_entry_timeout_57a89e7a1d5643df82a6e66f00fd880c,unit_test_artifact,unknown,0,0,no,no,empty_or_no_files,yes,low,no,unit-test artifact; not recommended as POCR route input
runs/user/unittest_user_entry_timeout_57bb93b3514d453e807b042945ed8fb8/candidate_sql,unit_test_artifact,unittest_user_entry_timeout_57bb93b3514d453e807b042945ed8fb8,unittest_user_entry_timeout_57bb93b3514d453e807b042945ed8fb8,unit_test_artifact,unknown,0,0,no,no,empty_or_no_files,yes,low,no,unit-test artifact; not recommended as POCR route input
runs/user/unittest_user_entry_timeout_57c94157341f4cc5ba7938b64b6f9830/candidate_sql,unit_test_artifact,unittest_user_entry_timeout_57c94157341f4cc5ba7938b64b6f9830,unittest_user_entry_timeout_57c94157341f4cc5ba7938b64b6f9830,unit_test_artifact,unknown,0,0,no,no,empty_or_no_files,yes,low,no,unit-test artifact; not recommended as POCR route input
runs/user/unittest_user_entry_timeout_58db4e1fcfef47da8443d406480298d5/candidate_sql,unit_test_artifact,unittest_user_entry_timeout_58db4e1fcfef47da8443d406480298d5,unittest_user_entry_timeout_58db4e1fcfef47da8443d406480298d5,unit_test_artifact,unknown,0,0,no,no,empty_or_no_files,yes,low,no,unit-test artifact; not recommended as POCR route input
runs/user/unittest_user_entry_timeout_5c20072d451d4aea84b942efa1ba814e/candidate_sql,unit_test_artifact,unittest_user_entry_timeout_5c20072d451d4aea84b942efa1ba814e,unittest_user_entry_timeout_5c20072d451d4aea84b942efa1ba814e,unit_test_artifact,unknown,0,0,no,no,empty_or_no_files,yes,low,no,unit-test artifact; not recommended as POCR route input
runs/user/unittest_user_entry_timeout_5d2cc7b7fdf44e56b129d8ee47337ec9/candidate_sql,unit_test_artifact,unittest_user_entry_timeout_5d2cc7b7fdf44e56b129d8ee47337ec9,unittest_user_entry_timeout_5d2cc7b7fdf44e56b129d8ee47337ec9,unit_test_artifact,unknown,0,0,no,no,empty_or_no_files,yes,low,no,unit-test artifact; not recommended as POCR route input
runs/user/unittest_user_entry_timeout_5d74c52c51ea4582bbf50608b97bff76/candidate_sql,unit_test_artifact,unittest_user_entry_timeout_5d74c52c51ea4582bbf50608b97bff76,unittest_user_entry_timeout_5d74c52c51ea4582bbf50608b97bff76,unit_test_artifact,unknown,0,0,no,no,empty_or_no_files,yes,low,no,unit-test artifact; not recommended as POCR route input
runs/user/unittest_user_entry_timeout_5ee8919f34134529b59a079a845e51e3/candidate_sql,unit_test_artifact,unittest_user_entry_timeout_5ee8919f34134529b59a079a845e51e3,unittest_user_entry_timeout_5ee8919f34134529b59a079a845e51e3,unit_test_artifact,unknown,0,0,no,no,empty_or_no_files,yes,low,no,unit-test artifact; not recommended as POCR route input
runs/user/unittest_user_entry_timeout_5f6f0abeb7e94f42aa261a4acca5bf26/candidate_sql,unit_test_artifact,unittest_user_entry_timeout_5f6f0abeb7e94f42aa261a4acca5bf26,unittest_user_entry_timeout_5f6f0abeb7e94f42aa261a4acca5bf26,unit_test_artifact,unknown,0,0,no,no,empty_or_no_files,yes,low,no,unit-test artifact; not recommended as POCR route input
runs/user/unittest_user_entry_timeout_5f95257d78ac4011b3c69dbd7b4bac62/candidate_sql,unit_test_artifact,unittest_user_entry_timeout_5f95257d78ac4011b3c69dbd7b4bac62,unittest_user_entry_timeout_5f95257d78ac4011b3c69dbd7b4bac62,unit_test_artifact,unknown,0,0,no,no,empty_or_no_files,yes,low,no,unit-test artifact; not recommended as POCR route input
runs/user/unittest_user_entry_timeout_60a8ed53a7d040b68e44c67e482cf9f8/candidate_sql,unit_test_artifact,unittest_user_entry_timeout_60a8ed53a7d040b68e44c67e482cf9f8,unittest_user_entry_timeout_60a8ed53a7d040b68e44c67e482cf9f8,unit_test_artifact,unknown,0,0,no,no,empty_or_no_files,yes,low,no,unit-test artifact; not recommended as POCR route input
runs/user/unittest_user_entry_timeout_6976c627357340f9a0a272031258a3d2/candidate_sql,unit_test_artifact,unittest_user_entry_timeout_6976c627357340f9a0a272031258a3d2,unittest_user_entry_timeout_6976c627357340f9a0a272031258a3d2,unit_test_artifact,unknown,0,0,no,no,empty_or_no_files,yes,low,no,unit-test artifact; not recommended as POCR route input
runs/user/unittest_user_entry_timeout_6e83d96593d44df0a8c2b626015a0a80/candidate_sql,unit_test_artifact,unittest_user_entry_timeout_6e83d96593d44df0a8c2b626015a0a80,unittest_user_entry_timeout_6e83d96593d44df0a8c2b626015a0a80,unit_test_artifact,unknown,0,0,no,no,empty_or_no_files,yes,low,no,unit-test artifact; not recommended as POCR route input
runs/user/unittest_user_entry_timeout_7122ad23f81348ba8fdfdba75e99f826/candidate_sql,unit_test_artifact,unittest_user_entry_timeout_7122ad23f81348ba8fdfdba75e99f826,unittest_user_entry_timeout_7122ad23f81348ba8fdfdba75e99f826,unit_test_artifact,unknown,0,0,no,no,empty_or_no_files,yes,low,no,unit-test artifact; not recommended as POCR route input
runs/user/unittest_user_entry_timeout_72df0ee456a540509cd9ee5b520ba2e5/candidate_sql,unit_test_artifact,unittest_user_entry_timeout_72df0ee456a540509cd9ee5b520ba2e5,unittest_user_entry_timeout_72df0ee456a540509cd9ee5b520ba2e5,unit_test_artifact,unknown,0,0,no,no,empty_or_no_files,yes,low,no,unit-test artifact; not recommended as POCR route input
runs/user/unittest_user_entry_timeout_7336fbf5531f42bab9e7502c34413212/candidate_sql,unit_test_artifact,unittest_user_entry_timeout_7336fbf5531f42bab9e7502c34413212,unittest_user_entry_timeout_7336fbf5531f42bab9e7502c34413212,unit_test_artifact,unknown,0,0,no,no,empty_or_no_files,yes,low,no,unit-test artifact; not recommended as POCR route input
runs/user/unittest_user_entry_timeout_76bdd571e3d945e2854d75c55593c050/candidate_sql,unit_test_artifact,unittest_user_entry_timeout_76bdd571e3d945e2854d75c55593c050,unittest_user_entry_timeout_76bdd571e3d945e2854d75c55593c050,unit_test_artifact,unknown,0,0,no,no,empty_or_no_files,yes,low,no,unit-test artifact; not recommended as POCR route input
runs/user/unittest_user_entry_timeout_76cb1f4ee2c64bbab4d5a54cc948ccfb/candidate_sql,unit_test_artifact,unittest_user_entry_timeout_76cb1f4ee2c64bbab4d5a54cc948ccfb,unittest_user_entry_timeout_76cb1f4ee2c64bbab4d5a54cc948ccfb,unit_test_artifact,unknown,0,0,no,no,empty_or_no_files,yes,low,no,unit-test artifact; not recommended as POCR route input
runs/user/unittest_user_entry_timeout_7a4bc21809184f3aa6434e9efe70fa2c/candidate_sql,unit_test_artifact,unittest_user_entry_timeout_7a4bc21809184f3aa6434e9efe70fa2c,unittest_user_entry_timeout_7a4bc21809184f3aa6434e9efe70fa2c,unit_test_artifact,unknown,0,0,no,no,empty_or_no_files,yes,low,no,unit-test artifact; not recommended as POCR route input
runs/user/unittest_user_entry_timeout_7bd1f3cfb3ba4a31b60dc3c9fb696057/candidate_sql,unit_test_artifact,unittest_user_entry_timeout_7bd1f3cfb3ba4a31b60dc3c9fb696057,unittest_user_entry_timeout_7bd1f3cfb3ba4a31b60dc3c9fb696057,unit_test_artifact,unknown,0,0,no,no,empty_or_no_files,yes,low,no,unit-test artifact; not recommended as POCR route input
runs/user/unittest_user_entry_timeout_818e8dae0a85415e86b5b1c370f12ec8/candidate_sql,unit_test_artifact,unittest_user_entry_timeout_818e8dae0a85415e86b5b1c370f12ec8,unittest_user_entry_timeout_818e8dae0a85415e86b5b1c370f12ec8,unit_test_artifact,unknown,0,0,no,no,empty_or_no_files,yes,low,no,unit-test artifact; not recommended as POCR route input
runs/user/unittest_user_entry_timeout_847c33b7fc934c0292d7725d7a19e15b/candidate_sql,unit_test_artifact,unittest_user_entry_timeout_847c33b7fc934c0292d7725d7a19e15b,unittest_user_entry_timeout_847c33b7fc934c0292d7725d7a19e15b,unit_test_artifact,unknown,0,0,no,no,empty_or_no_files,yes,low,no,unit-test artifact; not recommended as POCR route input
runs/user/unittest_user_entry_timeout_880fd6f4694040e4bd781259d932d1b1/candidate_sql,unit_test_artifact,unittest_user_entry_timeout_880fd6f4694040e4bd781259d932d1b1,unittest_user_entry_timeout_880fd6f4694040e4bd781259d932d1b1,unit_test_artifact,unknown,0,0,no,no,empty_or_no_files,yes,low,no,unit-test artifact; not recommended as POCR route input
runs/user/unittest_user_entry_timeout_8bb51665c496482b93721d02a2619324/candidate_sql,unit_test_artifact,unittest_user_entry_timeout_8bb51665c496482b93721d02a2619324,unittest_user_entry_timeout_8bb51665c496482b93721d02a2619324,unit_test_artifact,unknown,0,0,no,no,empty_or_no_files,yes,low,no,unit-test artifact; not recommended as POCR route input
runs/user/unittest_user_entry_timeout_8c98e6bb8f624889aca423e2873101f6/candidate_sql,unit_test_artifact,unittest_user_entry_timeout_8c98e6bb8f624889aca423e2873101f6,unittest_user_entry_timeout_8c98e6bb8f624889aca423e2873101f6,unit_test_artifact,unknown,0,0,no,no,empty_or_no_files,yes,low,no,unit-test artifact; not recommended as POCR route input
runs/user/unittest_user_entry_timeout_90889e24a16045598ad0c0ba73f65424/candidate_sql,unit_test_artifact,unittest_user_entry_timeout_90889e24a16045598ad0c0ba73f65424,unittest_user_entry_timeout_90889e24a16045598ad0c0ba73f65424,unit_test_artifact,unknown,0,0,no,no,empty_or_no_files,yes,low,no,unit-test artifact; not recommended as POCR route input
runs/user/unittest_user_entry_timeout_94ea723e476444a6acd6211ffe92c00d/candidate_sql,unit_test_artifact,unittest_user_entry_timeout_94ea723e476444a6acd6211ffe92c00d,unittest_user_entry_timeout_94ea723e476444a6acd6211ffe92c00d,unit_test_artifact,unknown,0,0,no,no,empty_or_no_files,yes,low,no,unit-test artifact; not recommended as POCR route input
runs/user/unittest_user_entry_timeout_9616ae5425a943649669db5a509c71f5/candidate_sql,unit_test_artifact,unittest_user_entry_timeout_9616ae5425a943649669db5a509c71f5,unittest_user_entry_timeout_9616ae5425a943649669db5a509c71f5,unit_test_artifact,unknown,0,0,no,no,empty_or_no_files,yes,low,no,unit-test artifact; not recommended as POCR route input
runs/user/unittest_user_entry_timeout_9ae3eac1841c4359a29c4aabd52e3a7f/candidate_sql,unit_test_artifact,unittest_user_entry_timeout_9ae3eac1841c4359a29c4aabd52e3a7f,unittest_user_entry_timeout_9ae3eac1841c4359a29c4aabd52e3a7f,unit_test_artifact,unknown,0,0,no,no,empty_or_no_files,yes,low,no,unit-test artifact; not recommended as POCR route input
runs/user/unittest_user_entry_timeout_9c8eabe44cd649998203c2748785d7df/candidate_sql,unit_test_artifact,unittest_user_entry_timeout_9c8eabe44cd649998203c2748785d7df,unittest_user_entry_timeout_9c8eabe44cd649998203c2748785d7df,unit_test_artifact,unknown,0,0,no,no,empty_or_no_files,yes,low,no,unit-test artifact; not recommended as POCR route input
runs/user/unittest_user_entry_timeout_a2d66befbc4644e29fe050584f406cf4/candidate_sql,unit_test_artifact,unittest_user_entry_timeout_a2d66befbc4644e29fe050584f406cf4,unittest_user_entry_timeout_a2d66befbc4644e29fe050584f406cf4,unit_test_artifact,unknown,0,0,no,no,empty_or_no_files,yes,low,no,unit-test artifact; not recommended as POCR route input
runs/user/unittest_user_entry_timeout_a318e809dca84c73bd74c85f76ec7dc3/candidate_sql,unit_test_artifact,unittest_user_entry_timeout_a318e809dca84c73bd74c85f76ec7dc3,unittest_user_entry_timeout_a318e809dca84c73bd74c85f76ec7dc3,unit_test_artifact,unknown,0,0,no,no,empty_or_no_files,yes,low,no,unit-test artifact; not recommended as POCR route input
runs/user/unittest_user_entry_timeout_ac7fa511a4714e4b99a385570d658ee8/candidate_sql,unit_test_artifact,unittest_user_entry_timeout_ac7fa511a4714e4b99a385570d658ee8,unittest_user_entry_timeout_ac7fa511a4714e4b99a385570d658ee8,unit_test_artifact,unknown,0,0,no,no,empty_or_no_files,yes,low,no,unit-test artifact; not recommended as POCR route input
runs/user/unittest_user_entry_timeout_ad19f036fc08483cac02285bfd9562e9/candidate_sql,unit_test_artifact,unittest_user_entry_timeout_ad19f036fc08483cac02285bfd9562e9,unittest_user_entry_timeout_ad19f036fc08483cac02285bfd9562e9,unit_test_artifact,unknown,0,0,no,no,empty_or_no_files,yes,low,no,unit-test artifact; not recommended as POCR route input
runs/user/unittest_user_entry_timeout_ae6f0cc8a6d043659d0191fe0dc45b29/candidate_sql,unit_test_artifact,unittest_user_entry_timeout_ae6f0cc8a6d043659d0191fe0dc45b29,unittest_user_entry_timeout_ae6f0cc8a6d043659d0191fe0dc45b29,unit_test_artifact,unknown,0,0,no,no,empty_or_no_files,yes,low,no,unit-test artifact; not recommended as POCR route input
runs/user/unittest_user_entry_timeout_b4b31c705481429faa3c65be76434687/candidate_sql,unit_test_artifact,unittest_user_entry_timeout_b4b31c705481429faa3c65be76434687,unittest_user_entry_timeout_b4b31c705481429faa3c65be76434687,unit_test_artifact,unknown,0,0,no,no,empty_or_no_files,yes,low,no,unit-test artifact; not recommended as POCR route input
runs/user/unittest_user_entry_timeout_b4c8942974794bc89a694699308c7f39/candidate_sql,unit_test_artifact,unittest_user_entry_timeout_b4c8942974794bc89a694699308c7f39,unittest_user_entry_timeout_b4c8942974794bc89a694699308c7f39,unit_test_artifact,unknown,0,0,no,no,empty_or_no_files,yes,low,no,unit-test artifact; not recommended as POCR route input
runs/user/unittest_user_entry_timeout_b9e8ab54b2fc4bd2b1cd8cb54aed0c15/candidate_sql,unit_test_artifact,unittest_user_entry_timeout_b9e8ab54b2fc4bd2b1cd8cb54aed0c15,unittest_user_entry_timeout_b9e8ab54b2fc4bd2b1cd8cb54aed0c15,unit_test_artifact,unknown,0,0,no,no,empty_or_no_files,yes,low,no,unit-test artifact; not recommended as POCR route input
runs/user/unittest_user_entry_timeout_ba5650ef56f64e7293dca1063bdf6456/candidate_sql,unit_test_artifact,unittest_user_entry_timeout_ba5650ef56f64e7293dca1063bdf6456,unittest_user_entry_timeout_ba5650ef56f64e7293dca1063bdf6456,unit_test_artifact,unknown,0,0,no,no,empty_or_no_files,yes,low,no,unit-test artifact; not recommended as POCR route input
runs/user/unittest_user_entry_timeout_bb07516d737e420fa0eff3517b58d2b2/candidate_sql,unit_test_artifact,unittest_user_entry_timeout_bb07516d737e420fa0eff3517b58d2b2,unittest_user_entry_timeout_bb07516d737e420fa0eff3517b58d2b2,unit_test_artifact,unknown,0,0,no,no,empty_or_no_files,yes,low,no,unit-test artifact; not recommended as POCR route input
runs/user/unittest_user_entry_timeout_c0392c6eaa004573837bb372cd2e5634/candidate_sql,unit_test_artifact,unittest_user_entry_timeout_c0392c6eaa004573837bb372cd2e5634,unittest_user_entry_timeout_c0392c6eaa004573837bb372cd2e5634,unit_test_artifact,unknown,0,0,no,no,empty_or_no_files,yes,low,no,unit-test artifact; not recommended as POCR route input
runs/user/unittest_user_entry_timeout_c062f2ce5e2a4080a369067870ec375c/candidate_sql,unit_test_artifact,unittest_user_entry_timeout_c062f2ce5e2a4080a369067870ec375c,unittest_user_entry_timeout_c062f2ce5e2a4080a369067870ec375c,unit_test_artifact,unknown,0,0,no,no,empty_or_no_files,yes,low,no,unit-test artifact; not recommended as POCR route input
runs/user/unittest_user_entry_timeout_c3f8336d42114b8eae63ec1c62f4e058/candidate_sql,unit_test_artifact,unittest_user_entry_timeout_c3f8336d42114b8eae63ec1c62f4e058,unittest_user_entry_timeout_c3f8336d42114b8eae63ec1c62f4e058,unit_test_artifact,unknown,0,0,no,no,empty_or_no_files,yes,low,no,unit-test artifact; not recommended as POCR route input
runs/user/unittest_user_entry_timeout_c55672bb0e8c4dbc9bb7d2bd110edf7c/candidate_sql,unit_test_artifact,unittest_user_entry_timeout_c55672bb0e8c4dbc9bb7d2bd110edf7c,unittest_user_entry_timeout_c55672bb0e8c4dbc9bb7d2bd110edf7c,unit_test_artifact,unknown,0,0,no,no,empty_or_no_files,yes,low,no,unit-test artifact; not recommended as POCR route input
runs/user/unittest_user_entry_timeout_cb35f633abee43d5816439332b406327/candidate_sql,unit_test_artifact,unittest_user_entry_timeout_cb35f633abee43d5816439332b406327,unittest_user_entry_timeout_cb35f633abee43d5816439332b406327,unit_test_artifact,unknown,0,0,no,no,empty_or_no_files,yes,low,no,unit-test artifact; not recommended as POCR route input
runs/user/unittest_user_entry_timeout_cbabb67d6cc449a9b6db9726b3564ef6/candidate_sql,unit_test_artifact,unittest_user_entry_timeout_cbabb67d6cc449a9b6db9726b3564ef6,unittest_user_entry_timeout_cbabb67d6cc449a9b6db9726b3564ef6,unit_test_artifact,unknown,0,0,no,no,empty_or_no_files,yes,low,no,unit-test artifact; not recommended as POCR route input
runs/user/unittest_user_entry_timeout_cc461fc2af024225b63bc98613a1c1d8/candidate_sql,unit_test_artifact,unittest_user_entry_timeout_cc461fc2af024225b63bc98613a1c1d8,unittest_user_entry_timeout_cc461fc2af024225b63bc98613a1c1d8,unit_test_artifact,unknown,0,0,no,no,empty_or_no_files,yes,low,no,unit-test artifact; not recommended as POCR route input
runs/user/unittest_user_entry_timeout_ccc6455bf9de48c99e59ee9409080026/candidate_sql,unit_test_artifact,unittest_user_entry_timeout_ccc6455bf9de48c99e59ee9409080026,unittest_user_entry_timeout_ccc6455bf9de48c99e59ee9409080026,unit_test_artifact,unknown,0,0,no,no,empty_or_no_files,yes,low,no,unit-test artifact; not recommended as POCR route input
runs/user/unittest_user_entry_timeout_ce7c335379914308bfb7d6443b5b603b/candidate_sql,unit_test_artifact,unittest_user_entry_timeout_ce7c335379914308bfb7d6443b5b603b,unittest_user_entry_timeout_ce7c335379914308bfb7d6443b5b603b,unit_test_artifact,unknown,0,0,no,no,empty_or_no_files,yes,low,no,unit-test artifact; not recommended as POCR route input
runs/user/unittest_user_entry_timeout_d0408142263b403487ce45195ce1ff7a/candidate_sql,unit_test_artifact,unittest_user_entry_timeout_d0408142263b403487ce45195ce1ff7a,unittest_user_entry_timeout_d0408142263b403487ce45195ce1ff7a,unit_test_artifact,unknown,0,0,no,no,empty_or_no_files,yes,low,no,unit-test artifact; not recommended as POCR route input
runs/user/unittest_user_entry_timeout_d2bbf2d8242a4db6a4dbfcdb4a114049/candidate_sql,unit_test_artifact,unittest_user_entry_timeout_d2bbf2d8242a4db6a4dbfcdb4a114049,unittest_user_entry_timeout_d2bbf2d8242a4db6a4dbfcdb4a114049,unit_test_artifact,unknown,0,0,no,no,empty_or_no_files,yes,low,no,unit-test artifact; not recommended as POCR route input
runs/user/unittest_user_entry_timeout_d35f7e059e614a138fe0732b09acb570/candidate_sql,unit_test_artifact,unittest_user_entry_timeout_d35f7e059e614a138fe0732b09acb570,unittest_user_entry_timeout_d35f7e059e614a138fe0732b09acb570,unit_test_artifact,unknown,0,0,no,no,empty_or_no_files,yes,low,no,unit-test artifact; not recommended as POCR route input
runs/user/unittest_user_entry_timeout_d50ffb74254b4e948686cde67eee93bd/candidate_sql,unit_test_artifact,unittest_user_entry_timeout_d50ffb74254b4e948686cde67eee93bd,unittest_user_entry_timeout_d50ffb74254b4e948686cde67eee93bd,unit_test_artifact,unknown,0,0,no,no,empty_or_no_files,yes,low,no,unit-test artifact; not recommended as POCR route input
runs/user/unittest_user_entry_timeout_db670406616a4b83ba4fcc8958b0d118/candidate_sql,unit_test_artifact,unittest_user_entry_timeout_db670406616a4b83ba4fcc8958b0d118,unittest_user_entry_timeout_db670406616a4b83ba4fcc8958b0d118,unit_test_artifact,unknown,0,0,no,no,empty_or_no_files,yes,low,no,unit-test artifact; not recommended as POCR route input
runs/user/unittest_user_entry_timeout_dc224eec8d9d4c38a0d7f8f4ecebc820/candidate_sql,unit_test_artifact,unittest_user_entry_timeout_dc224eec8d9d4c38a0d7f8f4ecebc820,unittest_user_entry_timeout_dc224eec8d9d4c38a0d7f8f4ecebc820,unit_test_artifact,unknown,0,0,no,no,empty_or_no_files,yes,low,no,unit-test artifact; not recommended as POCR route input
runs/user/unittest_user_entry_timeout_de07aa9e22fc453f9c14a2bc9ac6bda3/candidate_sql,unit_test_artifact,unittest_user_entry_timeout_de07aa9e22fc453f9c14a2bc9ac6bda3,unittest_user_entry_timeout_de07aa9e22fc453f9c14a2bc9ac6bda3,unit_test_artifact,unknown,0,0,no,no,empty_or_no_files,yes,low,no,unit-test artifact; not recommended as POCR route input
runs/user/unittest_user_entry_timeout_e18f56ee3f614351a1dfbe81802b3782/candidate_sql,unit_test_artifact,unittest_user_entry_timeout_e18f56ee3f614351a1dfbe81802b3782,unittest_user_entry_timeout_e18f56ee3f614351a1dfbe81802b3782,unit_test_artifact,unknown,0,0,no,no,empty_or_no_files,yes,low,no,unit-test artifact; not recommended as POCR route input
runs/user/unittest_user_entry_timeout_e29146e205b046cba5f2f04af45fb6a8/candidate_sql,unit_test_artifact,unittest_user_entry_timeout_e29146e205b046cba5f2f04af45fb6a8,unittest_user_entry_timeout_e29146e205b046cba5f2f04af45fb6a8,unit_test_artifact,unknown,0,0,no,no,empty_or_no_files,yes,low,no,unit-test artifact; not recommended as POCR route input
runs/user/unittest_user_entry_timeout_e48700e5234c49a99b5a4556ca3483f6/candidate_sql,unit_test_artifact,unittest_user_entry_timeout_e48700e5234c49a99b5a4556ca3483f6,unittest_user_entry_timeout_e48700e5234c49a99b5a4556ca3483f6,unit_test_artifact,unknown,0,0,no,no,empty_or_no_files,yes,low,no,unit-test artifact; not recommended as POCR route input
runs/user/unittest_user_entry_timeout_e92a4b9acc754ded9402b0bd98142e5f/candidate_sql,unit_test_artifact,unittest_user_entry_timeout_e92a4b9acc754ded9402b0bd98142e5f,unittest_user_entry_timeout_e92a4b9acc754ded9402b0bd98142e5f,unit_test_artifact,unknown,0,0,no,no,empty_or_no_files,yes,low,no,unit-test artifact; not recommended as POCR route input
runs/user/unittest_user_entry_timeout_ee3aa40276eb4e6b9fee9f8105de2447/candidate_sql,unit_test_artifact,unittest_user_entry_timeout_ee3aa40276eb4e6b9fee9f8105de2447,unittest_user_entry_timeout_ee3aa40276eb4e6b9fee9f8105de2447,unit_test_artifact,unknown,0,0,no,no,empty_or_no_files,yes,low,no,unit-test artifact; not recommended as POCR route input
runs/user/unittest_user_entry_timeout_f3defeb2f3c44eaaa570c71ab917256a/candidate_sql,unit_test_artifact,unittest_user_entry_timeout_f3defeb2f3c44eaaa570c71ab917256a,unittest_user_entry_timeout_f3defeb2f3c44eaaa570c71ab917256a,unit_test_artifact,unknown,0,0,no,no,empty_or_no_files,yes,low,no,unit-test artifact; not recommended as POCR route input
runs/user/unittest_user_entry_timeout_f67a80c52c264878b4641900acfa562f/candidate_sql,unit_test_artifact,unittest_user_entry_timeout_f67a80c52c264878b4641900acfa562f,unittest_user_entry_timeout_f67a80c52c264878b4641900acfa562f,unit_test_artifact,unknown,0,0,no,no,empty_or_no_files,yes,low,no,unit-test artifact; not recommended as POCR route input
runs/user/unittest_user_entry_timeout_f6baf820222d48fdbd33734dd8d315db/candidate_sql,unit_test_artifact,unittest_user_entry_timeout_f6baf820222d48fdbd33734dd8d315db,unittest_user_entry_timeout_f6baf820222d48fdbd33734dd8d315db,unit_test_artifact,unknown,0,0,no,no,empty_or_no_files,yes,low,no,unit-test artifact; not recommended as POCR route input
runs/user/unittest_user_entry_timeout_f89dd1bd719744198f2d7445966667d4/candidate_sql,unit_test_artifact,unittest_user_entry_timeout_f89dd1bd719744198f2d7445966667d4,unittest_user_entry_timeout_f89dd1bd719744198f2d7445966667d4,unit_test_artifact,unknown,0,0,no,no,empty_or_no_files,yes,low,no,unit-test artifact; not recommended as POCR route input
runs/user/unittest_user_entry_timeout_fb05fbae6ad1464b9d272738c86c5145/candidate_sql,unit_test_artifact,unittest_user_entry_timeout_fb05fbae6ad1464b9d272738c86c5145,unittest_user_entry_timeout_fb05fbae6ad1464b9d272738c86c5145,unit_test_artifact,unknown,0,0,no,no,empty_or_no_files,yes,low,no,unit-test artifact; not recommended as POCR route input
runs/user/unittest_user_entry_timeout_ff47a3f2d71940bc933acb5fe92dd6c3/candidate_sql,unit_test_artifact,unittest_user_entry_timeout_ff47a3f2d71940bc933acb5fe92dd6c3,unittest_user_entry_timeout_ff47a3f2d71940bc933acb5fe92dd6c3,unit_test_artifact,unknown,0,0,no,no,empty_or_no_files,yes,low,no,unit-test artifact; not recommended as POCR route input
runs/user/unittest_user_entry_timeout_ff811801a508424da1d6552fcfa0fa95/candidate_sql,unit_test_artifact,unittest_user_entry_timeout_ff811801a508424da1d6552fcfa0fa95,unittest_user_entry_timeout_ff811801a508424da1d6552fcfa0fa95,unit_test_artifact,unknown,0,0,no,no,empty_or_no_files,yes,low,no,unit-test artifact; not recommended as POCR route input
