method_id,route_id,case_id,pool,axis,tag,failure_bucket,candidate_generated,candidate_executable,exact,timed,source_like_status,source_audit_path,tag_source_path,notes
learnedrewrite,learnedrewrite,PERF_0006,PERF,sql_feature,date_time_function,exact,true,true,true,true,not_source_like,audits/learnedrewrite_pg40_bounded_local_diagnostic_v0/adapter_output_review.csv; audits/learnedrewrite_pg40_bounded_local_diagnostic_v0/db_checker_timing_review.csv,cases/PERF/PERF_0006/manifest.yaml#taxonomy.sql_feature,"retained manifest taxonomy tag; absent axes for this case: plan_operator, workload_realism, portability_risk"
learnedrewrite,learnedrewrite,PERF_0006,PERF,sql_feature,expression_complexity,exact,true,true,true,true,not_source_like,audits/learnedrewrite_pg40_bounded_local_diagnostic_v0/adapter_output_review.csv; audits/learnedrewrite_pg40_bounded_local_diagnostic_v0/db_checker_timing_review.csv,cases/PERF/PERF_0006/manifest.yaml#taxonomy.sql_feature,"retained manifest taxonomy tag; absent axes for this case: plan_operator, workload_realism, portability_risk"
learnedrewrite,learnedrewrite,PERF_0006,PERF,rewrite_opportunity,materialization_strategy,exact,true,true,true,true,not_source_like,audits/learnedrewrite_pg40_bounded_local_diagnostic_v0/adapter_output_review.csv; audits/learnedrewrite_pg40_bounded_local_diagnostic_v0/db_checker_timing_review.csv,cases/PERF/PERF_0006/manifest.yaml#taxonomy.rewrite_opportunity,"retained manifest taxonomy tag; absent axes for this case: plan_operator, workload_realism, portability_risk"
learnedrewrite,learnedrewrite,PERF_0006,PERF,rewrite_opportunity,predicate_pushdown,exact,true,true,true,true,not_source_like,audits/learnedrewrite_pg40_bounded_local_diagnostic_v0/adapter_output_review.csv; audits/learnedrewrite_pg40_bounded_local_diagnostic_v0/db_checker_timing_review.csv,cases/PERF/PERF_0006/manifest.yaml#taxonomy.rewrite_opportunity,"retained manifest taxonomy tag; absent axes for this case: plan_operator, workload_realism, portability_risk"
learnedrewrite,learnedrewrite,PERF_0007,PERF,sql_feature,date_time_function,exact,true,true,true,true,not_source_like,audits/learnedrewrite_pg40_bounded_local_diagnostic_v0/adapter_output_review.csv; audits/learnedrewrite_pg40_bounded_local_diagnostic_v0/db_checker_timing_review.csv,cases/PERF/PERF_0007/manifest.yaml#taxonomy.sql_feature,"retained manifest taxonomy tag; absent axes for this case: plan_operator, workload_realism, portability_risk"
learnedrewrite,learnedrewrite,PERF_0007,PERF,rewrite_opportunity,materialization_strategy,exact,true,true,true,true,not_source_like,audits/learnedrewrite_pg40_bounded_local_diagnostic_v0/adapter_output_review.csv; audits/learnedrewrite_pg40_bounded_local_diagnostic_v0/db_checker_timing_review.csv,cases/PERF/PERF_0007/manifest.yaml#taxonomy.rewrite_opportunity,"retained manifest taxonomy tag; absent axes for this case: plan_operator, workload_realism, portability_risk"
learnedrewrite,learnedrewrite,PERF_0007,PERF,rewrite_opportunity,predicate_pushdown,exact,true,true,true,true,not_source_like,audits/learnedrewrite_pg40_bounded_local_diagnostic_v0/adapter_output_review.csv; audits/learnedrewrite_pg40_bounded_local_diagnostic_v0/db_checker_timing_review.csv,cases/PERF/PERF_0007/manifest.yaml#taxonomy.rewrite_opportunity,"retained manifest taxonomy tag; absent axes for this case: plan_operator, workload_realism, portability_risk"
learnedrewrite,learnedrewrite,PERF_0008,PERF,sql_feature,date_time_function,exact,true,true,true,true,not_source_like,audits/learnedrewrite_pg40_bounded_local_diagnostic_v0/adapter_output_review.csv; audits/learnedrewrite_pg40_bounded_local_diagnostic_v0/db_checker_timing_review.csv,cases/PERF/PERF_0008/manifest.yaml#taxonomy.sql_feature,"retained manifest taxonomy tag; absent axes for this case: plan_operator, workload_realism, portability_risk"
learnedrewrite,learnedrewrite,PERF_0008,PERF,sql_feature,subquery_in_from,exact,true,true,true,true,not_source_like,audits/learnedrewrite_pg40_bounded_local_diagnostic_v0/adapter_output_review.csv; audits/learnedrewrite_pg40_bounded_local_diagnostic_v0/db_checker_timing_review.csv,cases/PERF/PERF_0008/manifest.yaml#taxonomy.sql_feature,"retained manifest taxonomy tag; absent axes for this case: plan_operator, workload_realism, portability_risk"
learnedrewrite,learnedrewrite,PERF_0008,PERF,rewrite_opportunity,materialization_strategy,exact,true,true,true,true,not_source_like,audits/learnedrewrite_pg40_bounded_local_diagnostic_v0/adapter_output_review.csv; audits/learnedrewrite_pg40_bounded_local_diagnostic_v0/db_checker_timing_review.csv,cases/PERF/PERF_0008/manifest.yaml#taxonomy.rewrite_opportunity,"retained manifest taxonomy tag; absent axes for this case: plan_operator, workload_realism, portability_risk"
learnedrewrite,learnedrewrite,PERF_0008,PERF,rewrite_opportunity,predicate_pushdown,exact,true,true,true,true,not_source_like,audits/learnedrewrite_pg40_bounded_local_diagnostic_v0/adapter_output_review.csv; audits/learnedrewrite_pg40_bounded_local_diagnostic_v0/db_checker_timing_review.csv,cases/PERF/PERF_0008/manifest.yaml#taxonomy.rewrite_opportunity,"retained manifest taxonomy tag; absent axes for this case: plan_operator, workload_realism, portability_risk"
learnedrewrite,learnedrewrite,PERF_0013,PERF,sql_feature,date_time_function,exact,true,true,true,true,not_source_like,audits/learnedrewrite_pg40_bounded_local_diagnostic_v0/adapter_output_review.csv; audits/learnedrewrite_pg40_bounded_local_diagnostic_v0/db_checker_timing_review.csv,cases/PERF/PERF_0013/manifest.yaml#taxonomy.sql_feature,"retained manifest taxonomy tag; absent axes for this case: plan_operator, workload_realism, portability_risk"
learnedrewrite,learnedrewrite,PERF_0013,PERF,rewrite_opportunity,join_reorder,exact,true,true,true,true,not_source_like,audits/learnedrewrite_pg40_bounded_local_diagnostic_v0/adapter_output_review.csv; audits/learnedrewrite_pg40_bounded_local_diagnostic_v0/db_checker_timing_review.csv,cases/PERF/PERF_0013/manifest.yaml#taxonomy.rewrite_opportunity,"retained manifest taxonomy tag; absent axes for this case: plan_operator, workload_realism, portability_risk"
learnedrewrite,learnedrewrite,PERF_0013,PERF,rewrite_opportunity,predicate_pushdown,exact,true,true,true,true,not_source_like,audits/learnedrewrite_pg40_bounded_local_diagnostic_v0/adapter_output_review.csv; audits/learnedrewrite_pg40_bounded_local_diagnostic_v0/db_checker_timing_review.csv,cases/PERF/PERF_0013/manifest.yaml#taxonomy.rewrite_opportunity,"retained manifest taxonomy tag; absent axes for this case: plan_operator, workload_realism, portability_risk"
learnedrewrite,learnedrewrite,PERF_0017,PERF,sql_feature,date_time_function,exact,true,true,true,true,not_source_like,audits/learnedrewrite_pg40_bounded_local_diagnostic_v0/adapter_output_review.csv; audits/learnedrewrite_pg40_bounded_local_diagnostic_v0/db_checker_timing_review.csv,cases/PERF/PERF_0017/manifest.yaml#taxonomy.sql_feature,"retained manifest taxonomy tag; absent axes for this case: plan_operator, workload_realism, portability_risk"
learnedrewrite,learnedrewrite,PERF_0017,PERF,rewrite_opportunity,join_reorder,exact,true,true,true,true,not_source_like,audits/learnedrewrite_pg40_bounded_local_diagnostic_v0/adapter_output_review.csv; audits/learnedrewrite_pg40_bounded_local_diagnostic_v0/db_checker_timing_review.csv,cases/PERF/PERF_0017/manifest.yaml#taxonomy.rewrite_opportunity,"retained manifest taxonomy tag; absent axes for this case: plan_operator, workload_realism, portability_risk"
learnedrewrite,learnedrewrite,PERF_0017,PERF,rewrite_opportunity,predicate_pushdown,exact,true,true,true,true,not_source_like,audits/learnedrewrite_pg40_bounded_local_diagnostic_v0/adapter_output_review.csv; audits/learnedrewrite_pg40_bounded_local_diagnostic_v0/db_checker_timing_review.csv,cases/PERF/PERF_0017/manifest.yaml#taxonomy.rewrite_opportunity,"retained manifest taxonomy tag; absent axes for this case: plan_operator, workload_realism, portability_risk"
learnedrewrite,learnedrewrite,PERF_0019,PERF,sql_feature,outer_join,mismatch,true,true,false,false,not_source_like,audits/learnedrewrite_pg40_bounded_local_diagnostic_v0/adapter_output_review.csv; audits/learnedrewrite_pg40_bounded_local_diagnostic_v0/db_checker_timing_review.csv,cases/PERF/PERF_0019/manifest.yaml#taxonomy.sql_feature,"retained manifest taxonomy tag; absent axes for this case: plan_operator, workload_realism, portability_risk"
learnedrewrite,learnedrewrite,PERF_0019,PERF,sql_feature,subquery_in_from,mismatch,true,true,false,false,not_source_like,audits/learnedrewrite_pg40_bounded_local_diagnostic_v0/adapter_output_review.csv; audits/learnedrewrite_pg40_bounded_local_diagnostic_v0/db_checker_timing_review.csv,cases/PERF/PERF_0019/manifest.yaml#taxonomy.sql_feature,"retained manifest taxonomy tag; absent axes for this case: plan_operator, workload_realism, portability_risk"
learnedrewrite,learnedrewrite,PERF_0019,PERF,rewrite_opportunity,materialization_strategy,mismatch,true,true,false,false,not_source_like,audits/learnedrewrite_pg40_bounded_local_diagnostic_v0/adapter_output_review.csv; audits/learnedrewrite_pg40_bounded_local_diagnostic_v0/db_checker_timing_review.csv,cases/PERF/PERF_0019/manifest.yaml#taxonomy.rewrite_opportunity,"retained manifest taxonomy tag; absent axes for this case: plan_operator, workload_realism, portability_risk"
learnedrewrite,learnedrewrite,PERF_0019,PERF,rewrite_opportunity,predicate_pushdown,mismatch,true,true,false,false,not_source_like,audits/learnedrewrite_pg40_bounded_local_diagnostic_v0/adapter_output_review.csv; audits/learnedrewrite_pg40_bounded_local_diagnostic_v0/db_checker_timing_review.csv,cases/PERF/PERF_0019/manifest.yaml#taxonomy.rewrite_opportunity,"retained manifest taxonomy tag; absent axes for this case: plan_operator, workload_realism, portability_risk"
learnedrewrite,learnedrewrite,PERF_0024,PERF,sql_feature,correlated_subquery,exact,true,true,true,true,not_source_like,audits/learnedrewrite_pg40_bounded_local_diagnostic_v0/adapter_output_review.csv; audits/learnedrewrite_pg40_bounded_local_diagnostic_v0/db_checker_timing_review.csv,cases/PERF/PERF_0024/manifest.yaml#taxonomy.sql_feature,"retained manifest taxonomy tag; absent axes for this case: plan_operator, workload_realism, portability_risk"
learnedrewrite,learnedrewrite,PERF_0024,PERF,sql_feature,date_time_function,exact,true,true,true,true,not_source_like,audits/learnedrewrite_pg40_bounded_local_diagnostic_v0/adapter_output_review.csv; audits/learnedrewrite_pg40_bounded_local_diagnostic_v0/db_checker_timing_review.csv,cases/PERF/PERF_0024/manifest.yaml#taxonomy.sql_feature,"retained manifest taxonomy tag; absent axes for this case: plan_operator, workload_realism, portability_risk"
learnedrewrite,learnedrewrite,PERF_0024,PERF,rewrite_opportunity,predicate_pushdown,exact,true,true,true,true,not_source_like,audits/learnedrewrite_pg40_bounded_local_diagnostic_v0/adapter_output_review.csv; audits/learnedrewrite_pg40_bounded_local_diagnostic_v0/db_checker_timing_review.csv,cases/PERF/PERF_0024/manifest.yaml#taxonomy.rewrite_opportunity,"retained manifest taxonomy tag; absent axes for this case: plan_operator, workload_realism, portability_risk"
learnedrewrite,learnedrewrite,PERF_0024,PERF,rewrite_opportunity,subquery_decorrelation,exact,true,true,true,true,not_source_like,audits/learnedrewrite_pg40_bounded_local_diagnostic_v0/adapter_output_review.csv; audits/learnedrewrite_pg40_bounded_local_diagnostic_v0/db_checker_timing_review.csv,cases/PERF/PERF_0024/manifest.yaml#taxonomy.rewrite_opportunity,"retained manifest taxonomy tag; absent axes for this case: plan_operator, workload_realism, portability_risk"
learnedrewrite,learnedrewrite,PERF_0033,PERF,sql_feature,aggregate,exact,true,true,true,true,not_source_like,audits/learnedrewrite_pg40_bounded_local_diagnostic_v0/adapter_output_review.csv; audits/learnedrewrite_pg40_bounded_local_diagnostic_v0/db_checker_timing_review.csv,cases/PERF/PERF_0033/manifest.yaml#taxonomy.sql_feature,"retained manifest taxonomy tag; absent axes for this case: plan_operator, workload_realism"
learnedrewrite,learnedrewrite,PERF_0033,PERF,sql_feature,group_by,exact,true,true,true,true,not_source_like,audits/learnedrewrite_pg40_bounded_local_diagnostic_v0/adapter_output_review.csv; audits/learnedrewrite_pg40_bounded_local_diagnostic_v0/db_checker_timing_review.csv,cases/PERF/PERF_0033/manifest.yaml#taxonomy.sql_feature,"retained manifest taxonomy tag; absent axes for this case: plan_operator, workload_realism"
learnedrewrite,learnedrewrite,PERF_0033,PERF,sql_feature,join,exact,true,true,true,true,not_source_like,audits/learnedrewrite_pg40_bounded_local_diagnostic_v0/adapter_output_review.csv; audits/learnedrewrite_pg40_bounded_local_diagnostic_v0/db_checker_timing_review.csv,cases/PERF/PERF_0033/manifest.yaml#taxonomy.sql_feature,"retained manifest taxonomy tag; absent axes for this case: plan_operator, workload_realism"
learnedrewrite,learnedrewrite,PERF_0033,PERF,sql_feature,limit,exact,true,true,true,true,not_source_like,audits/learnedrewrite_pg40_bounded_local_diagnostic_v0/adapter_output_review.csv; audits/learnedrewrite_pg40_bounded_local_diagnostic_v0/db_checker_timing_review.csv,cases/PERF/PERF_0033/manifest.yaml#taxonomy.sql_feature,"retained manifest taxonomy tag; absent axes for this case: plan_operator, workload_realism"
learnedrewrite,learnedrewrite,PERF_0033,PERF,sql_feature,order_by,exact,true,true,true,true,not_source_like,audits/learnedrewrite_pg40_bounded_local_diagnostic_v0/adapter_output_review.csv; audits/learnedrewrite_pg40_bounded_local_diagnostic_v0/db_checker_timing_review.csv,cases/PERF/PERF_0033/manifest.yaml#taxonomy.sql_feature,"retained manifest taxonomy tag; absent axes for this case: plan_operator, workload_realism"
learnedrewrite,learnedrewrite,PERF_0033,PERF,rewrite_opportunity,join_reorder,exact,true,true,true,true,not_source_like,audits/learnedrewrite_pg40_bounded_local_diagnostic_v0/adapter_output_review.csv; audits/learnedrewrite_pg40_bounded_local_diagnostic_v0/db_checker_timing_review.csv,cases/PERF/PERF_0033/manifest.yaml#taxonomy.rewrite_opportunity,"retained manifest taxonomy tag; absent axes for this case: plan_operator, workload_realism"
learnedrewrite,learnedrewrite,PERF_0033,PERF,rewrite_opportunity,predicate_pushdown,exact,true,true,true,true,not_source_like,audits/learnedrewrite_pg40_bounded_local_diagnostic_v0/adapter_output_review.csv; audits/learnedrewrite_pg40_bounded_local_diagnostic_v0/db_checker_timing_review.csv,cases/PERF/PERF_0033/manifest.yaml#taxonomy.rewrite_opportunity,"retained manifest taxonomy tag; absent axes for this case: plan_operator, workload_realism"
learnedrewrite,learnedrewrite,PERF_0033,PERF,portability_risk,limit_fetch_gap,exact,true,true,true,true,not_source_like,audits/learnedrewrite_pg40_bounded_local_diagnostic_v0/adapter_output_review.csv; audits/learnedrewrite_pg40_bounded_local_diagnostic_v0/db_checker_timing_review.csv,cases/PERF/PERF_0033/manifest.yaml#taxonomy.portability,"retained manifest taxonomy tag; absent axes for this case: plan_operator, workload_realism"
learnedrewrite,learnedrewrite,PERF_0034,PERF,sql_feature,cte,exact,true,true,true,true,not_source_like,audits/learnedrewrite_pg40_bounded_local_diagnostic_v0/adapter_output_review.csv; audits/learnedrewrite_pg40_bounded_local_diagnostic_v0/db_checker_timing_review.csv,cases/PERF/PERF_0034/manifest.yaml#taxonomy.sql_feature,"retained manifest taxonomy tag; absent axes for this case: plan_operator, workload_realism, portability_risk"
learnedrewrite,learnedrewrite,PERF_0034,PERF,sql_feature,set_operation,exact,true,true,true,true,not_source_like,audits/learnedrewrite_pg40_bounded_local_diagnostic_v0/adapter_output_review.csv; audits/learnedrewrite_pg40_bounded_local_diagnostic_v0/db_checker_timing_review.csv,cases/PERF/PERF_0034/manifest.yaml#taxonomy.sql_feature,"retained manifest taxonomy tag; absent axes for this case: plan_operator, workload_realism, portability_risk"
learnedrewrite,learnedrewrite,PERF_0034,PERF,rewrite_opportunity,materialization_strategy,exact,true,true,true,true,not_source_like,audits/learnedrewrite_pg40_bounded_local_diagnostic_v0/adapter_output_review.csv; audits/learnedrewrite_pg40_bounded_local_diagnostic_v0/db_checker_timing_review.csv,cases/PERF/PERF_0034/manifest.yaml#taxonomy.rewrite_opportunity,"retained manifest taxonomy tag; absent axes for this case: plan_operator, workload_realism, portability_risk"
learnedrewrite,learnedrewrite,PERF_0034,PERF,rewrite_opportunity,predicate_pushdown,exact,true,true,true,true,not_source_like,audits/learnedrewrite_pg40_bounded_local_diagnostic_v0/adapter_output_review.csv; audits/learnedrewrite_pg40_bounded_local_diagnostic_v0/db_checker_timing_review.csv,cases/PERF/PERF_0034/manifest.yaml#taxonomy.rewrite_opportunity,"retained manifest taxonomy tag; absent axes for this case: plan_operator, workload_realism, portability_risk"
learnedrewrite,learnedrewrite,PERF_0035,PERF,sql_feature,cte,fail_closed_no_candidate,false,false,false,false,not_evaluated,audits/learnedrewrite_pg40_bounded_local_diagnostic_v0/adapter_output_review.csv; audits/learnedrewrite_pg40_bounded_local_diagnostic_v0/db_checker_timing_review.csv,cases/PERF/PERF_0035/manifest.yaml#taxonomy.sql_feature,"retained manifest taxonomy tag; absent axes for this case: plan_operator, workload_realism"
learnedrewrite,learnedrewrite,PERF_0035,PERF,sql_feature,expression_complexity,fail_closed_no_candidate,false,false,false,false,not_evaluated,audits/learnedrewrite_pg40_bounded_local_diagnostic_v0/adapter_output_review.csv; audits/learnedrewrite_pg40_bounded_local_diagnostic_v0/db_checker_timing_review.csv,cases/PERF/PERF_0035/manifest.yaml#taxonomy.sql_feature,"retained manifest taxonomy tag; absent axes for this case: plan_operator, workload_realism"
learnedrewrite,learnedrewrite,PERF_0035,PERF,sql_feature,window_function,fail_closed_no_candidate,false,false,false,false,not_evaluated,audits/learnedrewrite_pg40_bounded_local_diagnostic_v0/adapter_output_review.csv; audits/learnedrewrite_pg40_bounded_local_diagnostic_v0/db_checker_timing_review.csv,cases/PERF/PERF_0035/manifest.yaml#taxonomy.sql_feature,"retained manifest taxonomy tag; absent axes for this case: plan_operator, workload_realism"
learnedrewrite,learnedrewrite,PERF_0035,PERF,rewrite_opportunity,aggregation_rewrite,fail_closed_no_candidate,false,false,false,false,not_evaluated,audits/learnedrewrite_pg40_bounded_local_diagnostic_v0/adapter_output_review.csv; audits/learnedrewrite_pg40_bounded_local_diagnostic_v0/db_checker_timing_review.csv,cases/PERF/PERF_0035/manifest.yaml#taxonomy.rewrite_opportunity,"retained manifest taxonomy tag; absent axes for this case: plan_operator, workload_realism"
learnedrewrite,learnedrewrite,PERF_0035,PERF,rewrite_opportunity,cte_strategy,fail_closed_no_candidate,false,false,false,false,not_evaluated,audits/learnedrewrite_pg40_bounded_local_diagnostic_v0/adapter_output_review.csv; audits/learnedrewrite_pg40_bounded_local_diagnostic_v0/db_checker_timing_review.csv,cases/PERF/PERF_0035/manifest.yaml#taxonomy.rewrite_opportunity,"retained manifest taxonomy tag; absent axes for this case: plan_operator, workload_realism"
learnedrewrite,learnedrewrite,PERF_0035,PERF,portability_risk,type_semantics_gap,fail_closed_no_candidate,false,false,false,false,not_evaluated,audits/learnedrewrite_pg40_bounded_local_diagnostic_v0/adapter_output_review.csv; audits/learnedrewrite_pg40_bounded_local_diagnostic_v0/db_checker_timing_review.csv,cases/PERF/PERF_0035/manifest.yaml#taxonomy.portability,"retained manifest taxonomy tag; absent axes for this case: plan_operator, workload_realism"
learnedrewrite,learnedrewrite,PERF_0052,PERF,sql_feature,aggregate,exact,true,true,true,true,not_source_like,audits/learnedrewrite_pg40_bounded_local_diagnostic_v0/adapter_output_review.csv; audits/learnedrewrite_pg40_bounded_local_diagnostic_v0/db_checker_timing_review.csv,cases/PERF/PERF_0052/manifest.yaml#taxonomy.sql_feature,"retained manifest taxonomy tag; absent axes for this case: rewrite_opportunity, plan_operator, workload_realism, portability_risk"
learnedrewrite,learnedrewrite,PERF_0052,PERF,sql_feature,correlated_subquery,exact,true,true,true,true,not_source_like,audits/learnedrewrite_pg40_bounded_local_diagnostic_v0/adapter_output_review.csv; audits/learnedrewrite_pg40_bounded_local_diagnostic_v0/db_checker_timing_review.csv,cases/PERF/PERF_0052/manifest.yaml#taxonomy.sql_feature,"retained manifest taxonomy tag; absent axes for this case: rewrite_opportunity, plan_operator, workload_realism, portability_risk"
learnedrewrite,learnedrewrite,PERF_0052,PERF,sql_feature,cte,exact,true,true,true,true,not_source_like,audits/learnedrewrite_pg40_bounded_local_diagnostic_v0/adapter_output_review.csv; audits/learnedrewrite_pg40_bounded_local_diagnostic_v0/db_checker_timing_review.csv,cases/PERF/PERF_0052/manifest.yaml#taxonomy.sql_feature,"retained manifest taxonomy tag; absent axes for this case: rewrite_opportunity, plan_operator, workload_realism, portability_risk"
learnedrewrite,learnedrewrite,PERF_0052,PERF,sql_feature,group_by,exact,true,true,true,true,not_source_like,audits/learnedrewrite_pg40_bounded_local_diagnostic_v0/adapter_output_review.csv; audits/learnedrewrite_pg40_bounded_local_diagnostic_v0/db_checker_timing_review.csv,cases/PERF/PERF_0052/manifest.yaml#taxonomy.sql_feature,"retained manifest taxonomy tag; absent axes for this case: rewrite_opportunity, plan_operator, workload_realism, portability_risk"
learnedrewrite,learnedrewrite,PERF_0052,PERF,sql_feature,limit,exact,true,true,true,true,not_source_like,audits/learnedrewrite_pg40_bounded_local_diagnostic_v0/adapter_output_review.csv; audits/learnedrewrite_pg40_bounded_local_diagnostic_v0/db_checker_timing_review.csv,cases/PERF/PERF_0052/manifest.yaml#taxonomy.sql_feature,"retained manifest taxonomy tag; absent axes for this case: rewrite_opportunity, plan_operator, workload_realism, portability_risk"
learnedrewrite,learnedrewrite,PERF_0052,PERF,sql_feature,order_by,exact,true,true,true,true,not_source_like,audits/learnedrewrite_pg40_bounded_local_diagnostic_v0/adapter_output_review.csv; audits/learnedrewrite_pg40_bounded_local_diagnostic_v0/db_checker_timing_review.csv,cases/PERF/PERF_0052/manifest.yaml#taxonomy.sql_feature,"retained manifest taxonomy tag; absent axes for this case: rewrite_opportunity, plan_operator, workload_realism, portability_risk"
learnedrewrite,learnedrewrite,PERF_0054,PERF,sql_feature,aggregate,mismatch,true,true,false,false,not_source_like,audits/learnedrewrite_pg40_bounded_local_diagnostic_v0/adapter_output_review.csv; audits/learnedrewrite_pg40_bounded_local_diagnostic_v0/db_checker_timing_review.csv,cases/PERF/PERF_0054/manifest.yaml#taxonomy.sql_feature,"retained manifest taxonomy tag; absent axes for this case: rewrite_opportunity, plan_operator, workload_realism, portability_risk"
learnedrewrite,learnedrewrite,PERF_0054,PERF,sql_feature,group_by,mismatch,true,true,false,false,not_source_like,audits/learnedrewrite_pg40_bounded_local_diagnostic_v0/adapter_output_review.csv; audits/learnedrewrite_pg40_bounded_local_diagnostic_v0/db_checker_timing_review.csv,cases/PERF/PERF_0054/manifest.yaml#taxonomy.sql_feature,"retained manifest taxonomy tag; absent axes for this case: rewrite_opportunity, plan_operator, workload_realism, portability_risk"
learnedrewrite,learnedrewrite,PERF_0054,PERF,sql_feature,join,mismatch,true,true,false,false,not_source_like,audits/learnedrewrite_pg40_bounded_local_diagnostic_v0/adapter_output_review.csv; audits/learnedrewrite_pg40_bounded_local_diagnostic_v0/db_checker_timing_review.csv,cases/PERF/PERF_0054/manifest.yaml#taxonomy.sql_feature,"retained manifest taxonomy tag; absent axes for this case: rewrite_opportunity, plan_operator, workload_realism, portability_risk"
learnedrewrite,learnedrewrite,PERF_0054,PERF,sql_feature,limit,mismatch,true,true,false,false,not_source_like,audits/learnedrewrite_pg40_bounded_local_diagnostic_v0/adapter_output_review.csv; audits/learnedrewrite_pg40_bounded_local_diagnostic_v0/db_checker_timing_review.csv,cases/PERF/PERF_0054/manifest.yaml#taxonomy.sql_feature,"retained manifest taxonomy tag; absent axes for this case: rewrite_opportunity, plan_operator, workload_realism, portability_risk"
learnedrewrite,learnedrewrite,PERF_0054,PERF,sql_feature,order_by,mismatch,true,true,false,false,not_source_like,audits/learnedrewrite_pg40_bounded_local_diagnostic_v0/adapter_output_review.csv; audits/learnedrewrite_pg40_bounded_local_diagnostic_v0/db_checker_timing_review.csv,cases/PERF/PERF_0054/manifest.yaml#taxonomy.sql_feature,"retained manifest taxonomy tag; absent axes for this case: rewrite_opportunity, plan_operator, workload_realism, portability_risk"
learnedrewrite,learnedrewrite,PERF_0056,PERF,sql_feature,aggregate,exact,true,true,true,true,not_source_like,audits/learnedrewrite_pg40_bounded_local_diagnostic_v0/adapter_output_review.csv; audits/learnedrewrite_pg40_bounded_local_diagnostic_v0/db_checker_timing_review.csv,cases/PERF/PERF_0056/manifest.yaml#taxonomy.sql_feature,"retained manifest taxonomy tag; absent axes for this case: rewrite_opportunity, plan_operator, workload_realism, portability_risk"
learnedrewrite,learnedrewrite,PERF_0056,PERF,sql_feature,group_by,exact,true,true,true,true,not_source_like,audits/learnedrewrite_pg40_bounded_local_diagnostic_v0/adapter_output_review.csv; audits/learnedrewrite_pg40_bounded_local_diagnostic_v0/db_checker_timing_review.csv,cases/PERF/PERF_0056/manifest.yaml#taxonomy.sql_feature,"retained manifest taxonomy tag; absent axes for this case: rewrite_opportunity, plan_operator, workload_realism, portability_risk"
learnedrewrite,learnedrewrite,PERF_0056,PERF,sql_feature,having,exact,true,true,true,true,not_source_like,audits/learnedrewrite_pg40_bounded_local_diagnostic_v0/adapter_output_review.csv; audits/learnedrewrite_pg40_bounded_local_diagnostic_v0/db_checker_timing_review.csv,cases/PERF/PERF_0056/manifest.yaml#taxonomy.sql_feature,"retained manifest taxonomy tag; absent axes for this case: rewrite_opportunity, plan_operator, workload_realism, portability_risk"
learnedrewrite,learnedrewrite,PERF_0056,PERF,sql_feature,limit,exact,true,true,true,true,not_source_like,audits/learnedrewrite_pg40_bounded_local_diagnostic_v0/adapter_output_review.csv; audits/learnedrewrite_pg40_bounded_local_diagnostic_v0/db_checker_timing_review.csv,cases/PERF/PERF_0056/manifest.yaml#taxonomy.sql_feature,"retained manifest taxonomy tag; absent axes for this case: rewrite_opportunity, plan_operator, workload_realism, portability_risk"
learnedrewrite,learnedrewrite,PERF_0056,PERF,sql_feature,order_by,exact,true,true,true,true,not_source_like,audits/learnedrewrite_pg40_bounded_local_diagnostic_v0/adapter_output_review.csv; audits/learnedrewrite_pg40_bounded_local_diagnostic_v0/db_checker_timing_review.csv,cases/PERF/PERF_0056/manifest.yaml#taxonomy.sql_feature,"retained manifest taxonomy tag; absent axes for this case: rewrite_opportunity, plan_operator, workload_realism, portability_risk"
learnedrewrite,learnedrewrite,PERF_0056,PERF,sql_feature,scalar_subquery,exact,true,true,true,true,not_source_like,audits/learnedrewrite_pg40_bounded_local_diagnostic_v0/adapter_output_review.csv; audits/learnedrewrite_pg40_bounded_local_diagnostic_v0/db_checker_timing_review.csv,cases/PERF/PERF_0056/manifest.yaml#taxonomy.sql_feature,"retained manifest taxonomy tag; absent axes for this case: rewrite_opportunity, plan_operator, workload_realism, portability_risk"
learnedrewrite,learnedrewrite,PERF_0062,PERF,sql_feature,aggregate,exact,true,true,true,true,not_source_like,audits/learnedrewrite_pg40_bounded_local_diagnostic_v0/adapter_output_review.csv; audits/learnedrewrite_pg40_bounded_local_diagnostic_v0/db_checker_timing_review.csv,cases/PERF/PERF_0062/manifest.yaml#taxonomy.sql_feature,"retained manifest taxonomy tag; absent axes for this case: rewrite_opportunity, plan_operator, workload_realism, portability_risk"
learnedrewrite,learnedrewrite,PERF_0062,PERF,sql_feature,disjunction,exact,true,true,true,true,not_source_like,audits/learnedrewrite_pg40_bounded_local_diagnostic_v0/adapter_output_review.csv; audits/learnedrewrite_pg40_bounded_local_diagnostic_v0/db_checker_timing_review.csv,cases/PERF/PERF_0062/manifest.yaml#taxonomy.sql_feature,"retained manifest taxonomy tag; absent axes for this case: rewrite_opportunity, plan_operator, workload_realism, portability_risk"
learnedrewrite,learnedrewrite,PERF_0062,PERF,sql_feature,join,exact,true,true,true,true,not_source_like,audits/learnedrewrite_pg40_bounded_local_diagnostic_v0/adapter_output_review.csv; audits/learnedrewrite_pg40_bounded_local_diagnostic_v0/db_checker_timing_review.csv,cases/PERF/PERF_0062/manifest.yaml#taxonomy.sql_feature,"retained manifest taxonomy tag; absent axes for this case: rewrite_opportunity, plan_operator, workload_realism, portability_risk"
learnedrewrite,learnedrewrite,PERF_0062,PERF,sql_feature,range_predicate,exact,true,true,true,true,not_source_like,audits/learnedrewrite_pg40_bounded_local_diagnostic_v0/adapter_output_review.csv; audits/learnedrewrite_pg40_bounded_local_diagnostic_v0/db_checker_timing_review.csv,cases/PERF/PERF_0062/manifest.yaml#taxonomy.sql_feature,"retained manifest taxonomy tag; absent axes for this case: rewrite_opportunity, plan_operator, workload_realism, portability_risk"
learnedrewrite,learnedrewrite,PERF_0077,PERF,sql_feature,aggregate,exact,true,true,true,true,not_source_like,audits/learnedrewrite_pg40_bounded_local_diagnostic_v0/adapter_output_review.csv; audits/learnedrewrite_pg40_bounded_local_diagnostic_v0/db_checker_timing_review.csv,cases/PERF/PERF_0077/manifest.yaml#taxonomy.sql_feature,"retained manifest taxonomy tag; absent axes for this case: rewrite_opportunity, plan_operator, workload_realism, portability_risk"
learnedrewrite,learnedrewrite,PERF_0077,PERF,sql_feature,filter,exact,true,true,true,true,not_source_like,audits/learnedrewrite_pg40_bounded_local_diagnostic_v0/adapter_output_review.csv; audits/learnedrewrite_pg40_bounded_local_diagnostic_v0/db_checker_timing_review.csv,cases/PERF/PERF_0077/manifest.yaml#taxonomy.sql_feature,"retained manifest taxonomy tag; absent axes for this case: rewrite_opportunity, plan_operator, workload_realism, portability_risk"
learnedrewrite,learnedrewrite,PERF_0077,PERF,sql_feature,join,exact,true,true,true,true,not_source_like,audits/learnedrewrite_pg40_bounded_local_diagnostic_v0/adapter_output_review.csv; audits/learnedrewrite_pg40_bounded_local_diagnostic_v0/db_checker_timing_review.csv,cases/PERF/PERF_0077/manifest.yaml#taxonomy.sql_feature,"retained manifest taxonomy tag; absent axes for this case: rewrite_opportunity, plan_operator, workload_realism, portability_risk"
learnedrewrite,learnedrewrite,PERF_0077,PERF,sql_feature,text_like_predicate,exact,true,true,true,true,not_source_like,audits/learnedrewrite_pg40_bounded_local_diagnostic_v0/adapter_output_review.csv; audits/learnedrewrite_pg40_bounded_local_diagnostic_v0/db_checker_timing_review.csv,cases/PERF/PERF_0077/manifest.yaml#taxonomy.sql_feature,"retained manifest taxonomy tag; absent axes for this case: rewrite_opportunity, plan_operator, workload_realism, portability_risk"
learnedrewrite,learnedrewrite,PERF_0082,PERF,sql_feature,aggregate,exact,true,true,true,true,not_source_like,audits/learnedrewrite_pg40_bounded_local_diagnostic_v0/adapter_output_review.csv; audits/learnedrewrite_pg40_bounded_local_diagnostic_v0/db_checker_timing_review.csv,cases/PERF/PERF_0082/manifest.yaml#taxonomy.sql_feature,"retained manifest taxonomy tag; absent axes for this case: rewrite_opportunity, plan_operator, workload_realism, portability_risk"
learnedrewrite,learnedrewrite,PERF_0082,PERF,sql_feature,filter,exact,true,true,true,true,not_source_like,audits/learnedrewrite_pg40_bounded_local_diagnostic_v0/adapter_output_review.csv; audits/learnedrewrite_pg40_bounded_local_diagnostic_v0/db_checker_timing_review.csv,cases/PERF/PERF_0082/manifest.yaml#taxonomy.sql_feature,"retained manifest taxonomy tag; absent axes for this case: rewrite_opportunity, plan_operator, workload_realism, portability_risk"
learnedrewrite,learnedrewrite,PERF_0082,PERF,sql_feature,join,exact,true,true,true,true,not_source_like,audits/learnedrewrite_pg40_bounded_local_diagnostic_v0/adapter_output_review.csv; audits/learnedrewrite_pg40_bounded_local_diagnostic_v0/db_checker_timing_review.csv,cases/PERF/PERF_0082/manifest.yaml#taxonomy.sql_feature,"retained manifest taxonomy tag; absent axes for this case: rewrite_opportunity, plan_operator, workload_realism, portability_risk"
learnedrewrite,learnedrewrite,PERF_0082,PERF,sql_feature,materialize,exact,true,true,true,true,not_source_like,audits/learnedrewrite_pg40_bounded_local_diagnostic_v0/adapter_output_review.csv; audits/learnedrewrite_pg40_bounded_local_diagnostic_v0/db_checker_timing_review.csv,cases/PERF/PERF_0082/manifest.yaml#taxonomy.sql_feature,"retained manifest taxonomy tag; absent axes for this case: rewrite_opportunity, plan_operator, workload_realism, portability_risk"
learnedrewrite,learnedrewrite,PERF_0082,PERF,sql_feature,text_like_predicate,exact,true,true,true,true,not_source_like,audits/learnedrewrite_pg40_bounded_local_diagnostic_v0/adapter_output_review.csv; audits/learnedrewrite_pg40_bounded_local_diagnostic_v0/db_checker_timing_review.csv,cases/PERF/PERF_0082/manifest.yaml#taxonomy.sql_feature,"retained manifest taxonomy tag; absent axes for this case: rewrite_opportunity, plan_operator, workload_realism, portability_risk"
learnedrewrite,learnedrewrite,CONS_0005,CONS,sql_feature,correlated_subquery,mismatch,true,true,false,false,not_source_like,audits/learnedrewrite_pg40_bounded_local_diagnostic_v0/adapter_output_review.csv; audits/learnedrewrite_pg40_bounded_local_diagnostic_v0/db_checker_timing_review.csv,cases/CONS/CONS_0005/manifest.yaml#taxonomy.sql_feature,"retained manifest taxonomy tag; absent axes for this case: plan_operator, workload_realism"
learnedrewrite,learnedrewrite,CONS_0005,CONS,rewrite_opportunity,subquery_decorrelation,mismatch,true,true,false,false,not_source_like,audits/learnedrewrite_pg40_bounded_local_diagnostic_v0/adapter_output_review.csv; audits/learnedrewrite_pg40_bounded_local_diagnostic_v0/db_checker_timing_review.csv,cases/CONS/CONS_0005/manifest.yaml#taxonomy.rewrite_opportunity,"retained manifest taxonomy tag; absent axes for this case: plan_operator, workload_realism"
learnedrewrite,learnedrewrite,CONS_0005,CONS,portability_risk,null_semantics_gap,mismatch,true,true,false,false,not_source_like,audits/learnedrewrite_pg40_bounded_local_diagnostic_v0/adapter_output_review.csv; audits/learnedrewrite_pg40_bounded_local_diagnostic_v0/db_checker_timing_review.csv,cases/CONS/CONS_0005/manifest.yaml#taxonomy.portability,"retained manifest taxonomy tag; absent axes for this case: plan_operator, workload_realism"
learnedrewrite,learnedrewrite,CONS_0007,CONS,sql_feature,correlated_subquery,mismatch,true,true,false,false,not_source_like,audits/learnedrewrite_pg40_bounded_local_diagnostic_v0/adapter_output_review.csv; audits/learnedrewrite_pg40_bounded_local_diagnostic_v0/db_checker_timing_review.csv,cases/CONS/CONS_0007/manifest.yaml#taxonomy.sql_feature,"retained manifest taxonomy tag; absent axes for this case: rewrite_opportunity, plan_operator, workload_realism, portability_risk"
learnedrewrite,learnedrewrite,CONS_0007,CONS,sql_feature,subquery_in_from,mismatch,true,true,false,false,not_source_like,audits/learnedrewrite_pg40_bounded_local_diagnostic_v0/adapter_output_review.csv; audits/learnedrewrite_pg40_bounded_local_diagnostic_v0/db_checker_timing_review.csv,cases/CONS/CONS_0007/manifest.yaml#taxonomy.sql_feature,"retained manifest taxonomy tag; absent axes for this case: rewrite_opportunity, plan_operator, workload_realism, portability_risk"
learnedrewrite,learnedrewrite,CONS_0009,CONS,sql_feature,correlated_subquery,fail_closed_no_candidate,false,false,false,false,not_evaluated,audits/learnedrewrite_pg40_bounded_local_diagnostic_v0/adapter_output_review.csv; audits/learnedrewrite_pg40_bounded_local_diagnostic_v0/db_checker_timing_review.csv,cases/CONS/CONS_0009/manifest.yaml#taxonomy.sql_feature,"retained manifest taxonomy tag; absent axes for this case: rewrite_opportunity, plan_operator, workload_realism, portability_risk"
learnedrewrite,learnedrewrite,CONS_0009,CONS,sql_feature,set_operation,fail_closed_no_candidate,false,false,false,false,not_evaluated,audits/learnedrewrite_pg40_bounded_local_diagnostic_v0/adapter_output_review.csv; audits/learnedrewrite_pg40_bounded_local_diagnostic_v0/db_checker_timing_review.csv,cases/CONS/CONS_0009/manifest.yaml#taxonomy.sql_feature,"retained manifest taxonomy tag; absent axes for this case: rewrite_opportunity, plan_operator, workload_realism, portability_risk"
learnedrewrite,learnedrewrite,CONS_0010,CONS,sql_feature,correlated_subquery,mismatch,true,true,false,false,not_source_like,audits/learnedrewrite_pg40_bounded_local_diagnostic_v0/adapter_output_review.csv; audits/learnedrewrite_pg40_bounded_local_diagnostic_v0/db_checker_timing_review.csv,cases/CONS/CONS_0010/manifest.yaml#taxonomy.sql_feature,"retained manifest taxonomy tag; absent axes for this case: rewrite_opportunity, plan_operator, workload_realism, portability_risk"
learnedrewrite,learnedrewrite,CONS_0011,CONS,sql_feature,correlated_subquery,mismatch,true,true,false,false,not_source_like,audits/learnedrewrite_pg40_bounded_local_diagnostic_v0/adapter_output_review.csv; audits/learnedrewrite_pg40_bounded_local_diagnostic_v0/db_checker_timing_review.csv,cases/CONS/CONS_0011/manifest.yaml#taxonomy.sql_feature,"retained manifest taxonomy tag; absent axes for this case: rewrite_opportunity, plan_operator, workload_realism, portability_risk"
learnedrewrite,learnedrewrite,CONS_0011,CONS,sql_feature,outer_join,mismatch,true,true,false,false,not_source_like,audits/learnedrewrite_pg40_bounded_local_diagnostic_v0/adapter_output_review.csv; audits/learnedrewrite_pg40_bounded_local_diagnostic_v0/db_checker_timing_review.csv,cases/CONS/CONS_0011/manifest.yaml#taxonomy.sql_feature,"retained manifest taxonomy tag; absent axes for this case: rewrite_opportunity, plan_operator, workload_realism, portability_risk"
learnedrewrite,learnedrewrite,CONS_0012,CONS,sql_feature,correlated_subquery,fail_closed_no_candidate,false,false,false,false,not_evaluated,audits/learnedrewrite_pg40_bounded_local_diagnostic_v0/adapter_output_review.csv; audits/learnedrewrite_pg40_bounded_local_diagnostic_v0/db_checker_timing_review.csv,cases/CONS/CONS_0012/manifest.yaml#taxonomy.sql_feature,"retained manifest taxonomy tag; absent axes for this case: plan_operator, workload_realism"
learnedrewrite,learnedrewrite,CONS_0012,CONS,rewrite_opportunity,order_limit_simplification,fail_closed_no_candidate,false,false,false,false,not_evaluated,audits/learnedrewrite_pg40_bounded_local_diagnostic_v0/adapter_output_review.csv; audits/learnedrewrite_pg40_bounded_local_diagnostic_v0/db_checker_timing_review.csv,cases/CONS/CONS_0012/manifest.yaml#taxonomy.rewrite_opportunity,"retained manifest taxonomy tag; absent axes for this case: plan_operator, workload_realism"
learnedrewrite,learnedrewrite,CONS_0012,CONS,rewrite_opportunity,subquery_decorrelation,fail_closed_no_candidate,false,false,false,false,not_evaluated,audits/learnedrewrite_pg40_bounded_local_diagnostic_v0/adapter_output_review.csv; audits/learnedrewrite_pg40_bounded_local_diagnostic_v0/db_checker_timing_review.csv,cases/CONS/CONS_0012/manifest.yaml#taxonomy.rewrite_opportunity,"retained manifest taxonomy tag; absent axes for this case: plan_operator, workload_realism"
learnedrewrite,learnedrewrite,CONS_0012,CONS,portability_risk,limit_fetch_gap,fail_closed_no_candidate,false,false,false,false,not_evaluated,audits/learnedrewrite_pg40_bounded_local_diagnostic_v0/adapter_output_review.csv; audits/learnedrewrite_pg40_bounded_local_diagnostic_v0/db_checker_timing_review.csv,cases/CONS/CONS_0012/manifest.yaml#taxonomy.portability,"retained manifest taxonomy tag; absent axes for this case: plan_operator, workload_realism"
learnedrewrite,learnedrewrite,CONS_0024,CONS,sql_feature,correlated_subquery,fail_closed_no_candidate,false,false,false,false,not_evaluated,audits/learnedrewrite_pg40_bounded_local_diagnostic_v0/adapter_output_review.csv; audits/learnedrewrite_pg40_bounded_local_diagnostic_v0/db_checker_timing_review.csv,cases/CONS/CONS_0024/manifest.yaml#taxonomy.sql_feature,"retained manifest taxonomy tag; absent axes for this case: plan_operator, workload_realism, portability_risk"
learnedrewrite,learnedrewrite,CONS_0024,CONS,sql_feature,outer_join,fail_closed_no_candidate,false,false,false,false,not_evaluated,audits/learnedrewrite_pg40_bounded_local_diagnostic_v0/adapter_output_review.csv; audits/learnedrewrite_pg40_bounded_local_diagnostic_v0/db_checker_timing_review.csv,cases/CONS/CONS_0024/manifest.yaml#taxonomy.sql_feature,"retained manifest taxonomy tag; absent axes for this case: plan_operator, workload_realism, portability_risk"
learnedrewrite,learnedrewrite,CONS_0024,CONS,rewrite_opportunity,subquery_decorrelation,fail_closed_no_candidate,false,false,false,false,not_evaluated,audits/learnedrewrite_pg40_bounded_local_diagnostic_v0/adapter_output_review.csv; audits/learnedrewrite_pg40_bounded_local_diagnostic_v0/db_checker_timing_review.csv,cases/CONS/CONS_0024/manifest.yaml#taxonomy.rewrite_opportunity,"retained manifest taxonomy tag; absent axes for this case: plan_operator, workload_realism, portability_risk"
learnedrewrite,learnedrewrite,CONS_0036,CONS,rewrite_opportunity,aggregation_rewrite,source_like_exact,true,true,true,true,source_like,audits/learnedrewrite_pg40_bounded_local_diagnostic_v0/adapter_output_review.csv; audits/learnedrewrite_pg40_bounded_local_diagnostic_v0/db_checker_timing_review.csv,cases/CONS/CONS_0036/manifest.yaml#taxonomy.rewrite_opportunity,"retained manifest taxonomy tag; absent axes for this case: sql_feature, plan_operator, workload_realism, portability_risk"
learnedrewrite,learnedrewrite,CONS_0036,CONS,rewrite_opportunity,predicate_pushdown,source_like_exact,true,true,true,true,source_like,audits/learnedrewrite_pg40_bounded_local_diagnostic_v0/adapter_output_review.csv; audits/learnedrewrite_pg40_bounded_local_diagnostic_v0/db_checker_timing_review.csv,cases/CONS/CONS_0036/manifest.yaml#taxonomy.rewrite_opportunity,"retained manifest taxonomy tag; absent axes for this case: sql_feature, plan_operator, workload_realism, portability_risk"
learnedrewrite,learnedrewrite,CONS_0037,CONS,sql_feature,outer_join,source_like_exact,true,true,true,true,source_like,audits/learnedrewrite_pg40_bounded_local_diagnostic_v0/adapter_output_review.csv; audits/learnedrewrite_pg40_bounded_local_diagnostic_v0/db_checker_timing_review.csv,cases/CONS/CONS_0037/manifest.yaml#taxonomy.sql_feature,"retained manifest taxonomy tag; absent axes for this case: plan_operator, workload_realism, portability_risk"
learnedrewrite,learnedrewrite,CONS_0037,CONS,rewrite_opportunity,aggregation_rewrite,source_like_exact,true,true,true,true,source_like,audits/learnedrewrite_pg40_bounded_local_diagnostic_v0/adapter_output_review.csv; audits/learnedrewrite_pg40_bounded_local_diagnostic_v0/db_checker_timing_review.csv,cases/CONS/CONS_0037/manifest.yaml#taxonomy.rewrite_opportunity,"retained manifest taxonomy tag; absent axes for this case: plan_operator, workload_realism, portability_risk"
learnedrewrite,learnedrewrite,PORT_0003,PORT,rewrite_opportunity,dialect_adaptation,exact,true,true,true,true,not_source_like,audits/learnedrewrite_pg40_bounded_local_diagnostic_v0/adapter_output_review.csv; audits/learnedrewrite_pg40_bounded_local_diagnostic_v0/db_checker_timing_review.csv,cases/PORT/PORT_0003/manifest.yaml#taxonomy.rewrite_opportunity,"retained manifest taxonomy tag; absent axes for this case: sql_feature, plan_operator, workload_realism"
learnedrewrite,learnedrewrite,PORT_0003,PORT,rewrite_opportunity,order_limit_simplification,exact,true,true,true,true,not_source_like,audits/learnedrewrite_pg40_bounded_local_diagnostic_v0/adapter_output_review.csv; audits/learnedrewrite_pg40_bounded_local_diagnostic_v0/db_checker_timing_review.csv,cases/PORT/PORT_0003/manifest.yaml#taxonomy.rewrite_opportunity,"retained manifest taxonomy tag; absent axes for this case: sql_feature, plan_operator, workload_realism"
learnedrewrite,learnedrewrite,PORT_0003,PORT,portability_risk,identifier_quoting,exact,true,true,true,true,not_source_like,audits/learnedrewrite_pg40_bounded_local_diagnostic_v0/adapter_output_review.csv; audits/learnedrewrite_pg40_bounded_local_diagnostic_v0/db_checker_timing_review.csv,cases/PORT/PORT_0003/manifest.yaml#taxonomy.portability,"retained manifest taxonomy tag; absent axes for this case: sql_feature, plan_operator, workload_realism"
learnedrewrite,learnedrewrite,PORT_0003,PORT,portability_risk,limit_fetch_gap,exact,true,true,true,true,not_source_like,audits/learnedrewrite_pg40_bounded_local_diagnostic_v0/adapter_output_review.csv; audits/learnedrewrite_pg40_bounded_local_diagnostic_v0/db_checker_timing_review.csv,cases/PORT/PORT_0003/manifest.yaml#taxonomy.portability,"retained manifest taxonomy tag; absent axes for this case: sql_feature, plan_operator, workload_realism"
learnedrewrite,learnedrewrite,PORT_0003,PORT,portability_risk,null_semantics_gap,exact,true,true,true,true,not_source_like,audits/learnedrewrite_pg40_bounded_local_diagnostic_v0/adapter_output_review.csv; audits/learnedrewrite_pg40_bounded_local_diagnostic_v0/db_checker_timing_review.csv,cases/PORT/PORT_0003/manifest.yaml#taxonomy.portability,"retained manifest taxonomy tag; absent axes for this case: sql_feature, plan_operator, workload_realism"
learnedrewrite,learnedrewrite,PORT_0004,PORT,rewrite_opportunity,dialect_adaptation,fail_closed_no_candidate,false,false,false,false,not_evaluated,audits/learnedrewrite_pg40_bounded_local_diagnostic_v0/adapter_output_review.csv; audits/learnedrewrite_pg40_bounded_local_diagnostic_v0/db_checker_timing_review.csv,cases/PORT/PORT_0004/manifest.yaml#taxonomy.rewrite_opportunity,"retained manifest taxonomy tag; absent axes for this case: sql_feature, plan_operator, workload_realism"
learnedrewrite,learnedrewrite,PORT_0004,PORT,portability_risk,date_filter_semantics,fail_closed_no_candidate,false,false,false,false,not_evaluated,audits/learnedrewrite_pg40_bounded_local_diagnostic_v0/adapter_output_review.csv; audits/learnedrewrite_pg40_bounded_local_diagnostic_v0/db_checker_timing_review.csv,cases/PORT/PORT_0004/manifest.yaml#taxonomy.portability_focus,"retained manifest taxonomy tag; absent axes for this case: sql_feature, plan_operator, workload_realism"
learnedrewrite,learnedrewrite,PORT_0004,PORT,portability_risk,datetime_semantics_gap,fail_closed_no_candidate,false,false,false,false,not_evaluated,audits/learnedrewrite_pg40_bounded_local_diagnostic_v0/adapter_output_review.csv; audits/learnedrewrite_pg40_bounded_local_diagnostic_v0/db_checker_timing_review.csv,cases/PORT/PORT_0004/manifest.yaml#taxonomy.portability,"retained manifest taxonomy tag; absent axes for this case: sql_feature, plan_operator, workload_realism"
learnedrewrite,learnedrewrite,PORT_0004,PORT,portability_risk,identifier_quoting,fail_closed_no_candidate,false,false,false,false,not_evaluated,audits/learnedrewrite_pg40_bounded_local_diagnostic_v0/adapter_output_review.csv; audits/learnedrewrite_pg40_bounded_local_diagnostic_v0/db_checker_timing_review.csv,cases/PORT/PORT_0004/manifest.yaml#taxonomy.portability,"retained manifest taxonomy tag; absent axes for this case: sql_feature, plan_operator, workload_realism"
learnedrewrite,learnedrewrite,PORT_0004,PORT,portability_risk,literal_predicate_boundary,fail_closed_no_candidate,false,false,false,false,not_evaluated,audits/learnedrewrite_pg40_bounded_local_diagnostic_v0/adapter_output_review.csv; audits/learnedrewrite_pg40_bounded_local_diagnostic_v0/db_checker_timing_review.csv,cases/PORT/PORT_0004/manifest.yaml#taxonomy.portability_focus,"retained manifest taxonomy tag; absent axes for this case: sql_feature, plan_operator, workload_realism"
learnedrewrite,learnedrewrite,PORT_0004,PORT,portability_risk,result_set_semantics,fail_closed_no_candidate,false,false,false,false,not_evaluated,audits/learnedrewrite_pg40_bounded_local_diagnostic_v0/adapter_output_review.csv; audits/learnedrewrite_pg40_bounded_local_diagnostic_v0/db_checker_timing_review.csv,cases/PORT/PORT_0004/manifest.yaml#taxonomy.portability_focus,"retained manifest taxonomy tag; absent axes for this case: sql_feature, plan_operator, workload_realism"
learnedrewrite,learnedrewrite,PORT_0004,PORT,portability_risk,type_semantics_gap,fail_closed_no_candidate,false,false,false,false,not_evaluated,audits/learnedrewrite_pg40_bounded_local_diagnostic_v0/adapter_output_review.csv; audits/learnedrewrite_pg40_bounded_local_diagnostic_v0/db_checker_timing_review.csv,cases/PORT/PORT_0004/manifest.yaml#taxonomy.portability,"retained manifest taxonomy tag; absent axes for this case: sql_feature, plan_operator, workload_realism"
learnedrewrite,learnedrewrite,PORT_0005,PORT,rewrite_opportunity,dialect_adaptation,exact,true,true,true,true,not_source_like,audits/learnedrewrite_pg40_bounded_local_diagnostic_v0/adapter_output_review.csv; audits/learnedrewrite_pg40_bounded_local_diagnostic_v0/db_checker_timing_review.csv,cases/PORT/PORT_0005/manifest.yaml#taxonomy.rewrite_opportunity,"retained manifest taxonomy tag; absent axes for this case: sql_feature, plan_operator, workload_realism"
learnedrewrite,learnedrewrite,PORT_0005,PORT,rewrite_opportunity,order_limit_simplification,exact,true,true,true,true,not_source_like,audits/learnedrewrite_pg40_bounded_local_diagnostic_v0/adapter_output_review.csv; audits/learnedrewrite_pg40_bounded_local_diagnostic_v0/db_checker_timing_review.csv,cases/PORT/PORT_0005/manifest.yaml#taxonomy.rewrite_opportunity,"retained manifest taxonomy tag; absent axes for this case: sql_feature, plan_operator, workload_realism"
learnedrewrite,learnedrewrite,PORT_0005,PORT,portability_risk,identifier_quoting,exact,true,true,true,true,not_source_like,audits/learnedrewrite_pg40_bounded_local_diagnostic_v0/adapter_output_review.csv; audits/learnedrewrite_pg40_bounded_local_diagnostic_v0/db_checker_timing_review.csv,cases/PORT/PORT_0005/manifest.yaml#taxonomy.portability,"retained manifest taxonomy tag; absent axes for this case: sql_feature, plan_operator, workload_realism"
learnedrewrite,learnedrewrite,PORT_0005,PORT,portability_risk,limit_fetch_gap,exact,true,true,true,true,not_source_like,audits/learnedrewrite_pg40_bounded_local_diagnostic_v0/adapter_output_review.csv; audits/learnedrewrite_pg40_bounded_local_diagnostic_v0/db_checker_timing_review.csv,cases/PORT/PORT_0005/manifest.yaml#taxonomy.portability,"retained manifest taxonomy tag; absent axes for this case: sql_feature, plan_operator, workload_realism"
learnedrewrite,learnedrewrite,PORT_0005,PORT,portability_risk,null_semantics_gap,exact,true,true,true,true,not_source_like,audits/learnedrewrite_pg40_bounded_local_diagnostic_v0/adapter_output_review.csv; audits/learnedrewrite_pg40_bounded_local_diagnostic_v0/db_checker_timing_review.csv,cases/PORT/PORT_0005/manifest.yaml#taxonomy.portability,"retained manifest taxonomy tag; absent axes for this case: sql_feature, plan_operator, workload_realism"
learnedrewrite,learnedrewrite,PORT_0005,PORT,portability_risk,order_direction_gap,exact,true,true,true,true,not_source_like,audits/learnedrewrite_pg40_bounded_local_diagnostic_v0/adapter_output_review.csv; audits/learnedrewrite_pg40_bounded_local_diagnostic_v0/db_checker_timing_review.csv,cases/PORT/PORT_0005/manifest.yaml#taxonomy.portability,"retained manifest taxonomy tag; absent axes for this case: sql_feature, plan_operator, workload_realism"
learnedrewrite,learnedrewrite,PORT_0008,PORT,sql_feature,date_time_function,fail_closed_no_candidate,false,false,false,false,not_evaluated,audits/learnedrewrite_pg40_bounded_local_diagnostic_v0/adapter_output_review.csv; audits/learnedrewrite_pg40_bounded_local_diagnostic_v0/db_checker_timing_review.csv,cases/PORT/PORT_0008/manifest.yaml#taxonomy.sql_feature,"retained manifest taxonomy tag; absent axes for this case: plan_operator, workload_realism"
learnedrewrite,learnedrewrite,PORT_0008,PORT,sql_feature,expression_complexity,fail_closed_no_candidate,false,false,false,false,not_evaluated,audits/learnedrewrite_pg40_bounded_local_diagnostic_v0/adapter_output_review.csv; audits/learnedrewrite_pg40_bounded_local_diagnostic_v0/db_checker_timing_review.csv,cases/PORT/PORT_0008/manifest.yaml#taxonomy.sql_feature,"retained manifest taxonomy tag; absent axes for this case: plan_operator, workload_realism"
learnedrewrite,learnedrewrite,PORT_0008,PORT,rewrite_opportunity,dialect_adaptation,fail_closed_no_candidate,false,false,false,false,not_evaluated,audits/learnedrewrite_pg40_bounded_local_diagnostic_v0/adapter_output_review.csv; audits/learnedrewrite_pg40_bounded_local_diagnostic_v0/db_checker_timing_review.csv,cases/PORT/PORT_0008/manifest.yaml#taxonomy.rewrite_opportunity,"retained manifest taxonomy tag; absent axes for this case: plan_operator, workload_realism"
learnedrewrite,learnedrewrite,PORT_0008,PORT,rewrite_opportunity,function_normalization,fail_closed_no_candidate,false,false,false,false,not_evaluated,audits/learnedrewrite_pg40_bounded_local_diagnostic_v0/adapter_output_review.csv; audits/learnedrewrite_pg40_bounded_local_diagnostic_v0/db_checker_timing_review.csv,cases/PORT/PORT_0008/manifest.yaml#taxonomy.rewrite_opportunity,"retained manifest taxonomy tag; absent axes for this case: plan_operator, workload_realism"
learnedrewrite,learnedrewrite,PORT_0008,PORT,portability_risk,date_time_semantics,fail_closed_no_candidate,false,false,false,false,not_evaluated,audits/learnedrewrite_pg40_bounded_local_diagnostic_v0/adapter_output_review.csv; audits/learnedrewrite_pg40_bounded_local_diagnostic_v0/db_checker_timing_review.csv,cases/PORT/PORT_0008/manifest.yaml#taxonomy.portability,"retained manifest taxonomy tag; absent axes for this case: plan_operator, workload_realism"
learnedrewrite,learnedrewrite,PORT_0008,PORT,portability_risk,identifier_case_or_quoting,fail_closed_no_candidate,false,false,false,false,not_evaluated,audits/learnedrewrite_pg40_bounded_local_diagnostic_v0/adapter_output_review.csv; audits/learnedrewrite_pg40_bounded_local_diagnostic_v0/db_checker_timing_review.csv,cases/PORT/PORT_0008/manifest.yaml#taxonomy.portability,"retained manifest taxonomy tag; absent axes for this case: plan_operator, workload_realism"
learnedrewrite,learnedrewrite,PORT_0008,PORT,portability_risk,type_coercion,fail_closed_no_candidate,false,false,false,false,not_evaluated,audits/learnedrewrite_pg40_bounded_local_diagnostic_v0/adapter_output_review.csv; audits/learnedrewrite_pg40_bounded_local_diagnostic_v0/db_checker_timing_review.csv,cases/PORT/PORT_0008/manifest.yaml#taxonomy.portability,"retained manifest taxonomy tag; absent axes for this case: plan_operator, workload_realism"
learnedrewrite,learnedrewrite,PORT_0012,PORT,sql_feature,date_time_function,fail_closed_no_candidate,false,false,false,false,not_evaluated,audits/learnedrewrite_pg40_bounded_local_diagnostic_v0/adapter_output_review.csv; audits/learnedrewrite_pg40_bounded_local_diagnostic_v0/db_checker_timing_review.csv,cases/PORT/PORT_0012/manifest.yaml#taxonomy.sql_feature,"retained manifest taxonomy tag; absent axes for this case: plan_operator, workload_realism"
learnedrewrite,learnedrewrite,PORT_0012,PORT,sql_feature,expression_complexity,fail_closed_no_candidate,false,false,false,false,not_evaluated,audits/learnedrewrite_pg40_bounded_local_diagnostic_v0/adapter_output_review.csv; audits/learnedrewrite_pg40_bounded_local_diagnostic_v0/db_checker_timing_review.csv,cases/PORT/PORT_0012/manifest.yaml#taxonomy.sql_feature,"retained manifest taxonomy tag; absent axes for this case: plan_operator, workload_realism"
learnedrewrite,learnedrewrite,PORT_0012,PORT,rewrite_opportunity,dialect_adaptation,fail_closed_no_candidate,false,false,false,false,not_evaluated,audits/learnedrewrite_pg40_bounded_local_diagnostic_v0/adapter_output_review.csv; audits/learnedrewrite_pg40_bounded_local_diagnostic_v0/db_checker_timing_review.csv,cases/PORT/PORT_0012/manifest.yaml#taxonomy.rewrite_opportunity,"retained manifest taxonomy tag; absent axes for this case: plan_operator, workload_realism"
learnedrewrite,learnedrewrite,PORT_0012,PORT,rewrite_opportunity,expression_simplification,fail_closed_no_candidate,false,false,false,false,not_evaluated,audits/learnedrewrite_pg40_bounded_local_diagnostic_v0/adapter_output_review.csv; audits/learnedrewrite_pg40_bounded_local_diagnostic_v0/db_checker_timing_review.csv,cases/PORT/PORT_0012/manifest.yaml#taxonomy.rewrite_opportunity,"retained manifest taxonomy tag; absent axes for this case: plan_operator, workload_realism"
learnedrewrite,learnedrewrite,PORT_0012,PORT,rewrite_opportunity,function_normalization,fail_closed_no_candidate,false,false,false,false,not_evaluated,audits/learnedrewrite_pg40_bounded_local_diagnostic_v0/adapter_output_review.csv; audits/learnedrewrite_pg40_bounded_local_diagnostic_v0/db_checker_timing_review.csv,cases/PORT/PORT_0012/manifest.yaml#taxonomy.rewrite_opportunity,"retained manifest taxonomy tag; absent axes for this case: plan_operator, workload_realism"
learnedrewrite,learnedrewrite,PORT_0012,PORT,portability_risk,datetime_semantics_gap,fail_closed_no_candidate,false,false,false,false,not_evaluated,audits/learnedrewrite_pg40_bounded_local_diagnostic_v0/adapter_output_review.csv; audits/learnedrewrite_pg40_bounded_local_diagnostic_v0/db_checker_timing_review.csv,cases/PORT/PORT_0012/manifest.yaml#taxonomy.portability,"retained manifest taxonomy tag; absent axes for this case: plan_operator, workload_realism"
learnedrewrite,learnedrewrite,PORT_0012,PORT,portability_risk,identifier_quoting,fail_closed_no_candidate,false,false,false,false,not_evaluated,audits/learnedrewrite_pg40_bounded_local_diagnostic_v0/adapter_output_review.csv; audits/learnedrewrite_pg40_bounded_local_diagnostic_v0/db_checker_timing_review.csv,cases/PORT/PORT_0012/manifest.yaml#taxonomy.portability,"retained manifest taxonomy tag; absent axes for this case: plan_operator, workload_realism"
learnedrewrite,learnedrewrite,PORT_0012,PORT,portability_risk,type_semantics_gap,fail_closed_no_candidate,false,false,false,false,not_evaluated,audits/learnedrewrite_pg40_bounded_local_diagnostic_v0/adapter_output_review.csv; audits/learnedrewrite_pg40_bounded_local_diagnostic_v0/db_checker_timing_review.csv,cases/PORT/PORT_0012/manifest.yaml#taxonomy.portability,"retained manifest taxonomy tag; absent axes for this case: plan_operator, workload_realism"
learnedrewrite,learnedrewrite,PORT_0013,PORT,sql_feature,expression_complexity,fail_closed_no_candidate,false,false,false,false,not_evaluated,audits/learnedrewrite_pg40_bounded_local_diagnostic_v0/adapter_output_review.csv; audits/learnedrewrite_pg40_bounded_local_diagnostic_v0/db_checker_timing_review.csv,cases/PORT/PORT_0013/manifest.yaml#taxonomy.sql_feature,"retained manifest taxonomy tag; absent axes for this case: plan_operator, workload_realism"
learnedrewrite,learnedrewrite,PORT_0013,PORT,rewrite_opportunity,dialect_adaptation,fail_closed_no_candidate,false,false,false,false,not_evaluated,audits/learnedrewrite_pg40_bounded_local_diagnostic_v0/adapter_output_review.csv; audits/learnedrewrite_pg40_bounded_local_diagnostic_v0/db_checker_timing_review.csv,cases/PORT/PORT_0013/manifest.yaml#taxonomy.rewrite_opportunity,"retained manifest taxonomy tag; absent axes for this case: plan_operator, workload_realism"
learnedrewrite,learnedrewrite,PORT_0013,PORT,rewrite_opportunity,expression_simplification,fail_closed_no_candidate,false,false,false,false,not_evaluated,audits/learnedrewrite_pg40_bounded_local_diagnostic_v0/adapter_output_review.csv; audits/learnedrewrite_pg40_bounded_local_diagnostic_v0/db_checker_timing_review.csv,cases/PORT/PORT_0013/manifest.yaml#taxonomy.rewrite_opportunity,"retained manifest taxonomy tag; absent axes for this case: plan_operator, workload_realism"
learnedrewrite,learnedrewrite,PORT_0013,PORT,portability_risk,boolean_semantics_gap,fail_closed_no_candidate,false,false,false,false,not_evaluated,audits/learnedrewrite_pg40_bounded_local_diagnostic_v0/adapter_output_review.csv; audits/learnedrewrite_pg40_bounded_local_diagnostic_v0/db_checker_timing_review.csv,cases/PORT/PORT_0013/manifest.yaml#taxonomy.portability,"retained manifest taxonomy tag; absent axes for this case: plan_operator, workload_realism"
learnedrewrite,learnedrewrite,PORT_0013,PORT,portability_risk,complex_expression_density,fail_closed_no_candidate,false,false,false,false,not_evaluated,audits/learnedrewrite_pg40_bounded_local_diagnostic_v0/adapter_output_review.csv; audits/learnedrewrite_pg40_bounded_local_diagnostic_v0/db_checker_timing_review.csv,cases/PORT/PORT_0013/manifest.yaml#taxonomy.portability_focus,"retained manifest taxonomy tag; absent axes for this case: plan_operator, workload_realism"
learnedrewrite,learnedrewrite,PORT_0013,PORT,portability_risk,identifier_quoting,fail_closed_no_candidate,false,false,false,false,not_evaluated,audits/learnedrewrite_pg40_bounded_local_diagnostic_v0/adapter_output_review.csv; audits/learnedrewrite_pg40_bounded_local_diagnostic_v0/db_checker_timing_review.csv,cases/PORT/PORT_0013/manifest.yaml#taxonomy.portability,"retained manifest taxonomy tag; absent axes for this case: plan_operator, workload_realism"
learnedrewrite,learnedrewrite,PORT_0013,PORT,portability_risk,type_semantics_gap,fail_closed_no_candidate,false,false,false,false,not_evaluated,audits/learnedrewrite_pg40_bounded_local_diagnostic_v0/adapter_output_review.csv; audits/learnedrewrite_pg40_bounded_local_diagnostic_v0/db_checker_timing_review.csv,cases/PORT/PORT_0013/manifest.yaml#taxonomy.portability,"retained manifest taxonomy tag; absent axes for this case: plan_operator, workload_realism"
learnedrewrite,learnedrewrite,PORT_0022,PORT,rewrite_opportunity,dialect_adaptation,fail_closed_no_candidate,false,false,false,false,not_evaluated,audits/learnedrewrite_pg40_bounded_local_diagnostic_v0/adapter_output_review.csv; audits/learnedrewrite_pg40_bounded_local_diagnostic_v0/db_checker_timing_review.csv,cases/PORT/PORT_0022/manifest.yaml#taxonomy.rewrite_opportunity,"retained manifest taxonomy tag; absent axes for this case: sql_feature, plan_operator, workload_realism"
learnedrewrite,learnedrewrite,PORT_0022,PORT,portability_risk,date_filter_semantics,fail_closed_no_candidate,false,false,false,false,not_evaluated,audits/learnedrewrite_pg40_bounded_local_diagnostic_v0/adapter_output_review.csv; audits/learnedrewrite_pg40_bounded_local_diagnostic_v0/db_checker_timing_review.csv,cases/PORT/PORT_0022/manifest.yaml#taxonomy.portability,"retained manifest taxonomy tag; absent axes for this case: sql_feature, plan_operator, workload_realism"
learnedrewrite,learnedrewrite,PORT_0022,PORT,portability_risk,date_time_semantics,fail_closed_no_candidate,false,false,false,false,not_evaluated,audits/learnedrewrite_pg40_bounded_local_diagnostic_v0/adapter_output_review.csv; audits/learnedrewrite_pg40_bounded_local_diagnostic_v0/db_checker_timing_review.csv,cases/PORT/PORT_0022/manifest.yaml#taxonomy.portability,"retained manifest taxonomy tag; absent axes for this case: sql_feature, plan_operator, workload_realism"
learnedrewrite,learnedrewrite,PORT_0022,PORT,portability_risk,join_aggregate_input_boundary,fail_closed_no_candidate,false,false,false,false,not_evaluated,audits/learnedrewrite_pg40_bounded_local_diagnostic_v0/adapter_output_review.csv; audits/learnedrewrite_pg40_bounded_local_diagnostic_v0/db_checker_timing_review.csv,cases/PORT/PORT_0022/manifest.yaml#taxonomy.portability,"retained manifest taxonomy tag; absent axes for this case: sql_feature, plan_operator, workload_realism"
learnedrewrite,learnedrewrite,PORT_0022,PORT,portability_risk,literal_predicate_boundary,fail_closed_no_candidate,false,false,false,false,not_evaluated,audits/learnedrewrite_pg40_bounded_local_diagnostic_v0/adapter_output_review.csv; audits/learnedrewrite_pg40_bounded_local_diagnostic_v0/db_checker_timing_review.csv,cases/PORT/PORT_0022/manifest.yaml#taxonomy.portability,"retained manifest taxonomy tag; absent axes for this case: sql_feature, plan_operator, workload_realism"
learnedrewrite,learnedrewrite,PORT_0022,PORT,portability_risk,type_coercion,fail_closed_no_candidate,false,false,false,false,not_evaluated,audits/learnedrewrite_pg40_bounded_local_diagnostic_v0/adapter_output_review.csv; audits/learnedrewrite_pg40_bounded_local_diagnostic_v0/db_checker_timing_review.csv,cases/PORT/PORT_0022/manifest.yaml#taxonomy.portability,"retained manifest taxonomy tag; absent axes for this case: sql_feature, plan_operator, workload_realism"
learnedrewrite,learnedrewrite,PORT_0024,PORT,rewrite_opportunity,dialect_adaptation,fail_closed_no_candidate,false,false,false,false,not_evaluated,audits/learnedrewrite_pg40_bounded_local_diagnostic_v0/adapter_output_review.csv; audits/learnedrewrite_pg40_bounded_local_diagnostic_v0/db_checker_timing_review.csv,cases/PORT/PORT_0024/manifest.yaml#taxonomy.rewrite_opportunity,"retained manifest taxonomy tag; absent axes for this case: sql_feature, plan_operator, workload_realism"
learnedrewrite,learnedrewrite,PORT_0024,PORT,portability_risk,aggregate_expression_semantics,fail_closed_no_candidate,false,false,false,false,not_evaluated,audits/learnedrewrite_pg40_bounded_local_diagnostic_v0/adapter_output_review.csv; audits/learnedrewrite_pg40_bounded_local_diagnostic_v0/db_checker_timing_review.csv,cases/PORT/PORT_0024/manifest.yaml#taxonomy.portability,"retained manifest taxonomy tag; absent axes for this case: sql_feature, plan_operator, workload_realism"
learnedrewrite,learnedrewrite,PORT_0024,PORT,portability_risk,boolean_semantics,fail_closed_no_candidate,false,false,false,false,not_evaluated,audits/learnedrewrite_pg40_bounded_local_diagnostic_v0/adapter_output_review.csv; audits/learnedrewrite_pg40_bounded_local_diagnostic_v0/db_checker_timing_review.csv,cases/PORT/PORT_0024/manifest.yaml#taxonomy.portability,"retained manifest taxonomy tag; absent axes for this case: sql_feature, plan_operator, workload_realism"
learnedrewrite,learnedrewrite,PORT_0024,PORT,portability_risk,literal_predicate_boundary,fail_closed_no_candidate,false,false,false,false,not_evaluated,audits/learnedrewrite_pg40_bounded_local_diagnostic_v0/adapter_output_review.csv; audits/learnedrewrite_pg40_bounded_local_diagnostic_v0/db_checker_timing_review.csv,cases/PORT/PORT_0024/manifest.yaml#taxonomy.portability,"retained manifest taxonomy tag; absent axes for this case: sql_feature, plan_operator, workload_realism"
learnedrewrite,learnedrewrite,PORT_0024,PORT,portability_risk,type_coercion,fail_closed_no_candidate,false,false,false,false,not_evaluated,audits/learnedrewrite_pg40_bounded_local_diagnostic_v0/adapter_output_review.csv; audits/learnedrewrite_pg40_bounded_local_diagnostic_v0/db_checker_timing_review.csv,cases/PORT/PORT_0024/manifest.yaml#taxonomy.portability,"retained manifest taxonomy tag; absent axes for this case: sql_feature, plan_operator, workload_realism"
learnedrewrite,learnedrewrite,PORT_0025,PORT,rewrite_opportunity,dialect_adaptation,fail_closed_no_candidate,false,false,false,false,not_evaluated,audits/learnedrewrite_pg40_bounded_local_diagnostic_v0/adapter_output_review.csv; audits/learnedrewrite_pg40_bounded_local_diagnostic_v0/db_checker_timing_review.csv,cases/PORT/PORT_0025/manifest.yaml#taxonomy.rewrite_opportunity,"retained manifest taxonomy tag; absent axes for this case: sql_feature, plan_operator, workload_realism"
learnedrewrite,learnedrewrite,PORT_0025,PORT,portability_risk,date_time_semantics,fail_closed_no_candidate,false,false,false,false,not_evaluated,audits/learnedrewrite_pg40_bounded_local_diagnostic_v0/adapter_output_review.csv; audits/learnedrewrite_pg40_bounded_local_diagnostic_v0/db_checker_timing_review.csv,cases/PORT/PORT_0025/manifest.yaml#taxonomy.portability,"retained manifest taxonomy tag; absent axes for this case: sql_feature, plan_operator, workload_realism"
learnedrewrite,learnedrewrite,PORT_0025,PORT,portability_risk,order_direction_semantics,fail_closed_no_candidate,false,false,false,false,not_evaluated,audits/learnedrewrite_pg40_bounded_local_diagnostic_v0/adapter_output_review.csv; audits/learnedrewrite_pg40_bounded_local_diagnostic_v0/db_checker_timing_review.csv,cases/PORT/PORT_0025/manifest.yaml#taxonomy.portability,"retained manifest taxonomy tag; absent axes for this case: sql_feature, plan_operator, workload_realism"
learnedrewrite,learnedrewrite,PORT_0025,PORT,portability_risk,order_limit_semantics,fail_closed_no_candidate,false,false,false,false,not_evaluated,audits/learnedrewrite_pg40_bounded_local_diagnostic_v0/adapter_output_review.csv; audits/learnedrewrite_pg40_bounded_local_diagnostic_v0/db_checker_timing_review.csv,cases/PORT/PORT_0025/manifest.yaml#taxonomy.portability,"retained manifest taxonomy tag; absent axes for this case: sql_feature, plan_operator, workload_realism"
learnedrewrite,learnedrewrite,PORT_0025,PORT,portability_risk,pagination_or_limit_offset,fail_closed_no_candidate,false,false,false,false,not_evaluated,audits/learnedrewrite_pg40_bounded_local_diagnostic_v0/adapter_output_review.csv; audits/learnedrewrite_pg40_bounded_local_diagnostic_v0/db_checker_timing_review.csv,cases/PORT/PORT_0025/manifest.yaml#taxonomy.portability,"retained manifest taxonomy tag; absent axes for this case: sql_feature, plan_operator, workload_realism"
learnedrewrite,learnedrewrite,PORT_0025,PORT,portability_risk,top_1_row_selection,fail_closed_no_candidate,false,false,false,false,not_evaluated,audits/learnedrewrite_pg40_bounded_local_diagnostic_v0/adapter_output_review.csv; audits/learnedrewrite_pg40_bounded_local_diagnostic_v0/db_checker_timing_review.csv,cases/PORT/PORT_0025/manifest.yaml#taxonomy.portability,"retained manifest taxonomy tag; absent axes for this case: sql_feature, plan_operator, workload_realism"
learnedrewrite,learnedrewrite,LONGTAIL_0011,LONGTAIL,sql_feature,aggregate,candidate_execution_failed,true,false,false,false,not_source_like,audits/learnedrewrite_pg40_bounded_local_diagnostic_v0/adapter_output_review.csv; audits/learnedrewrite_pg40_bounded_local_diagnostic_v0/db_checker_timing_review.csv,cases/LONGTAIL/LONGTAIL_0011/manifest.yaml#taxonomy.sql_feature,"retained manifest taxonomy tag; absent axes for this case: plan_operator, workload_realism, portability_risk"
learnedrewrite,learnedrewrite,LONGTAIL_0011,LONGTAIL,sql_feature,cte,candidate_execution_failed,true,false,false,false,not_source_like,audits/learnedrewrite_pg40_bounded_local_diagnostic_v0/adapter_output_review.csv; audits/learnedrewrite_pg40_bounded_local_diagnostic_v0/db_checker_timing_review.csv,cases/LONGTAIL/LONGTAIL_0011/manifest.yaml#taxonomy.sql_feature,"retained manifest taxonomy tag; absent axes for this case: plan_operator, workload_realism, portability_risk"
learnedrewrite,learnedrewrite,LONGTAIL_0011,LONGTAIL,sql_feature,join,candidate_execution_failed,true,false,false,false,not_source_like,audits/learnedrewrite_pg40_bounded_local_diagnostic_v0/adapter_output_review.csv; audits/learnedrewrite_pg40_bounded_local_diagnostic_v0/db_checker_timing_review.csv,cases/LONGTAIL/LONGTAIL_0011/manifest.yaml#taxonomy.sql_feature,"retained manifest taxonomy tag; absent axes for this case: plan_operator, workload_realism, portability_risk"
learnedrewrite,learnedrewrite,LONGTAIL_0011,LONGTAIL,sql_feature,sort,candidate_execution_failed,true,false,false,false,not_source_like,audits/learnedrewrite_pg40_bounded_local_diagnostic_v0/adapter_output_review.csv; audits/learnedrewrite_pg40_bounded_local_diagnostic_v0/db_checker_timing_review.csv,cases/LONGTAIL/LONGTAIL_0011/manifest.yaml#taxonomy.sql_feature,"retained manifest taxonomy tag; absent axes for this case: plan_operator, workload_realism, portability_risk"
learnedrewrite,learnedrewrite,LONGTAIL_0011,LONGTAIL,sql_feature,window_function,candidate_execution_failed,true,false,false,false,not_source_like,audits/learnedrewrite_pg40_bounded_local_diagnostic_v0/adapter_output_review.csv; audits/learnedrewrite_pg40_bounded_local_diagnostic_v0/db_checker_timing_review.csv,cases/LONGTAIL/LONGTAIL_0011/manifest.yaml#taxonomy.sql_feature,"retained manifest taxonomy tag; absent axes for this case: plan_operator, workload_realism, portability_risk"
learnedrewrite,learnedrewrite,LONGTAIL_0011,LONGTAIL,rewrite_opportunity,cte_strategy,candidate_execution_failed,true,false,false,false,not_source_like,audits/learnedrewrite_pg40_bounded_local_diagnostic_v0/adapter_output_review.csv; audits/learnedrewrite_pg40_bounded_local_diagnostic_v0/db_checker_timing_review.csv,cases/LONGTAIL/LONGTAIL_0011/manifest.yaml#taxonomy.rewrite_opportunity,"retained manifest taxonomy tag; absent axes for this case: plan_operator, workload_realism, portability_risk"
learnedrewrite,learnedrewrite,LONGTAIL_0011,LONGTAIL,rewrite_opportunity,expression_simplification,candidate_execution_failed,true,false,false,false,not_source_like,audits/learnedrewrite_pg40_bounded_local_diagnostic_v0/adapter_output_review.csv; audits/learnedrewrite_pg40_bounded_local_diagnostic_v0/db_checker_timing_review.csv,cases/LONGTAIL/LONGTAIL_0011/manifest.yaml#taxonomy.rewrite_opportunity,"retained manifest taxonomy tag; absent axes for this case: plan_operator, workload_realism, portability_risk"
learnedrewrite,learnedrewrite,LONGTAIL_0012,LONGTAIL,sql_feature,aggregation,candidate_execution_failed,true,false,false,false,not_source_like,audits/learnedrewrite_pg40_bounded_local_diagnostic_v0/adapter_output_review.csv; audits/learnedrewrite_pg40_bounded_local_diagnostic_v0/db_checker_timing_review.csv,cases/LONGTAIL/LONGTAIL_0012/manifest.yaml#taxonomy.sql_feature,"retained manifest taxonomy tag; absent axes for this case: rewrite_opportunity, plan_operator, workload_realism, portability_risk"
learnedrewrite,learnedrewrite,LONGTAIL_0012,LONGTAIL,sql_feature,complex_expression,candidate_execution_failed,true,false,false,false,not_source_like,audits/learnedrewrite_pg40_bounded_local_diagnostic_v0/adapter_output_review.csv; audits/learnedrewrite_pg40_bounded_local_diagnostic_v0/db_checker_timing_review.csv,cases/LONGTAIL/LONGTAIL_0012/manifest.yaml#taxonomy.sql_feature,"retained manifest taxonomy tag; absent axes for this case: rewrite_opportunity, plan_operator, workload_realism, portability_risk"
learnedrewrite,learnedrewrite,LONGTAIL_0012,LONGTAIL,sql_feature,outer_join,candidate_execution_failed,true,false,false,false,not_source_like,audits/learnedrewrite_pg40_bounded_local_diagnostic_v0/adapter_output_review.csv; audits/learnedrewrite_pg40_bounded_local_diagnostic_v0/db_checker_timing_review.csv,cases/LONGTAIL/LONGTAIL_0012/manifest.yaml#taxonomy.sql_feature,"retained manifest taxonomy tag; absent axes for this case: rewrite_opportunity, plan_operator, workload_realism, portability_risk"
learnedrewrite,learnedrewrite,LONGTAIL_0012,LONGTAIL,sql_feature,sort_limit,candidate_execution_failed,true,false,false,false,not_source_like,audits/learnedrewrite_pg40_bounded_local_diagnostic_v0/adapter_output_review.csv; audits/learnedrewrite_pg40_bounded_local_diagnostic_v0/db_checker_timing_review.csv,cases/LONGTAIL/LONGTAIL_0012/manifest.yaml#taxonomy.sql_feature,"retained manifest taxonomy tag; absent axes for this case: rewrite_opportunity, plan_operator, workload_realism, portability_risk"
learnedrewrite,learnedrewrite,LONGTAIL_0012,LONGTAIL,sql_feature,subquery_in_from,candidate_execution_failed,true,false,false,false,not_source_like,audits/learnedrewrite_pg40_bounded_local_diagnostic_v0/adapter_output_review.csv; audits/learnedrewrite_pg40_bounded_local_diagnostic_v0/db_checker_timing_review.csv,cases/LONGTAIL/LONGTAIL_0012/manifest.yaml#taxonomy.sql_feature,"retained manifest taxonomy tag; absent axes for this case: rewrite_opportunity, plan_operator, workload_realism, portability_risk"
learnedrewrite,learnedrewrite,LONGTAIL_0012,LONGTAIL,sql_feature,window_function,candidate_execution_failed,true,false,false,false,not_source_like,audits/learnedrewrite_pg40_bounded_local_diagnostic_v0/adapter_output_review.csv; audits/learnedrewrite_pg40_bounded_local_diagnostic_v0/db_checker_timing_review.csv,cases/LONGTAIL/LONGTAIL_0012/manifest.yaml#taxonomy.sql_feature,"retained manifest taxonomy tag; absent axes for this case: rewrite_opportunity, plan_operator, workload_realism, portability_risk"
learnedrewrite,learnedrewrite,LONGTAIL_0013,LONGTAIL,sql_feature,aggregation,candidate_execution_failed,true,false,false,false,not_source_like,audits/learnedrewrite_pg40_bounded_local_diagnostic_v0/adapter_output_review.csv; audits/learnedrewrite_pg40_bounded_local_diagnostic_v0/db_checker_timing_review.csv,cases/LONGTAIL/LONGTAIL_0013/manifest.yaml#taxonomy.sql_feature,"retained manifest taxonomy tag; absent axes for this case: rewrite_opportunity, plan_operator, workload_realism, portability_risk"
learnedrewrite,learnedrewrite,LONGTAIL_0013,LONGTAIL,sql_feature,complex_expression,candidate_execution_failed,true,false,false,false,not_source_like,audits/learnedrewrite_pg40_bounded_local_diagnostic_v0/adapter_output_review.csv; audits/learnedrewrite_pg40_bounded_local_diagnostic_v0/db_checker_timing_review.csv,cases/LONGTAIL/LONGTAIL_0013/manifest.yaml#taxonomy.sql_feature,"retained manifest taxonomy tag; absent axes for this case: rewrite_opportunity, plan_operator, workload_realism, portability_risk"
learnedrewrite,learnedrewrite,LONGTAIL_0013,LONGTAIL,sql_feature,cte,candidate_execution_failed,true,false,false,false,not_source_like,audits/learnedrewrite_pg40_bounded_local_diagnostic_v0/adapter_output_review.csv; audits/learnedrewrite_pg40_bounded_local_diagnostic_v0/db_checker_timing_review.csv,cases/LONGTAIL/LONGTAIL_0013/manifest.yaml#taxonomy.sql_feature,"retained manifest taxonomy tag; absent axes for this case: rewrite_opportunity, plan_operator, workload_realism, portability_risk"
learnedrewrite,learnedrewrite,LONGTAIL_0013,LONGTAIL,sql_feature,outer_join,candidate_execution_failed,true,false,false,false,not_source_like,audits/learnedrewrite_pg40_bounded_local_diagnostic_v0/adapter_output_review.csv; audits/learnedrewrite_pg40_bounded_local_diagnostic_v0/db_checker_timing_review.csv,cases/LONGTAIL/LONGTAIL_0013/manifest.yaml#taxonomy.sql_feature,"retained manifest taxonomy tag; absent axes for this case: rewrite_opportunity, plan_operator, workload_realism, portability_risk"
learnedrewrite,learnedrewrite,LONGTAIL_0013,LONGTAIL,sql_feature,sort,candidate_execution_failed,true,false,false,false,not_source_like,audits/learnedrewrite_pg40_bounded_local_diagnostic_v0/adapter_output_review.csv; audits/learnedrewrite_pg40_bounded_local_diagnostic_v0/db_checker_timing_review.csv,cases/LONGTAIL/LONGTAIL_0013/manifest.yaml#taxonomy.sql_feature,"retained manifest taxonomy tag; absent axes for this case: rewrite_opportunity, plan_operator, workload_realism, portability_risk"
learnedrewrite,learnedrewrite,LONGTAIL_0013,LONGTAIL,sql_feature,window_function,candidate_execution_failed,true,false,false,false,not_source_like,audits/learnedrewrite_pg40_bounded_local_diagnostic_v0/adapter_output_review.csv; audits/learnedrewrite_pg40_bounded_local_diagnostic_v0/db_checker_timing_review.csv,cases/LONGTAIL/LONGTAIL_0013/manifest.yaml#taxonomy.sql_feature,"retained manifest taxonomy tag; absent axes for this case: rewrite_opportunity, plan_operator, workload_realism, portability_risk"
learnedrewrite,learnedrewrite,LONGTAIL_0022,LONGTAIL,sql_feature,aggregation,candidate_execution_failed,true,false,false,false,not_source_like,audits/learnedrewrite_pg40_bounded_local_diagnostic_v0/adapter_output_review.csv; audits/learnedrewrite_pg40_bounded_local_diagnostic_v0/db_checker_timing_review.csv,cases/LONGTAIL/LONGTAIL_0022/manifest.yaml#taxonomy.sql_feature,"retained manifest taxonomy tag; absent axes for this case: rewrite_opportunity, plan_operator, workload_realism, portability_risk"
learnedrewrite,learnedrewrite,LONGTAIL_0022,LONGTAIL,sql_feature,cte,candidate_execution_failed,true,false,false,false,not_source_like,audits/learnedrewrite_pg40_bounded_local_diagnostic_v0/adapter_output_review.csv; audits/learnedrewrite_pg40_bounded_local_diagnostic_v0/db_checker_timing_review.csv,cases/LONGTAIL/LONGTAIL_0022/manifest.yaml#taxonomy.sql_feature,"retained manifest taxonomy tag; absent axes for this case: rewrite_opportunity, plan_operator, workload_realism, portability_risk"
learnedrewrite,learnedrewrite,LONGTAIL_0022,LONGTAIL,sql_feature,join,candidate_execution_failed,true,false,false,false,not_source_like,audits/learnedrewrite_pg40_bounded_local_diagnostic_v0/adapter_output_review.csv; audits/learnedrewrite_pg40_bounded_local_diagnostic_v0/db_checker_timing_review.csv,cases/LONGTAIL/LONGTAIL_0022/manifest.yaml#taxonomy.sql_feature,"retained manifest taxonomy tag; absent axes for this case: rewrite_opportunity, plan_operator, workload_realism, portability_risk"
learnedrewrite,learnedrewrite,LONGTAIL_0022,LONGTAIL,sql_feature,outer_join,candidate_execution_failed,true,false,false,false,not_source_like,audits/learnedrewrite_pg40_bounded_local_diagnostic_v0/adapter_output_review.csv; audits/learnedrewrite_pg40_bounded_local_diagnostic_v0/db_checker_timing_review.csv,cases/LONGTAIL/LONGTAIL_0022/manifest.yaml#taxonomy.sql_feature,"retained manifest taxonomy tag; absent axes for this case: rewrite_opportunity, plan_operator, workload_realism, portability_risk"
learnedrewrite,learnedrewrite,LONGTAIL_0022,LONGTAIL,sql_feature,sort,candidate_execution_failed,true,false,false,false,not_source_like,audits/learnedrewrite_pg40_bounded_local_diagnostic_v0/adapter_output_review.csv; audits/learnedrewrite_pg40_bounded_local_diagnostic_v0/db_checker_timing_review.csv,cases/LONGTAIL/LONGTAIL_0022/manifest.yaml#taxonomy.sql_feature,"retained manifest taxonomy tag; absent axes for this case: rewrite_opportunity, plan_operator, workload_realism, portability_risk"
learnedrewrite,learnedrewrite,LONGTAIL_0023,LONGTAIL,sql_feature,aggregation,candidate_execution_failed,true,false,false,false,not_source_like,audits/learnedrewrite_pg40_bounded_local_diagnostic_v0/adapter_output_review.csv; audits/learnedrewrite_pg40_bounded_local_diagnostic_v0/db_checker_timing_review.csv,cases/LONGTAIL/LONGTAIL_0023/manifest.yaml#taxonomy.sql_feature,"retained manifest taxonomy tag; absent axes for this case: rewrite_opportunity, plan_operator, workload_realism, portability_risk"
learnedrewrite,learnedrewrite,LONGTAIL_0023,LONGTAIL,sql_feature,cte,candidate_execution_failed,true,false,false,false,not_source_like,audits/learnedrewrite_pg40_bounded_local_diagnostic_v0/adapter_output_review.csv; audits/learnedrewrite_pg40_bounded_local_diagnostic_v0/db_checker_timing_review.csv,cases/LONGTAIL/LONGTAIL_0023/manifest.yaml#taxonomy.sql_feature,"retained manifest taxonomy tag; absent axes for this case: rewrite_opportunity, plan_operator, workload_realism, portability_risk"
learnedrewrite,learnedrewrite,LONGTAIL_0023,LONGTAIL,sql_feature,directed_relation,candidate_execution_failed,true,false,false,false,not_source_like,audits/learnedrewrite_pg40_bounded_local_diagnostic_v0/adapter_output_review.csv; audits/learnedrewrite_pg40_bounded_local_diagnostic_v0/db_checker_timing_review.csv,cases/LONGTAIL/LONGTAIL_0023/manifest.yaml#taxonomy.sql_feature,"retained manifest taxonomy tag; absent axes for this case: rewrite_opportunity, plan_operator, workload_realism, portability_risk"
learnedrewrite,learnedrewrite,LONGTAIL_0023,LONGTAIL,sql_feature,outer_join,candidate_execution_failed,true,false,false,false,not_source_like,audits/learnedrewrite_pg40_bounded_local_diagnostic_v0/adapter_output_review.csv; audits/learnedrewrite_pg40_bounded_local_diagnostic_v0/db_checker_timing_review.csv,cases/LONGTAIL/LONGTAIL_0023/manifest.yaml#taxonomy.sql_feature,"retained manifest taxonomy tag; absent axes for this case: rewrite_opportunity, plan_operator, workload_realism, portability_risk"
learnedrewrite,learnedrewrite,LONGTAIL_0023,LONGTAIL,sql_feature,sort,candidate_execution_failed,true,false,false,false,not_source_like,audits/learnedrewrite_pg40_bounded_local_diagnostic_v0/adapter_output_review.csv; audits/learnedrewrite_pg40_bounded_local_diagnostic_v0/db_checker_timing_review.csv,cases/LONGTAIL/LONGTAIL_0023/manifest.yaml#taxonomy.sql_feature,"retained manifest taxonomy tag; absent axes for this case: rewrite_opportunity, plan_operator, workload_realism, portability_risk"
learnedrewrite,learnedrewrite,LONGTAIL_0024,LONGTAIL,sql_feature,aggregation,candidate_execution_failed,true,false,false,false,not_source_like,audits/learnedrewrite_pg40_bounded_local_diagnostic_v0/adapter_output_review.csv; audits/learnedrewrite_pg40_bounded_local_diagnostic_v0/db_checker_timing_review.csv,cases/LONGTAIL/LONGTAIL_0024/manifest.yaml#taxonomy.sql_feature,"retained manifest taxonomy tag; absent axes for this case: rewrite_opportunity, plan_operator, workload_realism, portability_risk"
learnedrewrite,learnedrewrite,LONGTAIL_0024,LONGTAIL,sql_feature,cte,candidate_execution_failed,true,false,false,false,not_source_like,audits/learnedrewrite_pg40_bounded_local_diagnostic_v0/adapter_output_review.csv; audits/learnedrewrite_pg40_bounded_local_diagnostic_v0/db_checker_timing_review.csv,cases/LONGTAIL/LONGTAIL_0024/manifest.yaml#taxonomy.sql_feature,"retained manifest taxonomy tag; absent axes for this case: rewrite_opportunity, plan_operator, workload_realism, portability_risk"
learnedrewrite,learnedrewrite,LONGTAIL_0024,LONGTAIL,sql_feature,join,candidate_execution_failed,true,false,false,false,not_source_like,audits/learnedrewrite_pg40_bounded_local_diagnostic_v0/adapter_output_review.csv; audits/learnedrewrite_pg40_bounded_local_diagnostic_v0/db_checker_timing_review.csv,cases/LONGTAIL/LONGTAIL_0024/manifest.yaml#taxonomy.sql_feature,"retained manifest taxonomy tag; absent axes for this case: rewrite_opportunity, plan_operator, workload_realism, portability_risk"
learnedrewrite,learnedrewrite,LONGTAIL_0024,LONGTAIL,sql_feature,sort,candidate_execution_failed,true,false,false,false,not_source_like,audits/learnedrewrite_pg40_bounded_local_diagnostic_v0/adapter_output_review.csv; audits/learnedrewrite_pg40_bounded_local_diagnostic_v0/db_checker_timing_review.csv,cases/LONGTAIL/LONGTAIL_0024/manifest.yaml#taxonomy.sql_feature,"retained manifest taxonomy tag; absent axes for this case: rewrite_opportunity, plan_operator, workload_realism, portability_risk"
learnedrewrite,learnedrewrite,LONGTAIL_0024,LONGTAIL,sql_feature,temporal_min_max,candidate_execution_failed,true,false,false,false,not_source_like,audits/learnedrewrite_pg40_bounded_local_diagnostic_v0/adapter_output_review.csv; audits/learnedrewrite_pg40_bounded_local_diagnostic_v0/db_checker_timing_review.csv,cases/LONGTAIL/LONGTAIL_0024/manifest.yaml#taxonomy.sql_feature,"retained manifest taxonomy tag; absent axes for this case: rewrite_opportunity, plan_operator, workload_realism, portability_risk"
rbot_gpt54_adapted,rbot_gpt54_adapted,PERF_0006,PERF,sql_feature,date_time_function,exact,true,true,true,true,changed,audits/rbot_gpt54_pg40_bounded_local_diagnostic_rerun_with_metrics_v0/adapter_output_review.csv; audits/rbot_gpt54_pg40_bounded_local_diagnostic_rerun_with_metrics_v0/db_checker_timing_review.csv,cases/PERF/PERF_0006/manifest.yaml#taxonomy.sql_feature,"retained manifest taxonomy tag; absent axes for this case: plan_operator, workload_realism, portability_risk"
rbot_gpt54_adapted,rbot_gpt54_adapted,PERF_0006,PERF,sql_feature,expression_complexity,exact,true,true,true,true,changed,audits/rbot_gpt54_pg40_bounded_local_diagnostic_rerun_with_metrics_v0/adapter_output_review.csv; audits/rbot_gpt54_pg40_bounded_local_diagnostic_rerun_with_metrics_v0/db_checker_timing_review.csv,cases/PERF/PERF_0006/manifest.yaml#taxonomy.sql_feature,"retained manifest taxonomy tag; absent axes for this case: plan_operator, workload_realism, portability_risk"
rbot_gpt54_adapted,rbot_gpt54_adapted,PERF_0006,PERF,rewrite_opportunity,materialization_strategy,exact,true,true,true,true,changed,audits/rbot_gpt54_pg40_bounded_local_diagnostic_rerun_with_metrics_v0/adapter_output_review.csv; audits/rbot_gpt54_pg40_bounded_local_diagnostic_rerun_with_metrics_v0/db_checker_timing_review.csv,cases/PERF/PERF_0006/manifest.yaml#taxonomy.rewrite_opportunity,"retained manifest taxonomy tag; absent axes for this case: plan_operator, workload_realism, portability_risk"
rbot_gpt54_adapted,rbot_gpt54_adapted,PERF_0006,PERF,rewrite_opportunity,predicate_pushdown,exact,true,true,true,true,changed,audits/rbot_gpt54_pg40_bounded_local_diagnostic_rerun_with_metrics_v0/adapter_output_review.csv; audits/rbot_gpt54_pg40_bounded_local_diagnostic_rerun_with_metrics_v0/db_checker_timing_review.csv,cases/PERF/PERF_0006/manifest.yaml#taxonomy.rewrite_opportunity,"retained manifest taxonomy tag; absent axes for this case: plan_operator, workload_realism, portability_risk"
rbot_gpt54_adapted,rbot_gpt54_adapted,PERF_0007,PERF,sql_feature,date_time_function,exact,true,true,true,true,changed,audits/rbot_gpt54_pg40_bounded_local_diagnostic_rerun_with_metrics_v0/adapter_output_review.csv; audits/rbot_gpt54_pg40_bounded_local_diagnostic_rerun_with_metrics_v0/db_checker_timing_review.csv,cases/PERF/PERF_0007/manifest.yaml#taxonomy.sql_feature,"retained manifest taxonomy tag; absent axes for this case: plan_operator, workload_realism, portability_risk"
rbot_gpt54_adapted,rbot_gpt54_adapted,PERF_0007,PERF,rewrite_opportunity,materialization_strategy,exact,true,true,true,true,changed,audits/rbot_gpt54_pg40_bounded_local_diagnostic_rerun_with_metrics_v0/adapter_output_review.csv; audits/rbot_gpt54_pg40_bounded_local_diagnostic_rerun_with_metrics_v0/db_checker_timing_review.csv,cases/PERF/PERF_0007/manifest.yaml#taxonomy.rewrite_opportunity,"retained manifest taxonomy tag; absent axes for this case: plan_operator, workload_realism, portability_risk"
rbot_gpt54_adapted,rbot_gpt54_adapted,PERF_0007,PERF,rewrite_opportunity,predicate_pushdown,exact,true,true,true,true,changed,audits/rbot_gpt54_pg40_bounded_local_diagnostic_rerun_with_metrics_v0/adapter_output_review.csv; audits/rbot_gpt54_pg40_bounded_local_diagnostic_rerun_with_metrics_v0/db_checker_timing_review.csv,cases/PERF/PERF_0007/manifest.yaml#taxonomy.rewrite_opportunity,"retained manifest taxonomy tag; absent axes for this case: plan_operator, workload_realism, portability_risk"
rbot_gpt54_adapted,rbot_gpt54_adapted,PERF_0008,PERF,sql_feature,date_time_function,candidate_execution_failed,true,false,false,false,changed,audits/rbot_gpt54_pg40_bounded_local_diagnostic_rerun_with_metrics_v0/adapter_output_review.csv; audits/rbot_gpt54_pg40_bounded_local_diagnostic_rerun_with_metrics_v0/db_checker_timing_review.csv,cases/PERF/PERF_0008/manifest.yaml#taxonomy.sql_feature,"retained manifest taxonomy tag; absent axes for this case: plan_operator, workload_realism, portability_risk"
rbot_gpt54_adapted,rbot_gpt54_adapted,PERF_0008,PERF,sql_feature,subquery_in_from,candidate_execution_failed,true,false,false,false,changed,audits/rbot_gpt54_pg40_bounded_local_diagnostic_rerun_with_metrics_v0/adapter_output_review.csv; audits/rbot_gpt54_pg40_bounded_local_diagnostic_rerun_with_metrics_v0/db_checker_timing_review.csv,cases/PERF/PERF_0008/manifest.yaml#taxonomy.sql_feature,"retained manifest taxonomy tag; absent axes for this case: plan_operator, workload_realism, portability_risk"
rbot_gpt54_adapted,rbot_gpt54_adapted,PERF_0008,PERF,rewrite_opportunity,materialization_strategy,candidate_execution_failed,true,false,false,false,changed,audits/rbot_gpt54_pg40_bounded_local_diagnostic_rerun_with_metrics_v0/adapter_output_review.csv; audits/rbot_gpt54_pg40_bounded_local_diagnostic_rerun_with_metrics_v0/db_checker_timing_review.csv,cases/PERF/PERF_0008/manifest.yaml#taxonomy.rewrite_opportunity,"retained manifest taxonomy tag; absent axes for this case: plan_operator, workload_realism, portability_risk"
rbot_gpt54_adapted,rbot_gpt54_adapted,PERF_0008,PERF,rewrite_opportunity,predicate_pushdown,candidate_execution_failed,true,false,false,false,changed,audits/rbot_gpt54_pg40_bounded_local_diagnostic_rerun_with_metrics_v0/adapter_output_review.csv; audits/rbot_gpt54_pg40_bounded_local_diagnostic_rerun_with_metrics_v0/db_checker_timing_review.csv,cases/PERF/PERF_0008/manifest.yaml#taxonomy.rewrite_opportunity,"retained manifest taxonomy tag; absent axes for this case: plan_operator, workload_realism, portability_risk"
rbot_gpt54_adapted,rbot_gpt54_adapted,PERF_0013,PERF,sql_feature,date_time_function,exact,true,true,true,true,changed,audits/rbot_gpt54_pg40_bounded_local_diagnostic_rerun_with_metrics_v0/adapter_output_review.csv; audits/rbot_gpt54_pg40_bounded_local_diagnostic_rerun_with_metrics_v0/db_checker_timing_review.csv,cases/PERF/PERF_0013/manifest.yaml#taxonomy.sql_feature,"retained manifest taxonomy tag; absent axes for this case: plan_operator, workload_realism, portability_risk"
rbot_gpt54_adapted,rbot_gpt54_adapted,PERF_0013,PERF,rewrite_opportunity,join_reorder,exact,true,true,true,true,changed,audits/rbot_gpt54_pg40_bounded_local_diagnostic_rerun_with_metrics_v0/adapter_output_review.csv; audits/rbot_gpt54_pg40_bounded_local_diagnostic_rerun_with_metrics_v0/db_checker_timing_review.csv,cases/PERF/PERF_0013/manifest.yaml#taxonomy.rewrite_opportunity,"retained manifest taxonomy tag; absent axes for this case: plan_operator, workload_realism, portability_risk"
rbot_gpt54_adapted,rbot_gpt54_adapted,PERF_0013,PERF,rewrite_opportunity,predicate_pushdown,exact,true,true,true,true,changed,audits/rbot_gpt54_pg40_bounded_local_diagnostic_rerun_with_metrics_v0/adapter_output_review.csv; audits/rbot_gpt54_pg40_bounded_local_diagnostic_rerun_with_metrics_v0/db_checker_timing_review.csv,cases/PERF/PERF_0013/manifest.yaml#taxonomy.rewrite_opportunity,"retained manifest taxonomy tag; absent axes for this case: plan_operator, workload_realism, portability_risk"
rbot_gpt54_adapted,rbot_gpt54_adapted,PERF_0017,PERF,sql_feature,date_time_function,exact,true,true,true,true,changed,audits/rbot_gpt54_pg40_bounded_local_diagnostic_rerun_with_metrics_v0/adapter_output_review.csv; audits/rbot_gpt54_pg40_bounded_local_diagnostic_rerun_with_metrics_v0/db_checker_timing_review.csv,cases/PERF/PERF_0017/manifest.yaml#taxonomy.sql_feature,"retained manifest taxonomy tag; absent axes for this case: plan_operator, workload_realism, portability_risk"
rbot_gpt54_adapted,rbot_gpt54_adapted,PERF_0017,PERF,rewrite_opportunity,join_reorder,exact,true,true,true,true,changed,audits/rbot_gpt54_pg40_bounded_local_diagnostic_rerun_with_metrics_v0/adapter_output_review.csv; audits/rbot_gpt54_pg40_bounded_local_diagnostic_rerun_with_metrics_v0/db_checker_timing_review.csv,cases/PERF/PERF_0017/manifest.yaml#taxonomy.rewrite_opportunity,"retained manifest taxonomy tag; absent axes for this case: plan_operator, workload_realism, portability_risk"
rbot_gpt54_adapted,rbot_gpt54_adapted,PERF_0017,PERF,rewrite_opportunity,predicate_pushdown,exact,true,true,true,true,changed,audits/rbot_gpt54_pg40_bounded_local_diagnostic_rerun_with_metrics_v0/adapter_output_review.csv; audits/rbot_gpt54_pg40_bounded_local_diagnostic_rerun_with_metrics_v0/db_checker_timing_review.csv,cases/PERF/PERF_0017/manifest.yaml#taxonomy.rewrite_opportunity,"retained manifest taxonomy tag; absent axes for this case: plan_operator, workload_realism, portability_risk"
rbot_gpt54_adapted,rbot_gpt54_adapted,PERF_0019,PERF,sql_feature,outer_join,exact,true,true,true,true,changed,audits/rbot_gpt54_pg40_bounded_local_diagnostic_rerun_with_metrics_v0/adapter_output_review.csv; audits/rbot_gpt54_pg40_bounded_local_diagnostic_rerun_with_metrics_v0/db_checker_timing_review.csv,cases/PERF/PERF_0019/manifest.yaml#taxonomy.sql_feature,"retained manifest taxonomy tag; absent axes for this case: plan_operator, workload_realism, portability_risk"
rbot_gpt54_adapted,rbot_gpt54_adapted,PERF_0019,PERF,sql_feature,subquery_in_from,exact,true,true,true,true,changed,audits/rbot_gpt54_pg40_bounded_local_diagnostic_rerun_with_metrics_v0/adapter_output_review.csv; audits/rbot_gpt54_pg40_bounded_local_diagnostic_rerun_with_metrics_v0/db_checker_timing_review.csv,cases/PERF/PERF_0019/manifest.yaml#taxonomy.sql_feature,"retained manifest taxonomy tag; absent axes for this case: plan_operator, workload_realism, portability_risk"
rbot_gpt54_adapted,rbot_gpt54_adapted,PERF_0019,PERF,rewrite_opportunity,materialization_strategy,exact,true,true,true,true,changed,audits/rbot_gpt54_pg40_bounded_local_diagnostic_rerun_with_metrics_v0/adapter_output_review.csv; audits/rbot_gpt54_pg40_bounded_local_diagnostic_rerun_with_metrics_v0/db_checker_timing_review.csv,cases/PERF/PERF_0019/manifest.yaml#taxonomy.rewrite_opportunity,"retained manifest taxonomy tag; absent axes for this case: plan_operator, workload_realism, portability_risk"
rbot_gpt54_adapted,rbot_gpt54_adapted,PERF_0019,PERF,rewrite_opportunity,predicate_pushdown,exact,true,true,true,true,changed,audits/rbot_gpt54_pg40_bounded_local_diagnostic_rerun_with_metrics_v0/adapter_output_review.csv; audits/rbot_gpt54_pg40_bounded_local_diagnostic_rerun_with_metrics_v0/db_checker_timing_review.csv,cases/PERF/PERF_0019/manifest.yaml#taxonomy.rewrite_opportunity,"retained manifest taxonomy tag; absent axes for this case: plan_operator, workload_realism, portability_risk"
rbot_gpt54_adapted,rbot_gpt54_adapted,PERF_0024,PERF,sql_feature,correlated_subquery,exact,true,true,true,true,changed,audits/rbot_gpt54_pg40_bounded_local_diagnostic_rerun_with_metrics_v0/adapter_output_review.csv; audits/rbot_gpt54_pg40_bounded_local_diagnostic_rerun_with_metrics_v0/db_checker_timing_review.csv,cases/PERF/PERF_0024/manifest.yaml#taxonomy.sql_feature,"retained manifest taxonomy tag; absent axes for this case: plan_operator, workload_realism, portability_risk"
rbot_gpt54_adapted,rbot_gpt54_adapted,PERF_0024,PERF,sql_feature,date_time_function,exact,true,true,true,true,changed,audits/rbot_gpt54_pg40_bounded_local_diagnostic_rerun_with_metrics_v0/adapter_output_review.csv; audits/rbot_gpt54_pg40_bounded_local_diagnostic_rerun_with_metrics_v0/db_checker_timing_review.csv,cases/PERF/PERF_0024/manifest.yaml#taxonomy.sql_feature,"retained manifest taxonomy tag; absent axes for this case: plan_operator, workload_realism, portability_risk"
rbot_gpt54_adapted,rbot_gpt54_adapted,PERF_0024,PERF,rewrite_opportunity,predicate_pushdown,exact,true,true,true,true,changed,audits/rbot_gpt54_pg40_bounded_local_diagnostic_rerun_with_metrics_v0/adapter_output_review.csv; audits/rbot_gpt54_pg40_bounded_local_diagnostic_rerun_with_metrics_v0/db_checker_timing_review.csv,cases/PERF/PERF_0024/manifest.yaml#taxonomy.rewrite_opportunity,"retained manifest taxonomy tag; absent axes for this case: plan_operator, workload_realism, portability_risk"
rbot_gpt54_adapted,rbot_gpt54_adapted,PERF_0024,PERF,rewrite_opportunity,subquery_decorrelation,exact,true,true,true,true,changed,audits/rbot_gpt54_pg40_bounded_local_diagnostic_rerun_with_metrics_v0/adapter_output_review.csv; audits/rbot_gpt54_pg40_bounded_local_diagnostic_rerun_with_metrics_v0/db_checker_timing_review.csv,cases/PERF/PERF_0024/manifest.yaml#taxonomy.rewrite_opportunity,"retained manifest taxonomy tag; absent axes for this case: plan_operator, workload_realism, portability_risk"
rbot_gpt54_adapted,rbot_gpt54_adapted,PERF_0033,PERF,sql_feature,aggregate,exact,true,true,true,true,changed,audits/rbot_gpt54_pg40_bounded_local_diagnostic_rerun_with_metrics_v0/adapter_output_review.csv; audits/rbot_gpt54_pg40_bounded_local_diagnostic_rerun_with_metrics_v0/db_checker_timing_review.csv,cases/PERF/PERF_0033/manifest.yaml#taxonomy.sql_feature,"retained manifest taxonomy tag; absent axes for this case: plan_operator, workload_realism"
rbot_gpt54_adapted,rbot_gpt54_adapted,PERF_0033,PERF,sql_feature,group_by,exact,true,true,true,true,changed,audits/rbot_gpt54_pg40_bounded_local_diagnostic_rerun_with_metrics_v0/adapter_output_review.csv; audits/rbot_gpt54_pg40_bounded_local_diagnostic_rerun_with_metrics_v0/db_checker_timing_review.csv,cases/PERF/PERF_0033/manifest.yaml#taxonomy.sql_feature,"retained manifest taxonomy tag; absent axes for this case: plan_operator, workload_realism"
rbot_gpt54_adapted,rbot_gpt54_adapted,PERF_0033,PERF,sql_feature,join,exact,true,true,true,true,changed,audits/rbot_gpt54_pg40_bounded_local_diagnostic_rerun_with_metrics_v0/adapter_output_review.csv; audits/rbot_gpt54_pg40_bounded_local_diagnostic_rerun_with_metrics_v0/db_checker_timing_review.csv,cases/PERF/PERF_0033/manifest.yaml#taxonomy.sql_feature,"retained manifest taxonomy tag; absent axes for this case: plan_operator, workload_realism"
rbot_gpt54_adapted,rbot_gpt54_adapted,PERF_0033,PERF,sql_feature,limit,exact,true,true,true,true,changed,audits/rbot_gpt54_pg40_bounded_local_diagnostic_rerun_with_metrics_v0/adapter_output_review.csv; audits/rbot_gpt54_pg40_bounded_local_diagnostic_rerun_with_metrics_v0/db_checker_timing_review.csv,cases/PERF/PERF_0033/manifest.yaml#taxonomy.sql_feature,"retained manifest taxonomy tag; absent axes for this case: plan_operator, workload_realism"
rbot_gpt54_adapted,rbot_gpt54_adapted,PERF_0033,PERF,sql_feature,order_by,exact,true,true,true,true,changed,audits/rbot_gpt54_pg40_bounded_local_diagnostic_rerun_with_metrics_v0/adapter_output_review.csv; audits/rbot_gpt54_pg40_bounded_local_diagnostic_rerun_with_metrics_v0/db_checker_timing_review.csv,cases/PERF/PERF_0033/manifest.yaml#taxonomy.sql_feature,"retained manifest taxonomy tag; absent axes for this case: plan_operator, workload_realism"
rbot_gpt54_adapted,rbot_gpt54_adapted,PERF_0033,PERF,rewrite_opportunity,join_reorder,exact,true,true,true,true,changed,audits/rbot_gpt54_pg40_bounded_local_diagnostic_rerun_with_metrics_v0/adapter_output_review.csv; audits/rbot_gpt54_pg40_bounded_local_diagnostic_rerun_with_metrics_v0/db_checker_timing_review.csv,cases/PERF/PERF_0033/manifest.yaml#taxonomy.rewrite_opportunity,"retained manifest taxonomy tag; absent axes for this case: plan_operator, workload_realism"
rbot_gpt54_adapted,rbot_gpt54_adapted,PERF_0033,PERF,rewrite_opportunity,predicate_pushdown,exact,true,true,true,true,changed,audits/rbot_gpt54_pg40_bounded_local_diagnostic_rerun_with_metrics_v0/adapter_output_review.csv; audits/rbot_gpt54_pg40_bounded_local_diagnostic_rerun_with_metrics_v0/db_checker_timing_review.csv,cases/PERF/PERF_0033/manifest.yaml#taxonomy.rewrite_opportunity,"retained manifest taxonomy tag; absent axes for this case: plan_operator, workload_realism"
rbot_gpt54_adapted,rbot_gpt54_adapted,PERF_0033,PERF,portability_risk,limit_fetch_gap,exact,true,true,true,true,changed,audits/rbot_gpt54_pg40_bounded_local_diagnostic_rerun_with_metrics_v0/adapter_output_review.csv; audits/rbot_gpt54_pg40_bounded_local_diagnostic_rerun_with_metrics_v0/db_checker_timing_review.csv,cases/PERF/PERF_0033/manifest.yaml#taxonomy.portability,"retained manifest taxonomy tag; absent axes for this case: plan_operator, workload_realism"
rbot_gpt54_adapted,rbot_gpt54_adapted,PERF_0034,PERF,sql_feature,cte,exact,true,true,true,true,changed,audits/rbot_gpt54_pg40_bounded_local_diagnostic_rerun_with_metrics_v0/adapter_output_review.csv; audits/rbot_gpt54_pg40_bounded_local_diagnostic_rerun_with_metrics_v0/db_checker_timing_review.csv,cases/PERF/PERF_0034/manifest.yaml#taxonomy.sql_feature,"retained manifest taxonomy tag; absent axes for this case: plan_operator, workload_realism, portability_risk"
rbot_gpt54_adapted,rbot_gpt54_adapted,PERF_0034,PERF,sql_feature,set_operation,exact,true,true,true,true,changed,audits/rbot_gpt54_pg40_bounded_local_diagnostic_rerun_with_metrics_v0/adapter_output_review.csv; audits/rbot_gpt54_pg40_bounded_local_diagnostic_rerun_with_metrics_v0/db_checker_timing_review.csv,cases/PERF/PERF_0034/manifest.yaml#taxonomy.sql_feature,"retained manifest taxonomy tag; absent axes for this case: plan_operator, workload_realism, portability_risk"
rbot_gpt54_adapted,rbot_gpt54_adapted,PERF_0034,PERF,rewrite_opportunity,materialization_strategy,exact,true,true,true,true,changed,audits/rbot_gpt54_pg40_bounded_local_diagnostic_rerun_with_metrics_v0/adapter_output_review.csv; audits/rbot_gpt54_pg40_bounded_local_diagnostic_rerun_with_metrics_v0/db_checker_timing_review.csv,cases/PERF/PERF_0034/manifest.yaml#taxonomy.rewrite_opportunity,"retained manifest taxonomy tag; absent axes for this case: plan_operator, workload_realism, portability_risk"
rbot_gpt54_adapted,rbot_gpt54_adapted,PERF_0034,PERF,rewrite_opportunity,predicate_pushdown,exact,true,true,true,true,changed,audits/rbot_gpt54_pg40_bounded_local_diagnostic_rerun_with_metrics_v0/adapter_output_review.csv; audits/rbot_gpt54_pg40_bounded_local_diagnostic_rerun_with_metrics_v0/db_checker_timing_review.csv,cases/PERF/PERF_0034/manifest.yaml#taxonomy.rewrite_opportunity,"retained manifest taxonomy tag; absent axes for this case: plan_operator, workload_realism, portability_risk"
rbot_gpt54_adapted,rbot_gpt54_adapted,PERF_0035,PERF,sql_feature,cte,exact,true,true,true,true,changed,audits/rbot_gpt54_pg40_bounded_local_diagnostic_rerun_with_metrics_v0/adapter_output_review.csv; audits/rbot_gpt54_pg40_bounded_local_diagnostic_rerun_with_metrics_v0/db_checker_timing_review.csv,cases/PERF/PERF_0035/manifest.yaml#taxonomy.sql_feature,"retained manifest taxonomy tag; absent axes for this case: plan_operator, workload_realism"
rbot_gpt54_adapted,rbot_gpt54_adapted,PERF_0035,PERF,sql_feature,expression_complexity,exact,true,true,true,true,changed,audits/rbot_gpt54_pg40_bounded_local_diagnostic_rerun_with_metrics_v0/adapter_output_review.csv; audits/rbot_gpt54_pg40_bounded_local_diagnostic_rerun_with_metrics_v0/db_checker_timing_review.csv,cases/PERF/PERF_0035/manifest.yaml#taxonomy.sql_feature,"retained manifest taxonomy tag; absent axes for this case: plan_operator, workload_realism"
rbot_gpt54_adapted,rbot_gpt54_adapted,PERF_0035,PERF,sql_feature,window_function,exact,true,true,true,true,changed,audits/rbot_gpt54_pg40_bounded_local_diagnostic_rerun_with_metrics_v0/adapter_output_review.csv; audits/rbot_gpt54_pg40_bounded_local_diagnostic_rerun_with_metrics_v0/db_checker_timing_review.csv,cases/PERF/PERF_0035/manifest.yaml#taxonomy.sql_feature,"retained manifest taxonomy tag; absent axes for this case: plan_operator, workload_realism"
rbot_gpt54_adapted,rbot_gpt54_adapted,PERF_0035,PERF,rewrite_opportunity,aggregation_rewrite,exact,true,true,true,true,changed,audits/rbot_gpt54_pg40_bounded_local_diagnostic_rerun_with_metrics_v0/adapter_output_review.csv; audits/rbot_gpt54_pg40_bounded_local_diagnostic_rerun_with_metrics_v0/db_checker_timing_review.csv,cases/PERF/PERF_0035/manifest.yaml#taxonomy.rewrite_opportunity,"retained manifest taxonomy tag; absent axes for this case: plan_operator, workload_realism"
rbot_gpt54_adapted,rbot_gpt54_adapted,PERF_0035,PERF,rewrite_opportunity,cte_strategy,exact,true,true,true,true,changed,audits/rbot_gpt54_pg40_bounded_local_diagnostic_rerun_with_metrics_v0/adapter_output_review.csv; audits/rbot_gpt54_pg40_bounded_local_diagnostic_rerun_with_metrics_v0/db_checker_timing_review.csv,cases/PERF/PERF_0035/manifest.yaml#taxonomy.rewrite_opportunity,"retained manifest taxonomy tag; absent axes for this case: plan_operator, workload_realism"
rbot_gpt54_adapted,rbot_gpt54_adapted,PERF_0035,PERF,portability_risk,type_semantics_gap,exact,true,true,true,true,changed,audits/rbot_gpt54_pg40_bounded_local_diagnostic_rerun_with_metrics_v0/adapter_output_review.csv; audits/rbot_gpt54_pg40_bounded_local_diagnostic_rerun_with_metrics_v0/db_checker_timing_review.csv,cases/PERF/PERF_0035/manifest.yaml#taxonomy.portability,"retained manifest taxonomy tag; absent axes for this case: plan_operator, workload_realism"
rbot_gpt54_adapted,rbot_gpt54_adapted,PERF_0052,PERF,sql_feature,aggregate,exact,true,true,true,true,changed,audits/rbot_gpt54_pg40_bounded_local_diagnostic_rerun_with_metrics_v0/adapter_output_review.csv; audits/rbot_gpt54_pg40_bounded_local_diagnostic_rerun_with_metrics_v0/db_checker_timing_review.csv,cases/PERF/PERF_0052/manifest.yaml#taxonomy.sql_feature,"retained manifest taxonomy tag; absent axes for this case: rewrite_opportunity, plan_operator, workload_realism, portability_risk"
rbot_gpt54_adapted,rbot_gpt54_adapted,PERF_0052,PERF,sql_feature,correlated_subquery,exact,true,true,true,true,changed,audits/rbot_gpt54_pg40_bounded_local_diagnostic_rerun_with_metrics_v0/adapter_output_review.csv; audits/rbot_gpt54_pg40_bounded_local_diagnostic_rerun_with_metrics_v0/db_checker_timing_review.csv,cases/PERF/PERF_0052/manifest.yaml#taxonomy.sql_feature,"retained manifest taxonomy tag; absent axes for this case: rewrite_opportunity, plan_operator, workload_realism, portability_risk"
rbot_gpt54_adapted,rbot_gpt54_adapted,PERF_0052,PERF,sql_feature,cte,exact,true,true,true,true,changed,audits/rbot_gpt54_pg40_bounded_local_diagnostic_rerun_with_metrics_v0/adapter_output_review.csv; audits/rbot_gpt54_pg40_bounded_local_diagnostic_rerun_with_metrics_v0/db_checker_timing_review.csv,cases/PERF/PERF_0052/manifest.yaml#taxonomy.sql_feature,"retained manifest taxonomy tag; absent axes for this case: rewrite_opportunity, plan_operator, workload_realism, portability_risk"
rbot_gpt54_adapted,rbot_gpt54_adapted,PERF_0052,PERF,sql_feature,group_by,exact,true,true,true,true,changed,audits/rbot_gpt54_pg40_bounded_local_diagnostic_rerun_with_metrics_v0/adapter_output_review.csv; audits/rbot_gpt54_pg40_bounded_local_diagnostic_rerun_with_metrics_v0/db_checker_timing_review.csv,cases/PERF/PERF_0052/manifest.yaml#taxonomy.sql_feature,"retained manifest taxonomy tag; absent axes for this case: rewrite_opportunity, plan_operator, workload_realism, portability_risk"
rbot_gpt54_adapted,rbot_gpt54_adapted,PERF_0052,PERF,sql_feature,limit,exact,true,true,true,true,changed,audits/rbot_gpt54_pg40_bounded_local_diagnostic_rerun_with_metrics_v0/adapter_output_review.csv; audits/rbot_gpt54_pg40_bounded_local_diagnostic_rerun_with_metrics_v0/db_checker_timing_review.csv,cases/PERF/PERF_0052/manifest.yaml#taxonomy.sql_feature,"retained manifest taxonomy tag; absent axes for this case: rewrite_opportunity, plan_operator, workload_realism, portability_risk"
rbot_gpt54_adapted,rbot_gpt54_adapted,PERF_0052,PERF,sql_feature,order_by,exact,true,true,true,true,changed,audits/rbot_gpt54_pg40_bounded_local_diagnostic_rerun_with_metrics_v0/adapter_output_review.csv; audits/rbot_gpt54_pg40_bounded_local_diagnostic_rerun_with_metrics_v0/db_checker_timing_review.csv,cases/PERF/PERF_0052/manifest.yaml#taxonomy.sql_feature,"retained manifest taxonomy tag; absent axes for this case: rewrite_opportunity, plan_operator, workload_realism, portability_risk"
rbot_gpt54_adapted,rbot_gpt54_adapted,PERF_0054,PERF,sql_feature,aggregate,exact,true,true,true,true,changed,audits/rbot_gpt54_pg40_bounded_local_diagnostic_rerun_with_metrics_v0/adapter_output_review.csv; audits/rbot_gpt54_pg40_bounded_local_diagnostic_rerun_with_metrics_v0/db_checker_timing_review.csv,cases/PERF/PERF_0054/manifest.yaml#taxonomy.sql_feature,"retained manifest taxonomy tag; absent axes for this case: rewrite_opportunity, plan_operator, workload_realism, portability_risk"
rbot_gpt54_adapted,rbot_gpt54_adapted,PERF_0054,PERF,sql_feature,group_by,exact,true,true,true,true,changed,audits/rbot_gpt54_pg40_bounded_local_diagnostic_rerun_with_metrics_v0/adapter_output_review.csv; audits/rbot_gpt54_pg40_bounded_local_diagnostic_rerun_with_metrics_v0/db_checker_timing_review.csv,cases/PERF/PERF_0054/manifest.yaml#taxonomy.sql_feature,"retained manifest taxonomy tag; absent axes for this case: rewrite_opportunity, plan_operator, workload_realism, portability_risk"
rbot_gpt54_adapted,rbot_gpt54_adapted,PERF_0054,PERF,sql_feature,join,exact,true,true,true,true,changed,audits/rbot_gpt54_pg40_bounded_local_diagnostic_rerun_with_metrics_v0/adapter_output_review.csv; audits/rbot_gpt54_pg40_bounded_local_diagnostic_rerun_with_metrics_v0/db_checker_timing_review.csv,cases/PERF/PERF_0054/manifest.yaml#taxonomy.sql_feature,"retained manifest taxonomy tag; absent axes for this case: rewrite_opportunity, plan_operator, workload_realism, portability_risk"
rbot_gpt54_adapted,rbot_gpt54_adapted,PERF_0054,PERF,sql_feature,limit,exact,true,true,true,true,changed,audits/rbot_gpt54_pg40_bounded_local_diagnostic_rerun_with_metrics_v0/adapter_output_review.csv; audits/rbot_gpt54_pg40_bounded_local_diagnostic_rerun_with_metrics_v0/db_checker_timing_review.csv,cases/PERF/PERF_0054/manifest.yaml#taxonomy.sql_feature,"retained manifest taxonomy tag; absent axes for this case: rewrite_opportunity, plan_operator, workload_realism, portability_risk"
rbot_gpt54_adapted,rbot_gpt54_adapted,PERF_0054,PERF,sql_feature,order_by,exact,true,true,true,true,changed,audits/rbot_gpt54_pg40_bounded_local_diagnostic_rerun_with_metrics_v0/adapter_output_review.csv; audits/rbot_gpt54_pg40_bounded_local_diagnostic_rerun_with_metrics_v0/db_checker_timing_review.csv,cases/PERF/PERF_0054/manifest.yaml#taxonomy.sql_feature,"retained manifest taxonomy tag; absent axes for this case: rewrite_opportunity, plan_operator, workload_realism, portability_risk"
rbot_gpt54_adapted,rbot_gpt54_adapted,PERF_0056,PERF,sql_feature,aggregate,exact,true,true,true,true,changed,audits/rbot_gpt54_pg40_bounded_local_diagnostic_rerun_with_metrics_v0/adapter_output_review.csv; audits/rbot_gpt54_pg40_bounded_local_diagnostic_rerun_with_metrics_v0/db_checker_timing_review.csv,cases/PERF/PERF_0056/manifest.yaml#taxonomy.sql_feature,"retained manifest taxonomy tag; absent axes for this case: rewrite_opportunity, plan_operator, workload_realism, portability_risk"
rbot_gpt54_adapted,rbot_gpt54_adapted,PERF_0056,PERF,sql_feature,group_by,exact,true,true,true,true,changed,audits/rbot_gpt54_pg40_bounded_local_diagnostic_rerun_with_metrics_v0/adapter_output_review.csv; audits/rbot_gpt54_pg40_bounded_local_diagnostic_rerun_with_metrics_v0/db_checker_timing_review.csv,cases/PERF/PERF_0056/manifest.yaml#taxonomy.sql_feature,"retained manifest taxonomy tag; absent axes for this case: rewrite_opportunity, plan_operator, workload_realism, portability_risk"
rbot_gpt54_adapted,rbot_gpt54_adapted,PERF_0056,PERF,sql_feature,having,exact,true,true,true,true,changed,audits/rbot_gpt54_pg40_bounded_local_diagnostic_rerun_with_metrics_v0/adapter_output_review.csv; audits/rbot_gpt54_pg40_bounded_local_diagnostic_rerun_with_metrics_v0/db_checker_timing_review.csv,cases/PERF/PERF_0056/manifest.yaml#taxonomy.sql_feature,"retained manifest taxonomy tag; absent axes for this case: rewrite_opportunity, plan_operator, workload_realism, portability_risk"
rbot_gpt54_adapted,rbot_gpt54_adapted,PERF_0056,PERF,sql_feature,limit,exact,true,true,true,true,changed,audits/rbot_gpt54_pg40_bounded_local_diagnostic_rerun_with_metrics_v0/adapter_output_review.csv; audits/rbot_gpt54_pg40_bounded_local_diagnostic_rerun_with_metrics_v0/db_checker_timing_review.csv,cases/PERF/PERF_0056/manifest.yaml#taxonomy.sql_feature,"retained manifest taxonomy tag; absent axes for this case: rewrite_opportunity, plan_operator, workload_realism, portability_risk"
rbot_gpt54_adapted,rbot_gpt54_adapted,PERF_0056,PERF,sql_feature,order_by,exact,true,true,true,true,changed,audits/rbot_gpt54_pg40_bounded_local_diagnostic_rerun_with_metrics_v0/adapter_output_review.csv; audits/rbot_gpt54_pg40_bounded_local_diagnostic_rerun_with_metrics_v0/db_checker_timing_review.csv,cases/PERF/PERF_0056/manifest.yaml#taxonomy.sql_feature,"retained manifest taxonomy tag; absent axes for this case: rewrite_opportunity, plan_operator, workload_realism, portability_risk"
rbot_gpt54_adapted,rbot_gpt54_adapted,PERF_0056,PERF,sql_feature,scalar_subquery,exact,true,true,true,true,changed,audits/rbot_gpt54_pg40_bounded_local_diagnostic_rerun_with_metrics_v0/adapter_output_review.csv; audits/rbot_gpt54_pg40_bounded_local_diagnostic_rerun_with_metrics_v0/db_checker_timing_review.csv,cases/PERF/PERF_0056/manifest.yaml#taxonomy.sql_feature,"retained manifest taxonomy tag; absent axes for this case: rewrite_opportunity, plan_operator, workload_realism, portability_risk"
rbot_gpt54_adapted,rbot_gpt54_adapted,PERF_0062,PERF,sql_feature,aggregate,exact,true,true,true,true,changed,audits/rbot_gpt54_pg40_bounded_local_diagnostic_rerun_with_metrics_v0/adapter_output_review.csv; audits/rbot_gpt54_pg40_bounded_local_diagnostic_rerun_with_metrics_v0/db_checker_timing_review.csv,cases/PERF/PERF_0062/manifest.yaml#taxonomy.sql_feature,"retained manifest taxonomy tag; absent axes for this case: rewrite_opportunity, plan_operator, workload_realism, portability_risk"
rbot_gpt54_adapted,rbot_gpt54_adapted,PERF_0062,PERF,sql_feature,disjunction,exact,true,true,true,true,changed,audits/rbot_gpt54_pg40_bounded_local_diagnostic_rerun_with_metrics_v0/adapter_output_review.csv; audits/rbot_gpt54_pg40_bounded_local_diagnostic_rerun_with_metrics_v0/db_checker_timing_review.csv,cases/PERF/PERF_0062/manifest.yaml#taxonomy.sql_feature,"retained manifest taxonomy tag; absent axes for this case: rewrite_opportunity, plan_operator, workload_realism, portability_risk"
rbot_gpt54_adapted,rbot_gpt54_adapted,PERF_0062,PERF,sql_feature,join,exact,true,true,true,true,changed,audits/rbot_gpt54_pg40_bounded_local_diagnostic_rerun_with_metrics_v0/adapter_output_review.csv; audits/rbot_gpt54_pg40_bounded_local_diagnostic_rerun_with_metrics_v0/db_checker_timing_review.csv,cases/PERF/PERF_0062/manifest.yaml#taxonomy.sql_feature,"retained manifest taxonomy tag; absent axes for this case: rewrite_opportunity, plan_operator, workload_realism, portability_risk"
rbot_gpt54_adapted,rbot_gpt54_adapted,PERF_0062,PERF,sql_feature,range_predicate,exact,true,true,true,true,changed,audits/rbot_gpt54_pg40_bounded_local_diagnostic_rerun_with_metrics_v0/adapter_output_review.csv; audits/rbot_gpt54_pg40_bounded_local_diagnostic_rerun_with_metrics_v0/db_checker_timing_review.csv,cases/PERF/PERF_0062/manifest.yaml#taxonomy.sql_feature,"retained manifest taxonomy tag; absent axes for this case: rewrite_opportunity, plan_operator, workload_realism, portability_risk"
rbot_gpt54_adapted,rbot_gpt54_adapted,PERF_0077,PERF,sql_feature,aggregate,exact,true,true,true,true,changed,audits/rbot_gpt54_pg40_bounded_local_diagnostic_rerun_with_metrics_v0/adapter_output_review.csv; audits/rbot_gpt54_pg40_bounded_local_diagnostic_rerun_with_metrics_v0/db_checker_timing_review.csv,cases/PERF/PERF_0077/manifest.yaml#taxonomy.sql_feature,"retained manifest taxonomy tag; absent axes for this case: rewrite_opportunity, plan_operator, workload_realism, portability_risk"
rbot_gpt54_adapted,rbot_gpt54_adapted,PERF_0077,PERF,sql_feature,filter,exact,true,true,true,true,changed,audits/rbot_gpt54_pg40_bounded_local_diagnostic_rerun_with_metrics_v0/adapter_output_review.csv; audits/rbot_gpt54_pg40_bounded_local_diagnostic_rerun_with_metrics_v0/db_checker_timing_review.csv,cases/PERF/PERF_0077/manifest.yaml#taxonomy.sql_feature,"retained manifest taxonomy tag; absent axes for this case: rewrite_opportunity, plan_operator, workload_realism, portability_risk"
rbot_gpt54_adapted,rbot_gpt54_adapted,PERF_0077,PERF,sql_feature,join,exact,true,true,true,true,changed,audits/rbot_gpt54_pg40_bounded_local_diagnostic_rerun_with_metrics_v0/adapter_output_review.csv; audits/rbot_gpt54_pg40_bounded_local_diagnostic_rerun_with_metrics_v0/db_checker_timing_review.csv,cases/PERF/PERF_0077/manifest.yaml#taxonomy.sql_feature,"retained manifest taxonomy tag; absent axes for this case: rewrite_opportunity, plan_operator, workload_realism, portability_risk"
rbot_gpt54_adapted,rbot_gpt54_adapted,PERF_0077,PERF,sql_feature,text_like_predicate,exact,true,true,true,true,changed,audits/rbot_gpt54_pg40_bounded_local_diagnostic_rerun_with_metrics_v0/adapter_output_review.csv; audits/rbot_gpt54_pg40_bounded_local_diagnostic_rerun_with_metrics_v0/db_checker_timing_review.csv,cases/PERF/PERF_0077/manifest.yaml#taxonomy.sql_feature,"retained manifest taxonomy tag; absent axes for this case: rewrite_opportunity, plan_operator, workload_realism, portability_risk"
rbot_gpt54_adapted,rbot_gpt54_adapted,PERF_0082,PERF,sql_feature,aggregate,exact,true,true,true,true,changed,audits/rbot_gpt54_pg40_bounded_local_diagnostic_rerun_with_metrics_v0/adapter_output_review.csv; audits/rbot_gpt54_pg40_bounded_local_diagnostic_rerun_with_metrics_v0/db_checker_timing_review.csv,cases/PERF/PERF_0082/manifest.yaml#taxonomy.sql_feature,"retained manifest taxonomy tag; absent axes for this case: rewrite_opportunity, plan_operator, workload_realism, portability_risk"
rbot_gpt54_adapted,rbot_gpt54_adapted,PERF_0082,PERF,sql_feature,filter,exact,true,true,true,true,changed,audits/rbot_gpt54_pg40_bounded_local_diagnostic_rerun_with_metrics_v0/adapter_output_review.csv; audits/rbot_gpt54_pg40_bounded_local_diagnostic_rerun_with_metrics_v0/db_checker_timing_review.csv,cases/PERF/PERF_0082/manifest.yaml#taxonomy.sql_feature,"retained manifest taxonomy tag; absent axes for this case: rewrite_opportunity, plan_operator, workload_realism, portability_risk"
rbot_gpt54_adapted,rbot_gpt54_adapted,PERF_0082,PERF,sql_feature,join,exact,true,true,true,true,changed,audits/rbot_gpt54_pg40_bounded_local_diagnostic_rerun_with_metrics_v0/adapter_output_review.csv; audits/rbot_gpt54_pg40_bounded_local_diagnostic_rerun_with_metrics_v0/db_checker_timing_review.csv,cases/PERF/PERF_0082/manifest.yaml#taxonomy.sql_feature,"retained manifest taxonomy tag; absent axes for this case: rewrite_opportunity, plan_operator, workload_realism, portability_risk"
rbot_gpt54_adapted,rbot_gpt54_adapted,PERF_0082,PERF,sql_feature,materialize,exact,true,true,true,true,changed,audits/rbot_gpt54_pg40_bounded_local_diagnostic_rerun_with_metrics_v0/adapter_output_review.csv; audits/rbot_gpt54_pg40_bounded_local_diagnostic_rerun_with_metrics_v0/db_checker_timing_review.csv,cases/PERF/PERF_0082/manifest.yaml#taxonomy.sql_feature,"retained manifest taxonomy tag; absent axes for this case: rewrite_opportunity, plan_operator, workload_realism, portability_risk"
rbot_gpt54_adapted,rbot_gpt54_adapted,PERF_0082,PERF,sql_feature,text_like_predicate,exact,true,true,true,true,changed,audits/rbot_gpt54_pg40_bounded_local_diagnostic_rerun_with_metrics_v0/adapter_output_review.csv; audits/rbot_gpt54_pg40_bounded_local_diagnostic_rerun_with_metrics_v0/db_checker_timing_review.csv,cases/PERF/PERF_0082/manifest.yaml#taxonomy.sql_feature,"retained manifest taxonomy tag; absent axes for this case: rewrite_opportunity, plan_operator, workload_realism, portability_risk"
rbot_gpt54_adapted,rbot_gpt54_adapted,CONS_0005,CONS,sql_feature,correlated_subquery,exact,true,true,true,true,changed,audits/rbot_gpt54_pg40_bounded_local_diagnostic_rerun_with_metrics_v0/adapter_output_review.csv; audits/rbot_gpt54_pg40_bounded_local_diagnostic_rerun_with_metrics_v0/db_checker_timing_review.csv,cases/CONS/CONS_0005/manifest.yaml#taxonomy.sql_feature,"retained manifest taxonomy tag; absent axes for this case: plan_operator, workload_realism"
rbot_gpt54_adapted,rbot_gpt54_adapted,CONS_0005,CONS,rewrite_opportunity,subquery_decorrelation,exact,true,true,true,true,changed,audits/rbot_gpt54_pg40_bounded_local_diagnostic_rerun_with_metrics_v0/adapter_output_review.csv; audits/rbot_gpt54_pg40_bounded_local_diagnostic_rerun_with_metrics_v0/db_checker_timing_review.csv,cases/CONS/CONS_0005/manifest.yaml#taxonomy.rewrite_opportunity,"retained manifest taxonomy tag; absent axes for this case: plan_operator, workload_realism"
rbot_gpt54_adapted,rbot_gpt54_adapted,CONS_0005,CONS,portability_risk,null_semantics_gap,exact,true,true,true,true,changed,audits/rbot_gpt54_pg40_bounded_local_diagnostic_rerun_with_metrics_v0/adapter_output_review.csv; audits/rbot_gpt54_pg40_bounded_local_diagnostic_rerun_with_metrics_v0/db_checker_timing_review.csv,cases/CONS/CONS_0005/manifest.yaml#taxonomy.portability,"retained manifest taxonomy tag; absent axes for this case: plan_operator, workload_realism"
rbot_gpt54_adapted,rbot_gpt54_adapted,CONS_0007,CONS,sql_feature,correlated_subquery,exact,true,true,true,true,changed,audits/rbot_gpt54_pg40_bounded_local_diagnostic_rerun_with_metrics_v0/adapter_output_review.csv; audits/rbot_gpt54_pg40_bounded_local_diagnostic_rerun_with_metrics_v0/db_checker_timing_review.csv,cases/CONS/CONS_0007/manifest.yaml#taxonomy.sql_feature,"retained manifest taxonomy tag; absent axes for this case: rewrite_opportunity, plan_operator, workload_realism, portability_risk"
rbot_gpt54_adapted,rbot_gpt54_adapted,CONS_0007,CONS,sql_feature,subquery_in_from,exact,true,true,true,true,changed,audits/rbot_gpt54_pg40_bounded_local_diagnostic_rerun_with_metrics_v0/adapter_output_review.csv; audits/rbot_gpt54_pg40_bounded_local_diagnostic_rerun_with_metrics_v0/db_checker_timing_review.csv,cases/CONS/CONS_0007/manifest.yaml#taxonomy.sql_feature,"retained manifest taxonomy tag; absent axes for this case: rewrite_opportunity, plan_operator, workload_realism, portability_risk"
rbot_gpt54_adapted,rbot_gpt54_adapted,CONS_0009,CONS,sql_feature,correlated_subquery,exact,true,true,true,true,changed,audits/rbot_gpt54_pg40_bounded_local_diagnostic_rerun_with_metrics_v0/adapter_output_review.csv; audits/rbot_gpt54_pg40_bounded_local_diagnostic_rerun_with_metrics_v0/db_checker_timing_review.csv,cases/CONS/CONS_0009/manifest.yaml#taxonomy.sql_feature,"retained manifest taxonomy tag; absent axes for this case: rewrite_opportunity, plan_operator, workload_realism, portability_risk"
rbot_gpt54_adapted,rbot_gpt54_adapted,CONS_0009,CONS,sql_feature,set_operation,exact,true,true,true,true,changed,audits/rbot_gpt54_pg40_bounded_local_diagnostic_rerun_with_metrics_v0/adapter_output_review.csv; audits/rbot_gpt54_pg40_bounded_local_diagnostic_rerun_with_metrics_v0/db_checker_timing_review.csv,cases/CONS/CONS_0009/manifest.yaml#taxonomy.sql_feature,"retained manifest taxonomy tag; absent axes for this case: rewrite_opportunity, plan_operator, workload_realism, portability_risk"
rbot_gpt54_adapted,rbot_gpt54_adapted,CONS_0010,CONS,sql_feature,correlated_subquery,exact,true,true,true,true,changed,audits/rbot_gpt54_pg40_bounded_local_diagnostic_rerun_with_metrics_v0/adapter_output_review.csv; audits/rbot_gpt54_pg40_bounded_local_diagnostic_rerun_with_metrics_v0/db_checker_timing_review.csv,cases/CONS/CONS_0010/manifest.yaml#taxonomy.sql_feature,"retained manifest taxonomy tag; absent axes for this case: rewrite_opportunity, plan_operator, workload_realism, portability_risk"
rbot_gpt54_adapted,rbot_gpt54_adapted,CONS_0011,CONS,sql_feature,correlated_subquery,exact,true,true,true,true,changed,audits/rbot_gpt54_pg40_bounded_local_diagnostic_rerun_with_metrics_v0/adapter_output_review.csv; audits/rbot_gpt54_pg40_bounded_local_diagnostic_rerun_with_metrics_v0/db_checker_timing_review.csv,cases/CONS/CONS_0011/manifest.yaml#taxonomy.sql_feature,"retained manifest taxonomy tag; absent axes for this case: rewrite_opportunity, plan_operator, workload_realism, portability_risk"
rbot_gpt54_adapted,rbot_gpt54_adapted,CONS_0011,CONS,sql_feature,outer_join,exact,true,true,true,true,changed,audits/rbot_gpt54_pg40_bounded_local_diagnostic_rerun_with_metrics_v0/adapter_output_review.csv; audits/rbot_gpt54_pg40_bounded_local_diagnostic_rerun_with_metrics_v0/db_checker_timing_review.csv,cases/CONS/CONS_0011/manifest.yaml#taxonomy.sql_feature,"retained manifest taxonomy tag; absent axes for this case: rewrite_opportunity, plan_operator, workload_realism, portability_risk"
rbot_gpt54_adapted,rbot_gpt54_adapted,CONS_0012,CONS,sql_feature,correlated_subquery,exact,true,true,true,true,changed,audits/rbot_gpt54_pg40_bounded_local_diagnostic_rerun_with_metrics_v0/adapter_output_review.csv; audits/rbot_gpt54_pg40_bounded_local_diagnostic_rerun_with_metrics_v0/db_checker_timing_review.csv,cases/CONS/CONS_0012/manifest.yaml#taxonomy.sql_feature,"retained manifest taxonomy tag; absent axes for this case: plan_operator, workload_realism"
rbot_gpt54_adapted,rbot_gpt54_adapted,CONS_0012,CONS,rewrite_opportunity,order_limit_simplification,exact,true,true,true,true,changed,audits/rbot_gpt54_pg40_bounded_local_diagnostic_rerun_with_metrics_v0/adapter_output_review.csv; audits/rbot_gpt54_pg40_bounded_local_diagnostic_rerun_with_metrics_v0/db_checker_timing_review.csv,cases/CONS/CONS_0012/manifest.yaml#taxonomy.rewrite_opportunity,"retained manifest taxonomy tag; absent axes for this case: plan_operator, workload_realism"
rbot_gpt54_adapted,rbot_gpt54_adapted,CONS_0012,CONS,rewrite_opportunity,subquery_decorrelation,exact,true,true,true,true,changed,audits/rbot_gpt54_pg40_bounded_local_diagnostic_rerun_with_metrics_v0/adapter_output_review.csv; audits/rbot_gpt54_pg40_bounded_local_diagnostic_rerun_with_metrics_v0/db_checker_timing_review.csv,cases/CONS/CONS_0012/manifest.yaml#taxonomy.rewrite_opportunity,"retained manifest taxonomy tag; absent axes for this case: plan_operator, workload_realism"
rbot_gpt54_adapted,rbot_gpt54_adapted,CONS_0012,CONS,portability_risk,limit_fetch_gap,exact,true,true,true,true,changed,audits/rbot_gpt54_pg40_bounded_local_diagnostic_rerun_with_metrics_v0/adapter_output_review.csv; audits/rbot_gpt54_pg40_bounded_local_diagnostic_rerun_with_metrics_v0/db_checker_timing_review.csv,cases/CONS/CONS_0012/manifest.yaml#taxonomy.portability,"retained manifest taxonomy tag; absent axes for this case: plan_operator, workload_realism"
rbot_gpt54_adapted,rbot_gpt54_adapted,CONS_0024,CONS,sql_feature,correlated_subquery,exact,true,true,true,true,changed,audits/rbot_gpt54_pg40_bounded_local_diagnostic_rerun_with_metrics_v0/adapter_output_review.csv; audits/rbot_gpt54_pg40_bounded_local_diagnostic_rerun_with_metrics_v0/db_checker_timing_review.csv,cases/CONS/CONS_0024/manifest.yaml#taxonomy.sql_feature,"retained manifest taxonomy tag; absent axes for this case: plan_operator, workload_realism, portability_risk"
rbot_gpt54_adapted,rbot_gpt54_adapted,CONS_0024,CONS,sql_feature,outer_join,exact,true,true,true,true,changed,audits/rbot_gpt54_pg40_bounded_local_diagnostic_rerun_with_metrics_v0/adapter_output_review.csv; audits/rbot_gpt54_pg40_bounded_local_diagnostic_rerun_with_metrics_v0/db_checker_timing_review.csv,cases/CONS/CONS_0024/manifest.yaml#taxonomy.sql_feature,"retained manifest taxonomy tag; absent axes for this case: plan_operator, workload_realism, portability_risk"
rbot_gpt54_adapted,rbot_gpt54_adapted,CONS_0024,CONS,rewrite_opportunity,subquery_decorrelation,exact,true,true,true,true,changed,audits/rbot_gpt54_pg40_bounded_local_diagnostic_rerun_with_metrics_v0/adapter_output_review.csv; audits/rbot_gpt54_pg40_bounded_local_diagnostic_rerun_with_metrics_v0/db_checker_timing_review.csv,cases/CONS/CONS_0024/manifest.yaml#taxonomy.rewrite_opportunity,"retained manifest taxonomy tag; absent axes for this case: plan_operator, workload_realism, portability_risk"
rbot_gpt54_adapted,rbot_gpt54_adapted,CONS_0036,CONS,rewrite_opportunity,aggregation_rewrite,exact,true,true,true,true,changed,audits/rbot_gpt54_pg40_bounded_local_diagnostic_rerun_with_metrics_v0/adapter_output_review.csv; audits/rbot_gpt54_pg40_bounded_local_diagnostic_rerun_with_metrics_v0/db_checker_timing_review.csv,cases/CONS/CONS_0036/manifest.yaml#taxonomy.rewrite_opportunity,"retained manifest taxonomy tag; absent axes for this case: sql_feature, plan_operator, workload_realism, portability_risk"
rbot_gpt54_adapted,rbot_gpt54_adapted,CONS_0036,CONS,rewrite_opportunity,predicate_pushdown,exact,true,true,true,true,changed,audits/rbot_gpt54_pg40_bounded_local_diagnostic_rerun_with_metrics_v0/adapter_output_review.csv; audits/rbot_gpt54_pg40_bounded_local_diagnostic_rerun_with_metrics_v0/db_checker_timing_review.csv,cases/CONS/CONS_0036/manifest.yaml#taxonomy.rewrite_opportunity,"retained manifest taxonomy tag; absent axes for this case: sql_feature, plan_operator, workload_realism, portability_risk"
rbot_gpt54_adapted,rbot_gpt54_adapted,CONS_0037,CONS,sql_feature,outer_join,exact,true,true,true,true,changed,audits/rbot_gpt54_pg40_bounded_local_diagnostic_rerun_with_metrics_v0/adapter_output_review.csv; audits/rbot_gpt54_pg40_bounded_local_diagnostic_rerun_with_metrics_v0/db_checker_timing_review.csv,cases/CONS/CONS_0037/manifest.yaml#taxonomy.sql_feature,"retained manifest taxonomy tag; absent axes for this case: plan_operator, workload_realism, portability_risk"
rbot_gpt54_adapted,rbot_gpt54_adapted,CONS_0037,CONS,rewrite_opportunity,aggregation_rewrite,exact,true,true,true,true,changed,audits/rbot_gpt54_pg40_bounded_local_diagnostic_rerun_with_metrics_v0/adapter_output_review.csv; audits/rbot_gpt54_pg40_bounded_local_diagnostic_rerun_with_metrics_v0/db_checker_timing_review.csv,cases/CONS/CONS_0037/manifest.yaml#taxonomy.rewrite_opportunity,"retained manifest taxonomy tag; absent axes for this case: plan_operator, workload_realism, portability_risk"
rbot_gpt54_adapted,rbot_gpt54_adapted,PORT_0003,PORT,rewrite_opportunity,dialect_adaptation,exact,true,true,true,true,changed,audits/rbot_gpt54_pg40_bounded_local_diagnostic_rerun_with_metrics_v0/adapter_output_review.csv; audits/rbot_gpt54_pg40_bounded_local_diagnostic_rerun_with_metrics_v0/db_checker_timing_review.csv,cases/PORT/PORT_0003/manifest.yaml#taxonomy.rewrite_opportunity,"retained manifest taxonomy tag; absent axes for this case: sql_feature, plan_operator, workload_realism"
rbot_gpt54_adapted,rbot_gpt54_adapted,PORT_0003,PORT,rewrite_opportunity,order_limit_simplification,exact,true,true,true,true,changed,audits/rbot_gpt54_pg40_bounded_local_diagnostic_rerun_with_metrics_v0/adapter_output_review.csv; audits/rbot_gpt54_pg40_bounded_local_diagnostic_rerun_with_metrics_v0/db_checker_timing_review.csv,cases/PORT/PORT_0003/manifest.yaml#taxonomy.rewrite_opportunity,"retained manifest taxonomy tag; absent axes for this case: sql_feature, plan_operator, workload_realism"
rbot_gpt54_adapted,rbot_gpt54_adapted,PORT_0003,PORT,portability_risk,identifier_quoting,exact,true,true,true,true,changed,audits/rbot_gpt54_pg40_bounded_local_diagnostic_rerun_with_metrics_v0/adapter_output_review.csv; audits/rbot_gpt54_pg40_bounded_local_diagnostic_rerun_with_metrics_v0/db_checker_timing_review.csv,cases/PORT/PORT_0003/manifest.yaml#taxonomy.portability,"retained manifest taxonomy tag; absent axes for this case: sql_feature, plan_operator, workload_realism"
rbot_gpt54_adapted,rbot_gpt54_adapted,PORT_0003,PORT,portability_risk,limit_fetch_gap,exact,true,true,true,true,changed,audits/rbot_gpt54_pg40_bounded_local_diagnostic_rerun_with_metrics_v0/adapter_output_review.csv; audits/rbot_gpt54_pg40_bounded_local_diagnostic_rerun_with_metrics_v0/db_checker_timing_review.csv,cases/PORT/PORT_0003/manifest.yaml#taxonomy.portability,"retained manifest taxonomy tag; absent axes for this case: sql_feature, plan_operator, workload_realism"
rbot_gpt54_adapted,rbot_gpt54_adapted,PORT_0003,PORT,portability_risk,null_semantics_gap,exact,true,true,true,true,changed,audits/rbot_gpt54_pg40_bounded_local_diagnostic_rerun_with_metrics_v0/adapter_output_review.csv; audits/rbot_gpt54_pg40_bounded_local_diagnostic_rerun_with_metrics_v0/db_checker_timing_review.csv,cases/PORT/PORT_0003/manifest.yaml#taxonomy.portability,"retained manifest taxonomy tag; absent axes for this case: sql_feature, plan_operator, workload_realism"
rbot_gpt54_adapted,rbot_gpt54_adapted,PORT_0004,PORT,rewrite_opportunity,dialect_adaptation,timing_ineligible_exact,true,true,true,false,changed,audits/rbot_gpt54_pg40_bounded_local_diagnostic_rerun_with_metrics_v0/adapter_output_review.csv; audits/rbot_gpt54_pg40_bounded_local_diagnostic_rerun_with_metrics_v0/db_checker_timing_review.csv,cases/PORT/PORT_0004/manifest.yaml#taxonomy.rewrite_opportunity,"retained manifest taxonomy tag; absent axes for this case: sql_feature, plan_operator, workload_realism"
rbot_gpt54_adapted,rbot_gpt54_adapted,PORT_0004,PORT,portability_risk,date_filter_semantics,timing_ineligible_exact,true,true,true,false,changed,audits/rbot_gpt54_pg40_bounded_local_diagnostic_rerun_with_metrics_v0/adapter_output_review.csv; audits/rbot_gpt54_pg40_bounded_local_diagnostic_rerun_with_metrics_v0/db_checker_timing_review.csv,cases/PORT/PORT_0004/manifest.yaml#taxonomy.portability_focus,"retained manifest taxonomy tag; absent axes for this case: sql_feature, plan_operator, workload_realism"
rbot_gpt54_adapted,rbot_gpt54_adapted,PORT_0004,PORT,portability_risk,datetime_semantics_gap,timing_ineligible_exact,true,true,true,false,changed,audits/rbot_gpt54_pg40_bounded_local_diagnostic_rerun_with_metrics_v0/adapter_output_review.csv; audits/rbot_gpt54_pg40_bounded_local_diagnostic_rerun_with_metrics_v0/db_checker_timing_review.csv,cases/PORT/PORT_0004/manifest.yaml#taxonomy.portability,"retained manifest taxonomy tag; absent axes for this case: sql_feature, plan_operator, workload_realism"
rbot_gpt54_adapted,rbot_gpt54_adapted,PORT_0004,PORT,portability_risk,identifier_quoting,timing_ineligible_exact,true,true,true,false,changed,audits/rbot_gpt54_pg40_bounded_local_diagnostic_rerun_with_metrics_v0/adapter_output_review.csv; audits/rbot_gpt54_pg40_bounded_local_diagnostic_rerun_with_metrics_v0/db_checker_timing_review.csv,cases/PORT/PORT_0004/manifest.yaml#taxonomy.portability,"retained manifest taxonomy tag; absent axes for this case: sql_feature, plan_operator, workload_realism"
rbot_gpt54_adapted,rbot_gpt54_adapted,PORT_0004,PORT,portability_risk,literal_predicate_boundary,timing_ineligible_exact,true,true,true,false,changed,audits/rbot_gpt54_pg40_bounded_local_diagnostic_rerun_with_metrics_v0/adapter_output_review.csv; audits/rbot_gpt54_pg40_bounded_local_diagnostic_rerun_with_metrics_v0/db_checker_timing_review.csv,cases/PORT/PORT_0004/manifest.yaml#taxonomy.portability_focus,"retained manifest taxonomy tag; absent axes for this case: sql_feature, plan_operator, workload_realism"
rbot_gpt54_adapted,rbot_gpt54_adapted,PORT_0004,PORT,portability_risk,result_set_semantics,timing_ineligible_exact,true,true,true,false,changed,audits/rbot_gpt54_pg40_bounded_local_diagnostic_rerun_with_metrics_v0/adapter_output_review.csv; audits/rbot_gpt54_pg40_bounded_local_diagnostic_rerun_with_metrics_v0/db_checker_timing_review.csv,cases/PORT/PORT_0004/manifest.yaml#taxonomy.portability_focus,"retained manifest taxonomy tag; absent axes for this case: sql_feature, plan_operator, workload_realism"
rbot_gpt54_adapted,rbot_gpt54_adapted,PORT_0004,PORT,portability_risk,type_semantics_gap,timing_ineligible_exact,true,true,true,false,changed,audits/rbot_gpt54_pg40_bounded_local_diagnostic_rerun_with_metrics_v0/adapter_output_review.csv; audits/rbot_gpt54_pg40_bounded_local_diagnostic_rerun_with_metrics_v0/db_checker_timing_review.csv,cases/PORT/PORT_0004/manifest.yaml#taxonomy.portability,"retained manifest taxonomy tag; absent axes for this case: sql_feature, plan_operator, workload_realism"
rbot_gpt54_adapted,rbot_gpt54_adapted,PORT_0005,PORT,rewrite_opportunity,dialect_adaptation,exact,true,true,true,true,changed,audits/rbot_gpt54_pg40_bounded_local_diagnostic_rerun_with_metrics_v0/adapter_output_review.csv; audits/rbot_gpt54_pg40_bounded_local_diagnostic_rerun_with_metrics_v0/db_checker_timing_review.csv,cases/PORT/PORT_0005/manifest.yaml#taxonomy.rewrite_opportunity,"retained manifest taxonomy tag; absent axes for this case: sql_feature, plan_operator, workload_realism"
rbot_gpt54_adapted,rbot_gpt54_adapted,PORT_0005,PORT,rewrite_opportunity,order_limit_simplification,exact,true,true,true,true,changed,audits/rbot_gpt54_pg40_bounded_local_diagnostic_rerun_with_metrics_v0/adapter_output_review.csv; audits/rbot_gpt54_pg40_bounded_local_diagnostic_rerun_with_metrics_v0/db_checker_timing_review.csv,cases/PORT/PORT_0005/manifest.yaml#taxonomy.rewrite_opportunity,"retained manifest taxonomy tag; absent axes for this case: sql_feature, plan_operator, workload_realism"
rbot_gpt54_adapted,rbot_gpt54_adapted,PORT_0005,PORT,portability_risk,identifier_quoting,exact,true,true,true,true,changed,audits/rbot_gpt54_pg40_bounded_local_diagnostic_rerun_with_metrics_v0/adapter_output_review.csv; audits/rbot_gpt54_pg40_bounded_local_diagnostic_rerun_with_metrics_v0/db_checker_timing_review.csv,cases/PORT/PORT_0005/manifest.yaml#taxonomy.portability,"retained manifest taxonomy tag; absent axes for this case: sql_feature, plan_operator, workload_realism"
rbot_gpt54_adapted,rbot_gpt54_adapted,PORT_0005,PORT,portability_risk,limit_fetch_gap,exact,true,true,true,true,changed,audits/rbot_gpt54_pg40_bounded_local_diagnostic_rerun_with_metrics_v0/adapter_output_review.csv; audits/rbot_gpt54_pg40_bounded_local_diagnostic_rerun_with_metrics_v0/db_checker_timing_review.csv,cases/PORT/PORT_0005/manifest.yaml#taxonomy.portability,"retained manifest taxonomy tag; absent axes for this case: sql_feature, plan_operator, workload_realism"
rbot_gpt54_adapted,rbot_gpt54_adapted,PORT_0005,PORT,portability_risk,null_semantics_gap,exact,true,true,true,true,changed,audits/rbot_gpt54_pg40_bounded_local_diagnostic_rerun_with_metrics_v0/adapter_output_review.csv; audits/rbot_gpt54_pg40_bounded_local_diagnostic_rerun_with_metrics_v0/db_checker_timing_review.csv,cases/PORT/PORT_0005/manifest.yaml#taxonomy.portability,"retained manifest taxonomy tag; absent axes for this case: sql_feature, plan_operator, workload_realism"
rbot_gpt54_adapted,rbot_gpt54_adapted,PORT_0005,PORT,portability_risk,order_direction_gap,exact,true,true,true,true,changed,audits/rbot_gpt54_pg40_bounded_local_diagnostic_rerun_with_metrics_v0/adapter_output_review.csv; audits/rbot_gpt54_pg40_bounded_local_diagnostic_rerun_with_metrics_v0/db_checker_timing_review.csv,cases/PORT/PORT_0005/manifest.yaml#taxonomy.portability,"retained manifest taxonomy tag; absent axes for this case: sql_feature, plan_operator, workload_realism"
rbot_gpt54_adapted,rbot_gpt54_adapted,PORT_0008,PORT,sql_feature,date_time_function,exact,true,true,true,true,changed,audits/rbot_gpt54_pg40_bounded_local_diagnostic_rerun_with_metrics_v0/adapter_output_review.csv; audits/rbot_gpt54_pg40_bounded_local_diagnostic_rerun_with_metrics_v0/db_checker_timing_review.csv,cases/PORT/PORT_0008/manifest.yaml#taxonomy.sql_feature,"retained manifest taxonomy tag; absent axes for this case: plan_operator, workload_realism"
rbot_gpt54_adapted,rbot_gpt54_adapted,PORT_0008,PORT,sql_feature,expression_complexity,exact,true,true,true,true,changed,audits/rbot_gpt54_pg40_bounded_local_diagnostic_rerun_with_metrics_v0/adapter_output_review.csv; audits/rbot_gpt54_pg40_bounded_local_diagnostic_rerun_with_metrics_v0/db_checker_timing_review.csv,cases/PORT/PORT_0008/manifest.yaml#taxonomy.sql_feature,"retained manifest taxonomy tag; absent axes for this case: plan_operator, workload_realism"
rbot_gpt54_adapted,rbot_gpt54_adapted,PORT_0008,PORT,rewrite_opportunity,dialect_adaptation,exact,true,true,true,true,changed,audits/rbot_gpt54_pg40_bounded_local_diagnostic_rerun_with_metrics_v0/adapter_output_review.csv; audits/rbot_gpt54_pg40_bounded_local_diagnostic_rerun_with_metrics_v0/db_checker_timing_review.csv,cases/PORT/PORT_0008/manifest.yaml#taxonomy.rewrite_opportunity,"retained manifest taxonomy tag; absent axes for this case: plan_operator, workload_realism"
rbot_gpt54_adapted,rbot_gpt54_adapted,PORT_0008,PORT,rewrite_opportunity,function_normalization,exact,true,true,true,true,changed,audits/rbot_gpt54_pg40_bounded_local_diagnostic_rerun_with_metrics_v0/adapter_output_review.csv; audits/rbot_gpt54_pg40_bounded_local_diagnostic_rerun_with_metrics_v0/db_checker_timing_review.csv,cases/PORT/PORT_0008/manifest.yaml#taxonomy.rewrite_opportunity,"retained manifest taxonomy tag; absent axes for this case: plan_operator, workload_realism"
rbot_gpt54_adapted,rbot_gpt54_adapted,PORT_0008,PORT,portability_risk,date_time_semantics,exact,true,true,true,true,changed,audits/rbot_gpt54_pg40_bounded_local_diagnostic_rerun_with_metrics_v0/adapter_output_review.csv; audits/rbot_gpt54_pg40_bounded_local_diagnostic_rerun_with_metrics_v0/db_checker_timing_review.csv,cases/PORT/PORT_0008/manifest.yaml#taxonomy.portability,"retained manifest taxonomy tag; absent axes for this case: plan_operator, workload_realism"
rbot_gpt54_adapted,rbot_gpt54_adapted,PORT_0008,PORT,portability_risk,identifier_case_or_quoting,exact,true,true,true,true,changed,audits/rbot_gpt54_pg40_bounded_local_diagnostic_rerun_with_metrics_v0/adapter_output_review.csv; audits/rbot_gpt54_pg40_bounded_local_diagnostic_rerun_with_metrics_v0/db_checker_timing_review.csv,cases/PORT/PORT_0008/manifest.yaml#taxonomy.portability,"retained manifest taxonomy tag; absent axes for this case: plan_operator, workload_realism"
rbot_gpt54_adapted,rbot_gpt54_adapted,PORT_0008,PORT,portability_risk,type_coercion,exact,true,true,true,true,changed,audits/rbot_gpt54_pg40_bounded_local_diagnostic_rerun_with_metrics_v0/adapter_output_review.csv; audits/rbot_gpt54_pg40_bounded_local_diagnostic_rerun_with_metrics_v0/db_checker_timing_review.csv,cases/PORT/PORT_0008/manifest.yaml#taxonomy.portability,"retained manifest taxonomy tag; absent axes for this case: plan_operator, workload_realism"
rbot_gpt54_adapted,rbot_gpt54_adapted,PORT_0012,PORT,sql_feature,date_time_function,exact,true,true,true,true,changed,audits/rbot_gpt54_pg40_bounded_local_diagnostic_rerun_with_metrics_v0/adapter_output_review.csv; audits/rbot_gpt54_pg40_bounded_local_diagnostic_rerun_with_metrics_v0/db_checker_timing_review.csv,cases/PORT/PORT_0012/manifest.yaml#taxonomy.sql_feature,"retained manifest taxonomy tag; absent axes for this case: plan_operator, workload_realism"
rbot_gpt54_adapted,rbot_gpt54_adapted,PORT_0012,PORT,sql_feature,expression_complexity,exact,true,true,true,true,changed,audits/rbot_gpt54_pg40_bounded_local_diagnostic_rerun_with_metrics_v0/adapter_output_review.csv; audits/rbot_gpt54_pg40_bounded_local_diagnostic_rerun_with_metrics_v0/db_checker_timing_review.csv,cases/PORT/PORT_0012/manifest.yaml#taxonomy.sql_feature,"retained manifest taxonomy tag; absent axes for this case: plan_operator, workload_realism"
rbot_gpt54_adapted,rbot_gpt54_adapted,PORT_0012,PORT,rewrite_opportunity,dialect_adaptation,exact,true,true,true,true,changed,audits/rbot_gpt54_pg40_bounded_local_diagnostic_rerun_with_metrics_v0/adapter_output_review.csv; audits/rbot_gpt54_pg40_bounded_local_diagnostic_rerun_with_metrics_v0/db_checker_timing_review.csv,cases/PORT/PORT_0012/manifest.yaml#taxonomy.rewrite_opportunity,"retained manifest taxonomy tag; absent axes for this case: plan_operator, workload_realism"
rbot_gpt54_adapted,rbot_gpt54_adapted,PORT_0012,PORT,rewrite_opportunity,expression_simplification,exact,true,true,true,true,changed,audits/rbot_gpt54_pg40_bounded_local_diagnostic_rerun_with_metrics_v0/adapter_output_review.csv; audits/rbot_gpt54_pg40_bounded_local_diagnostic_rerun_with_metrics_v0/db_checker_timing_review.csv,cases/PORT/PORT_0012/manifest.yaml#taxonomy.rewrite_opportunity,"retained manifest taxonomy tag; absent axes for this case: plan_operator, workload_realism"
rbot_gpt54_adapted,rbot_gpt54_adapted,PORT_0012,PORT,rewrite_opportunity,function_normalization,exact,true,true,true,true,changed,audits/rbot_gpt54_pg40_bounded_local_diagnostic_rerun_with_metrics_v0/adapter_output_review.csv; audits/rbot_gpt54_pg40_bounded_local_diagnostic_rerun_with_metrics_v0/db_checker_timing_review.csv,cases/PORT/PORT_0012/manifest.yaml#taxonomy.rewrite_opportunity,"retained manifest taxonomy tag; absent axes for this case: plan_operator, workload_realism"
rbot_gpt54_adapted,rbot_gpt54_adapted,PORT_0012,PORT,portability_risk,datetime_semantics_gap,exact,true,true,true,true,changed,audits/rbot_gpt54_pg40_bounded_local_diagnostic_rerun_with_metrics_v0/adapter_output_review.csv; audits/rbot_gpt54_pg40_bounded_local_diagnostic_rerun_with_metrics_v0/db_checker_timing_review.csv,cases/PORT/PORT_0012/manifest.yaml#taxonomy.portability,"retained manifest taxonomy tag; absent axes for this case: plan_operator, workload_realism"
rbot_gpt54_adapted,rbot_gpt54_adapted,PORT_0012,PORT,portability_risk,identifier_quoting,exact,true,true,true,true,changed,audits/rbot_gpt54_pg40_bounded_local_diagnostic_rerun_with_metrics_v0/adapter_output_review.csv; audits/rbot_gpt54_pg40_bounded_local_diagnostic_rerun_with_metrics_v0/db_checker_timing_review.csv,cases/PORT/PORT_0012/manifest.yaml#taxonomy.portability,"retained manifest taxonomy tag; absent axes for this case: plan_operator, workload_realism"
rbot_gpt54_adapted,rbot_gpt54_adapted,PORT_0012,PORT,portability_risk,type_semantics_gap,exact,true,true,true,true,changed,audits/rbot_gpt54_pg40_bounded_local_diagnostic_rerun_with_metrics_v0/adapter_output_review.csv; audits/rbot_gpt54_pg40_bounded_local_diagnostic_rerun_with_metrics_v0/db_checker_timing_review.csv,cases/PORT/PORT_0012/manifest.yaml#taxonomy.portability,"retained manifest taxonomy tag; absent axes for this case: plan_operator, workload_realism"
rbot_gpt54_adapted,rbot_gpt54_adapted,PORT_0013,PORT,sql_feature,expression_complexity,mismatch,true,true,false,false,changed,audits/rbot_gpt54_pg40_bounded_local_diagnostic_rerun_with_metrics_v0/adapter_output_review.csv; audits/rbot_gpt54_pg40_bounded_local_diagnostic_rerun_with_metrics_v0/db_checker_timing_review.csv,cases/PORT/PORT_0013/manifest.yaml#taxonomy.sql_feature,"retained manifest taxonomy tag; absent axes for this case: plan_operator, workload_realism"
rbot_gpt54_adapted,rbot_gpt54_adapted,PORT_0013,PORT,rewrite_opportunity,dialect_adaptation,mismatch,true,true,false,false,changed,audits/rbot_gpt54_pg40_bounded_local_diagnostic_rerun_with_metrics_v0/adapter_output_review.csv; audits/rbot_gpt54_pg40_bounded_local_diagnostic_rerun_with_metrics_v0/db_checker_timing_review.csv,cases/PORT/PORT_0013/manifest.yaml#taxonomy.rewrite_opportunity,"retained manifest taxonomy tag; absent axes for this case: plan_operator, workload_realism"
rbot_gpt54_adapted,rbot_gpt54_adapted,PORT_0013,PORT,rewrite_opportunity,expression_simplification,mismatch,true,true,false,false,changed,audits/rbot_gpt54_pg40_bounded_local_diagnostic_rerun_with_metrics_v0/adapter_output_review.csv; audits/rbot_gpt54_pg40_bounded_local_diagnostic_rerun_with_metrics_v0/db_checker_timing_review.csv,cases/PORT/PORT_0013/manifest.yaml#taxonomy.rewrite_opportunity,"retained manifest taxonomy tag; absent axes for this case: plan_operator, workload_realism"
rbot_gpt54_adapted,rbot_gpt54_adapted,PORT_0013,PORT,portability_risk,boolean_semantics_gap,mismatch,true,true,false,false,changed,audits/rbot_gpt54_pg40_bounded_local_diagnostic_rerun_with_metrics_v0/adapter_output_review.csv; audits/rbot_gpt54_pg40_bounded_local_diagnostic_rerun_with_metrics_v0/db_checker_timing_review.csv,cases/PORT/PORT_0013/manifest.yaml#taxonomy.portability,"retained manifest taxonomy tag; absent axes for this case: plan_operator, workload_realism"
rbot_gpt54_adapted,rbot_gpt54_adapted,PORT_0013,PORT,portability_risk,complex_expression_density,mismatch,true,true,false,false,changed,audits/rbot_gpt54_pg40_bounded_local_diagnostic_rerun_with_metrics_v0/adapter_output_review.csv; audits/rbot_gpt54_pg40_bounded_local_diagnostic_rerun_with_metrics_v0/db_checker_timing_review.csv,cases/PORT/PORT_0013/manifest.yaml#taxonomy.portability_focus,"retained manifest taxonomy tag; absent axes for this case: plan_operator, workload_realism"
rbot_gpt54_adapted,rbot_gpt54_adapted,PORT_0013,PORT,portability_risk,identifier_quoting,mismatch,true,true,false,false,changed,audits/rbot_gpt54_pg40_bounded_local_diagnostic_rerun_with_metrics_v0/adapter_output_review.csv; audits/rbot_gpt54_pg40_bounded_local_diagnostic_rerun_with_metrics_v0/db_checker_timing_review.csv,cases/PORT/PORT_0013/manifest.yaml#taxonomy.portability,"retained manifest taxonomy tag; absent axes for this case: plan_operator, workload_realism"
rbot_gpt54_adapted,rbot_gpt54_adapted,PORT_0013,PORT,portability_risk,type_semantics_gap,mismatch,true,true,false,false,changed,audits/rbot_gpt54_pg40_bounded_local_diagnostic_rerun_with_metrics_v0/adapter_output_review.csv; audits/rbot_gpt54_pg40_bounded_local_diagnostic_rerun_with_metrics_v0/db_checker_timing_review.csv,cases/PORT/PORT_0013/manifest.yaml#taxonomy.portability,"retained manifest taxonomy tag; absent axes for this case: plan_operator, workload_realism"
rbot_gpt54_adapted,rbot_gpt54_adapted,PORT_0022,PORT,rewrite_opportunity,dialect_adaptation,timing_ineligible_exact,true,true,true,false,changed,audits/rbot_gpt54_pg40_bounded_local_diagnostic_rerun_with_metrics_v0/adapter_output_review.csv; audits/rbot_gpt54_pg40_bounded_local_diagnostic_rerun_with_metrics_v0/db_checker_timing_review.csv,cases/PORT/PORT_0022/manifest.yaml#taxonomy.rewrite_opportunity,"retained manifest taxonomy tag; absent axes for this case: sql_feature, plan_operator, workload_realism"
rbot_gpt54_adapted,rbot_gpt54_adapted,PORT_0022,PORT,portability_risk,date_filter_semantics,timing_ineligible_exact,true,true,true,false,changed,audits/rbot_gpt54_pg40_bounded_local_diagnostic_rerun_with_metrics_v0/adapter_output_review.csv; audits/rbot_gpt54_pg40_bounded_local_diagnostic_rerun_with_metrics_v0/db_checker_timing_review.csv,cases/PORT/PORT_0022/manifest.yaml#taxonomy.portability,"retained manifest taxonomy tag; absent axes for this case: sql_feature, plan_operator, workload_realism"
rbot_gpt54_adapted,rbot_gpt54_adapted,PORT_0022,PORT,portability_risk,date_time_semantics,timing_ineligible_exact,true,true,true,false,changed,audits/rbot_gpt54_pg40_bounded_local_diagnostic_rerun_with_metrics_v0/adapter_output_review.csv; audits/rbot_gpt54_pg40_bounded_local_diagnostic_rerun_with_metrics_v0/db_checker_timing_review.csv,cases/PORT/PORT_0022/manifest.yaml#taxonomy.portability,"retained manifest taxonomy tag; absent axes for this case: sql_feature, plan_operator, workload_realism"
rbot_gpt54_adapted,rbot_gpt54_adapted,PORT_0022,PORT,portability_risk,join_aggregate_input_boundary,timing_ineligible_exact,true,true,true,false,changed,audits/rbot_gpt54_pg40_bounded_local_diagnostic_rerun_with_metrics_v0/adapter_output_review.csv; audits/rbot_gpt54_pg40_bounded_local_diagnostic_rerun_with_metrics_v0/db_checker_timing_review.csv,cases/PORT/PORT_0022/manifest.yaml#taxonomy.portability,"retained manifest taxonomy tag; absent axes for this case: sql_feature, plan_operator, workload_realism"
rbot_gpt54_adapted,rbot_gpt54_adapted,PORT_0022,PORT,portability_risk,literal_predicate_boundary,timing_ineligible_exact,true,true,true,false,changed,audits/rbot_gpt54_pg40_bounded_local_diagnostic_rerun_with_metrics_v0/adapter_output_review.csv; audits/rbot_gpt54_pg40_bounded_local_diagnostic_rerun_with_metrics_v0/db_checker_timing_review.csv,cases/PORT/PORT_0022/manifest.yaml#taxonomy.portability,"retained manifest taxonomy tag; absent axes for this case: sql_feature, plan_operator, workload_realism"
rbot_gpt54_adapted,rbot_gpt54_adapted,PORT_0022,PORT,portability_risk,type_coercion,timing_ineligible_exact,true,true,true,false,changed,audits/rbot_gpt54_pg40_bounded_local_diagnostic_rerun_with_metrics_v0/adapter_output_review.csv; audits/rbot_gpt54_pg40_bounded_local_diagnostic_rerun_with_metrics_v0/db_checker_timing_review.csv,cases/PORT/PORT_0022/manifest.yaml#taxonomy.portability,"retained manifest taxonomy tag; absent axes for this case: sql_feature, plan_operator, workload_realism"
rbot_gpt54_adapted,rbot_gpt54_adapted,PORT_0024,PORT,rewrite_opportunity,dialect_adaptation,timing_ineligible_exact,true,true,true,false,changed,audits/rbot_gpt54_pg40_bounded_local_diagnostic_rerun_with_metrics_v0/adapter_output_review.csv; audits/rbot_gpt54_pg40_bounded_local_diagnostic_rerun_with_metrics_v0/db_checker_timing_review.csv,cases/PORT/PORT_0024/manifest.yaml#taxonomy.rewrite_opportunity,"retained manifest taxonomy tag; absent axes for this case: sql_feature, plan_operator, workload_realism"
rbot_gpt54_adapted,rbot_gpt54_adapted,PORT_0024,PORT,portability_risk,aggregate_expression_semantics,timing_ineligible_exact,true,true,true,false,changed,audits/rbot_gpt54_pg40_bounded_local_diagnostic_rerun_with_metrics_v0/adapter_output_review.csv; audits/rbot_gpt54_pg40_bounded_local_diagnostic_rerun_with_metrics_v0/db_checker_timing_review.csv,cases/PORT/PORT_0024/manifest.yaml#taxonomy.portability,"retained manifest taxonomy tag; absent axes for this case: sql_feature, plan_operator, workload_realism"
rbot_gpt54_adapted,rbot_gpt54_adapted,PORT_0024,PORT,portability_risk,boolean_semantics,timing_ineligible_exact,true,true,true,false,changed,audits/rbot_gpt54_pg40_bounded_local_diagnostic_rerun_with_metrics_v0/adapter_output_review.csv; audits/rbot_gpt54_pg40_bounded_local_diagnostic_rerun_with_metrics_v0/db_checker_timing_review.csv,cases/PORT/PORT_0024/manifest.yaml#taxonomy.portability,"retained manifest taxonomy tag; absent axes for this case: sql_feature, plan_operator, workload_realism"
rbot_gpt54_adapted,rbot_gpt54_adapted,PORT_0024,PORT,portability_risk,literal_predicate_boundary,timing_ineligible_exact,true,true,true,false,changed,audits/rbot_gpt54_pg40_bounded_local_diagnostic_rerun_with_metrics_v0/adapter_output_review.csv; audits/rbot_gpt54_pg40_bounded_local_diagnostic_rerun_with_metrics_v0/db_checker_timing_review.csv,cases/PORT/PORT_0024/manifest.yaml#taxonomy.portability,"retained manifest taxonomy tag; absent axes for this case: sql_feature, plan_operator, workload_realism"
rbot_gpt54_adapted,rbot_gpt54_adapted,PORT_0024,PORT,portability_risk,type_coercion,timing_ineligible_exact,true,true,true,false,changed,audits/rbot_gpt54_pg40_bounded_local_diagnostic_rerun_with_metrics_v0/adapter_output_review.csv; audits/rbot_gpt54_pg40_bounded_local_diagnostic_rerun_with_metrics_v0/db_checker_timing_review.csv,cases/PORT/PORT_0024/manifest.yaml#taxonomy.portability,"retained manifest taxonomy tag; absent axes for this case: sql_feature, plan_operator, workload_realism"
rbot_gpt54_adapted,rbot_gpt54_adapted,PORT_0025,PORT,rewrite_opportunity,dialect_adaptation,timing_ineligible_exact,true,true,true,false,changed,audits/rbot_gpt54_pg40_bounded_local_diagnostic_rerun_with_metrics_v0/adapter_output_review.csv; audits/rbot_gpt54_pg40_bounded_local_diagnostic_rerun_with_metrics_v0/db_checker_timing_review.csv,cases/PORT/PORT_0025/manifest.yaml#taxonomy.rewrite_opportunity,"retained manifest taxonomy tag; absent axes for this case: sql_feature, plan_operator, workload_realism"
rbot_gpt54_adapted,rbot_gpt54_adapted,PORT_0025,PORT,portability_risk,date_time_semantics,timing_ineligible_exact,true,true,true,false,changed,audits/rbot_gpt54_pg40_bounded_local_diagnostic_rerun_with_metrics_v0/adapter_output_review.csv; audits/rbot_gpt54_pg40_bounded_local_diagnostic_rerun_with_metrics_v0/db_checker_timing_review.csv,cases/PORT/PORT_0025/manifest.yaml#taxonomy.portability,"retained manifest taxonomy tag; absent axes for this case: sql_feature, plan_operator, workload_realism"
rbot_gpt54_adapted,rbot_gpt54_adapted,PORT_0025,PORT,portability_risk,order_direction_semantics,timing_ineligible_exact,true,true,true,false,changed,audits/rbot_gpt54_pg40_bounded_local_diagnostic_rerun_with_metrics_v0/adapter_output_review.csv; audits/rbot_gpt54_pg40_bounded_local_diagnostic_rerun_with_metrics_v0/db_checker_timing_review.csv,cases/PORT/PORT_0025/manifest.yaml#taxonomy.portability,"retained manifest taxonomy tag; absent axes for this case: sql_feature, plan_operator, workload_realism"
rbot_gpt54_adapted,rbot_gpt54_adapted,PORT_0025,PORT,portability_risk,order_limit_semantics,timing_ineligible_exact,true,true,true,false,changed,audits/rbot_gpt54_pg40_bounded_local_diagnostic_rerun_with_metrics_v0/adapter_output_review.csv; audits/rbot_gpt54_pg40_bounded_local_diagnostic_rerun_with_metrics_v0/db_checker_timing_review.csv,cases/PORT/PORT_0025/manifest.yaml#taxonomy.portability,"retained manifest taxonomy tag; absent axes for this case: sql_feature, plan_operator, workload_realism"
rbot_gpt54_adapted,rbot_gpt54_adapted,PORT_0025,PORT,portability_risk,pagination_or_limit_offset,timing_ineligible_exact,true,true,true,false,changed,audits/rbot_gpt54_pg40_bounded_local_diagnostic_rerun_with_metrics_v0/adapter_output_review.csv; audits/rbot_gpt54_pg40_bounded_local_diagnostic_rerun_with_metrics_v0/db_checker_timing_review.csv,cases/PORT/PORT_0025/manifest.yaml#taxonomy.portability,"retained manifest taxonomy tag; absent axes for this case: sql_feature, plan_operator, workload_realism"
rbot_gpt54_adapted,rbot_gpt54_adapted,PORT_0025,PORT,portability_risk,top_1_row_selection,timing_ineligible_exact,true,true,true,false,changed,audits/rbot_gpt54_pg40_bounded_local_diagnostic_rerun_with_metrics_v0/adapter_output_review.csv; audits/rbot_gpt54_pg40_bounded_local_diagnostic_rerun_with_metrics_v0/db_checker_timing_review.csv,cases/PORT/PORT_0025/manifest.yaml#taxonomy.portability,"retained manifest taxonomy tag; absent axes for this case: sql_feature, plan_operator, workload_realism"
rbot_gpt54_adapted,rbot_gpt54_adapted,LONGTAIL_0011,LONGTAIL,sql_feature,aggregate,candidate_execution_failed,true,false,false,false,changed,audits/rbot_gpt54_pg40_bounded_local_diagnostic_rerun_with_metrics_v0/adapter_output_review.csv; audits/rbot_gpt54_pg40_bounded_local_diagnostic_rerun_with_metrics_v0/db_checker_timing_review.csv,cases/LONGTAIL/LONGTAIL_0011/manifest.yaml#taxonomy.sql_feature,"retained manifest taxonomy tag; absent axes for this case: plan_operator, workload_realism, portability_risk"
rbot_gpt54_adapted,rbot_gpt54_adapted,LONGTAIL_0011,LONGTAIL,sql_feature,cte,candidate_execution_failed,true,false,false,false,changed,audits/rbot_gpt54_pg40_bounded_local_diagnostic_rerun_with_metrics_v0/adapter_output_review.csv; audits/rbot_gpt54_pg40_bounded_local_diagnostic_rerun_with_metrics_v0/db_checker_timing_review.csv,cases/LONGTAIL/LONGTAIL_0011/manifest.yaml#taxonomy.sql_feature,"retained manifest taxonomy tag; absent axes for this case: plan_operator, workload_realism, portability_risk"
rbot_gpt54_adapted,rbot_gpt54_adapted,LONGTAIL_0011,LONGTAIL,sql_feature,join,candidate_execution_failed,true,false,false,false,changed,audits/rbot_gpt54_pg40_bounded_local_diagnostic_rerun_with_metrics_v0/adapter_output_review.csv; audits/rbot_gpt54_pg40_bounded_local_diagnostic_rerun_with_metrics_v0/db_checker_timing_review.csv,cases/LONGTAIL/LONGTAIL_0011/manifest.yaml#taxonomy.sql_feature,"retained manifest taxonomy tag; absent axes for this case: plan_operator, workload_realism, portability_risk"
rbot_gpt54_adapted,rbot_gpt54_adapted,LONGTAIL_0011,LONGTAIL,sql_feature,sort,candidate_execution_failed,true,false,false,false,changed,audits/rbot_gpt54_pg40_bounded_local_diagnostic_rerun_with_metrics_v0/adapter_output_review.csv; audits/rbot_gpt54_pg40_bounded_local_diagnostic_rerun_with_metrics_v0/db_checker_timing_review.csv,cases/LONGTAIL/LONGTAIL_0011/manifest.yaml#taxonomy.sql_feature,"retained manifest taxonomy tag; absent axes for this case: plan_operator, workload_realism, portability_risk"
rbot_gpt54_adapted,rbot_gpt54_adapted,LONGTAIL_0011,LONGTAIL,sql_feature,window_function,candidate_execution_failed,true,false,false,false,changed,audits/rbot_gpt54_pg40_bounded_local_diagnostic_rerun_with_metrics_v0/adapter_output_review.csv; audits/rbot_gpt54_pg40_bounded_local_diagnostic_rerun_with_metrics_v0/db_checker_timing_review.csv,cases/LONGTAIL/LONGTAIL_0011/manifest.yaml#taxonomy.sql_feature,"retained manifest taxonomy tag; absent axes for this case: plan_operator, workload_realism, portability_risk"
rbot_gpt54_adapted,rbot_gpt54_adapted,LONGTAIL_0011,LONGTAIL,rewrite_opportunity,cte_strategy,candidate_execution_failed,true,false,false,false,changed,audits/rbot_gpt54_pg40_bounded_local_diagnostic_rerun_with_metrics_v0/adapter_output_review.csv; audits/rbot_gpt54_pg40_bounded_local_diagnostic_rerun_with_metrics_v0/db_checker_timing_review.csv,cases/LONGTAIL/LONGTAIL_0011/manifest.yaml#taxonomy.rewrite_opportunity,"retained manifest taxonomy tag; absent axes for this case: plan_operator, workload_realism, portability_risk"
rbot_gpt54_adapted,rbot_gpt54_adapted,LONGTAIL_0011,LONGTAIL,rewrite_opportunity,expression_simplification,candidate_execution_failed,true,false,false,false,changed,audits/rbot_gpt54_pg40_bounded_local_diagnostic_rerun_with_metrics_v0/adapter_output_review.csv; audits/rbot_gpt54_pg40_bounded_local_diagnostic_rerun_with_metrics_v0/db_checker_timing_review.csv,cases/LONGTAIL/LONGTAIL_0011/manifest.yaml#taxonomy.rewrite_opportunity,"retained manifest taxonomy tag; absent axes for this case: plan_operator, workload_realism, portability_risk"
rbot_gpt54_adapted,rbot_gpt54_adapted,LONGTAIL_0012,LONGTAIL,sql_feature,aggregation,exact,true,true,true,true,changed,audits/rbot_gpt54_pg40_bounded_local_diagnostic_rerun_with_metrics_v0/adapter_output_review.csv; audits/rbot_gpt54_pg40_bounded_local_diagnostic_rerun_with_metrics_v0/db_checker_timing_review.csv,cases/LONGTAIL/LONGTAIL_0012/manifest.yaml#taxonomy.sql_feature,"retained manifest taxonomy tag; absent axes for this case: rewrite_opportunity, plan_operator, workload_realism, portability_risk"
rbot_gpt54_adapted,rbot_gpt54_adapted,LONGTAIL_0012,LONGTAIL,sql_feature,complex_expression,exact,true,true,true,true,changed,audits/rbot_gpt54_pg40_bounded_local_diagnostic_rerun_with_metrics_v0/adapter_output_review.csv; audits/rbot_gpt54_pg40_bounded_local_diagnostic_rerun_with_metrics_v0/db_checker_timing_review.csv,cases/LONGTAIL/LONGTAIL_0012/manifest.yaml#taxonomy.sql_feature,"retained manifest taxonomy tag; absent axes for this case: rewrite_opportunity, plan_operator, workload_realism, portability_risk"
rbot_gpt54_adapted,rbot_gpt54_adapted,LONGTAIL_0012,LONGTAIL,sql_feature,outer_join,exact,true,true,true,true,changed,audits/rbot_gpt54_pg40_bounded_local_diagnostic_rerun_with_metrics_v0/adapter_output_review.csv; audits/rbot_gpt54_pg40_bounded_local_diagnostic_rerun_with_metrics_v0/db_checker_timing_review.csv,cases/LONGTAIL/LONGTAIL_0012/manifest.yaml#taxonomy.sql_feature,"retained manifest taxonomy tag; absent axes for this case: rewrite_opportunity, plan_operator, workload_realism, portability_risk"
rbot_gpt54_adapted,rbot_gpt54_adapted,LONGTAIL_0012,LONGTAIL,sql_feature,sort_limit,exact,true,true,true,true,changed,audits/rbot_gpt54_pg40_bounded_local_diagnostic_rerun_with_metrics_v0/adapter_output_review.csv; audits/rbot_gpt54_pg40_bounded_local_diagnostic_rerun_with_metrics_v0/db_checker_timing_review.csv,cases/LONGTAIL/LONGTAIL_0012/manifest.yaml#taxonomy.sql_feature,"retained manifest taxonomy tag; absent axes for this case: rewrite_opportunity, plan_operator, workload_realism, portability_risk"
rbot_gpt54_adapted,rbot_gpt54_adapted,LONGTAIL_0012,LONGTAIL,sql_feature,subquery_in_from,exact,true,true,true,true,changed,audits/rbot_gpt54_pg40_bounded_local_diagnostic_rerun_with_metrics_v0/adapter_output_review.csv; audits/rbot_gpt54_pg40_bounded_local_diagnostic_rerun_with_metrics_v0/db_checker_timing_review.csv,cases/LONGTAIL/LONGTAIL_0012/manifest.yaml#taxonomy.sql_feature,"retained manifest taxonomy tag; absent axes for this case: rewrite_opportunity, plan_operator, workload_realism, portability_risk"
rbot_gpt54_adapted,rbot_gpt54_adapted,LONGTAIL_0012,LONGTAIL,sql_feature,window_function,exact,true,true,true,true,changed,audits/rbot_gpt54_pg40_bounded_local_diagnostic_rerun_with_metrics_v0/adapter_output_review.csv; audits/rbot_gpt54_pg40_bounded_local_diagnostic_rerun_with_metrics_v0/db_checker_timing_review.csv,cases/LONGTAIL/LONGTAIL_0012/manifest.yaml#taxonomy.sql_feature,"retained manifest taxonomy tag; absent axes for this case: rewrite_opportunity, plan_operator, workload_realism, portability_risk"
rbot_gpt54_adapted,rbot_gpt54_adapted,LONGTAIL_0013,LONGTAIL,sql_feature,aggregation,exact,true,true,true,true,changed,audits/rbot_gpt54_pg40_bounded_local_diagnostic_rerun_with_metrics_v0/adapter_output_review.csv; audits/rbot_gpt54_pg40_bounded_local_diagnostic_rerun_with_metrics_v0/db_checker_timing_review.csv,cases/LONGTAIL/LONGTAIL_0013/manifest.yaml#taxonomy.sql_feature,"retained manifest taxonomy tag; absent axes for this case: rewrite_opportunity, plan_operator, workload_realism, portability_risk"
rbot_gpt54_adapted,rbot_gpt54_adapted,LONGTAIL_0013,LONGTAIL,sql_feature,complex_expression,exact,true,true,true,true,changed,audits/rbot_gpt54_pg40_bounded_local_diagnostic_rerun_with_metrics_v0/adapter_output_review.csv; audits/rbot_gpt54_pg40_bounded_local_diagnostic_rerun_with_metrics_v0/db_checker_timing_review.csv,cases/LONGTAIL/LONGTAIL_0013/manifest.yaml#taxonomy.sql_feature,"retained manifest taxonomy tag; absent axes for this case: rewrite_opportunity, plan_operator, workload_realism, portability_risk"
rbot_gpt54_adapted,rbot_gpt54_adapted,LONGTAIL_0013,LONGTAIL,sql_feature,cte,exact,true,true,true,true,changed,audits/rbot_gpt54_pg40_bounded_local_diagnostic_rerun_with_metrics_v0/adapter_output_review.csv; audits/rbot_gpt54_pg40_bounded_local_diagnostic_rerun_with_metrics_v0/db_checker_timing_review.csv,cases/LONGTAIL/LONGTAIL_0013/manifest.yaml#taxonomy.sql_feature,"retained manifest taxonomy tag; absent axes for this case: rewrite_opportunity, plan_operator, workload_realism, portability_risk"
rbot_gpt54_adapted,rbot_gpt54_adapted,LONGTAIL_0013,LONGTAIL,sql_feature,outer_join,exact,true,true,true,true,changed,audits/rbot_gpt54_pg40_bounded_local_diagnostic_rerun_with_metrics_v0/adapter_output_review.csv; audits/rbot_gpt54_pg40_bounded_local_diagnostic_rerun_with_metrics_v0/db_checker_timing_review.csv,cases/LONGTAIL/LONGTAIL_0013/manifest.yaml#taxonomy.sql_feature,"retained manifest taxonomy tag; absent axes for this case: rewrite_opportunity, plan_operator, workload_realism, portability_risk"
rbot_gpt54_adapted,rbot_gpt54_adapted,LONGTAIL_0013,LONGTAIL,sql_feature,sort,exact,true,true,true,true,changed,audits/rbot_gpt54_pg40_bounded_local_diagnostic_rerun_with_metrics_v0/adapter_output_review.csv; audits/rbot_gpt54_pg40_bounded_local_diagnostic_rerun_with_metrics_v0/db_checker_timing_review.csv,cases/LONGTAIL/LONGTAIL_0013/manifest.yaml#taxonomy.sql_feature,"retained manifest taxonomy tag; absent axes for this case: rewrite_opportunity, plan_operator, workload_realism, portability_risk"
rbot_gpt54_adapted,rbot_gpt54_adapted,LONGTAIL_0013,LONGTAIL,sql_feature,window_function,exact,true,true,true,true,changed,audits/rbot_gpt54_pg40_bounded_local_diagnostic_rerun_with_metrics_v0/adapter_output_review.csv; audits/rbot_gpt54_pg40_bounded_local_diagnostic_rerun_with_metrics_v0/db_checker_timing_review.csv,cases/LONGTAIL/LONGTAIL_0013/manifest.yaml#taxonomy.sql_feature,"retained manifest taxonomy tag; absent axes for this case: rewrite_opportunity, plan_operator, workload_realism, portability_risk"
rbot_gpt54_adapted,rbot_gpt54_adapted,LONGTAIL_0022,LONGTAIL,sql_feature,aggregation,exact,true,true,true,true,changed,audits/rbot_gpt54_pg40_bounded_local_diagnostic_rerun_with_metrics_v0/adapter_output_review.csv; audits/rbot_gpt54_pg40_bounded_local_diagnostic_rerun_with_metrics_v0/db_checker_timing_review.csv,cases/LONGTAIL/LONGTAIL_0022/manifest.yaml#taxonomy.sql_feature,"retained manifest taxonomy tag; absent axes for this case: rewrite_opportunity, plan_operator, workload_realism, portability_risk"
rbot_gpt54_adapted,rbot_gpt54_adapted,LONGTAIL_0022,LONGTAIL,sql_feature,cte,exact,true,true,true,true,changed,audits/rbot_gpt54_pg40_bounded_local_diagnostic_rerun_with_metrics_v0/adapter_output_review.csv; audits/rbot_gpt54_pg40_bounded_local_diagnostic_rerun_with_metrics_v0/db_checker_timing_review.csv,cases/LONGTAIL/LONGTAIL_0022/manifest.yaml#taxonomy.sql_feature,"retained manifest taxonomy tag; absent axes for this case: rewrite_opportunity, plan_operator, workload_realism, portability_risk"
rbot_gpt54_adapted,rbot_gpt54_adapted,LONGTAIL_0022,LONGTAIL,sql_feature,join,exact,true,true,true,true,changed,audits/rbot_gpt54_pg40_bounded_local_diagnostic_rerun_with_metrics_v0/adapter_output_review.csv; audits/rbot_gpt54_pg40_bounded_local_diagnostic_rerun_with_metrics_v0/db_checker_timing_review.csv,cases/LONGTAIL/LONGTAIL_0022/manifest.yaml#taxonomy.sql_feature,"retained manifest taxonomy tag; absent axes for this case: rewrite_opportunity, plan_operator, workload_realism, portability_risk"
rbot_gpt54_adapted,rbot_gpt54_adapted,LONGTAIL_0022,LONGTAIL,sql_feature,outer_join,exact,true,true,true,true,changed,audits/rbot_gpt54_pg40_bounded_local_diagnostic_rerun_with_metrics_v0/adapter_output_review.csv; audits/rbot_gpt54_pg40_bounded_local_diagnostic_rerun_with_metrics_v0/db_checker_timing_review.csv,cases/LONGTAIL/LONGTAIL_0022/manifest.yaml#taxonomy.sql_feature,"retained manifest taxonomy tag; absent axes for this case: rewrite_opportunity, plan_operator, workload_realism, portability_risk"
rbot_gpt54_adapted,rbot_gpt54_adapted,LONGTAIL_0022,LONGTAIL,sql_feature,sort,exact,true,true,true,true,changed,audits/rbot_gpt54_pg40_bounded_local_diagnostic_rerun_with_metrics_v0/adapter_output_review.csv; audits/rbot_gpt54_pg40_bounded_local_diagnostic_rerun_with_metrics_v0/db_checker_timing_review.csv,cases/LONGTAIL/LONGTAIL_0022/manifest.yaml#taxonomy.sql_feature,"retained manifest taxonomy tag; absent axes for this case: rewrite_opportunity, plan_operator, workload_realism, portability_risk"
rbot_gpt54_adapted,rbot_gpt54_adapted,LONGTAIL_0023,LONGTAIL,sql_feature,aggregation,exact,true,true,true,true,changed,audits/rbot_gpt54_pg40_bounded_local_diagnostic_rerun_with_metrics_v0/adapter_output_review.csv; audits/rbot_gpt54_pg40_bounded_local_diagnostic_rerun_with_metrics_v0/db_checker_timing_review.csv,cases/LONGTAIL/LONGTAIL_0023/manifest.yaml#taxonomy.sql_feature,"retained manifest taxonomy tag; absent axes for this case: rewrite_opportunity, plan_operator, workload_realism, portability_risk"
rbot_gpt54_adapted,rbot_gpt54_adapted,LONGTAIL_0023,LONGTAIL,sql_feature,cte,exact,true,true,true,true,changed,audits/rbot_gpt54_pg40_bounded_local_diagnostic_rerun_with_metrics_v0/adapter_output_review.csv; audits/rbot_gpt54_pg40_bounded_local_diagnostic_rerun_with_metrics_v0/db_checker_timing_review.csv,cases/LONGTAIL/LONGTAIL_0023/manifest.yaml#taxonomy.sql_feature,"retained manifest taxonomy tag; absent axes for this case: rewrite_opportunity, plan_operator, workload_realism, portability_risk"
rbot_gpt54_adapted,rbot_gpt54_adapted,LONGTAIL_0023,LONGTAIL,sql_feature,directed_relation,exact,true,true,true,true,changed,audits/rbot_gpt54_pg40_bounded_local_diagnostic_rerun_with_metrics_v0/adapter_output_review.csv; audits/rbot_gpt54_pg40_bounded_local_diagnostic_rerun_with_metrics_v0/db_checker_timing_review.csv,cases/LONGTAIL/LONGTAIL_0023/manifest.yaml#taxonomy.sql_feature,"retained manifest taxonomy tag; absent axes for this case: rewrite_opportunity, plan_operator, workload_realism, portability_risk"
rbot_gpt54_adapted,rbot_gpt54_adapted,LONGTAIL_0023,LONGTAIL,sql_feature,outer_join,exact,true,true,true,true,changed,audits/rbot_gpt54_pg40_bounded_local_diagnostic_rerun_with_metrics_v0/adapter_output_review.csv; audits/rbot_gpt54_pg40_bounded_local_diagnostic_rerun_with_metrics_v0/db_checker_timing_review.csv,cases/LONGTAIL/LONGTAIL_0023/manifest.yaml#taxonomy.sql_feature,"retained manifest taxonomy tag; absent axes for this case: rewrite_opportunity, plan_operator, workload_realism, portability_risk"
rbot_gpt54_adapted,rbot_gpt54_adapted,LONGTAIL_0023,LONGTAIL,sql_feature,sort,exact,true,true,true,true,changed,audits/rbot_gpt54_pg40_bounded_local_diagnostic_rerun_with_metrics_v0/adapter_output_review.csv; audits/rbot_gpt54_pg40_bounded_local_diagnostic_rerun_with_metrics_v0/db_checker_timing_review.csv,cases/LONGTAIL/LONGTAIL_0023/manifest.yaml#taxonomy.sql_feature,"retained manifest taxonomy tag; absent axes for this case: rewrite_opportunity, plan_operator, workload_realism, portability_risk"
rbot_gpt54_adapted,rbot_gpt54_adapted,LONGTAIL_0024,LONGTAIL,sql_feature,aggregation,exact,true,true,true,true,changed,audits/rbot_gpt54_pg40_bounded_local_diagnostic_rerun_with_metrics_v0/adapter_output_review.csv; audits/rbot_gpt54_pg40_bounded_local_diagnostic_rerun_with_metrics_v0/db_checker_timing_review.csv,cases/LONGTAIL/LONGTAIL_0024/manifest.yaml#taxonomy.sql_feature,"retained manifest taxonomy tag; absent axes for this case: rewrite_opportunity, plan_operator, workload_realism, portability_risk"
rbot_gpt54_adapted,rbot_gpt54_adapted,LONGTAIL_0024,LONGTAIL,sql_feature,cte,exact,true,true,true,true,changed,audits/rbot_gpt54_pg40_bounded_local_diagnostic_rerun_with_metrics_v0/adapter_output_review.csv; audits/rbot_gpt54_pg40_bounded_local_diagnostic_rerun_with_metrics_v0/db_checker_timing_review.csv,cases/LONGTAIL/LONGTAIL_0024/manifest.yaml#taxonomy.sql_feature,"retained manifest taxonomy tag; absent axes for this case: rewrite_opportunity, plan_operator, workload_realism, portability_risk"
rbot_gpt54_adapted,rbot_gpt54_adapted,LONGTAIL_0024,LONGTAIL,sql_feature,join,exact,true,true,true,true,changed,audits/rbot_gpt54_pg40_bounded_local_diagnostic_rerun_with_metrics_v0/adapter_output_review.csv; audits/rbot_gpt54_pg40_bounded_local_diagnostic_rerun_with_metrics_v0/db_checker_timing_review.csv,cases/LONGTAIL/LONGTAIL_0024/manifest.yaml#taxonomy.sql_feature,"retained manifest taxonomy tag; absent axes for this case: rewrite_opportunity, plan_operator, workload_realism, portability_risk"
rbot_gpt54_adapted,rbot_gpt54_adapted,LONGTAIL_0024,LONGTAIL,sql_feature,sort,exact,true,true,true,true,changed,audits/rbot_gpt54_pg40_bounded_local_diagnostic_rerun_with_metrics_v0/adapter_output_review.csv; audits/rbot_gpt54_pg40_bounded_local_diagnostic_rerun_with_metrics_v0/db_checker_timing_review.csv,cases/LONGTAIL/LONGTAIL_0024/manifest.yaml#taxonomy.sql_feature,"retained manifest taxonomy tag; absent axes for this case: rewrite_opportunity, plan_operator, workload_realism, portability_risk"
rbot_gpt54_adapted,rbot_gpt54_adapted,LONGTAIL_0024,LONGTAIL,sql_feature,temporal_min_max,exact,true,true,true,true,changed,audits/rbot_gpt54_pg40_bounded_local_diagnostic_rerun_with_metrics_v0/adapter_output_review.csv; audits/rbot_gpt54_pg40_bounded_local_diagnostic_rerun_with_metrics_v0/db_checker_timing_review.csv,cases/LONGTAIL/LONGTAIL_0024/manifest.yaml#taxonomy.sql_feature,"retained manifest taxonomy tag; absent axes for this case: rewrite_opportunity, plan_operator, workload_realism, portability_risk"
llm_r2_gpt54_adapted,llm_r2_gpt54_adapted,PERF_0006,PERF,sql_feature,date_time_function,exact,true,true,true,true,changed,audits/llm_r2_gpt54_pg40_bounded_local_diagnostic_v0/adapter_output_review.csv; audits/llm_r2_gpt54_pg40_bounded_local_diagnostic_v0/db_checker_timing_review.csv,cases/PERF/PERF_0006/manifest.yaml#taxonomy.sql_feature,"retained manifest taxonomy tag; absent axes for this case: plan_operator, workload_realism, portability_risk"
llm_r2_gpt54_adapted,llm_r2_gpt54_adapted,PERF_0006,PERF,sql_feature,expression_complexity,exact,true,true,true,true,changed,audits/llm_r2_gpt54_pg40_bounded_local_diagnostic_v0/adapter_output_review.csv; audits/llm_r2_gpt54_pg40_bounded_local_diagnostic_v0/db_checker_timing_review.csv,cases/PERF/PERF_0006/manifest.yaml#taxonomy.sql_feature,"retained manifest taxonomy tag; absent axes for this case: plan_operator, workload_realism, portability_risk"
llm_r2_gpt54_adapted,llm_r2_gpt54_adapted,PERF_0006,PERF,rewrite_opportunity,materialization_strategy,exact,true,true,true,true,changed,audits/llm_r2_gpt54_pg40_bounded_local_diagnostic_v0/adapter_output_review.csv; audits/llm_r2_gpt54_pg40_bounded_local_diagnostic_v0/db_checker_timing_review.csv,cases/PERF/PERF_0006/manifest.yaml#taxonomy.rewrite_opportunity,"retained manifest taxonomy tag; absent axes for this case: plan_operator, workload_realism, portability_risk"
llm_r2_gpt54_adapted,llm_r2_gpt54_adapted,PERF_0006,PERF,rewrite_opportunity,predicate_pushdown,exact,true,true,true,true,changed,audits/llm_r2_gpt54_pg40_bounded_local_diagnostic_v0/adapter_output_review.csv; audits/llm_r2_gpt54_pg40_bounded_local_diagnostic_v0/db_checker_timing_review.csv,cases/PERF/PERF_0006/manifest.yaml#taxonomy.rewrite_opportunity,"retained manifest taxonomy tag; absent axes for this case: plan_operator, workload_realism, portability_risk"
llm_r2_gpt54_adapted,llm_r2_gpt54_adapted,PERF_0007,PERF,sql_feature,date_time_function,exact,true,true,true,true,changed,audits/llm_r2_gpt54_pg40_bounded_local_diagnostic_v0/adapter_output_review.csv; audits/llm_r2_gpt54_pg40_bounded_local_diagnostic_v0/db_checker_timing_review.csv,cases/PERF/PERF_0007/manifest.yaml#taxonomy.sql_feature,"retained manifest taxonomy tag; absent axes for this case: plan_operator, workload_realism, portability_risk"
llm_r2_gpt54_adapted,llm_r2_gpt54_adapted,PERF_0007,PERF,rewrite_opportunity,materialization_strategy,exact,true,true,true,true,changed,audits/llm_r2_gpt54_pg40_bounded_local_diagnostic_v0/adapter_output_review.csv; audits/llm_r2_gpt54_pg40_bounded_local_diagnostic_v0/db_checker_timing_review.csv,cases/PERF/PERF_0007/manifest.yaml#taxonomy.rewrite_opportunity,"retained manifest taxonomy tag; absent axes for this case: plan_operator, workload_realism, portability_risk"
llm_r2_gpt54_adapted,llm_r2_gpt54_adapted,PERF_0007,PERF,rewrite_opportunity,predicate_pushdown,exact,true,true,true,true,changed,audits/llm_r2_gpt54_pg40_bounded_local_diagnostic_v0/adapter_output_review.csv; audits/llm_r2_gpt54_pg40_bounded_local_diagnostic_v0/db_checker_timing_review.csv,cases/PERF/PERF_0007/manifest.yaml#taxonomy.rewrite_opportunity,"retained manifest taxonomy tag; absent axes for this case: plan_operator, workload_realism, portability_risk"
llm_r2_gpt54_adapted,llm_r2_gpt54_adapted,PERF_0008,PERF,sql_feature,date_time_function,exact,true,true,true,true,changed,audits/llm_r2_gpt54_pg40_bounded_local_diagnostic_v0/adapter_output_review.csv; audits/llm_r2_gpt54_pg40_bounded_local_diagnostic_v0/db_checker_timing_review.csv,cases/PERF/PERF_0008/manifest.yaml#taxonomy.sql_feature,"retained manifest taxonomy tag; absent axes for this case: plan_operator, workload_realism, portability_risk"
llm_r2_gpt54_adapted,llm_r2_gpt54_adapted,PERF_0008,PERF,sql_feature,subquery_in_from,exact,true,true,true,true,changed,audits/llm_r2_gpt54_pg40_bounded_local_diagnostic_v0/adapter_output_review.csv; audits/llm_r2_gpt54_pg40_bounded_local_diagnostic_v0/db_checker_timing_review.csv,cases/PERF/PERF_0008/manifest.yaml#taxonomy.sql_feature,"retained manifest taxonomy tag; absent axes for this case: plan_operator, workload_realism, portability_risk"
llm_r2_gpt54_adapted,llm_r2_gpt54_adapted,PERF_0008,PERF,rewrite_opportunity,materialization_strategy,exact,true,true,true,true,changed,audits/llm_r2_gpt54_pg40_bounded_local_diagnostic_v0/adapter_output_review.csv; audits/llm_r2_gpt54_pg40_bounded_local_diagnostic_v0/db_checker_timing_review.csv,cases/PERF/PERF_0008/manifest.yaml#taxonomy.rewrite_opportunity,"retained manifest taxonomy tag; absent axes for this case: plan_operator, workload_realism, portability_risk"
llm_r2_gpt54_adapted,llm_r2_gpt54_adapted,PERF_0008,PERF,rewrite_opportunity,predicate_pushdown,exact,true,true,true,true,changed,audits/llm_r2_gpt54_pg40_bounded_local_diagnostic_v0/adapter_output_review.csv; audits/llm_r2_gpt54_pg40_bounded_local_diagnostic_v0/db_checker_timing_review.csv,cases/PERF/PERF_0008/manifest.yaml#taxonomy.rewrite_opportunity,"retained manifest taxonomy tag; absent axes for this case: plan_operator, workload_realism, portability_risk"
llm_r2_gpt54_adapted,llm_r2_gpt54_adapted,PERF_0013,PERF,sql_feature,date_time_function,exact,true,true,true,true,changed,audits/llm_r2_gpt54_pg40_bounded_local_diagnostic_v0/adapter_output_review.csv; audits/llm_r2_gpt54_pg40_bounded_local_diagnostic_v0/db_checker_timing_review.csv,cases/PERF/PERF_0013/manifest.yaml#taxonomy.sql_feature,"retained manifest taxonomy tag; absent axes for this case: plan_operator, workload_realism, portability_risk"
llm_r2_gpt54_adapted,llm_r2_gpt54_adapted,PERF_0013,PERF,rewrite_opportunity,join_reorder,exact,true,true,true,true,changed,audits/llm_r2_gpt54_pg40_bounded_local_diagnostic_v0/adapter_output_review.csv; audits/llm_r2_gpt54_pg40_bounded_local_diagnostic_v0/db_checker_timing_review.csv,cases/PERF/PERF_0013/manifest.yaml#taxonomy.rewrite_opportunity,"retained manifest taxonomy tag; absent axes for this case: plan_operator, workload_realism, portability_risk"
llm_r2_gpt54_adapted,llm_r2_gpt54_adapted,PERF_0013,PERF,rewrite_opportunity,predicate_pushdown,exact,true,true,true,true,changed,audits/llm_r2_gpt54_pg40_bounded_local_diagnostic_v0/adapter_output_review.csv; audits/llm_r2_gpt54_pg40_bounded_local_diagnostic_v0/db_checker_timing_review.csv,cases/PERF/PERF_0013/manifest.yaml#taxonomy.rewrite_opportunity,"retained manifest taxonomy tag; absent axes for this case: plan_operator, workload_realism, portability_risk"
llm_r2_gpt54_adapted,llm_r2_gpt54_adapted,PERF_0017,PERF,sql_feature,date_time_function,exact,true,true,true,true,changed,audits/llm_r2_gpt54_pg40_bounded_local_diagnostic_v0/adapter_output_review.csv; audits/llm_r2_gpt54_pg40_bounded_local_diagnostic_v0/db_checker_timing_review.csv,cases/PERF/PERF_0017/manifest.yaml#taxonomy.sql_feature,"retained manifest taxonomy tag; absent axes for this case: plan_operator, workload_realism, portability_risk"
llm_r2_gpt54_adapted,llm_r2_gpt54_adapted,PERF_0017,PERF,rewrite_opportunity,join_reorder,exact,true,true,true,true,changed,audits/llm_r2_gpt54_pg40_bounded_local_diagnostic_v0/adapter_output_review.csv; audits/llm_r2_gpt54_pg40_bounded_local_diagnostic_v0/db_checker_timing_review.csv,cases/PERF/PERF_0017/manifest.yaml#taxonomy.rewrite_opportunity,"retained manifest taxonomy tag; absent axes for this case: plan_operator, workload_realism, portability_risk"
llm_r2_gpt54_adapted,llm_r2_gpt54_adapted,PERF_0017,PERF,rewrite_opportunity,predicate_pushdown,exact,true,true,true,true,changed,audits/llm_r2_gpt54_pg40_bounded_local_diagnostic_v0/adapter_output_review.csv; audits/llm_r2_gpt54_pg40_bounded_local_diagnostic_v0/db_checker_timing_review.csv,cases/PERF/PERF_0017/manifest.yaml#taxonomy.rewrite_opportunity,"retained manifest taxonomy tag; absent axes for this case: plan_operator, workload_realism, portability_risk"
llm_r2_gpt54_adapted,llm_r2_gpt54_adapted,PERF_0019,PERF,sql_feature,outer_join,exact,true,true,true,true,changed,audits/llm_r2_gpt54_pg40_bounded_local_diagnostic_v0/adapter_output_review.csv; audits/llm_r2_gpt54_pg40_bounded_local_diagnostic_v0/db_checker_timing_review.csv,cases/PERF/PERF_0019/manifest.yaml#taxonomy.sql_feature,"retained manifest taxonomy tag; absent axes for this case: plan_operator, workload_realism, portability_risk"
llm_r2_gpt54_adapted,llm_r2_gpt54_adapted,PERF_0019,PERF,sql_feature,subquery_in_from,exact,true,true,true,true,changed,audits/llm_r2_gpt54_pg40_bounded_local_diagnostic_v0/adapter_output_review.csv; audits/llm_r2_gpt54_pg40_bounded_local_diagnostic_v0/db_checker_timing_review.csv,cases/PERF/PERF_0019/manifest.yaml#taxonomy.sql_feature,"retained manifest taxonomy tag; absent axes for this case: plan_operator, workload_realism, portability_risk"
llm_r2_gpt54_adapted,llm_r2_gpt54_adapted,PERF_0019,PERF,rewrite_opportunity,materialization_strategy,exact,true,true,true,true,changed,audits/llm_r2_gpt54_pg40_bounded_local_diagnostic_v0/adapter_output_review.csv; audits/llm_r2_gpt54_pg40_bounded_local_diagnostic_v0/db_checker_timing_review.csv,cases/PERF/PERF_0019/manifest.yaml#taxonomy.rewrite_opportunity,"retained manifest taxonomy tag; absent axes for this case: plan_operator, workload_realism, portability_risk"
llm_r2_gpt54_adapted,llm_r2_gpt54_adapted,PERF_0019,PERF,rewrite_opportunity,predicate_pushdown,exact,true,true,true,true,changed,audits/llm_r2_gpt54_pg40_bounded_local_diagnostic_v0/adapter_output_review.csv; audits/llm_r2_gpt54_pg40_bounded_local_diagnostic_v0/db_checker_timing_review.csv,cases/PERF/PERF_0019/manifest.yaml#taxonomy.rewrite_opportunity,"retained manifest taxonomy tag; absent axes for this case: plan_operator, workload_realism, portability_risk"
llm_r2_gpt54_adapted,llm_r2_gpt54_adapted,PERF_0024,PERF,sql_feature,correlated_subquery,exact,true,true,true,true,changed,audits/llm_r2_gpt54_pg40_bounded_local_diagnostic_v0/adapter_output_review.csv; audits/llm_r2_gpt54_pg40_bounded_local_diagnostic_v0/db_checker_timing_review.csv,cases/PERF/PERF_0024/manifest.yaml#taxonomy.sql_feature,"retained manifest taxonomy tag; absent axes for this case: plan_operator, workload_realism, portability_risk"
llm_r2_gpt54_adapted,llm_r2_gpt54_adapted,PERF_0024,PERF,sql_feature,date_time_function,exact,true,true,true,true,changed,audits/llm_r2_gpt54_pg40_bounded_local_diagnostic_v0/adapter_output_review.csv; audits/llm_r2_gpt54_pg40_bounded_local_diagnostic_v0/db_checker_timing_review.csv,cases/PERF/PERF_0024/manifest.yaml#taxonomy.sql_feature,"retained manifest taxonomy tag; absent axes for this case: plan_operator, workload_realism, portability_risk"
llm_r2_gpt54_adapted,llm_r2_gpt54_adapted,PERF_0024,PERF,rewrite_opportunity,predicate_pushdown,exact,true,true,true,true,changed,audits/llm_r2_gpt54_pg40_bounded_local_diagnostic_v0/adapter_output_review.csv; audits/llm_r2_gpt54_pg40_bounded_local_diagnostic_v0/db_checker_timing_review.csv,cases/PERF/PERF_0024/manifest.yaml#taxonomy.rewrite_opportunity,"retained manifest taxonomy tag; absent axes for this case: plan_operator, workload_realism, portability_risk"
llm_r2_gpt54_adapted,llm_r2_gpt54_adapted,PERF_0024,PERF,rewrite_opportunity,subquery_decorrelation,exact,true,true,true,true,changed,audits/llm_r2_gpt54_pg40_bounded_local_diagnostic_v0/adapter_output_review.csv; audits/llm_r2_gpt54_pg40_bounded_local_diagnostic_v0/db_checker_timing_review.csv,cases/PERF/PERF_0024/manifest.yaml#taxonomy.rewrite_opportunity,"retained manifest taxonomy tag; absent axes for this case: plan_operator, workload_realism, portability_risk"
llm_r2_gpt54_adapted,llm_r2_gpt54_adapted,PERF_0033,PERF,sql_feature,aggregate,exact,true,true,true,true,changed,audits/llm_r2_gpt54_pg40_bounded_local_diagnostic_v0/adapter_output_review.csv; audits/llm_r2_gpt54_pg40_bounded_local_diagnostic_v0/db_checker_timing_review.csv,cases/PERF/PERF_0033/manifest.yaml#taxonomy.sql_feature,"retained manifest taxonomy tag; absent axes for this case: plan_operator, workload_realism"
llm_r2_gpt54_adapted,llm_r2_gpt54_adapted,PERF_0033,PERF,sql_feature,group_by,exact,true,true,true,true,changed,audits/llm_r2_gpt54_pg40_bounded_local_diagnostic_v0/adapter_output_review.csv; audits/llm_r2_gpt54_pg40_bounded_local_diagnostic_v0/db_checker_timing_review.csv,cases/PERF/PERF_0033/manifest.yaml#taxonomy.sql_feature,"retained manifest taxonomy tag; absent axes for this case: plan_operator, workload_realism"
llm_r2_gpt54_adapted,llm_r2_gpt54_adapted,PERF_0033,PERF,sql_feature,join,exact,true,true,true,true,changed,audits/llm_r2_gpt54_pg40_bounded_local_diagnostic_v0/adapter_output_review.csv; audits/llm_r2_gpt54_pg40_bounded_local_diagnostic_v0/db_checker_timing_review.csv,cases/PERF/PERF_0033/manifest.yaml#taxonomy.sql_feature,"retained manifest taxonomy tag; absent axes for this case: plan_operator, workload_realism"
llm_r2_gpt54_adapted,llm_r2_gpt54_adapted,PERF_0033,PERF,sql_feature,limit,exact,true,true,true,true,changed,audits/llm_r2_gpt54_pg40_bounded_local_diagnostic_v0/adapter_output_review.csv; audits/llm_r2_gpt54_pg40_bounded_local_diagnostic_v0/db_checker_timing_review.csv,cases/PERF/PERF_0033/manifest.yaml#taxonomy.sql_feature,"retained manifest taxonomy tag; absent axes for this case: plan_operator, workload_realism"
llm_r2_gpt54_adapted,llm_r2_gpt54_adapted,PERF_0033,PERF,sql_feature,order_by,exact,true,true,true,true,changed,audits/llm_r2_gpt54_pg40_bounded_local_diagnostic_v0/adapter_output_review.csv; audits/llm_r2_gpt54_pg40_bounded_local_diagnostic_v0/db_checker_timing_review.csv,cases/PERF/PERF_0033/manifest.yaml#taxonomy.sql_feature,"retained manifest taxonomy tag; absent axes for this case: plan_operator, workload_realism"
llm_r2_gpt54_adapted,llm_r2_gpt54_adapted,PERF_0033,PERF,rewrite_opportunity,join_reorder,exact,true,true,true,true,changed,audits/llm_r2_gpt54_pg40_bounded_local_diagnostic_v0/adapter_output_review.csv; audits/llm_r2_gpt54_pg40_bounded_local_diagnostic_v0/db_checker_timing_review.csv,cases/PERF/PERF_0033/manifest.yaml#taxonomy.rewrite_opportunity,"retained manifest taxonomy tag; absent axes for this case: plan_operator, workload_realism"
llm_r2_gpt54_adapted,llm_r2_gpt54_adapted,PERF_0033,PERF,rewrite_opportunity,predicate_pushdown,exact,true,true,true,true,changed,audits/llm_r2_gpt54_pg40_bounded_local_diagnostic_v0/adapter_output_review.csv; audits/llm_r2_gpt54_pg40_bounded_local_diagnostic_v0/db_checker_timing_review.csv,cases/PERF/PERF_0033/manifest.yaml#taxonomy.rewrite_opportunity,"retained manifest taxonomy tag; absent axes for this case: plan_operator, workload_realism"
llm_r2_gpt54_adapted,llm_r2_gpt54_adapted,PERF_0033,PERF,portability_risk,limit_fetch_gap,exact,true,true,true,true,changed,audits/llm_r2_gpt54_pg40_bounded_local_diagnostic_v0/adapter_output_review.csv; audits/llm_r2_gpt54_pg40_bounded_local_diagnostic_v0/db_checker_timing_review.csv,cases/PERF/PERF_0033/manifest.yaml#taxonomy.portability,"retained manifest taxonomy tag; absent axes for this case: plan_operator, workload_realism"
llm_r2_gpt54_adapted,llm_r2_gpt54_adapted,PERF_0034,PERF,sql_feature,cte,exact,true,true,true,true,changed,audits/llm_r2_gpt54_pg40_bounded_local_diagnostic_v0/adapter_output_review.csv; audits/llm_r2_gpt54_pg40_bounded_local_diagnostic_v0/db_checker_timing_review.csv,cases/PERF/PERF_0034/manifest.yaml#taxonomy.sql_feature,"retained manifest taxonomy tag; absent axes for this case: plan_operator, workload_realism, portability_risk"
llm_r2_gpt54_adapted,llm_r2_gpt54_adapted,PERF_0034,PERF,sql_feature,set_operation,exact,true,true,true,true,changed,audits/llm_r2_gpt54_pg40_bounded_local_diagnostic_v0/adapter_output_review.csv; audits/llm_r2_gpt54_pg40_bounded_local_diagnostic_v0/db_checker_timing_review.csv,cases/PERF/PERF_0034/manifest.yaml#taxonomy.sql_feature,"retained manifest taxonomy tag; absent axes for this case: plan_operator, workload_realism, portability_risk"
llm_r2_gpt54_adapted,llm_r2_gpt54_adapted,PERF_0034,PERF,rewrite_opportunity,materialization_strategy,exact,true,true,true,true,changed,audits/llm_r2_gpt54_pg40_bounded_local_diagnostic_v0/adapter_output_review.csv; audits/llm_r2_gpt54_pg40_bounded_local_diagnostic_v0/db_checker_timing_review.csv,cases/PERF/PERF_0034/manifest.yaml#taxonomy.rewrite_opportunity,"retained manifest taxonomy tag; absent axes for this case: plan_operator, workload_realism, portability_risk"
llm_r2_gpt54_adapted,llm_r2_gpt54_adapted,PERF_0034,PERF,rewrite_opportunity,predicate_pushdown,exact,true,true,true,true,changed,audits/llm_r2_gpt54_pg40_bounded_local_diagnostic_v0/adapter_output_review.csv; audits/llm_r2_gpt54_pg40_bounded_local_diagnostic_v0/db_checker_timing_review.csv,cases/PERF/PERF_0034/manifest.yaml#taxonomy.rewrite_opportunity,"retained manifest taxonomy tag; absent axes for this case: plan_operator, workload_realism, portability_risk"
llm_r2_gpt54_adapted,llm_r2_gpt54_adapted,PERF_0035,PERF,sql_feature,cte,exact,true,true,true,true,changed,audits/llm_r2_gpt54_pg40_bounded_local_diagnostic_v0/adapter_output_review.csv; audits/llm_r2_gpt54_pg40_bounded_local_diagnostic_v0/db_checker_timing_review.csv,cases/PERF/PERF_0035/manifest.yaml#taxonomy.sql_feature,"retained manifest taxonomy tag; absent axes for this case: plan_operator, workload_realism"
llm_r2_gpt54_adapted,llm_r2_gpt54_adapted,PERF_0035,PERF,sql_feature,expression_complexity,exact,true,true,true,true,changed,audits/llm_r2_gpt54_pg40_bounded_local_diagnostic_v0/adapter_output_review.csv; audits/llm_r2_gpt54_pg40_bounded_local_diagnostic_v0/db_checker_timing_review.csv,cases/PERF/PERF_0035/manifest.yaml#taxonomy.sql_feature,"retained manifest taxonomy tag; absent axes for this case: plan_operator, workload_realism"
llm_r2_gpt54_adapted,llm_r2_gpt54_adapted,PERF_0035,PERF,sql_feature,window_function,exact,true,true,true,true,changed,audits/llm_r2_gpt54_pg40_bounded_local_diagnostic_v0/adapter_output_review.csv; audits/llm_r2_gpt54_pg40_bounded_local_diagnostic_v0/db_checker_timing_review.csv,cases/PERF/PERF_0035/manifest.yaml#taxonomy.sql_feature,"retained manifest taxonomy tag; absent axes for this case: plan_operator, workload_realism"
llm_r2_gpt54_adapted,llm_r2_gpt54_adapted,PERF_0035,PERF,rewrite_opportunity,aggregation_rewrite,exact,true,true,true,true,changed,audits/llm_r2_gpt54_pg40_bounded_local_diagnostic_v0/adapter_output_review.csv; audits/llm_r2_gpt54_pg40_bounded_local_diagnostic_v0/db_checker_timing_review.csv,cases/PERF/PERF_0035/manifest.yaml#taxonomy.rewrite_opportunity,"retained manifest taxonomy tag; absent axes for this case: plan_operator, workload_realism"
llm_r2_gpt54_adapted,llm_r2_gpt54_adapted,PERF_0035,PERF,rewrite_opportunity,cte_strategy,exact,true,true,true,true,changed,audits/llm_r2_gpt54_pg40_bounded_local_diagnostic_v0/adapter_output_review.csv; audits/llm_r2_gpt54_pg40_bounded_local_diagnostic_v0/db_checker_timing_review.csv,cases/PERF/PERF_0035/manifest.yaml#taxonomy.rewrite_opportunity,"retained manifest taxonomy tag; absent axes for this case: plan_operator, workload_realism"
llm_r2_gpt54_adapted,llm_r2_gpt54_adapted,PERF_0035,PERF,portability_risk,type_semantics_gap,exact,true,true,true,true,changed,audits/llm_r2_gpt54_pg40_bounded_local_diagnostic_v0/adapter_output_review.csv; audits/llm_r2_gpt54_pg40_bounded_local_diagnostic_v0/db_checker_timing_review.csv,cases/PERF/PERF_0035/manifest.yaml#taxonomy.portability,"retained manifest taxonomy tag; absent axes for this case: plan_operator, workload_realism"
llm_r2_gpt54_adapted,llm_r2_gpt54_adapted,PERF_0052,PERF,sql_feature,aggregate,exact,true,true,true,true,changed,audits/llm_r2_gpt54_pg40_bounded_local_diagnostic_v0/adapter_output_review.csv; audits/llm_r2_gpt54_pg40_bounded_local_diagnostic_v0/db_checker_timing_review.csv,cases/PERF/PERF_0052/manifest.yaml#taxonomy.sql_feature,"retained manifest taxonomy tag; absent axes for this case: rewrite_opportunity, plan_operator, workload_realism, portability_risk"
llm_r2_gpt54_adapted,llm_r2_gpt54_adapted,PERF_0052,PERF,sql_feature,correlated_subquery,exact,true,true,true,true,changed,audits/llm_r2_gpt54_pg40_bounded_local_diagnostic_v0/adapter_output_review.csv; audits/llm_r2_gpt54_pg40_bounded_local_diagnostic_v0/db_checker_timing_review.csv,cases/PERF/PERF_0052/manifest.yaml#taxonomy.sql_feature,"retained manifest taxonomy tag; absent axes for this case: rewrite_opportunity, plan_operator, workload_realism, portability_risk"
llm_r2_gpt54_adapted,llm_r2_gpt54_adapted,PERF_0052,PERF,sql_feature,cte,exact,true,true,true,true,changed,audits/llm_r2_gpt54_pg40_bounded_local_diagnostic_v0/adapter_output_review.csv; audits/llm_r2_gpt54_pg40_bounded_local_diagnostic_v0/db_checker_timing_review.csv,cases/PERF/PERF_0052/manifest.yaml#taxonomy.sql_feature,"retained manifest taxonomy tag; absent axes for this case: rewrite_opportunity, plan_operator, workload_realism, portability_risk"
llm_r2_gpt54_adapted,llm_r2_gpt54_adapted,PERF_0052,PERF,sql_feature,group_by,exact,true,true,true,true,changed,audits/llm_r2_gpt54_pg40_bounded_local_diagnostic_v0/adapter_output_review.csv; audits/llm_r2_gpt54_pg40_bounded_local_diagnostic_v0/db_checker_timing_review.csv,cases/PERF/PERF_0052/manifest.yaml#taxonomy.sql_feature,"retained manifest taxonomy tag; absent axes for this case: rewrite_opportunity, plan_operator, workload_realism, portability_risk"
llm_r2_gpt54_adapted,llm_r2_gpt54_adapted,PERF_0052,PERF,sql_feature,limit,exact,true,true,true,true,changed,audits/llm_r2_gpt54_pg40_bounded_local_diagnostic_v0/adapter_output_review.csv; audits/llm_r2_gpt54_pg40_bounded_local_diagnostic_v0/db_checker_timing_review.csv,cases/PERF/PERF_0052/manifest.yaml#taxonomy.sql_feature,"retained manifest taxonomy tag; absent axes for this case: rewrite_opportunity, plan_operator, workload_realism, portability_risk"
llm_r2_gpt54_adapted,llm_r2_gpt54_adapted,PERF_0052,PERF,sql_feature,order_by,exact,true,true,true,true,changed,audits/llm_r2_gpt54_pg40_bounded_local_diagnostic_v0/adapter_output_review.csv; audits/llm_r2_gpt54_pg40_bounded_local_diagnostic_v0/db_checker_timing_review.csv,cases/PERF/PERF_0052/manifest.yaml#taxonomy.sql_feature,"retained manifest taxonomy tag; absent axes for this case: rewrite_opportunity, plan_operator, workload_realism, portability_risk"
llm_r2_gpt54_adapted,llm_r2_gpt54_adapted,PERF_0054,PERF,sql_feature,aggregate,exact,true,true,true,true,changed,audits/llm_r2_gpt54_pg40_bounded_local_diagnostic_v0/adapter_output_review.csv; audits/llm_r2_gpt54_pg40_bounded_local_diagnostic_v0/db_checker_timing_review.csv,cases/PERF/PERF_0054/manifest.yaml#taxonomy.sql_feature,"retained manifest taxonomy tag; absent axes for this case: rewrite_opportunity, plan_operator, workload_realism, portability_risk"
llm_r2_gpt54_adapted,llm_r2_gpt54_adapted,PERF_0054,PERF,sql_feature,group_by,exact,true,true,true,true,changed,audits/llm_r2_gpt54_pg40_bounded_local_diagnostic_v0/adapter_output_review.csv; audits/llm_r2_gpt54_pg40_bounded_local_diagnostic_v0/db_checker_timing_review.csv,cases/PERF/PERF_0054/manifest.yaml#taxonomy.sql_feature,"retained manifest taxonomy tag; absent axes for this case: rewrite_opportunity, plan_operator, workload_realism, portability_risk"
llm_r2_gpt54_adapted,llm_r2_gpt54_adapted,PERF_0054,PERF,sql_feature,join,exact,true,true,true,true,changed,audits/llm_r2_gpt54_pg40_bounded_local_diagnostic_v0/adapter_output_review.csv; audits/llm_r2_gpt54_pg40_bounded_local_diagnostic_v0/db_checker_timing_review.csv,cases/PERF/PERF_0054/manifest.yaml#taxonomy.sql_feature,"retained manifest taxonomy tag; absent axes for this case: rewrite_opportunity, plan_operator, workload_realism, portability_risk"
llm_r2_gpt54_adapted,llm_r2_gpt54_adapted,PERF_0054,PERF,sql_feature,limit,exact,true,true,true,true,changed,audits/llm_r2_gpt54_pg40_bounded_local_diagnostic_v0/adapter_output_review.csv; audits/llm_r2_gpt54_pg40_bounded_local_diagnostic_v0/db_checker_timing_review.csv,cases/PERF/PERF_0054/manifest.yaml#taxonomy.sql_feature,"retained manifest taxonomy tag; absent axes for this case: rewrite_opportunity, plan_operator, workload_realism, portability_risk"
llm_r2_gpt54_adapted,llm_r2_gpt54_adapted,PERF_0054,PERF,sql_feature,order_by,exact,true,true,true,true,changed,audits/llm_r2_gpt54_pg40_bounded_local_diagnostic_v0/adapter_output_review.csv; audits/llm_r2_gpt54_pg40_bounded_local_diagnostic_v0/db_checker_timing_review.csv,cases/PERF/PERF_0054/manifest.yaml#taxonomy.sql_feature,"retained manifest taxonomy tag; absent axes for this case: rewrite_opportunity, plan_operator, workload_realism, portability_risk"
llm_r2_gpt54_adapted,llm_r2_gpt54_adapted,PERF_0056,PERF,sql_feature,aggregate,exact,true,true,true,true,changed,audits/llm_r2_gpt54_pg40_bounded_local_diagnostic_v0/adapter_output_review.csv; audits/llm_r2_gpt54_pg40_bounded_local_diagnostic_v0/db_checker_timing_review.csv,cases/PERF/PERF_0056/manifest.yaml#taxonomy.sql_feature,"retained manifest taxonomy tag; absent axes for this case: rewrite_opportunity, plan_operator, workload_realism, portability_risk"
llm_r2_gpt54_adapted,llm_r2_gpt54_adapted,PERF_0056,PERF,sql_feature,group_by,exact,true,true,true,true,changed,audits/llm_r2_gpt54_pg40_bounded_local_diagnostic_v0/adapter_output_review.csv; audits/llm_r2_gpt54_pg40_bounded_local_diagnostic_v0/db_checker_timing_review.csv,cases/PERF/PERF_0056/manifest.yaml#taxonomy.sql_feature,"retained manifest taxonomy tag; absent axes for this case: rewrite_opportunity, plan_operator, workload_realism, portability_risk"
llm_r2_gpt54_adapted,llm_r2_gpt54_adapted,PERF_0056,PERF,sql_feature,having,exact,true,true,true,true,changed,audits/llm_r2_gpt54_pg40_bounded_local_diagnostic_v0/adapter_output_review.csv; audits/llm_r2_gpt54_pg40_bounded_local_diagnostic_v0/db_checker_timing_review.csv,cases/PERF/PERF_0056/manifest.yaml#taxonomy.sql_feature,"retained manifest taxonomy tag; absent axes for this case: rewrite_opportunity, plan_operator, workload_realism, portability_risk"
llm_r2_gpt54_adapted,llm_r2_gpt54_adapted,PERF_0056,PERF,sql_feature,limit,exact,true,true,true,true,changed,audits/llm_r2_gpt54_pg40_bounded_local_diagnostic_v0/adapter_output_review.csv; audits/llm_r2_gpt54_pg40_bounded_local_diagnostic_v0/db_checker_timing_review.csv,cases/PERF/PERF_0056/manifest.yaml#taxonomy.sql_feature,"retained manifest taxonomy tag; absent axes for this case: rewrite_opportunity, plan_operator, workload_realism, portability_risk"
llm_r2_gpt54_adapted,llm_r2_gpt54_adapted,PERF_0056,PERF,sql_feature,order_by,exact,true,true,true,true,changed,audits/llm_r2_gpt54_pg40_bounded_local_diagnostic_v0/adapter_output_review.csv; audits/llm_r2_gpt54_pg40_bounded_local_diagnostic_v0/db_checker_timing_review.csv,cases/PERF/PERF_0056/manifest.yaml#taxonomy.sql_feature,"retained manifest taxonomy tag; absent axes for this case: rewrite_opportunity, plan_operator, workload_realism, portability_risk"
llm_r2_gpt54_adapted,llm_r2_gpt54_adapted,PERF_0056,PERF,sql_feature,scalar_subquery,exact,true,true,true,true,changed,audits/llm_r2_gpt54_pg40_bounded_local_diagnostic_v0/adapter_output_review.csv; audits/llm_r2_gpt54_pg40_bounded_local_diagnostic_v0/db_checker_timing_review.csv,cases/PERF/PERF_0056/manifest.yaml#taxonomy.sql_feature,"retained manifest taxonomy tag; absent axes for this case: rewrite_opportunity, plan_operator, workload_realism, portability_risk"
llm_r2_gpt54_adapted,llm_r2_gpt54_adapted,PERF_0062,PERF,sql_feature,aggregate,exact,true,true,true,true,changed,audits/llm_r2_gpt54_pg40_bounded_local_diagnostic_v0/adapter_output_review.csv; audits/llm_r2_gpt54_pg40_bounded_local_diagnostic_v0/db_checker_timing_review.csv,cases/PERF/PERF_0062/manifest.yaml#taxonomy.sql_feature,"retained manifest taxonomy tag; absent axes for this case: rewrite_opportunity, plan_operator, workload_realism, portability_risk"
llm_r2_gpt54_adapted,llm_r2_gpt54_adapted,PERF_0062,PERF,sql_feature,disjunction,exact,true,true,true,true,changed,audits/llm_r2_gpt54_pg40_bounded_local_diagnostic_v0/adapter_output_review.csv; audits/llm_r2_gpt54_pg40_bounded_local_diagnostic_v0/db_checker_timing_review.csv,cases/PERF/PERF_0062/manifest.yaml#taxonomy.sql_feature,"retained manifest taxonomy tag; absent axes for this case: rewrite_opportunity, plan_operator, workload_realism, portability_risk"
llm_r2_gpt54_adapted,llm_r2_gpt54_adapted,PERF_0062,PERF,sql_feature,join,exact,true,true,true,true,changed,audits/llm_r2_gpt54_pg40_bounded_local_diagnostic_v0/adapter_output_review.csv; audits/llm_r2_gpt54_pg40_bounded_local_diagnostic_v0/db_checker_timing_review.csv,cases/PERF/PERF_0062/manifest.yaml#taxonomy.sql_feature,"retained manifest taxonomy tag; absent axes for this case: rewrite_opportunity, plan_operator, workload_realism, portability_risk"
llm_r2_gpt54_adapted,llm_r2_gpt54_adapted,PERF_0062,PERF,sql_feature,range_predicate,exact,true,true,true,true,changed,audits/llm_r2_gpt54_pg40_bounded_local_diagnostic_v0/adapter_output_review.csv; audits/llm_r2_gpt54_pg40_bounded_local_diagnostic_v0/db_checker_timing_review.csv,cases/PERF/PERF_0062/manifest.yaml#taxonomy.sql_feature,"retained manifest taxonomy tag; absent axes for this case: rewrite_opportunity, plan_operator, workload_realism, portability_risk"
llm_r2_gpt54_adapted,llm_r2_gpt54_adapted,PERF_0077,PERF,sql_feature,aggregate,exact,true,true,true,true,changed,audits/llm_r2_gpt54_pg40_bounded_local_diagnostic_v0/adapter_output_review.csv; audits/llm_r2_gpt54_pg40_bounded_local_diagnostic_v0/db_checker_timing_review.csv,cases/PERF/PERF_0077/manifest.yaml#taxonomy.sql_feature,"retained manifest taxonomy tag; absent axes for this case: rewrite_opportunity, plan_operator, workload_realism, portability_risk"
llm_r2_gpt54_adapted,llm_r2_gpt54_adapted,PERF_0077,PERF,sql_feature,filter,exact,true,true,true,true,changed,audits/llm_r2_gpt54_pg40_bounded_local_diagnostic_v0/adapter_output_review.csv; audits/llm_r2_gpt54_pg40_bounded_local_diagnostic_v0/db_checker_timing_review.csv,cases/PERF/PERF_0077/manifest.yaml#taxonomy.sql_feature,"retained manifest taxonomy tag; absent axes for this case: rewrite_opportunity, plan_operator, workload_realism, portability_risk"
llm_r2_gpt54_adapted,llm_r2_gpt54_adapted,PERF_0077,PERF,sql_feature,join,exact,true,true,true,true,changed,audits/llm_r2_gpt54_pg40_bounded_local_diagnostic_v0/adapter_output_review.csv; audits/llm_r2_gpt54_pg40_bounded_local_diagnostic_v0/db_checker_timing_review.csv,cases/PERF/PERF_0077/manifest.yaml#taxonomy.sql_feature,"retained manifest taxonomy tag; absent axes for this case: rewrite_opportunity, plan_operator, workload_realism, portability_risk"
llm_r2_gpt54_adapted,llm_r2_gpt54_adapted,PERF_0077,PERF,sql_feature,text_like_predicate,exact,true,true,true,true,changed,audits/llm_r2_gpt54_pg40_bounded_local_diagnostic_v0/adapter_output_review.csv; audits/llm_r2_gpt54_pg40_bounded_local_diagnostic_v0/db_checker_timing_review.csv,cases/PERF/PERF_0077/manifest.yaml#taxonomy.sql_feature,"retained manifest taxonomy tag; absent axes for this case: rewrite_opportunity, plan_operator, workload_realism, portability_risk"
llm_r2_gpt54_adapted,llm_r2_gpt54_adapted,PERF_0082,PERF,sql_feature,aggregate,exact,true,true,true,true,changed,audits/llm_r2_gpt54_pg40_bounded_local_diagnostic_v0/adapter_output_review.csv; audits/llm_r2_gpt54_pg40_bounded_local_diagnostic_v0/db_checker_timing_review.csv,cases/PERF/PERF_0082/manifest.yaml#taxonomy.sql_feature,"retained manifest taxonomy tag; absent axes for this case: rewrite_opportunity, plan_operator, workload_realism, portability_risk"
llm_r2_gpt54_adapted,llm_r2_gpt54_adapted,PERF_0082,PERF,sql_feature,filter,exact,true,true,true,true,changed,audits/llm_r2_gpt54_pg40_bounded_local_diagnostic_v0/adapter_output_review.csv; audits/llm_r2_gpt54_pg40_bounded_local_diagnostic_v0/db_checker_timing_review.csv,cases/PERF/PERF_0082/manifest.yaml#taxonomy.sql_feature,"retained manifest taxonomy tag; absent axes for this case: rewrite_opportunity, plan_operator, workload_realism, portability_risk"
llm_r2_gpt54_adapted,llm_r2_gpt54_adapted,PERF_0082,PERF,sql_feature,join,exact,true,true,true,true,changed,audits/llm_r2_gpt54_pg40_bounded_local_diagnostic_v0/adapter_output_review.csv; audits/llm_r2_gpt54_pg40_bounded_local_diagnostic_v0/db_checker_timing_review.csv,cases/PERF/PERF_0082/manifest.yaml#taxonomy.sql_feature,"retained manifest taxonomy tag; absent axes for this case: rewrite_opportunity, plan_operator, workload_realism, portability_risk"
llm_r2_gpt54_adapted,llm_r2_gpt54_adapted,PERF_0082,PERF,sql_feature,materialize,exact,true,true,true,true,changed,audits/llm_r2_gpt54_pg40_bounded_local_diagnostic_v0/adapter_output_review.csv; audits/llm_r2_gpt54_pg40_bounded_local_diagnostic_v0/db_checker_timing_review.csv,cases/PERF/PERF_0082/manifest.yaml#taxonomy.sql_feature,"retained manifest taxonomy tag; absent axes for this case: rewrite_opportunity, plan_operator, workload_realism, portability_risk"
llm_r2_gpt54_adapted,llm_r2_gpt54_adapted,PERF_0082,PERF,sql_feature,text_like_predicate,exact,true,true,true,true,changed,audits/llm_r2_gpt54_pg40_bounded_local_diagnostic_v0/adapter_output_review.csv; audits/llm_r2_gpt54_pg40_bounded_local_diagnostic_v0/db_checker_timing_review.csv,cases/PERF/PERF_0082/manifest.yaml#taxonomy.sql_feature,"retained manifest taxonomy tag; absent axes for this case: rewrite_opportunity, plan_operator, workload_realism, portability_risk"
llm_r2_gpt54_adapted,llm_r2_gpt54_adapted,CONS_0005,CONS,sql_feature,correlated_subquery,exact,true,true,true,true,changed,audits/llm_r2_gpt54_pg40_bounded_local_diagnostic_v0/adapter_output_review.csv; audits/llm_r2_gpt54_pg40_bounded_local_diagnostic_v0/db_checker_timing_review.csv,cases/CONS/CONS_0005/manifest.yaml#taxonomy.sql_feature,"retained manifest taxonomy tag; absent axes for this case: plan_operator, workload_realism"
llm_r2_gpt54_adapted,llm_r2_gpt54_adapted,CONS_0005,CONS,rewrite_opportunity,subquery_decorrelation,exact,true,true,true,true,changed,audits/llm_r2_gpt54_pg40_bounded_local_diagnostic_v0/adapter_output_review.csv; audits/llm_r2_gpt54_pg40_bounded_local_diagnostic_v0/db_checker_timing_review.csv,cases/CONS/CONS_0005/manifest.yaml#taxonomy.rewrite_opportunity,"retained manifest taxonomy tag; absent axes for this case: plan_operator, workload_realism"
llm_r2_gpt54_adapted,llm_r2_gpt54_adapted,CONS_0005,CONS,portability_risk,null_semantics_gap,exact,true,true,true,true,changed,audits/llm_r2_gpt54_pg40_bounded_local_diagnostic_v0/adapter_output_review.csv; audits/llm_r2_gpt54_pg40_bounded_local_diagnostic_v0/db_checker_timing_review.csv,cases/CONS/CONS_0005/manifest.yaml#taxonomy.portability,"retained manifest taxonomy tag; absent axes for this case: plan_operator, workload_realism"
llm_r2_gpt54_adapted,llm_r2_gpt54_adapted,CONS_0007,CONS,sql_feature,correlated_subquery,exact,true,true,true,true,changed,audits/llm_r2_gpt54_pg40_bounded_local_diagnostic_v0/adapter_output_review.csv; audits/llm_r2_gpt54_pg40_bounded_local_diagnostic_v0/db_checker_timing_review.csv,cases/CONS/CONS_0007/manifest.yaml#taxonomy.sql_feature,"retained manifest taxonomy tag; absent axes for this case: rewrite_opportunity, plan_operator, workload_realism, portability_risk"
llm_r2_gpt54_adapted,llm_r2_gpt54_adapted,CONS_0007,CONS,sql_feature,subquery_in_from,exact,true,true,true,true,changed,audits/llm_r2_gpt54_pg40_bounded_local_diagnostic_v0/adapter_output_review.csv; audits/llm_r2_gpt54_pg40_bounded_local_diagnostic_v0/db_checker_timing_review.csv,cases/CONS/CONS_0007/manifest.yaml#taxonomy.sql_feature,"retained manifest taxonomy tag; absent axes for this case: rewrite_opportunity, plan_operator, workload_realism, portability_risk"
llm_r2_gpt54_adapted,llm_r2_gpt54_adapted,CONS_0009,CONS,sql_feature,correlated_subquery,exact,true,true,true,true,changed,audits/llm_r2_gpt54_pg40_bounded_local_diagnostic_v0/adapter_output_review.csv; audits/llm_r2_gpt54_pg40_bounded_local_diagnostic_v0/db_checker_timing_review.csv,cases/CONS/CONS_0009/manifest.yaml#taxonomy.sql_feature,"retained manifest taxonomy tag; absent axes for this case: rewrite_opportunity, plan_operator, workload_realism, portability_risk"
llm_r2_gpt54_adapted,llm_r2_gpt54_adapted,CONS_0009,CONS,sql_feature,set_operation,exact,true,true,true,true,changed,audits/llm_r2_gpt54_pg40_bounded_local_diagnostic_v0/adapter_output_review.csv; audits/llm_r2_gpt54_pg40_bounded_local_diagnostic_v0/db_checker_timing_review.csv,cases/CONS/CONS_0009/manifest.yaml#taxonomy.sql_feature,"retained manifest taxonomy tag; absent axes for this case: rewrite_opportunity, plan_operator, workload_realism, portability_risk"
llm_r2_gpt54_adapted,llm_r2_gpt54_adapted,CONS_0010,CONS,sql_feature,correlated_subquery,exact,true,true,true,true,changed,audits/llm_r2_gpt54_pg40_bounded_local_diagnostic_v0/adapter_output_review.csv; audits/llm_r2_gpt54_pg40_bounded_local_diagnostic_v0/db_checker_timing_review.csv,cases/CONS/CONS_0010/manifest.yaml#taxonomy.sql_feature,"retained manifest taxonomy tag; absent axes for this case: rewrite_opportunity, plan_operator, workload_realism, portability_risk"
llm_r2_gpt54_adapted,llm_r2_gpt54_adapted,CONS_0011,CONS,sql_feature,correlated_subquery,exact,true,true,true,true,changed,audits/llm_r2_gpt54_pg40_bounded_local_diagnostic_v0/adapter_output_review.csv; audits/llm_r2_gpt54_pg40_bounded_local_diagnostic_v0/db_checker_timing_review.csv,cases/CONS/CONS_0011/manifest.yaml#taxonomy.sql_feature,"retained manifest taxonomy tag; absent axes for this case: rewrite_opportunity, plan_operator, workload_realism, portability_risk"
llm_r2_gpt54_adapted,llm_r2_gpt54_adapted,CONS_0011,CONS,sql_feature,outer_join,exact,true,true,true,true,changed,audits/llm_r2_gpt54_pg40_bounded_local_diagnostic_v0/adapter_output_review.csv; audits/llm_r2_gpt54_pg40_bounded_local_diagnostic_v0/db_checker_timing_review.csv,cases/CONS/CONS_0011/manifest.yaml#taxonomy.sql_feature,"retained manifest taxonomy tag; absent axes for this case: rewrite_opportunity, plan_operator, workload_realism, portability_risk"
llm_r2_gpt54_adapted,llm_r2_gpt54_adapted,CONS_0012,CONS,sql_feature,correlated_subquery,exact,true,true,true,true,changed,audits/llm_r2_gpt54_pg40_bounded_local_diagnostic_v0/adapter_output_review.csv; audits/llm_r2_gpt54_pg40_bounded_local_diagnostic_v0/db_checker_timing_review.csv,cases/CONS/CONS_0012/manifest.yaml#taxonomy.sql_feature,"retained manifest taxonomy tag; absent axes for this case: plan_operator, workload_realism"
llm_r2_gpt54_adapted,llm_r2_gpt54_adapted,CONS_0012,CONS,rewrite_opportunity,order_limit_simplification,exact,true,true,true,true,changed,audits/llm_r2_gpt54_pg40_bounded_local_diagnostic_v0/adapter_output_review.csv; audits/llm_r2_gpt54_pg40_bounded_local_diagnostic_v0/db_checker_timing_review.csv,cases/CONS/CONS_0012/manifest.yaml#taxonomy.rewrite_opportunity,"retained manifest taxonomy tag; absent axes for this case: plan_operator, workload_realism"
llm_r2_gpt54_adapted,llm_r2_gpt54_adapted,CONS_0012,CONS,rewrite_opportunity,subquery_decorrelation,exact,true,true,true,true,changed,audits/llm_r2_gpt54_pg40_bounded_local_diagnostic_v0/adapter_output_review.csv; audits/llm_r2_gpt54_pg40_bounded_local_diagnostic_v0/db_checker_timing_review.csv,cases/CONS/CONS_0012/manifest.yaml#taxonomy.rewrite_opportunity,"retained manifest taxonomy tag; absent axes for this case: plan_operator, workload_realism"
llm_r2_gpt54_adapted,llm_r2_gpt54_adapted,CONS_0012,CONS,portability_risk,limit_fetch_gap,exact,true,true,true,true,changed,audits/llm_r2_gpt54_pg40_bounded_local_diagnostic_v0/adapter_output_review.csv; audits/llm_r2_gpt54_pg40_bounded_local_diagnostic_v0/db_checker_timing_review.csv,cases/CONS/CONS_0012/manifest.yaml#taxonomy.portability,"retained manifest taxonomy tag; absent axes for this case: plan_operator, workload_realism"
llm_r2_gpt54_adapted,llm_r2_gpt54_adapted,CONS_0024,CONS,sql_feature,correlated_subquery,exact,true,true,true,true,changed,audits/llm_r2_gpt54_pg40_bounded_local_diagnostic_v0/adapter_output_review.csv; audits/llm_r2_gpt54_pg40_bounded_local_diagnostic_v0/db_checker_timing_review.csv,cases/CONS/CONS_0024/manifest.yaml#taxonomy.sql_feature,"retained manifest taxonomy tag; absent axes for this case: plan_operator, workload_realism, portability_risk"
llm_r2_gpt54_adapted,llm_r2_gpt54_adapted,CONS_0024,CONS,sql_feature,outer_join,exact,true,true,true,true,changed,audits/llm_r2_gpt54_pg40_bounded_local_diagnostic_v0/adapter_output_review.csv; audits/llm_r2_gpt54_pg40_bounded_local_diagnostic_v0/db_checker_timing_review.csv,cases/CONS/CONS_0024/manifest.yaml#taxonomy.sql_feature,"retained manifest taxonomy tag; absent axes for this case: plan_operator, workload_realism, portability_risk"
llm_r2_gpt54_adapted,llm_r2_gpt54_adapted,CONS_0024,CONS,rewrite_opportunity,subquery_decorrelation,exact,true,true,true,true,changed,audits/llm_r2_gpt54_pg40_bounded_local_diagnostic_v0/adapter_output_review.csv; audits/llm_r2_gpt54_pg40_bounded_local_diagnostic_v0/db_checker_timing_review.csv,cases/CONS/CONS_0024/manifest.yaml#taxonomy.rewrite_opportunity,"retained manifest taxonomy tag; absent axes for this case: plan_operator, workload_realism, portability_risk"
llm_r2_gpt54_adapted,llm_r2_gpt54_adapted,CONS_0036,CONS,rewrite_opportunity,aggregation_rewrite,exact,true,true,true,true,changed,audits/llm_r2_gpt54_pg40_bounded_local_diagnostic_v0/adapter_output_review.csv; audits/llm_r2_gpt54_pg40_bounded_local_diagnostic_v0/db_checker_timing_review.csv,cases/CONS/CONS_0036/manifest.yaml#taxonomy.rewrite_opportunity,"retained manifest taxonomy tag; absent axes for this case: sql_feature, plan_operator, workload_realism, portability_risk"
llm_r2_gpt54_adapted,llm_r2_gpt54_adapted,CONS_0036,CONS,rewrite_opportunity,predicate_pushdown,exact,true,true,true,true,changed,audits/llm_r2_gpt54_pg40_bounded_local_diagnostic_v0/adapter_output_review.csv; audits/llm_r2_gpt54_pg40_bounded_local_diagnostic_v0/db_checker_timing_review.csv,cases/CONS/CONS_0036/manifest.yaml#taxonomy.rewrite_opportunity,"retained manifest taxonomy tag; absent axes for this case: sql_feature, plan_operator, workload_realism, portability_risk"
llm_r2_gpt54_adapted,llm_r2_gpt54_adapted,CONS_0037,CONS,sql_feature,outer_join,source_like_exact,true,true,true,true,source_like,audits/llm_r2_gpt54_pg40_bounded_local_diagnostic_v0/adapter_output_review.csv; audits/llm_r2_gpt54_pg40_bounded_local_diagnostic_v0/db_checker_timing_review.csv,cases/CONS/CONS_0037/manifest.yaml#taxonomy.sql_feature,"retained manifest taxonomy tag; absent axes for this case: plan_operator, workload_realism, portability_risk"
llm_r2_gpt54_adapted,llm_r2_gpt54_adapted,CONS_0037,CONS,rewrite_opportunity,aggregation_rewrite,source_like_exact,true,true,true,true,source_like,audits/llm_r2_gpt54_pg40_bounded_local_diagnostic_v0/adapter_output_review.csv; audits/llm_r2_gpt54_pg40_bounded_local_diagnostic_v0/db_checker_timing_review.csv,cases/CONS/CONS_0037/manifest.yaml#taxonomy.rewrite_opportunity,"retained manifest taxonomy tag; absent axes for this case: plan_operator, workload_realism, portability_risk"
llm_r2_gpt54_adapted,llm_r2_gpt54_adapted,PORT_0003,PORT,rewrite_opportunity,dialect_adaptation,exact,true,true,true,true,changed,audits/llm_r2_gpt54_pg40_bounded_local_diagnostic_v0/adapter_output_review.csv; audits/llm_r2_gpt54_pg40_bounded_local_diagnostic_v0/db_checker_timing_review.csv,cases/PORT/PORT_0003/manifest.yaml#taxonomy.rewrite_opportunity,"retained manifest taxonomy tag; absent axes for this case: sql_feature, plan_operator, workload_realism"
llm_r2_gpt54_adapted,llm_r2_gpt54_adapted,PORT_0003,PORT,rewrite_opportunity,order_limit_simplification,exact,true,true,true,true,changed,audits/llm_r2_gpt54_pg40_bounded_local_diagnostic_v0/adapter_output_review.csv; audits/llm_r2_gpt54_pg40_bounded_local_diagnostic_v0/db_checker_timing_review.csv,cases/PORT/PORT_0003/manifest.yaml#taxonomy.rewrite_opportunity,"retained manifest taxonomy tag; absent axes for this case: sql_feature, plan_operator, workload_realism"
llm_r2_gpt54_adapted,llm_r2_gpt54_adapted,PORT_0003,PORT,portability_risk,identifier_quoting,exact,true,true,true,true,changed,audits/llm_r2_gpt54_pg40_bounded_local_diagnostic_v0/adapter_output_review.csv; audits/llm_r2_gpt54_pg40_bounded_local_diagnostic_v0/db_checker_timing_review.csv,cases/PORT/PORT_0003/manifest.yaml#taxonomy.portability,"retained manifest taxonomy tag; absent axes for this case: sql_feature, plan_operator, workload_realism"
llm_r2_gpt54_adapted,llm_r2_gpt54_adapted,PORT_0003,PORT,portability_risk,limit_fetch_gap,exact,true,true,true,true,changed,audits/llm_r2_gpt54_pg40_bounded_local_diagnostic_v0/adapter_output_review.csv; audits/llm_r2_gpt54_pg40_bounded_local_diagnostic_v0/db_checker_timing_review.csv,cases/PORT/PORT_0003/manifest.yaml#taxonomy.portability,"retained manifest taxonomy tag; absent axes for this case: sql_feature, plan_operator, workload_realism"
llm_r2_gpt54_adapted,llm_r2_gpt54_adapted,PORT_0003,PORT,portability_risk,null_semantics_gap,exact,true,true,true,true,changed,audits/llm_r2_gpt54_pg40_bounded_local_diagnostic_v0/adapter_output_review.csv; audits/llm_r2_gpt54_pg40_bounded_local_diagnostic_v0/db_checker_timing_review.csv,cases/PORT/PORT_0003/manifest.yaml#taxonomy.portability,"retained manifest taxonomy tag; absent axes for this case: sql_feature, plan_operator, workload_realism"
llm_r2_gpt54_adapted,llm_r2_gpt54_adapted,PORT_0004,PORT,rewrite_opportunity,dialect_adaptation,timing_ineligible_exact,true,true,true,false,changed,audits/llm_r2_gpt54_pg40_bounded_local_diagnostic_v0/adapter_output_review.csv; audits/llm_r2_gpt54_pg40_bounded_local_diagnostic_v0/db_checker_timing_review.csv,cases/PORT/PORT_0004/manifest.yaml#taxonomy.rewrite_opportunity,"retained manifest taxonomy tag; absent axes for this case: sql_feature, plan_operator, workload_realism"
llm_r2_gpt54_adapted,llm_r2_gpt54_adapted,PORT_0004,PORT,portability_risk,date_filter_semantics,timing_ineligible_exact,true,true,true,false,changed,audits/llm_r2_gpt54_pg40_bounded_local_diagnostic_v0/adapter_output_review.csv; audits/llm_r2_gpt54_pg40_bounded_local_diagnostic_v0/db_checker_timing_review.csv,cases/PORT/PORT_0004/manifest.yaml#taxonomy.portability_focus,"retained manifest taxonomy tag; absent axes for this case: sql_feature, plan_operator, workload_realism"
llm_r2_gpt54_adapted,llm_r2_gpt54_adapted,PORT_0004,PORT,portability_risk,datetime_semantics_gap,timing_ineligible_exact,true,true,true,false,changed,audits/llm_r2_gpt54_pg40_bounded_local_diagnostic_v0/adapter_output_review.csv; audits/llm_r2_gpt54_pg40_bounded_local_diagnostic_v0/db_checker_timing_review.csv,cases/PORT/PORT_0004/manifest.yaml#taxonomy.portability,"retained manifest taxonomy tag; absent axes for this case: sql_feature, plan_operator, workload_realism"
llm_r2_gpt54_adapted,llm_r2_gpt54_adapted,PORT_0004,PORT,portability_risk,identifier_quoting,timing_ineligible_exact,true,true,true,false,changed,audits/llm_r2_gpt54_pg40_bounded_local_diagnostic_v0/adapter_output_review.csv; audits/llm_r2_gpt54_pg40_bounded_local_diagnostic_v0/db_checker_timing_review.csv,cases/PORT/PORT_0004/manifest.yaml#taxonomy.portability,"retained manifest taxonomy tag; absent axes for this case: sql_feature, plan_operator, workload_realism"
llm_r2_gpt54_adapted,llm_r2_gpt54_adapted,PORT_0004,PORT,portability_risk,literal_predicate_boundary,timing_ineligible_exact,true,true,true,false,changed,audits/llm_r2_gpt54_pg40_bounded_local_diagnostic_v0/adapter_output_review.csv; audits/llm_r2_gpt54_pg40_bounded_local_diagnostic_v0/db_checker_timing_review.csv,cases/PORT/PORT_0004/manifest.yaml#taxonomy.portability_focus,"retained manifest taxonomy tag; absent axes for this case: sql_feature, plan_operator, workload_realism"
llm_r2_gpt54_adapted,llm_r2_gpt54_adapted,PORT_0004,PORT,portability_risk,result_set_semantics,timing_ineligible_exact,true,true,true,false,changed,audits/llm_r2_gpt54_pg40_bounded_local_diagnostic_v0/adapter_output_review.csv; audits/llm_r2_gpt54_pg40_bounded_local_diagnostic_v0/db_checker_timing_review.csv,cases/PORT/PORT_0004/manifest.yaml#taxonomy.portability_focus,"retained manifest taxonomy tag; absent axes for this case: sql_feature, plan_operator, workload_realism"
llm_r2_gpt54_adapted,llm_r2_gpt54_adapted,PORT_0004,PORT,portability_risk,type_semantics_gap,timing_ineligible_exact,true,true,true,false,changed,audits/llm_r2_gpt54_pg40_bounded_local_diagnostic_v0/adapter_output_review.csv; audits/llm_r2_gpt54_pg40_bounded_local_diagnostic_v0/db_checker_timing_review.csv,cases/PORT/PORT_0004/manifest.yaml#taxonomy.portability,"retained manifest taxonomy tag; absent axes for this case: sql_feature, plan_operator, workload_realism"
llm_r2_gpt54_adapted,llm_r2_gpt54_adapted,PORT_0005,PORT,rewrite_opportunity,dialect_adaptation,exact,true,true,true,true,changed,audits/llm_r2_gpt54_pg40_bounded_local_diagnostic_v0/adapter_output_review.csv; audits/llm_r2_gpt54_pg40_bounded_local_diagnostic_v0/db_checker_timing_review.csv,cases/PORT/PORT_0005/manifest.yaml#taxonomy.rewrite_opportunity,"retained manifest taxonomy tag; absent axes for this case: sql_feature, plan_operator, workload_realism"
llm_r2_gpt54_adapted,llm_r2_gpt54_adapted,PORT_0005,PORT,rewrite_opportunity,order_limit_simplification,exact,true,true,true,true,changed,audits/llm_r2_gpt54_pg40_bounded_local_diagnostic_v0/adapter_output_review.csv; audits/llm_r2_gpt54_pg40_bounded_local_diagnostic_v0/db_checker_timing_review.csv,cases/PORT/PORT_0005/manifest.yaml#taxonomy.rewrite_opportunity,"retained manifest taxonomy tag; absent axes for this case: sql_feature, plan_operator, workload_realism"
llm_r2_gpt54_adapted,llm_r2_gpt54_adapted,PORT_0005,PORT,portability_risk,identifier_quoting,exact,true,true,true,true,changed,audits/llm_r2_gpt54_pg40_bounded_local_diagnostic_v0/adapter_output_review.csv; audits/llm_r2_gpt54_pg40_bounded_local_diagnostic_v0/db_checker_timing_review.csv,cases/PORT/PORT_0005/manifest.yaml#taxonomy.portability,"retained manifest taxonomy tag; absent axes for this case: sql_feature, plan_operator, workload_realism"
llm_r2_gpt54_adapted,llm_r2_gpt54_adapted,PORT_0005,PORT,portability_risk,limit_fetch_gap,exact,true,true,true,true,changed,audits/llm_r2_gpt54_pg40_bounded_local_diagnostic_v0/adapter_output_review.csv; audits/llm_r2_gpt54_pg40_bounded_local_diagnostic_v0/db_checker_timing_review.csv,cases/PORT/PORT_0005/manifest.yaml#taxonomy.portability,"retained manifest taxonomy tag; absent axes for this case: sql_feature, plan_operator, workload_realism"
llm_r2_gpt54_adapted,llm_r2_gpt54_adapted,PORT_0005,PORT,portability_risk,null_semantics_gap,exact,true,true,true,true,changed,audits/llm_r2_gpt54_pg40_bounded_local_diagnostic_v0/adapter_output_review.csv; audits/llm_r2_gpt54_pg40_bounded_local_diagnostic_v0/db_checker_timing_review.csv,cases/PORT/PORT_0005/manifest.yaml#taxonomy.portability,"retained manifest taxonomy tag; absent axes for this case: sql_feature, plan_operator, workload_realism"
llm_r2_gpt54_adapted,llm_r2_gpt54_adapted,PORT_0005,PORT,portability_risk,order_direction_gap,exact,true,true,true,true,changed,audits/llm_r2_gpt54_pg40_bounded_local_diagnostic_v0/adapter_output_review.csv; audits/llm_r2_gpt54_pg40_bounded_local_diagnostic_v0/db_checker_timing_review.csv,cases/PORT/PORT_0005/manifest.yaml#taxonomy.portability,"retained manifest taxonomy tag; absent axes for this case: sql_feature, plan_operator, workload_realism"
llm_r2_gpt54_adapted,llm_r2_gpt54_adapted,PORT_0008,PORT,sql_feature,date_time_function,exact,true,true,true,true,changed,audits/llm_r2_gpt54_pg40_bounded_local_diagnostic_v0/adapter_output_review.csv; audits/llm_r2_gpt54_pg40_bounded_local_diagnostic_v0/db_checker_timing_review.csv,cases/PORT/PORT_0008/manifest.yaml#taxonomy.sql_feature,"retained manifest taxonomy tag; absent axes for this case: plan_operator, workload_realism"
llm_r2_gpt54_adapted,llm_r2_gpt54_adapted,PORT_0008,PORT,sql_feature,expression_complexity,exact,true,true,true,true,changed,audits/llm_r2_gpt54_pg40_bounded_local_diagnostic_v0/adapter_output_review.csv; audits/llm_r2_gpt54_pg40_bounded_local_diagnostic_v0/db_checker_timing_review.csv,cases/PORT/PORT_0008/manifest.yaml#taxonomy.sql_feature,"retained manifest taxonomy tag; absent axes for this case: plan_operator, workload_realism"
llm_r2_gpt54_adapted,llm_r2_gpt54_adapted,PORT_0008,PORT,rewrite_opportunity,dialect_adaptation,exact,true,true,true,true,changed,audits/llm_r2_gpt54_pg40_bounded_local_diagnostic_v0/adapter_output_review.csv; audits/llm_r2_gpt54_pg40_bounded_local_diagnostic_v0/db_checker_timing_review.csv,cases/PORT/PORT_0008/manifest.yaml#taxonomy.rewrite_opportunity,"retained manifest taxonomy tag; absent axes for this case: plan_operator, workload_realism"
llm_r2_gpt54_adapted,llm_r2_gpt54_adapted,PORT_0008,PORT,rewrite_opportunity,function_normalization,exact,true,true,true,true,changed,audits/llm_r2_gpt54_pg40_bounded_local_diagnostic_v0/adapter_output_review.csv; audits/llm_r2_gpt54_pg40_bounded_local_diagnostic_v0/db_checker_timing_review.csv,cases/PORT/PORT_0008/manifest.yaml#taxonomy.rewrite_opportunity,"retained manifest taxonomy tag; absent axes for this case: plan_operator, workload_realism"
llm_r2_gpt54_adapted,llm_r2_gpt54_adapted,PORT_0008,PORT,portability_risk,date_time_semantics,exact,true,true,true,true,changed,audits/llm_r2_gpt54_pg40_bounded_local_diagnostic_v0/adapter_output_review.csv; audits/llm_r2_gpt54_pg40_bounded_local_diagnostic_v0/db_checker_timing_review.csv,cases/PORT/PORT_0008/manifest.yaml#taxonomy.portability,"retained manifest taxonomy tag; absent axes for this case: plan_operator, workload_realism"
llm_r2_gpt54_adapted,llm_r2_gpt54_adapted,PORT_0008,PORT,portability_risk,identifier_case_or_quoting,exact,true,true,true,true,changed,audits/llm_r2_gpt54_pg40_bounded_local_diagnostic_v0/adapter_output_review.csv; audits/llm_r2_gpt54_pg40_bounded_local_diagnostic_v0/db_checker_timing_review.csv,cases/PORT/PORT_0008/manifest.yaml#taxonomy.portability,"retained manifest taxonomy tag; absent axes for this case: plan_operator, workload_realism"
llm_r2_gpt54_adapted,llm_r2_gpt54_adapted,PORT_0008,PORT,portability_risk,type_coercion,exact,true,true,true,true,changed,audits/llm_r2_gpt54_pg40_bounded_local_diagnostic_v0/adapter_output_review.csv; audits/llm_r2_gpt54_pg40_bounded_local_diagnostic_v0/db_checker_timing_review.csv,cases/PORT/PORT_0008/manifest.yaml#taxonomy.portability,"retained manifest taxonomy tag; absent axes for this case: plan_operator, workload_realism"
llm_r2_gpt54_adapted,llm_r2_gpt54_adapted,PORT_0012,PORT,sql_feature,date_time_function,exact,true,true,true,true,changed,audits/llm_r2_gpt54_pg40_bounded_local_diagnostic_v0/adapter_output_review.csv; audits/llm_r2_gpt54_pg40_bounded_local_diagnostic_v0/db_checker_timing_review.csv,cases/PORT/PORT_0012/manifest.yaml#taxonomy.sql_feature,"retained manifest taxonomy tag; absent axes for this case: plan_operator, workload_realism"
llm_r2_gpt54_adapted,llm_r2_gpt54_adapted,PORT_0012,PORT,sql_feature,expression_complexity,exact,true,true,true,true,changed,audits/llm_r2_gpt54_pg40_bounded_local_diagnostic_v0/adapter_output_review.csv; audits/llm_r2_gpt54_pg40_bounded_local_diagnostic_v0/db_checker_timing_review.csv,cases/PORT/PORT_0012/manifest.yaml#taxonomy.sql_feature,"retained manifest taxonomy tag; absent axes for this case: plan_operator, workload_realism"
llm_r2_gpt54_adapted,llm_r2_gpt54_adapted,PORT_0012,PORT,rewrite_opportunity,dialect_adaptation,exact,true,true,true,true,changed,audits/llm_r2_gpt54_pg40_bounded_local_diagnostic_v0/adapter_output_review.csv; audits/llm_r2_gpt54_pg40_bounded_local_diagnostic_v0/db_checker_timing_review.csv,cases/PORT/PORT_0012/manifest.yaml#taxonomy.rewrite_opportunity,"retained manifest taxonomy tag; absent axes for this case: plan_operator, workload_realism"
llm_r2_gpt54_adapted,llm_r2_gpt54_adapted,PORT_0012,PORT,rewrite_opportunity,expression_simplification,exact,true,true,true,true,changed,audits/llm_r2_gpt54_pg40_bounded_local_diagnostic_v0/adapter_output_review.csv; audits/llm_r2_gpt54_pg40_bounded_local_diagnostic_v0/db_checker_timing_review.csv,cases/PORT/PORT_0012/manifest.yaml#taxonomy.rewrite_opportunity,"retained manifest taxonomy tag; absent axes for this case: plan_operator, workload_realism"
llm_r2_gpt54_adapted,llm_r2_gpt54_adapted,PORT_0012,PORT,rewrite_opportunity,function_normalization,exact,true,true,true,true,changed,audits/llm_r2_gpt54_pg40_bounded_local_diagnostic_v0/adapter_output_review.csv; audits/llm_r2_gpt54_pg40_bounded_local_diagnostic_v0/db_checker_timing_review.csv,cases/PORT/PORT_0012/manifest.yaml#taxonomy.rewrite_opportunity,"retained manifest taxonomy tag; absent axes for this case: plan_operator, workload_realism"
llm_r2_gpt54_adapted,llm_r2_gpt54_adapted,PORT_0012,PORT,portability_risk,datetime_semantics_gap,exact,true,true,true,true,changed,audits/llm_r2_gpt54_pg40_bounded_local_diagnostic_v0/adapter_output_review.csv; audits/llm_r2_gpt54_pg40_bounded_local_diagnostic_v0/db_checker_timing_review.csv,cases/PORT/PORT_0012/manifest.yaml#taxonomy.portability,"retained manifest taxonomy tag; absent axes for this case: plan_operator, workload_realism"
llm_r2_gpt54_adapted,llm_r2_gpt54_adapted,PORT_0012,PORT,portability_risk,identifier_quoting,exact,true,true,true,true,changed,audits/llm_r2_gpt54_pg40_bounded_local_diagnostic_v0/adapter_output_review.csv; audits/llm_r2_gpt54_pg40_bounded_local_diagnostic_v0/db_checker_timing_review.csv,cases/PORT/PORT_0012/manifest.yaml#taxonomy.portability,"retained manifest taxonomy tag; absent axes for this case: plan_operator, workload_realism"
llm_r2_gpt54_adapted,llm_r2_gpt54_adapted,PORT_0012,PORT,portability_risk,type_semantics_gap,exact,true,true,true,true,changed,audits/llm_r2_gpt54_pg40_bounded_local_diagnostic_v0/adapter_output_review.csv; audits/llm_r2_gpt54_pg40_bounded_local_diagnostic_v0/db_checker_timing_review.csv,cases/PORT/PORT_0012/manifest.yaml#taxonomy.portability,"retained manifest taxonomy tag; absent axes for this case: plan_operator, workload_realism"
llm_r2_gpt54_adapted,llm_r2_gpt54_adapted,PORT_0013,PORT,sql_feature,expression_complexity,timing_ineligible_exact,true,true,true,false,changed,audits/llm_r2_gpt54_pg40_bounded_local_diagnostic_v0/adapter_output_review.csv; audits/llm_r2_gpt54_pg40_bounded_local_diagnostic_v0/db_checker_timing_review.csv,cases/PORT/PORT_0013/manifest.yaml#taxonomy.sql_feature,"retained manifest taxonomy tag; absent axes for this case: plan_operator, workload_realism"
llm_r2_gpt54_adapted,llm_r2_gpt54_adapted,PORT_0013,PORT,rewrite_opportunity,dialect_adaptation,timing_ineligible_exact,true,true,true,false,changed,audits/llm_r2_gpt54_pg40_bounded_local_diagnostic_v0/adapter_output_review.csv; audits/llm_r2_gpt54_pg40_bounded_local_diagnostic_v0/db_checker_timing_review.csv,cases/PORT/PORT_0013/manifest.yaml#taxonomy.rewrite_opportunity,"retained manifest taxonomy tag; absent axes for this case: plan_operator, workload_realism"
llm_r2_gpt54_adapted,llm_r2_gpt54_adapted,PORT_0013,PORT,rewrite_opportunity,expression_simplification,timing_ineligible_exact,true,true,true,false,changed,audits/llm_r2_gpt54_pg40_bounded_local_diagnostic_v0/adapter_output_review.csv; audits/llm_r2_gpt54_pg40_bounded_local_diagnostic_v0/db_checker_timing_review.csv,cases/PORT/PORT_0013/manifest.yaml#taxonomy.rewrite_opportunity,"retained manifest taxonomy tag; absent axes for this case: plan_operator, workload_realism"
llm_r2_gpt54_adapted,llm_r2_gpt54_adapted,PORT_0013,PORT,portability_risk,boolean_semantics_gap,timing_ineligible_exact,true,true,true,false,changed,audits/llm_r2_gpt54_pg40_bounded_local_diagnostic_v0/adapter_output_review.csv; audits/llm_r2_gpt54_pg40_bounded_local_diagnostic_v0/db_checker_timing_review.csv,cases/PORT/PORT_0013/manifest.yaml#taxonomy.portability,"retained manifest taxonomy tag; absent axes for this case: plan_operator, workload_realism"
llm_r2_gpt54_adapted,llm_r2_gpt54_adapted,PORT_0013,PORT,portability_risk,complex_expression_density,timing_ineligible_exact,true,true,true,false,changed,audits/llm_r2_gpt54_pg40_bounded_local_diagnostic_v0/adapter_output_review.csv; audits/llm_r2_gpt54_pg40_bounded_local_diagnostic_v0/db_checker_timing_review.csv,cases/PORT/PORT_0013/manifest.yaml#taxonomy.portability_focus,"retained manifest taxonomy tag; absent axes for this case: plan_operator, workload_realism"
llm_r2_gpt54_adapted,llm_r2_gpt54_adapted,PORT_0013,PORT,portability_risk,identifier_quoting,timing_ineligible_exact,true,true,true,false,changed,audits/llm_r2_gpt54_pg40_bounded_local_diagnostic_v0/adapter_output_review.csv; audits/llm_r2_gpt54_pg40_bounded_local_diagnostic_v0/db_checker_timing_review.csv,cases/PORT/PORT_0013/manifest.yaml#taxonomy.portability,"retained manifest taxonomy tag; absent axes for this case: plan_operator, workload_realism"
llm_r2_gpt54_adapted,llm_r2_gpt54_adapted,PORT_0013,PORT,portability_risk,type_semantics_gap,timing_ineligible_exact,true,true,true,false,changed,audits/llm_r2_gpt54_pg40_bounded_local_diagnostic_v0/adapter_output_review.csv; audits/llm_r2_gpt54_pg40_bounded_local_diagnostic_v0/db_checker_timing_review.csv,cases/PORT/PORT_0013/manifest.yaml#taxonomy.portability,"retained manifest taxonomy tag; absent axes for this case: plan_operator, workload_realism"
llm_r2_gpt54_adapted,llm_r2_gpt54_adapted,PORT_0022,PORT,rewrite_opportunity,dialect_adaptation,timing_ineligible_exact,true,true,true,false,changed,audits/llm_r2_gpt54_pg40_bounded_local_diagnostic_v0/adapter_output_review.csv; audits/llm_r2_gpt54_pg40_bounded_local_diagnostic_v0/db_checker_timing_review.csv,cases/PORT/PORT_0022/manifest.yaml#taxonomy.rewrite_opportunity,"retained manifest taxonomy tag; absent axes for this case: sql_feature, plan_operator, workload_realism"
llm_r2_gpt54_adapted,llm_r2_gpt54_adapted,PORT_0022,PORT,portability_risk,date_filter_semantics,timing_ineligible_exact,true,true,true,false,changed,audits/llm_r2_gpt54_pg40_bounded_local_diagnostic_v0/adapter_output_review.csv; audits/llm_r2_gpt54_pg40_bounded_local_diagnostic_v0/db_checker_timing_review.csv,cases/PORT/PORT_0022/manifest.yaml#taxonomy.portability,"retained manifest taxonomy tag; absent axes for this case: sql_feature, plan_operator, workload_realism"
llm_r2_gpt54_adapted,llm_r2_gpt54_adapted,PORT_0022,PORT,portability_risk,date_time_semantics,timing_ineligible_exact,true,true,true,false,changed,audits/llm_r2_gpt54_pg40_bounded_local_diagnostic_v0/adapter_output_review.csv; audits/llm_r2_gpt54_pg40_bounded_local_diagnostic_v0/db_checker_timing_review.csv,cases/PORT/PORT_0022/manifest.yaml#taxonomy.portability,"retained manifest taxonomy tag; absent axes for this case: sql_feature, plan_operator, workload_realism"
llm_r2_gpt54_adapted,llm_r2_gpt54_adapted,PORT_0022,PORT,portability_risk,join_aggregate_input_boundary,timing_ineligible_exact,true,true,true,false,changed,audits/llm_r2_gpt54_pg40_bounded_local_diagnostic_v0/adapter_output_review.csv; audits/llm_r2_gpt54_pg40_bounded_local_diagnostic_v0/db_checker_timing_review.csv,cases/PORT/PORT_0022/manifest.yaml#taxonomy.portability,"retained manifest taxonomy tag; absent axes for this case: sql_feature, plan_operator, workload_realism"
llm_r2_gpt54_adapted,llm_r2_gpt54_adapted,PORT_0022,PORT,portability_risk,literal_predicate_boundary,timing_ineligible_exact,true,true,true,false,changed,audits/llm_r2_gpt54_pg40_bounded_local_diagnostic_v0/adapter_output_review.csv; audits/llm_r2_gpt54_pg40_bounded_local_diagnostic_v0/db_checker_timing_review.csv,cases/PORT/PORT_0022/manifest.yaml#taxonomy.portability,"retained manifest taxonomy tag; absent axes for this case: sql_feature, plan_operator, workload_realism"
llm_r2_gpt54_adapted,llm_r2_gpt54_adapted,PORT_0022,PORT,portability_risk,type_coercion,timing_ineligible_exact,true,true,true,false,changed,audits/llm_r2_gpt54_pg40_bounded_local_diagnostic_v0/adapter_output_review.csv; audits/llm_r2_gpt54_pg40_bounded_local_diagnostic_v0/db_checker_timing_review.csv,cases/PORT/PORT_0022/manifest.yaml#taxonomy.portability,"retained manifest taxonomy tag; absent axes for this case: sql_feature, plan_operator, workload_realism"
llm_r2_gpt54_adapted,llm_r2_gpt54_adapted,PORT_0024,PORT,rewrite_opportunity,dialect_adaptation,timing_ineligible_exact,true,true,true,false,changed,audits/llm_r2_gpt54_pg40_bounded_local_diagnostic_v0/adapter_output_review.csv; audits/llm_r2_gpt54_pg40_bounded_local_diagnostic_v0/db_checker_timing_review.csv,cases/PORT/PORT_0024/manifest.yaml#taxonomy.rewrite_opportunity,"retained manifest taxonomy tag; absent axes for this case: sql_feature, plan_operator, workload_realism"
llm_r2_gpt54_adapted,llm_r2_gpt54_adapted,PORT_0024,PORT,portability_risk,aggregate_expression_semantics,timing_ineligible_exact,true,true,true,false,changed,audits/llm_r2_gpt54_pg40_bounded_local_diagnostic_v0/adapter_output_review.csv; audits/llm_r2_gpt54_pg40_bounded_local_diagnostic_v0/db_checker_timing_review.csv,cases/PORT/PORT_0024/manifest.yaml#taxonomy.portability,"retained manifest taxonomy tag; absent axes for this case: sql_feature, plan_operator, workload_realism"
llm_r2_gpt54_adapted,llm_r2_gpt54_adapted,PORT_0024,PORT,portability_risk,boolean_semantics,timing_ineligible_exact,true,true,true,false,changed,audits/llm_r2_gpt54_pg40_bounded_local_diagnostic_v0/adapter_output_review.csv; audits/llm_r2_gpt54_pg40_bounded_local_diagnostic_v0/db_checker_timing_review.csv,cases/PORT/PORT_0024/manifest.yaml#taxonomy.portability,"retained manifest taxonomy tag; absent axes for this case: sql_feature, plan_operator, workload_realism"
llm_r2_gpt54_adapted,llm_r2_gpt54_adapted,PORT_0024,PORT,portability_risk,literal_predicate_boundary,timing_ineligible_exact,true,true,true,false,changed,audits/llm_r2_gpt54_pg40_bounded_local_diagnostic_v0/adapter_output_review.csv; audits/llm_r2_gpt54_pg40_bounded_local_diagnostic_v0/db_checker_timing_review.csv,cases/PORT/PORT_0024/manifest.yaml#taxonomy.portability,"retained manifest taxonomy tag; absent axes for this case: sql_feature, plan_operator, workload_realism"
llm_r2_gpt54_adapted,llm_r2_gpt54_adapted,PORT_0024,PORT,portability_risk,type_coercion,timing_ineligible_exact,true,true,true,false,changed,audits/llm_r2_gpt54_pg40_bounded_local_diagnostic_v0/adapter_output_review.csv; audits/llm_r2_gpt54_pg40_bounded_local_diagnostic_v0/db_checker_timing_review.csv,cases/PORT/PORT_0024/manifest.yaml#taxonomy.portability,"retained manifest taxonomy tag; absent axes for this case: sql_feature, plan_operator, workload_realism"
llm_r2_gpt54_adapted,llm_r2_gpt54_adapted,PORT_0025,PORT,rewrite_opportunity,dialect_adaptation,timing_ineligible_exact,true,true,true,false,changed,audits/llm_r2_gpt54_pg40_bounded_local_diagnostic_v0/adapter_output_review.csv; audits/llm_r2_gpt54_pg40_bounded_local_diagnostic_v0/db_checker_timing_review.csv,cases/PORT/PORT_0025/manifest.yaml#taxonomy.rewrite_opportunity,"retained manifest taxonomy tag; absent axes for this case: sql_feature, plan_operator, workload_realism"
llm_r2_gpt54_adapted,llm_r2_gpt54_adapted,PORT_0025,PORT,portability_risk,date_time_semantics,timing_ineligible_exact,true,true,true,false,changed,audits/llm_r2_gpt54_pg40_bounded_local_diagnostic_v0/adapter_output_review.csv; audits/llm_r2_gpt54_pg40_bounded_local_diagnostic_v0/db_checker_timing_review.csv,cases/PORT/PORT_0025/manifest.yaml#taxonomy.portability,"retained manifest taxonomy tag; absent axes for this case: sql_feature, plan_operator, workload_realism"
llm_r2_gpt54_adapted,llm_r2_gpt54_adapted,PORT_0025,PORT,portability_risk,order_direction_semantics,timing_ineligible_exact,true,true,true,false,changed,audits/llm_r2_gpt54_pg40_bounded_local_diagnostic_v0/adapter_output_review.csv; audits/llm_r2_gpt54_pg40_bounded_local_diagnostic_v0/db_checker_timing_review.csv,cases/PORT/PORT_0025/manifest.yaml#taxonomy.portability,"retained manifest taxonomy tag; absent axes for this case: sql_feature, plan_operator, workload_realism"
llm_r2_gpt54_adapted,llm_r2_gpt54_adapted,PORT_0025,PORT,portability_risk,order_limit_semantics,timing_ineligible_exact,true,true,true,false,changed,audits/llm_r2_gpt54_pg40_bounded_local_diagnostic_v0/adapter_output_review.csv; audits/llm_r2_gpt54_pg40_bounded_local_diagnostic_v0/db_checker_timing_review.csv,cases/PORT/PORT_0025/manifest.yaml#taxonomy.portability,"retained manifest taxonomy tag; absent axes for this case: sql_feature, plan_operator, workload_realism"
llm_r2_gpt54_adapted,llm_r2_gpt54_adapted,PORT_0025,PORT,portability_risk,pagination_or_limit_offset,timing_ineligible_exact,true,true,true,false,changed,audits/llm_r2_gpt54_pg40_bounded_local_diagnostic_v0/adapter_output_review.csv; audits/llm_r2_gpt54_pg40_bounded_local_diagnostic_v0/db_checker_timing_review.csv,cases/PORT/PORT_0025/manifest.yaml#taxonomy.portability,"retained manifest taxonomy tag; absent axes for this case: sql_feature, plan_operator, workload_realism"
llm_r2_gpt54_adapted,llm_r2_gpt54_adapted,PORT_0025,PORT,portability_risk,top_1_row_selection,timing_ineligible_exact,true,true,true,false,changed,audits/llm_r2_gpt54_pg40_bounded_local_diagnostic_v0/adapter_output_review.csv; audits/llm_r2_gpt54_pg40_bounded_local_diagnostic_v0/db_checker_timing_review.csv,cases/PORT/PORT_0025/manifest.yaml#taxonomy.portability,"retained manifest taxonomy tag; absent axes for this case: sql_feature, plan_operator, workload_realism"
llm_r2_gpt54_adapted,llm_r2_gpt54_adapted,LONGTAIL_0011,LONGTAIL,sql_feature,aggregate,candidate_execution_failed,true,false,false,false,changed,audits/llm_r2_gpt54_pg40_bounded_local_diagnostic_v0/adapter_output_review.csv; audits/llm_r2_gpt54_pg40_bounded_local_diagnostic_v0/db_checker_timing_review.csv,cases/LONGTAIL/LONGTAIL_0011/manifest.yaml#taxonomy.sql_feature,"retained manifest taxonomy tag; absent axes for this case: plan_operator, workload_realism, portability_risk"
llm_r2_gpt54_adapted,llm_r2_gpt54_adapted,LONGTAIL_0011,LONGTAIL,sql_feature,cte,candidate_execution_failed,true,false,false,false,changed,audits/llm_r2_gpt54_pg40_bounded_local_diagnostic_v0/adapter_output_review.csv; audits/llm_r2_gpt54_pg40_bounded_local_diagnostic_v0/db_checker_timing_review.csv,cases/LONGTAIL/LONGTAIL_0011/manifest.yaml#taxonomy.sql_feature,"retained manifest taxonomy tag; absent axes for this case: plan_operator, workload_realism, portability_risk"
llm_r2_gpt54_adapted,llm_r2_gpt54_adapted,LONGTAIL_0011,LONGTAIL,sql_feature,join,candidate_execution_failed,true,false,false,false,changed,audits/llm_r2_gpt54_pg40_bounded_local_diagnostic_v0/adapter_output_review.csv; audits/llm_r2_gpt54_pg40_bounded_local_diagnostic_v0/db_checker_timing_review.csv,cases/LONGTAIL/LONGTAIL_0011/manifest.yaml#taxonomy.sql_feature,"retained manifest taxonomy tag; absent axes for this case: plan_operator, workload_realism, portability_risk"
llm_r2_gpt54_adapted,llm_r2_gpt54_adapted,LONGTAIL_0011,LONGTAIL,sql_feature,sort,candidate_execution_failed,true,false,false,false,changed,audits/llm_r2_gpt54_pg40_bounded_local_diagnostic_v0/adapter_output_review.csv; audits/llm_r2_gpt54_pg40_bounded_local_diagnostic_v0/db_checker_timing_review.csv,cases/LONGTAIL/LONGTAIL_0011/manifest.yaml#taxonomy.sql_feature,"retained manifest taxonomy tag; absent axes for this case: plan_operator, workload_realism, portability_risk"
llm_r2_gpt54_adapted,llm_r2_gpt54_adapted,LONGTAIL_0011,LONGTAIL,sql_feature,window_function,candidate_execution_failed,true,false,false,false,changed,audits/llm_r2_gpt54_pg40_bounded_local_diagnostic_v0/adapter_output_review.csv; audits/llm_r2_gpt54_pg40_bounded_local_diagnostic_v0/db_checker_timing_review.csv,cases/LONGTAIL/LONGTAIL_0011/manifest.yaml#taxonomy.sql_feature,"retained manifest taxonomy tag; absent axes for this case: plan_operator, workload_realism, portability_risk"
llm_r2_gpt54_adapted,llm_r2_gpt54_adapted,LONGTAIL_0011,LONGTAIL,rewrite_opportunity,cte_strategy,candidate_execution_failed,true,false,false,false,changed,audits/llm_r2_gpt54_pg40_bounded_local_diagnostic_v0/adapter_output_review.csv; audits/llm_r2_gpt54_pg40_bounded_local_diagnostic_v0/db_checker_timing_review.csv,cases/LONGTAIL/LONGTAIL_0011/manifest.yaml#taxonomy.rewrite_opportunity,"retained manifest taxonomy tag; absent axes for this case: plan_operator, workload_realism, portability_risk"
llm_r2_gpt54_adapted,llm_r2_gpt54_adapted,LONGTAIL_0011,LONGTAIL,rewrite_opportunity,expression_simplification,candidate_execution_failed,true,false,false,false,changed,audits/llm_r2_gpt54_pg40_bounded_local_diagnostic_v0/adapter_output_review.csv; audits/llm_r2_gpt54_pg40_bounded_local_diagnostic_v0/db_checker_timing_review.csv,cases/LONGTAIL/LONGTAIL_0011/manifest.yaml#taxonomy.rewrite_opportunity,"retained manifest taxonomy tag; absent axes for this case: plan_operator, workload_realism, portability_risk"
llm_r2_gpt54_adapted,llm_r2_gpt54_adapted,LONGTAIL_0012,LONGTAIL,sql_feature,aggregation,exact,true,true,true,true,changed,audits/llm_r2_gpt54_pg40_bounded_local_diagnostic_v0/adapter_output_review.csv; audits/llm_r2_gpt54_pg40_bounded_local_diagnostic_v0/db_checker_timing_review.csv,cases/LONGTAIL/LONGTAIL_0012/manifest.yaml#taxonomy.sql_feature,"retained manifest taxonomy tag; absent axes for this case: rewrite_opportunity, plan_operator, workload_realism, portability_risk"
llm_r2_gpt54_adapted,llm_r2_gpt54_adapted,LONGTAIL_0012,LONGTAIL,sql_feature,complex_expression,exact,true,true,true,true,changed,audits/llm_r2_gpt54_pg40_bounded_local_diagnostic_v0/adapter_output_review.csv; audits/llm_r2_gpt54_pg40_bounded_local_diagnostic_v0/db_checker_timing_review.csv,cases/LONGTAIL/LONGTAIL_0012/manifest.yaml#taxonomy.sql_feature,"retained manifest taxonomy tag; absent axes for this case: rewrite_opportunity, plan_operator, workload_realism, portability_risk"
llm_r2_gpt54_adapted,llm_r2_gpt54_adapted,LONGTAIL_0012,LONGTAIL,sql_feature,outer_join,exact,true,true,true,true,changed,audits/llm_r2_gpt54_pg40_bounded_local_diagnostic_v0/adapter_output_review.csv; audits/llm_r2_gpt54_pg40_bounded_local_diagnostic_v0/db_checker_timing_review.csv,cases/LONGTAIL/LONGTAIL_0012/manifest.yaml#taxonomy.sql_feature,"retained manifest taxonomy tag; absent axes for this case: rewrite_opportunity, plan_operator, workload_realism, portability_risk"
llm_r2_gpt54_adapted,llm_r2_gpt54_adapted,LONGTAIL_0012,LONGTAIL,sql_feature,sort_limit,exact,true,true,true,true,changed,audits/llm_r2_gpt54_pg40_bounded_local_diagnostic_v0/adapter_output_review.csv; audits/llm_r2_gpt54_pg40_bounded_local_diagnostic_v0/db_checker_timing_review.csv,cases/LONGTAIL/LONGTAIL_0012/manifest.yaml#taxonomy.sql_feature,"retained manifest taxonomy tag; absent axes for this case: rewrite_opportunity, plan_operator, workload_realism, portability_risk"
llm_r2_gpt54_adapted,llm_r2_gpt54_adapted,LONGTAIL_0012,LONGTAIL,sql_feature,subquery_in_from,exact,true,true,true,true,changed,audits/llm_r2_gpt54_pg40_bounded_local_diagnostic_v0/adapter_output_review.csv; audits/llm_r2_gpt54_pg40_bounded_local_diagnostic_v0/db_checker_timing_review.csv,cases/LONGTAIL/LONGTAIL_0012/manifest.yaml#taxonomy.sql_feature,"retained manifest taxonomy tag; absent axes for this case: rewrite_opportunity, plan_operator, workload_realism, portability_risk"
llm_r2_gpt54_adapted,llm_r2_gpt54_adapted,LONGTAIL_0012,LONGTAIL,sql_feature,window_function,exact,true,true,true,true,changed,audits/llm_r2_gpt54_pg40_bounded_local_diagnostic_v0/adapter_output_review.csv; audits/llm_r2_gpt54_pg40_bounded_local_diagnostic_v0/db_checker_timing_review.csv,cases/LONGTAIL/LONGTAIL_0012/manifest.yaml#taxonomy.sql_feature,"retained manifest taxonomy tag; absent axes for this case: rewrite_opportunity, plan_operator, workload_realism, portability_risk"
llm_r2_gpt54_adapted,llm_r2_gpt54_adapted,LONGTAIL_0013,LONGTAIL,sql_feature,aggregation,exact,true,true,true,true,changed,audits/llm_r2_gpt54_pg40_bounded_local_diagnostic_v0/adapter_output_review.csv; audits/llm_r2_gpt54_pg40_bounded_local_diagnostic_v0/db_checker_timing_review.csv,cases/LONGTAIL/LONGTAIL_0013/manifest.yaml#taxonomy.sql_feature,"retained manifest taxonomy tag; absent axes for this case: rewrite_opportunity, plan_operator, workload_realism, portability_risk"
llm_r2_gpt54_adapted,llm_r2_gpt54_adapted,LONGTAIL_0013,LONGTAIL,sql_feature,complex_expression,exact,true,true,true,true,changed,audits/llm_r2_gpt54_pg40_bounded_local_diagnostic_v0/adapter_output_review.csv; audits/llm_r2_gpt54_pg40_bounded_local_diagnostic_v0/db_checker_timing_review.csv,cases/LONGTAIL/LONGTAIL_0013/manifest.yaml#taxonomy.sql_feature,"retained manifest taxonomy tag; absent axes for this case: rewrite_opportunity, plan_operator, workload_realism, portability_risk"
llm_r2_gpt54_adapted,llm_r2_gpt54_adapted,LONGTAIL_0013,LONGTAIL,sql_feature,cte,exact,true,true,true,true,changed,audits/llm_r2_gpt54_pg40_bounded_local_diagnostic_v0/adapter_output_review.csv; audits/llm_r2_gpt54_pg40_bounded_local_diagnostic_v0/db_checker_timing_review.csv,cases/LONGTAIL/LONGTAIL_0013/manifest.yaml#taxonomy.sql_feature,"retained manifest taxonomy tag; absent axes for this case: rewrite_opportunity, plan_operator, workload_realism, portability_risk"
llm_r2_gpt54_adapted,llm_r2_gpt54_adapted,LONGTAIL_0013,LONGTAIL,sql_feature,outer_join,exact,true,true,true,true,changed,audits/llm_r2_gpt54_pg40_bounded_local_diagnostic_v0/adapter_output_review.csv; audits/llm_r2_gpt54_pg40_bounded_local_diagnostic_v0/db_checker_timing_review.csv,cases/LONGTAIL/LONGTAIL_0013/manifest.yaml#taxonomy.sql_feature,"retained manifest taxonomy tag; absent axes for this case: rewrite_opportunity, plan_operator, workload_realism, portability_risk"
llm_r2_gpt54_adapted,llm_r2_gpt54_adapted,LONGTAIL_0013,LONGTAIL,sql_feature,sort,exact,true,true,true,true,changed,audits/llm_r2_gpt54_pg40_bounded_local_diagnostic_v0/adapter_output_review.csv; audits/llm_r2_gpt54_pg40_bounded_local_diagnostic_v0/db_checker_timing_review.csv,cases/LONGTAIL/LONGTAIL_0013/manifest.yaml#taxonomy.sql_feature,"retained manifest taxonomy tag; absent axes for this case: rewrite_opportunity, plan_operator, workload_realism, portability_risk"
llm_r2_gpt54_adapted,llm_r2_gpt54_adapted,LONGTAIL_0013,LONGTAIL,sql_feature,window_function,exact,true,true,true,true,changed,audits/llm_r2_gpt54_pg40_bounded_local_diagnostic_v0/adapter_output_review.csv; audits/llm_r2_gpt54_pg40_bounded_local_diagnostic_v0/db_checker_timing_review.csv,cases/LONGTAIL/LONGTAIL_0013/manifest.yaml#taxonomy.sql_feature,"retained manifest taxonomy tag; absent axes for this case: rewrite_opportunity, plan_operator, workload_realism, portability_risk"
llm_r2_gpt54_adapted,llm_r2_gpt54_adapted,LONGTAIL_0022,LONGTAIL,sql_feature,aggregation,exact,true,true,true,true,changed,audits/llm_r2_gpt54_pg40_bounded_local_diagnostic_v0/adapter_output_review.csv; audits/llm_r2_gpt54_pg40_bounded_local_diagnostic_v0/db_checker_timing_review.csv,cases/LONGTAIL/LONGTAIL_0022/manifest.yaml#taxonomy.sql_feature,"retained manifest taxonomy tag; absent axes for this case: rewrite_opportunity, plan_operator, workload_realism, portability_risk"
llm_r2_gpt54_adapted,llm_r2_gpt54_adapted,LONGTAIL_0022,LONGTAIL,sql_feature,cte,exact,true,true,true,true,changed,audits/llm_r2_gpt54_pg40_bounded_local_diagnostic_v0/adapter_output_review.csv; audits/llm_r2_gpt54_pg40_bounded_local_diagnostic_v0/db_checker_timing_review.csv,cases/LONGTAIL/LONGTAIL_0022/manifest.yaml#taxonomy.sql_feature,"retained manifest taxonomy tag; absent axes for this case: rewrite_opportunity, plan_operator, workload_realism, portability_risk"
llm_r2_gpt54_adapted,llm_r2_gpt54_adapted,LONGTAIL_0022,LONGTAIL,sql_feature,join,exact,true,true,true,true,changed,audits/llm_r2_gpt54_pg40_bounded_local_diagnostic_v0/adapter_output_review.csv; audits/llm_r2_gpt54_pg40_bounded_local_diagnostic_v0/db_checker_timing_review.csv,cases/LONGTAIL/LONGTAIL_0022/manifest.yaml#taxonomy.sql_feature,"retained manifest taxonomy tag; absent axes for this case: rewrite_opportunity, plan_operator, workload_realism, portability_risk"
llm_r2_gpt54_adapted,llm_r2_gpt54_adapted,LONGTAIL_0022,LONGTAIL,sql_feature,outer_join,exact,true,true,true,true,changed,audits/llm_r2_gpt54_pg40_bounded_local_diagnostic_v0/adapter_output_review.csv; audits/llm_r2_gpt54_pg40_bounded_local_diagnostic_v0/db_checker_timing_review.csv,cases/LONGTAIL/LONGTAIL_0022/manifest.yaml#taxonomy.sql_feature,"retained manifest taxonomy tag; absent axes for this case: rewrite_opportunity, plan_operator, workload_realism, portability_risk"
llm_r2_gpt54_adapted,llm_r2_gpt54_adapted,LONGTAIL_0022,LONGTAIL,sql_feature,sort,exact,true,true,true,true,changed,audits/llm_r2_gpt54_pg40_bounded_local_diagnostic_v0/adapter_output_review.csv; audits/llm_r2_gpt54_pg40_bounded_local_diagnostic_v0/db_checker_timing_review.csv,cases/LONGTAIL/LONGTAIL_0022/manifest.yaml#taxonomy.sql_feature,"retained manifest taxonomy tag; absent axes for this case: rewrite_opportunity, plan_operator, workload_realism, portability_risk"
llm_r2_gpt54_adapted,llm_r2_gpt54_adapted,LONGTAIL_0023,LONGTAIL,sql_feature,aggregation,exact,true,true,true,true,changed,audits/llm_r2_gpt54_pg40_bounded_local_diagnostic_v0/adapter_output_review.csv; audits/llm_r2_gpt54_pg40_bounded_local_diagnostic_v0/db_checker_timing_review.csv,cases/LONGTAIL/LONGTAIL_0023/manifest.yaml#taxonomy.sql_feature,"retained manifest taxonomy tag; absent axes for this case: rewrite_opportunity, plan_operator, workload_realism, portability_risk"
llm_r2_gpt54_adapted,llm_r2_gpt54_adapted,LONGTAIL_0023,LONGTAIL,sql_feature,cte,exact,true,true,true,true,changed,audits/llm_r2_gpt54_pg40_bounded_local_diagnostic_v0/adapter_output_review.csv; audits/llm_r2_gpt54_pg40_bounded_local_diagnostic_v0/db_checker_timing_review.csv,cases/LONGTAIL/LONGTAIL_0023/manifest.yaml#taxonomy.sql_feature,"retained manifest taxonomy tag; absent axes for this case: rewrite_opportunity, plan_operator, workload_realism, portability_risk"
llm_r2_gpt54_adapted,llm_r2_gpt54_adapted,LONGTAIL_0023,LONGTAIL,sql_feature,directed_relation,exact,true,true,true,true,changed,audits/llm_r2_gpt54_pg40_bounded_local_diagnostic_v0/adapter_output_review.csv; audits/llm_r2_gpt54_pg40_bounded_local_diagnostic_v0/db_checker_timing_review.csv,cases/LONGTAIL/LONGTAIL_0023/manifest.yaml#taxonomy.sql_feature,"retained manifest taxonomy tag; absent axes for this case: rewrite_opportunity, plan_operator, workload_realism, portability_risk"
llm_r2_gpt54_adapted,llm_r2_gpt54_adapted,LONGTAIL_0023,LONGTAIL,sql_feature,outer_join,exact,true,true,true,true,changed,audits/llm_r2_gpt54_pg40_bounded_local_diagnostic_v0/adapter_output_review.csv; audits/llm_r2_gpt54_pg40_bounded_local_diagnostic_v0/db_checker_timing_review.csv,cases/LONGTAIL/LONGTAIL_0023/manifest.yaml#taxonomy.sql_feature,"retained manifest taxonomy tag; absent axes for this case: rewrite_opportunity, plan_operator, workload_realism, portability_risk"
llm_r2_gpt54_adapted,llm_r2_gpt54_adapted,LONGTAIL_0023,LONGTAIL,sql_feature,sort,exact,true,true,true,true,changed,audits/llm_r2_gpt54_pg40_bounded_local_diagnostic_v0/adapter_output_review.csv; audits/llm_r2_gpt54_pg40_bounded_local_diagnostic_v0/db_checker_timing_review.csv,cases/LONGTAIL/LONGTAIL_0023/manifest.yaml#taxonomy.sql_feature,"retained manifest taxonomy tag; absent axes for this case: rewrite_opportunity, plan_operator, workload_realism, portability_risk"
llm_r2_gpt54_adapted,llm_r2_gpt54_adapted,LONGTAIL_0024,LONGTAIL,sql_feature,aggregation,exact,true,true,true,true,changed,audits/llm_r2_gpt54_pg40_bounded_local_diagnostic_v0/adapter_output_review.csv; audits/llm_r2_gpt54_pg40_bounded_local_diagnostic_v0/db_checker_timing_review.csv,cases/LONGTAIL/LONGTAIL_0024/manifest.yaml#taxonomy.sql_feature,"retained manifest taxonomy tag; absent axes for this case: rewrite_opportunity, plan_operator, workload_realism, portability_risk"
llm_r2_gpt54_adapted,llm_r2_gpt54_adapted,LONGTAIL_0024,LONGTAIL,sql_feature,cte,exact,true,true,true,true,changed,audits/llm_r2_gpt54_pg40_bounded_local_diagnostic_v0/adapter_output_review.csv; audits/llm_r2_gpt54_pg40_bounded_local_diagnostic_v0/db_checker_timing_review.csv,cases/LONGTAIL/LONGTAIL_0024/manifest.yaml#taxonomy.sql_feature,"retained manifest taxonomy tag; absent axes for this case: rewrite_opportunity, plan_operator, workload_realism, portability_risk"
llm_r2_gpt54_adapted,llm_r2_gpt54_adapted,LONGTAIL_0024,LONGTAIL,sql_feature,join,exact,true,true,true,true,changed,audits/llm_r2_gpt54_pg40_bounded_local_diagnostic_v0/adapter_output_review.csv; audits/llm_r2_gpt54_pg40_bounded_local_diagnostic_v0/db_checker_timing_review.csv,cases/LONGTAIL/LONGTAIL_0024/manifest.yaml#taxonomy.sql_feature,"retained manifest taxonomy tag; absent axes for this case: rewrite_opportunity, plan_operator, workload_realism, portability_risk"
llm_r2_gpt54_adapted,llm_r2_gpt54_adapted,LONGTAIL_0024,LONGTAIL,sql_feature,sort,exact,true,true,true,true,changed,audits/llm_r2_gpt54_pg40_bounded_local_diagnostic_v0/adapter_output_review.csv; audits/llm_r2_gpt54_pg40_bounded_local_diagnostic_v0/db_checker_timing_review.csv,cases/LONGTAIL/LONGTAIL_0024/manifest.yaml#taxonomy.sql_feature,"retained manifest taxonomy tag; absent axes for this case: rewrite_opportunity, plan_operator, workload_realism, portability_risk"
llm_r2_gpt54_adapted,llm_r2_gpt54_adapted,LONGTAIL_0024,LONGTAIL,sql_feature,temporal_min_max,exact,true,true,true,true,changed,audits/llm_r2_gpt54_pg40_bounded_local_diagnostic_v0/adapter_output_review.csv; audits/llm_r2_gpt54_pg40_bounded_local_diagnostic_v0/db_checker_timing_review.csv,cases/LONGTAIL/LONGTAIL_0024/manifest.yaml#taxonomy.sql_feature,"retained manifest taxonomy tag; absent axes for this case: rewrite_opportunity, plan_operator, workload_realism, portability_risk"
