case_id,pool,relative_path,risk_type,pattern_category,severity,proposed_action,blocks_batch_migration,notes
PERF_0006,PERF,cases/PERF/PERF_0006/validation/run_pg_plan_collection.sh,log_debug_risk,log_debug,medium,archive or summarize raw log/reference,no,Pattern category recorded only; raw line omitted to avoid exposing sensitive content.
PERF_0006,PERF,cases/PERF/PERF_0006/runs/spark/plans/rewrite_pos_01.txt,local_path_risk,local_path,high,sanitize and map original,no,Pattern category recorded only; raw line omitted to avoid exposing sensitive content.
PERF_0006,PERF,cases/PERF/PERF_0006/runs/spark/plans/rewrite_pos_01.txt,local_path_risk,local_path,high,sanitize and map original,no,Pattern category recorded only; raw line omitted to avoid exposing sensitive content.
PERF_0006,PERF,cases/PERF/PERF_0006/runs/spark/plans/rewrite_pos_01.txt,log_debug_risk,log_debug,medium,archive or summarize raw log/reference,no,Pattern category recorded only; raw line omitted to avoid exposing sensitive content.
PERF_0006,PERF,cases/PERF/PERF_0006/runs/spark/plans/rewrite_neg_01.txt,local_path_risk,local_path,high,sanitize and map original,no,Pattern category recorded only; raw line omitted to avoid exposing sensitive content.
PERF_0006,PERF,cases/PERF/PERF_0006/runs/spark/plans/rewrite_neg_01.txt,local_path_risk,local_path,high,sanitize and map original,no,Pattern category recorded only; raw line omitted to avoid exposing sensitive content.
PERF_0006,PERF,cases/PERF/PERF_0006/runs/spark/plans/rewrite_neg_01.txt,log_debug_risk,log_debug,medium,archive or summarize raw log/reference,no,Pattern category recorded only; raw line omitted to avoid exposing sensitive content.
PERF_0007,PERF,cases/PERF/PERF_0007/validation/run_pg_plan_collection.sh,log_debug_risk,log_debug,medium,archive or summarize raw log/reference,no,Pattern category recorded only; raw line omitted to avoid exposing sensitive content.
PERF_0007,PERF,cases/PERF/PERF_0007/runs/spark/plans/rewrite_pos_01.txt,local_path_risk,local_path,high,sanitize and map original,yes,Pattern category recorded only; raw line omitted to avoid exposing sensitive content.
PERF_0007,PERF,cases/PERF/PERF_0007/runs/spark/plans/rewrite_pos_01.txt,local_path_risk,local_path,high,sanitize and map original,yes,Pattern category recorded only; raw line omitted to avoid exposing sensitive content.
PERF_0007,PERF,cases/PERF/PERF_0007/runs/spark/plans/rewrite_pos_01.txt,log_debug_risk,log_debug,medium,archive or summarize raw log/reference,no,Pattern category recorded only; raw line omitted to avoid exposing sensitive content.
PERF_0007,PERF,cases/PERF/PERF_0007/runs/spark/plans/rewrite_neg_01.txt,local_path_risk,local_path,high,sanitize and map original,yes,Pattern category recorded only; raw line omitted to avoid exposing sensitive content.
PERF_0007,PERF,cases/PERF/PERF_0007/runs/spark/plans/rewrite_neg_01.txt,local_path_risk,local_path,high,sanitize and map original,yes,Pattern category recorded only; raw line omitted to avoid exposing sensitive content.
PERF_0007,PERF,cases/PERF/PERF_0007/runs/spark/plans/rewrite_neg_01.txt,log_debug_risk,log_debug,medium,archive or summarize raw log/reference,no,Pattern category recorded only; raw line omitted to avoid exposing sensitive content.
PERF_0008,PERF,cases/PERF/PERF_0008/validation/run_pg_plan_collection.sh,log_debug_risk,log_debug,medium,archive or summarize raw log/reference,no,Pattern category recorded only; raw line omitted to avoid exposing sensitive content.
PERF_0008,PERF,cases/PERF/PERF_0008/runs/spark/plans/rewrite_pos_01.txt,local_path_risk,local_path,high,sanitize and map original,yes,Pattern category recorded only; raw line omitted to avoid exposing sensitive content.
PERF_0008,PERF,cases/PERF/PERF_0008/runs/spark/plans/rewrite_pos_01.txt,local_path_risk,local_path,high,sanitize and map original,yes,Pattern category recorded only; raw line omitted to avoid exposing sensitive content.
PERF_0008,PERF,cases/PERF/PERF_0008/runs/spark/plans/rewrite_pos_01.txt,log_debug_risk,log_debug,medium,archive or summarize raw log/reference,no,Pattern category recorded only; raw line omitted to avoid exposing sensitive content.
PERF_0008,PERF,cases/PERF/PERF_0008/runs/spark/plans/rewrite_neg_01.txt,local_path_risk,local_path,high,sanitize and map original,yes,Pattern category recorded only; raw line omitted to avoid exposing sensitive content.
PERF_0008,PERF,cases/PERF/PERF_0008/runs/spark/plans/rewrite_neg_01.txt,local_path_risk,local_path,high,sanitize and map original,yes,Pattern category recorded only; raw line omitted to avoid exposing sensitive content.
PERF_0008,PERF,cases/PERF/PERF_0008/runs/spark/plans/rewrite_neg_01.txt,log_debug_risk,log_debug,medium,archive or summarize raw log/reference,no,Pattern category recorded only; raw line omitted to avoid exposing sensitive content.
PERF_0013,PERF,cases/PERF/PERF_0013/validation/run_pg_plan_collection.sh,log_debug_risk,log_debug,medium,archive or summarize raw log/reference,no,Pattern category recorded only; raw line omitted to avoid exposing sensitive content.
PERF_0013,PERF,cases/PERF/PERF_0013/runs/spark/plans/rewrite_pos_01.txt,local_path_risk,local_path,high,sanitize and map original,yes,Pattern category recorded only; raw line omitted to avoid exposing sensitive content.
PERF_0013,PERF,cases/PERF/PERF_0013/runs/spark/plans/rewrite_pos_01.txt,local_path_risk,local_path,high,sanitize and map original,yes,Pattern category recorded only; raw line omitted to avoid exposing sensitive content.
PERF_0013,PERF,cases/PERF/PERF_0013/runs/spark/plans/rewrite_pos_01.txt,log_debug_risk,log_debug,medium,archive or summarize raw log/reference,no,Pattern category recorded only; raw line omitted to avoid exposing sensitive content.
PERF_0013,PERF,cases/PERF/PERF_0013/runs/spark/plans/rewrite_neg_01.txt,local_path_risk,local_path,high,sanitize and map original,yes,Pattern category recorded only; raw line omitted to avoid exposing sensitive content.
PERF_0013,PERF,cases/PERF/PERF_0013/runs/spark/plans/rewrite_neg_01.txt,local_path_risk,local_path,high,sanitize and map original,yes,Pattern category recorded only; raw line omitted to avoid exposing sensitive content.
PERF_0013,PERF,cases/PERF/PERF_0013/runs/spark/plans/rewrite_neg_01.txt,log_debug_risk,log_debug,medium,archive or summarize raw log/reference,no,Pattern category recorded only; raw line omitted to avoid exposing sensitive content.
PERF_0017,PERF,cases/PERF/PERF_0017/validation/run_pg_plan_collection.sh,log_debug_risk,log_debug,medium,archive or summarize raw log/reference,no,Pattern category recorded only; raw line omitted to avoid exposing sensitive content.
PERF_0017,PERF,cases/PERF/PERF_0017/runs/spark/plans/rewrite_pos_01.txt,local_path_risk,local_path,high,sanitize and map original,yes,Pattern category recorded only; raw line omitted to avoid exposing sensitive content.
PERF_0017,PERF,cases/PERF/PERF_0017/runs/spark/plans/rewrite_pos_01.txt,local_path_risk,local_path,high,sanitize and map original,yes,Pattern category recorded only; raw line omitted to avoid exposing sensitive content.
PERF_0017,PERF,cases/PERF/PERF_0017/runs/spark/plans/rewrite_pos_01.txt,log_debug_risk,log_debug,medium,archive or summarize raw log/reference,no,Pattern category recorded only; raw line omitted to avoid exposing sensitive content.
PERF_0017,PERF,cases/PERF/PERF_0017/runs/spark/plans/rewrite_neg_01.txt,local_path_risk,local_path,high,sanitize and map original,yes,Pattern category recorded only; raw line omitted to avoid exposing sensitive content.
PERF_0017,PERF,cases/PERF/PERF_0017/runs/spark/plans/rewrite_neg_01.txt,local_path_risk,local_path,high,sanitize and map original,yes,Pattern category recorded only; raw line omitted to avoid exposing sensitive content.
PERF_0017,PERF,cases/PERF/PERF_0017/runs/spark/plans/rewrite_neg_01.txt,log_debug_risk,log_debug,medium,archive or summarize raw log/reference,no,Pattern category recorded only; raw line omitted to avoid exposing sensitive content.
PERF_0019,PERF,cases/PERF/PERF_0019/validation/run_pg_plan_collection.sh,log_debug_risk,log_debug,medium,archive or summarize raw log/reference,no,Pattern category recorded only; raw line omitted to avoid exposing sensitive content.
PERF_0019,PERF,cases/PERF/PERF_0019/runs/spark/plans/rewrite_pos_01.txt,local_path_risk,local_path,high,sanitize and map original,yes,Pattern category recorded only; raw line omitted to avoid exposing sensitive content.
PERF_0019,PERF,cases/PERF/PERF_0019/runs/spark/plans/rewrite_pos_01.txt,local_path_risk,local_path,high,sanitize and map original,yes,Pattern category recorded only; raw line omitted to avoid exposing sensitive content.
PERF_0019,PERF,cases/PERF/PERF_0019/runs/spark/plans/rewrite_pos_01.txt,log_debug_risk,log_debug,medium,archive or summarize raw log/reference,no,Pattern category recorded only; raw line omitted to avoid exposing sensitive content.
PERF_0019,PERF,cases/PERF/PERF_0019/runs/spark/plans/rewrite_neg_01.txt,local_path_risk,local_path,high,sanitize and map original,yes,Pattern category recorded only; raw line omitted to avoid exposing sensitive content.
PERF_0019,PERF,cases/PERF/PERF_0019/runs/spark/plans/rewrite_neg_01.txt,local_path_risk,local_path,high,sanitize and map original,yes,Pattern category recorded only; raw line omitted to avoid exposing sensitive content.
PERF_0019,PERF,cases/PERF/PERF_0019/runs/spark/plans/rewrite_neg_01.txt,log_debug_risk,log_debug,medium,archive or summarize raw log/reference,no,Pattern category recorded only; raw line omitted to avoid exposing sensitive content.
PERF_0024,PERF,cases/PERF/PERF_0024/validation/run_pg_plan_collection.sh,log_debug_risk,log_debug,medium,archive or summarize raw log/reference,no,Pattern category recorded only; raw line omitted to avoid exposing sensitive content.
PERF_0024,PERF,cases/PERF/PERF_0024/runs/spark/plans/rewrite_pos_01.txt,local_path_risk,local_path,high,sanitize and map original,yes,Pattern category recorded only; raw line omitted to avoid exposing sensitive content.
PERF_0024,PERF,cases/PERF/PERF_0024/runs/spark/plans/rewrite_pos_01.txt,local_path_risk,local_path,high,sanitize and map original,yes,Pattern category recorded only; raw line omitted to avoid exposing sensitive content.
PERF_0024,PERF,cases/PERF/PERF_0024/runs/spark/plans/rewrite_pos_01.txt,log_debug_risk,log_debug,medium,archive or summarize raw log/reference,no,Pattern category recorded only; raw line omitted to avoid exposing sensitive content.
PERF_0024,PERF,cases/PERF/PERF_0024/runs/spark/plans/rewrite_neg_01.txt,local_path_risk,local_path,high,sanitize and map original,yes,Pattern category recorded only; raw line omitted to avoid exposing sensitive content.
PERF_0024,PERF,cases/PERF/PERF_0024/runs/spark/plans/rewrite_neg_01.txt,local_path_risk,local_path,high,sanitize and map original,yes,Pattern category recorded only; raw line omitted to avoid exposing sensitive content.
PERF_0024,PERF,cases/PERF/PERF_0024/runs/spark/plans/rewrite_neg_01.txt,log_debug_risk,log_debug,medium,archive or summarize raw log/reference,no,Pattern category recorded only; raw line omitted to avoid exposing sensitive content.
PERF_0033,PERF,cases/PERF/PERF_0033/provenance/dsqgen_command.txt,local_path_risk,local_path,high,manual review before public publication,yes,Pattern category recorded only; raw line omitted to avoid exposing sensitive content.
PERF_0033,PERF,cases/PERF/PERF_0033/provenance/dsqgen_command.txt,log_debug_risk,log_debug,medium,archive or summarize raw log/reference,no,Pattern category recorded only; raw line omitted to avoid exposing sensitive content.
PERF_0033,PERF,cases/PERF/PERF_0033/validation/run_spark_plan_collection.sh,local_path_risk,local_path,medium,manual review before public publication,yes,Pattern category recorded only; raw line omitted to avoid exposing sensitive content.
PERF_0033,PERF,cases/PERF/PERF_0033/validation/run_pg_plan_collection.sh,log_debug_risk,log_debug,medium,archive or summarize raw log/reference,no,Pattern category recorded only; raw line omitted to avoid exposing sensitive content.
PERF_0033,PERF,cases/PERF/PERF_0033/validation/run_spark_validation.sh,local_path_risk,local_path,medium,manual review before public publication,yes,Pattern category recorded only; raw line omitted to avoid exposing sensitive content.
PERF_0033,PERF,cases/PERF/PERF_0033/runs/spark/plans/rewrite_pos_01.txt,local_path_risk,local_path,high,sanitize and map original,yes,Pattern category recorded only; raw line omitted to avoid exposing sensitive content.
PERF_0033,PERF,cases/PERF/PERF_0033/runs/spark/plans/rewrite_pos_01.txt,local_path_risk,local_path,high,sanitize and map original,yes,Pattern category recorded only; raw line omitted to avoid exposing sensitive content.
PERF_0033,PERF,cases/PERF/PERF_0033/runs/spark/plans/rewrite_pos_01.txt,log_debug_risk,log_debug,medium,archive or summarize raw log/reference,no,Pattern category recorded only; raw line omitted to avoid exposing sensitive content.
PERF_0033,PERF,cases/PERF/PERF_0033/runs/spark/plans/source.txt,local_path_risk,local_path,high,sanitize and map original,yes,Pattern category recorded only; raw line omitted to avoid exposing sensitive content.
PERF_0033,PERF,cases/PERF/PERF_0033/runs/spark/plans/source.txt,local_path_risk,local_path,high,sanitize and map original,yes,Pattern category recorded only; raw line omitted to avoid exposing sensitive content.
PERF_0033,PERF,cases/PERF/PERF_0033/runs/spark/plans/source.txt,log_debug_risk,log_debug,medium,archive or summarize raw log/reference,no,Pattern category recorded only; raw line omitted to avoid exposing sensitive content.
PERF_0033,PERF,cases/PERF/PERF_0033/runs/spark/plans/rewrite_neg_01.txt,local_path_risk,local_path,high,sanitize and map original,yes,Pattern category recorded only; raw line omitted to avoid exposing sensitive content.
PERF_0033,PERF,cases/PERF/PERF_0033/runs/spark/plans/rewrite_neg_01.txt,local_path_risk,local_path,high,sanitize and map original,yes,Pattern category recorded only; raw line omitted to avoid exposing sensitive content.
PERF_0033,PERF,cases/PERF/PERF_0033/runs/spark/plans/rewrite_neg_01.txt,log_debug_risk,log_debug,medium,archive or summarize raw log/reference,no,Pattern category recorded only; raw line omitted to avoid exposing sensitive content.
PERF_0034,PERF,cases/PERF/PERF_0034/source.sql,log_debug_risk,log_debug,medium,archive or summarize raw log/reference,no,Pattern category recorded only; raw line omitted to avoid exposing sensitive content.
PERF_0034,PERF,cases/PERF/PERF_0034/provenance/dsqgen_command.txt,local_path_risk,local_path,high,manual review before public publication,yes,Pattern category recorded only; raw line omitted to avoid exposing sensitive content.
PERF_0034,PERF,cases/PERF/PERF_0034/provenance/dsqgen_command.txt,log_debug_risk,log_debug,medium,archive or summarize raw log/reference,no,Pattern category recorded only; raw line omitted to avoid exposing sensitive content.
PERF_0034,PERF,cases/PERF/PERF_0034/provenance/query56_instance_raw.sql,log_debug_risk,log_debug,medium,archive or summarize raw log/reference,no,Pattern category recorded only; raw line omitted to avoid exposing sensitive content.
PERF_0034,PERF,cases/PERF/PERF_0034/validation/run_spark_plan_collection.sh,local_path_risk,local_path,medium,manual review before public publication,yes,Pattern category recorded only; raw line omitted to avoid exposing sensitive content.
PERF_0034,PERF,cases/PERF/PERF_0034/validation/run_pg_plan_collection.sh,log_debug_risk,log_debug,medium,archive or summarize raw log/reference,no,Pattern category recorded only; raw line omitted to avoid exposing sensitive content.
PERF_0034,PERF,cases/PERF/PERF_0034/validation/run_spark_validation.sh,local_path_risk,local_path,medium,manual review before public publication,yes,Pattern category recorded only; raw line omitted to avoid exposing sensitive content.
PERF_0034,PERF,cases/PERF/PERF_0034/runs/mysql/plans/source.json,log_debug_risk,log_debug,medium,archive or summarize raw log/reference,no,Pattern category recorded only; raw line omitted to avoid exposing sensitive content.
PERF_0034,PERF,cases/PERF/PERF_0034/runs/spark/plans/rewrite_pos_01.txt,local_path_risk,local_path,high,sanitize and map original,yes,Pattern category recorded only; raw line omitted to avoid exposing sensitive content.
PERF_0034,PERF,cases/PERF/PERF_0034/runs/spark/plans/rewrite_pos_01.txt,local_path_risk,local_path,high,sanitize and map original,yes,Pattern category recorded only; raw line omitted to avoid exposing sensitive content.
PERF_0034,PERF,cases/PERF/PERF_0034/runs/spark/plans/rewrite_pos_01.txt,log_debug_risk,log_debug,medium,archive or summarize raw log/reference,no,Pattern category recorded only; raw line omitted to avoid exposing sensitive content.
PERF_0034,PERF,cases/PERF/PERF_0034/runs/spark/plans/source.txt,local_path_risk,local_path,high,sanitize and map original,yes,Pattern category recorded only; raw line omitted to avoid exposing sensitive content.
PERF_0034,PERF,cases/PERF/PERF_0034/runs/spark/plans/source.txt,local_path_risk,local_path,high,sanitize and map original,yes,Pattern category recorded only; raw line omitted to avoid exposing sensitive content.
PERF_0034,PERF,cases/PERF/PERF_0034/runs/spark/plans/source.txt,log_debug_risk,log_debug,medium,archive or summarize raw log/reference,no,Pattern category recorded only; raw line omitted to avoid exposing sensitive content.
PERF_0034,PERF,cases/PERF/PERF_0034/runs/spark/plans/rewrite_neg_01.txt,local_path_risk,local_path,high,sanitize and map original,yes,Pattern category recorded only; raw line omitted to avoid exposing sensitive content.
PERF_0034,PERF,cases/PERF/PERF_0034/runs/spark/plans/rewrite_neg_01.txt,local_path_risk,local_path,high,sanitize and map original,yes,Pattern category recorded only; raw line omitted to avoid exposing sensitive content.
PERF_0034,PERF,cases/PERF/PERF_0034/runs/spark/plans/rewrite_neg_01.txt,log_debug_risk,log_debug,medium,archive or summarize raw log/reference,no,Pattern category recorded only; raw line omitted to avoid exposing sensitive content.
PERF_0035,PERF,cases/PERF/PERF_0035/provenance/dsqgen_command.txt,local_path_risk,local_path,high,manual review before public publication,yes,Pattern category recorded only; raw line omitted to avoid exposing sensitive content.
PERF_0035,PERF,cases/PERF/PERF_0035/provenance/dsqgen_command.txt,log_debug_risk,log_debug,medium,archive or summarize raw log/reference,no,Pattern category recorded only; raw line omitted to avoid exposing sensitive content.
PERF_0035,PERF,cases/PERF/PERF_0035/validation/run_spark_plan_collection.sh,local_path_risk,local_path,medium,manual review before public publication,yes,Pattern category recorded only; raw line omitted to avoid exposing sensitive content.
PERF_0035,PERF,cases/PERF/PERF_0035/validation/run_pg_plan_collection.sh,log_debug_risk,log_debug,medium,archive or summarize raw log/reference,no,Pattern category recorded only; raw line omitted to avoid exposing sensitive content.
PERF_0035,PERF,cases/PERF/PERF_0035/validation/run_spark_validation.sh,local_path_risk,local_path,medium,manual review before public publication,yes,Pattern category recorded only; raw line omitted to avoid exposing sensitive content.
PERF_0035,PERF,cases/PERF/PERF_0035/validation/run_mysql_validation.sh,local_path_risk,local_path,medium,manual review before public publication,yes,Pattern category recorded only; raw line omitted to avoid exposing sensitive content.
PERF_0035,PERF,cases/PERF/PERF_0035/validation/run_mysql_plan_collection.sh,local_path_risk,local_path,medium,manual review before public publication,yes,Pattern category recorded only; raw line omitted to avoid exposing sensitive content.
PERF_0035,PERF,cases/PERF/PERF_0035/runs/spark/plans/rewrite_pos_01.txt,local_path_risk,local_path,high,sanitize and map original,yes,Pattern category recorded only; raw line omitted to avoid exposing sensitive content.
PERF_0035,PERF,cases/PERF/PERF_0035/runs/spark/plans/rewrite_pos_01.txt,local_path_risk,local_path,high,sanitize and map original,yes,Pattern category recorded only; raw line omitted to avoid exposing sensitive content.
PERF_0035,PERF,cases/PERF/PERF_0035/runs/spark/plans/rewrite_pos_01.txt,log_debug_risk,log_debug,medium,archive or summarize raw log/reference,no,Pattern category recorded only; raw line omitted to avoid exposing sensitive content.
PERF_0035,PERF,cases/PERF/PERF_0035/runs/spark/plans/source.txt,local_path_risk,local_path,high,sanitize and map original,yes,Pattern category recorded only; raw line omitted to avoid exposing sensitive content.
PERF_0035,PERF,cases/PERF/PERF_0035/runs/spark/plans/source.txt,local_path_risk,local_path,high,sanitize and map original,yes,Pattern category recorded only; raw line omitted to avoid exposing sensitive content.
PERF_0035,PERF,cases/PERF/PERF_0035/runs/spark/plans/source.txt,log_debug_risk,log_debug,medium,archive or summarize raw log/reference,no,Pattern category recorded only; raw line omitted to avoid exposing sensitive content.
PERF_0035,PERF,cases/PERF/PERF_0035/runs/spark/plans/rewrite_neg_01.txt,local_path_risk,local_path,high,sanitize and map original,yes,Pattern category recorded only; raw line omitted to avoid exposing sensitive content.
PERF_0035,PERF,cases/PERF/PERF_0035/runs/spark/plans/rewrite_neg_01.txt,local_path_risk,local_path,high,sanitize and map original,yes,Pattern category recorded only; raw line omitted to avoid exposing sensitive content.
PERF_0035,PERF,cases/PERF/PERF_0035/runs/spark/plans/rewrite_neg_01.txt,log_debug_risk,log_debug,medium,archive or summarize raw log/reference,no,Pattern category recorded only; raw line omitted to avoid exposing sensitive content.
PERF_0052,PERF,cases/PERF/PERF_0052/provenance/dsqgen_command.txt,local_path_risk,local_path,high,manual review before public publication,yes,Pattern category recorded only; raw line omitted to avoid exposing sensitive content.
PERF_0052,PERF,cases/PERF/PERF_0052/provenance/dsqgen_command.txt,log_debug_risk,log_debug,medium,archive or summarize raw log/reference,no,Pattern category recorded only; raw line omitted to avoid exposing sensitive content.
PERF_0052,PERF,cases/PERF/PERF_0052/validation/run_spark_plan_collection.sh,local_path_risk,local_path,medium,manual review before public publication,yes,Pattern category recorded only; raw line omitted to avoid exposing sensitive content.
PERF_0052,PERF,cases/PERF/PERF_0052/validation/run_pg_plan_collection.sh,log_debug_risk,log_debug,medium,archive or summarize raw log/reference,no,Pattern category recorded only; raw line omitted to avoid exposing sensitive content.
PERF_0052,PERF,cases/PERF/PERF_0052/validation/run_spark_validation.sh,local_path_risk,local_path,medium,manual review before public publication,yes,Pattern category recorded only; raw line omitted to avoid exposing sensitive content.
PERF_0052,PERF,cases/PERF/PERF_0052/validation/run_mysql_validation.sh,local_path_risk,local_path,medium,manual review before public publication,yes,Pattern category recorded only; raw line omitted to avoid exposing sensitive content.
PERF_0052,PERF,cases/PERF/PERF_0052/validation/run_mysql_plan_collection.sh,local_path_risk,local_path,medium,manual review before public publication,yes,Pattern category recorded only; raw line omitted to avoid exposing sensitive content.
PERF_0052,PERF,cases/PERF/PERF_0052/runs/spark/plans/rewrite_pos_01.txt,local_path_risk,local_path,high,sanitize and map original,yes,Pattern category recorded only; raw line omitted to avoid exposing sensitive content.
PERF_0052,PERF,cases/PERF/PERF_0052/runs/spark/plans/rewrite_pos_01.txt,local_path_risk,local_path,high,sanitize and map original,yes,Pattern category recorded only; raw line omitted to avoid exposing sensitive content.
PERF_0052,PERF,cases/PERF/PERF_0052/runs/spark/plans/rewrite_pos_01.txt,log_debug_risk,log_debug,medium,archive or summarize raw log/reference,no,Pattern category recorded only; raw line omitted to avoid exposing sensitive content.
PERF_0052,PERF,cases/PERF/PERF_0052/runs/spark/plans/source.txt,local_path_risk,local_path,high,sanitize and map original,yes,Pattern category recorded only; raw line omitted to avoid exposing sensitive content.
PERF_0052,PERF,cases/PERF/PERF_0052/runs/spark/plans/source.txt,local_path_risk,local_path,high,sanitize and map original,yes,Pattern category recorded only; raw line omitted to avoid exposing sensitive content.
PERF_0052,PERF,cases/PERF/PERF_0052/runs/spark/plans/source.txt,log_debug_risk,log_debug,medium,archive or summarize raw log/reference,no,Pattern category recorded only; raw line omitted to avoid exposing sensitive content.
PERF_0052,PERF,cases/PERF/PERF_0052/runs/spark/plans/rewrite_neg_01.txt,local_path_risk,local_path,high,sanitize and map original,yes,Pattern category recorded only; raw line omitted to avoid exposing sensitive content.
PERF_0052,PERF,cases/PERF/PERF_0052/runs/spark/plans/rewrite_neg_01.txt,local_path_risk,local_path,high,sanitize and map original,yes,Pattern category recorded only; raw line omitted to avoid exposing sensitive content.
PERF_0052,PERF,cases/PERF/PERF_0052/runs/spark/plans/rewrite_neg_01.txt,log_debug_risk,log_debug,medium,archive or summarize raw log/reference,no,Pattern category recorded only; raw line omitted to avoid exposing sensitive content.
PERF_0054,PERF,cases/PERF/PERF_0054/provenance/dsqgen_command.txt,local_path_risk,local_path,high,manual review before public publication,yes,Pattern category recorded only; raw line omitted to avoid exposing sensitive content.
PERF_0054,PERF,cases/PERF/PERF_0054/provenance/dsqgen_command.txt,log_debug_risk,log_debug,medium,archive or summarize raw log/reference,no,Pattern category recorded only; raw line omitted to avoid exposing sensitive content.
PERF_0054,PERF,cases/PERF/PERF_0054/validation/run_spark_plan_collection.sh,local_path_risk,local_path,medium,manual review before public publication,yes,Pattern category recorded only; raw line omitted to avoid exposing sensitive content.
PERF_0054,PERF,cases/PERF/PERF_0054/validation/run_pg_plan_collection.sh,log_debug_risk,log_debug,medium,archive or summarize raw log/reference,no,Pattern category recorded only; raw line omitted to avoid exposing sensitive content.
PERF_0054,PERF,cases/PERF/PERF_0054/validation/run_spark_validation.sh,local_path_risk,local_path,medium,manual review before public publication,yes,Pattern category recorded only; raw line omitted to avoid exposing sensitive content.
PERF_0054,PERF,cases/PERF/PERF_0054/runs/spark/plans/rewrite_pos_01.txt,local_path_risk,local_path,high,sanitize and map original,yes,Pattern category recorded only; raw line omitted to avoid exposing sensitive content.
PERF_0054,PERF,cases/PERF/PERF_0054/runs/spark/plans/rewrite_pos_01.txt,local_path_risk,local_path,high,sanitize and map original,yes,Pattern category recorded only; raw line omitted to avoid exposing sensitive content.
PERF_0054,PERF,cases/PERF/PERF_0054/runs/spark/plans/rewrite_pos_01.txt,log_debug_risk,log_debug,medium,archive or summarize raw log/reference,no,Pattern category recorded only; raw line omitted to avoid exposing sensitive content.
PERF_0054,PERF,cases/PERF/PERF_0054/runs/spark/plans/source.txt,local_path_risk,local_path,high,sanitize and map original,yes,Pattern category recorded only; raw line omitted to avoid exposing sensitive content.
PERF_0054,PERF,cases/PERF/PERF_0054/runs/spark/plans/source.txt,local_path_risk,local_path,high,sanitize and map original,yes,Pattern category recorded only; raw line omitted to avoid exposing sensitive content.
PERF_0054,PERF,cases/PERF/PERF_0054/runs/spark/plans/source.txt,log_debug_risk,log_debug,medium,archive or summarize raw log/reference,no,Pattern category recorded only; raw line omitted to avoid exposing sensitive content.
PERF_0054,PERF,cases/PERF/PERF_0054/runs/spark/plans/rewrite_neg_01.txt,local_path_risk,local_path,high,sanitize and map original,yes,Pattern category recorded only; raw line omitted to avoid exposing sensitive content.
PERF_0054,PERF,cases/PERF/PERF_0054/runs/spark/plans/rewrite_neg_01.txt,local_path_risk,local_path,high,sanitize and map original,yes,Pattern category recorded only; raw line omitted to avoid exposing sensitive content.
PERF_0054,PERF,cases/PERF/PERF_0054/runs/spark/plans/rewrite_neg_01.txt,log_debug_risk,log_debug,medium,archive or summarize raw log/reference,no,Pattern category recorded only; raw line omitted to avoid exposing sensitive content.
PERF_0056,PERF,cases/PERF/PERF_0056/provenance/dsqgen_command.txt,local_path_risk,local_path,high,manual review before public publication,yes,Pattern category recorded only; raw line omitted to avoid exposing sensitive content.
PERF_0056,PERF,cases/PERF/PERF_0056/provenance/dsqgen_command.txt,log_debug_risk,log_debug,medium,archive or summarize raw log/reference,no,Pattern category recorded only; raw line omitted to avoid exposing sensitive content.
PERF_0056,PERF,cases/PERF/PERF_0056/validation/run_spark_plan_collection.sh,local_path_risk,local_path,medium,manual review before public publication,yes,Pattern category recorded only; raw line omitted to avoid exposing sensitive content.
PERF_0056,PERF,cases/PERF/PERF_0056/validation/run_pg_plan_collection.sh,log_debug_risk,log_debug,medium,archive or summarize raw log/reference,no,Pattern category recorded only; raw line omitted to avoid exposing sensitive content.
PERF_0056,PERF,cases/PERF/PERF_0056/validation/run_spark_validation.sh,local_path_risk,local_path,medium,manual review before public publication,yes,Pattern category recorded only; raw line omitted to avoid exposing sensitive content.
PERF_0056,PERF,cases/PERF/PERF_0056/validation/run_mysql_validation.sh,local_path_risk,local_path,medium,manual review before public publication,yes,Pattern category recorded only; raw line omitted to avoid exposing sensitive content.
PERF_0056,PERF,cases/PERF/PERF_0056/validation/run_mysql_plan_collection.sh,local_path_risk,local_path,medium,manual review before public publication,yes,Pattern category recorded only; raw line omitted to avoid exposing sensitive content.
PERF_0056,PERF,cases/PERF/PERF_0056/runs/spark/plans/rewrite_pos_01.txt,local_path_risk,local_path,high,sanitize and map original,yes,Pattern category recorded only; raw line omitted to avoid exposing sensitive content.
PERF_0056,PERF,cases/PERF/PERF_0056/runs/spark/plans/rewrite_pos_01.txt,local_path_risk,local_path,high,sanitize and map original,yes,Pattern category recorded only; raw line omitted to avoid exposing sensitive content.
PERF_0056,PERF,cases/PERF/PERF_0056/runs/spark/plans/rewrite_pos_01.txt,log_debug_risk,log_debug,medium,archive or summarize raw log/reference,no,Pattern category recorded only; raw line omitted to avoid exposing sensitive content.
PERF_0056,PERF,cases/PERF/PERF_0056/runs/spark/plans/source.txt,local_path_risk,local_path,high,sanitize and map original,yes,Pattern category recorded only; raw line omitted to avoid exposing sensitive content.
PERF_0056,PERF,cases/PERF/PERF_0056/runs/spark/plans/source.txt,local_path_risk,local_path,high,sanitize and map original,yes,Pattern category recorded only; raw line omitted to avoid exposing sensitive content.
PERF_0056,PERF,cases/PERF/PERF_0056/runs/spark/plans/source.txt,log_debug_risk,log_debug,medium,archive or summarize raw log/reference,no,Pattern category recorded only; raw line omitted to avoid exposing sensitive content.
PERF_0056,PERF,cases/PERF/PERF_0056/runs/spark/plans/rewrite_neg_01.txt,local_path_risk,local_path,high,sanitize and map original,yes,Pattern category recorded only; raw line omitted to avoid exposing sensitive content.
PERF_0056,PERF,cases/PERF/PERF_0056/runs/spark/plans/rewrite_neg_01.txt,local_path_risk,local_path,high,sanitize and map original,yes,Pattern category recorded only; raw line omitted to avoid exposing sensitive content.
PERF_0056,PERF,cases/PERF/PERF_0056/runs/spark/plans/rewrite_neg_01.txt,log_debug_risk,log_debug,medium,archive or summarize raw log/reference,no,Pattern category recorded only; raw line omitted to avoid exposing sensitive content.
PERF_0062,PERF,cases/PERF/PERF_0062/provenance/dsqgen_command.txt,local_path_risk,local_path,high,manual review before public publication,yes,Pattern category recorded only; raw line omitted to avoid exposing sensitive content.
PERF_0062,PERF,cases/PERF/PERF_0062/provenance/dsqgen_command.txt,log_debug_risk,log_debug,medium,archive or summarize raw log/reference,no,Pattern category recorded only; raw line omitted to avoid exposing sensitive content.
PERF_0062,PERF,cases/PERF/PERF_0062/validation/run_spark_plan_collection.sh,local_path_risk,local_path,medium,manual review before public publication,yes,Pattern category recorded only; raw line omitted to avoid exposing sensitive content.
PERF_0062,PERF,cases/PERF/PERF_0062/validation/run_pg_plan_collection.sh,log_debug_risk,log_debug,medium,archive or summarize raw log/reference,no,Pattern category recorded only; raw line omitted to avoid exposing sensitive content.
PERF_0062,PERF,cases/PERF/PERF_0062/validation/run_spark_validation.sh,local_path_risk,local_path,medium,manual review before public publication,yes,Pattern category recorded only; raw line omitted to avoid exposing sensitive content.
PERF_0062,PERF,cases/PERF/PERF_0062/validation/run_mysql_validation.sh,local_path_risk,local_path,medium,manual review before public publication,yes,Pattern category recorded only; raw line omitted to avoid exposing sensitive content.
PERF_0062,PERF,cases/PERF/PERF_0062/validation/run_mysql_plan_collection.sh,local_path_risk,local_path,medium,manual review before public publication,yes,Pattern category recorded only; raw line omitted to avoid exposing sensitive content.
PERF_0062,PERF,cases/PERF/PERF_0062/runs/spark/plans/rewrite_pos_01.txt,local_path_risk,local_path,high,sanitize and map original,yes,Pattern category recorded only; raw line omitted to avoid exposing sensitive content.
PERF_0062,PERF,cases/PERF/PERF_0062/runs/spark/plans/rewrite_pos_01.txt,local_path_risk,local_path,high,sanitize and map original,yes,Pattern category recorded only; raw line omitted to avoid exposing sensitive content.
PERF_0062,PERF,cases/PERF/PERF_0062/runs/spark/plans/rewrite_pos_01.txt,log_debug_risk,log_debug,medium,archive or summarize raw log/reference,no,Pattern category recorded only; raw line omitted to avoid exposing sensitive content.
PERF_0062,PERF,cases/PERF/PERF_0062/runs/spark/plans/source.txt,local_path_risk,local_path,high,sanitize and map original,yes,Pattern category recorded only; raw line omitted to avoid exposing sensitive content.
PERF_0062,PERF,cases/PERF/PERF_0062/runs/spark/plans/source.txt,local_path_risk,local_path,high,sanitize and map original,yes,Pattern category recorded only; raw line omitted to avoid exposing sensitive content.
PERF_0062,PERF,cases/PERF/PERF_0062/runs/spark/plans/source.txt,log_debug_risk,log_debug,medium,archive or summarize raw log/reference,no,Pattern category recorded only; raw line omitted to avoid exposing sensitive content.
PERF_0062,PERF,cases/PERF/PERF_0062/runs/spark/plans/rewrite_neg_01.txt,local_path_risk,local_path,high,sanitize and map original,yes,Pattern category recorded only; raw line omitted to avoid exposing sensitive content.
PERF_0062,PERF,cases/PERF/PERF_0062/runs/spark/plans/rewrite_neg_01.txt,local_path_risk,local_path,high,sanitize and map original,yes,Pattern category recorded only; raw line omitted to avoid exposing sensitive content.
PERF_0062,PERF,cases/PERF/PERF_0062/runs/spark/plans/rewrite_neg_01.txt,log_debug_risk,log_debug,medium,archive or summarize raw log/reference,no,Pattern category recorded only; raw line omitted to avoid exposing sensitive content.
PERF_0077,PERF,cases/PERF/PERF_0077/validation/run_spark_plan_collection.sh,local_path_risk,local_path,medium,manual review before public publication,yes,Pattern category recorded only; raw line omitted to avoid exposing sensitive content.
PERF_0077,PERF,cases/PERF/PERF_0077/validation/run_pg_plan_collection.sh,log_debug_risk,log_debug,medium,archive or summarize raw log/reference,no,Pattern category recorded only; raw line omitted to avoid exposing sensitive content.
PERF_0077,PERF,cases/PERF/PERF_0077/validation/run_spark_validation.sh,local_path_risk,local_path,medium,manual review before public publication,yes,Pattern category recorded only; raw line omitted to avoid exposing sensitive content.
PERF_0077,PERF,cases/PERF/PERF_0077/runs/spark/plans/rewrite_pos_01.txt,local_path_risk,local_path,high,sanitize and map original,yes,Pattern category recorded only; raw line omitted to avoid exposing sensitive content.
PERF_0077,PERF,cases/PERF/PERF_0077/runs/spark/plans/rewrite_pos_01.txt,local_path_risk,local_path,high,sanitize and map original,yes,Pattern category recorded only; raw line omitted to avoid exposing sensitive content.
PERF_0077,PERF,cases/PERF/PERF_0077/runs/spark/plans/rewrite_pos_01.txt,log_debug_risk,log_debug,medium,archive or summarize raw log/reference,no,Pattern category recorded only; raw line omitted to avoid exposing sensitive content.
PERF_0077,PERF,cases/PERF/PERF_0077/runs/spark/plans/source.txt,local_path_risk,local_path,high,sanitize and map original,yes,Pattern category recorded only; raw line omitted to avoid exposing sensitive content.
PERF_0077,PERF,cases/PERF/PERF_0077/runs/spark/plans/source.txt,local_path_risk,local_path,high,sanitize and map original,yes,Pattern category recorded only; raw line omitted to avoid exposing sensitive content.
PERF_0077,PERF,cases/PERF/PERF_0077/runs/spark/plans/source.txt,log_debug_risk,log_debug,medium,archive or summarize raw log/reference,no,Pattern category recorded only; raw line omitted to avoid exposing sensitive content.
PERF_0077,PERF,cases/PERF/PERF_0077/runs/spark/plans/rewrite_neg_01.txt,local_path_risk,local_path,high,sanitize and map original,yes,Pattern category recorded only; raw line omitted to avoid exposing sensitive content.
PERF_0077,PERF,cases/PERF/PERF_0077/runs/spark/plans/rewrite_neg_01.txt,local_path_risk,local_path,high,sanitize and map original,yes,Pattern category recorded only; raw line omitted to avoid exposing sensitive content.
PERF_0077,PERF,cases/PERF/PERF_0077/runs/spark/plans/rewrite_neg_01.txt,log_debug_risk,log_debug,medium,archive or summarize raw log/reference,no,Pattern category recorded only; raw line omitted to avoid exposing sensitive content.
PERF_0082,PERF,cases/PERF/PERF_0082/source.sql,local_path_risk,local_path,high,manual review before public publication,yes,Pattern category recorded only; raw line omitted to avoid exposing sensitive content.
PERF_0082,PERF,cases/PERF/PERF_0082/validation/run_spark_plan_collection.sh,local_path_risk,local_path,medium,manual review before public publication,yes,Pattern category recorded only; raw line omitted to avoid exposing sensitive content.
PERF_0082,PERF,cases/PERF/PERF_0082/validation/run_pg_plan_collection.sh,log_debug_risk,log_debug,medium,archive or summarize raw log/reference,no,Pattern category recorded only; raw line omitted to avoid exposing sensitive content.
PERF_0082,PERF,cases/PERF/PERF_0082/validation/run_spark_validation.sh,local_path_risk,local_path,medium,manual review before public publication,yes,Pattern category recorded only; raw line omitted to avoid exposing sensitive content.
PERF_0082,PERF,cases/PERF/PERF_0082/runs/spark/plans/rewrite_pos_01.txt,local_path_risk,local_path,high,sanitize and map original,yes,Pattern category recorded only; raw line omitted to avoid exposing sensitive content.
PERF_0082,PERF,cases/PERF/PERF_0082/runs/spark/plans/rewrite_pos_01.txt,local_path_risk,local_path,high,sanitize and map original,yes,Pattern category recorded only; raw line omitted to avoid exposing sensitive content.
PERF_0082,PERF,cases/PERF/PERF_0082/runs/spark/plans/rewrite_pos_01.txt,log_debug_risk,log_debug,medium,archive or summarize raw log/reference,no,Pattern category recorded only; raw line omitted to avoid exposing sensitive content.
PERF_0082,PERF,cases/PERF/PERF_0082/runs/spark/plans/source.txt,local_path_risk,local_path,high,sanitize and map original,yes,Pattern category recorded only; raw line omitted to avoid exposing sensitive content.
PERF_0082,PERF,cases/PERF/PERF_0082/runs/spark/plans/source.txt,local_path_risk,local_path,high,sanitize and map original,yes,Pattern category recorded only; raw line omitted to avoid exposing sensitive content.
PERF_0082,PERF,cases/PERF/PERF_0082/runs/spark/plans/source.txt,log_debug_risk,log_debug,medium,archive or summarize raw log/reference,no,Pattern category recorded only; raw line omitted to avoid exposing sensitive content.
PERF_0082,PERF,cases/PERF/PERF_0082/runs/spark/plans/rewrite_neg_01.txt,local_path_risk,local_path,high,sanitize and map original,yes,Pattern category recorded only; raw line omitted to avoid exposing sensitive content.
PERF_0082,PERF,cases/PERF/PERF_0082/runs/spark/plans/rewrite_neg_01.txt,local_path_risk,local_path,high,sanitize and map original,yes,Pattern category recorded only; raw line omitted to avoid exposing sensitive content.
PERF_0082,PERF,cases/PERF/PERF_0082/runs/spark/plans/rewrite_neg_01.txt,log_debug_risk,log_debug,medium,archive or summarize raw log/reference,no,Pattern category recorded only; raw line omitted to avoid exposing sensitive content.
CONS_0005,CONS,cases/CONS/CONS_0005/validation/run_spark_plan_collection.sh,local_path_risk,local_path,medium,manual review before public publication,no,Pattern category recorded only; raw line omitted to avoid exposing sensitive content.
CONS_0005,CONS,cases/CONS/CONS_0005/validation/run_pg_plan_collection.sh,log_debug_risk,log_debug,medium,archive or summarize raw log/reference,no,Pattern category recorded only; raw line omitted to avoid exposing sensitive content.
CONS_0005,CONS,cases/CONS/CONS_0005/validation/run_spark_validation.sh,local_path_risk,local_path,medium,manual review before public publication,no,Pattern category recorded only; raw line omitted to avoid exposing sensitive content.
CONS_0005,CONS,cases/CONS/CONS_0005/runs/spark/plans/rewrite_pos_01.txt,local_path_risk,local_path,high,sanitize and map original,no,Pattern category recorded only; raw line omitted to avoid exposing sensitive content.
CONS_0005,CONS,cases/CONS/CONS_0005/runs/spark/plans/rewrite_pos_01.txt,local_path_risk,local_path,high,sanitize and map original,no,Pattern category recorded only; raw line omitted to avoid exposing sensitive content.
CONS_0005,CONS,cases/CONS/CONS_0005/runs/spark/plans/rewrite_pos_01.txt,log_debug_risk,log_debug,medium,archive or summarize raw log/reference,no,Pattern category recorded only; raw line omitted to avoid exposing sensitive content.
CONS_0005,CONS,cases/CONS/CONS_0005/runs/spark/plans/source.txt,local_path_risk,local_path,high,sanitize and map original,no,Pattern category recorded only; raw line omitted to avoid exposing sensitive content.
CONS_0005,CONS,cases/CONS/CONS_0005/runs/spark/plans/source.txt,local_path_risk,local_path,high,sanitize and map original,no,Pattern category recorded only; raw line omitted to avoid exposing sensitive content.
CONS_0005,CONS,cases/CONS/CONS_0005/runs/spark/plans/source.txt,log_debug_risk,log_debug,medium,archive or summarize raw log/reference,no,Pattern category recorded only; raw line omitted to avoid exposing sensitive content.
CONS_0005,CONS,cases/CONS/CONS_0005/runs/spark/plans/rewrite_neg_01.txt,local_path_risk,local_path,high,sanitize and map original,no,Pattern category recorded only; raw line omitted to avoid exposing sensitive content.
CONS_0005,CONS,cases/CONS/CONS_0005/runs/spark/plans/rewrite_neg_01.txt,local_path_risk,local_path,high,sanitize and map original,no,Pattern category recorded only; raw line omitted to avoid exposing sensitive content.
CONS_0005,CONS,cases/CONS/CONS_0005/runs/spark/plans/rewrite_neg_01.txt,log_debug_risk,log_debug,medium,archive or summarize raw log/reference,no,Pattern category recorded only; raw line omitted to avoid exposing sensitive content.
CONS_0007,CONS,cases/CONS/CONS_0007/rewrite_neg_01.sql,log_debug_risk,log_debug,medium,archive or summarize raw log/reference,yes,Pattern category recorded only; raw line omitted to avoid exposing sensitive content.
CONS_0007,CONS,cases/CONS/CONS_0007/rewrite_pos_01.sql,log_debug_risk,log_debug,medium,archive or summarize raw log/reference,yes,Pattern category recorded only; raw line omitted to avoid exposing sensitive content.
CONS_0007,CONS,cases/CONS/CONS_0007/source.sql,log_debug_risk,log_debug,medium,archive or summarize raw log/reference,yes,Pattern category recorded only; raw line omitted to avoid exposing sensitive content.
CONS_0007,CONS,cases/CONS/CONS_0007/manifest.yaml,log_debug_risk,log_debug,medium,archive or summarize raw log/reference,yes,Pattern category recorded only; raw line omitted to avoid exposing sensitive content.
CONS_0007,CONS,cases/CONS/CONS_0007/README.md,log_debug_risk,log_debug,medium,archive or summarize raw log/reference,yes,Pattern category recorded only; raw line omitted to avoid exposing sensitive content.
CONS_0007,CONS,cases/CONS/CONS_0007/schema/ddl_mysql.sql,log_debug_risk,log_debug,medium,archive or summarize raw log/reference,yes,Pattern category recorded only; raw line omitted to avoid exposing sensitive content.
CONS_0007,CONS,cases/CONS/CONS_0007/schema/ddl_pg.sql,log_debug_risk,log_debug,medium,archive or summarize raw log/reference,yes,Pattern category recorded only; raw line omitted to avoid exposing sensitive content.
CONS_0007,CONS,cases/CONS/CONS_0007/schema/ddl_spark.sql,log_debug_risk,log_debug,medium,archive or summarize raw log/reference,yes,Pattern category recorded only; raw line omitted to avoid exposing sensitive content.
CONS_0007,CONS,cases/CONS/CONS_0007/validation/spark_witness_data.sql,log_debug_risk,log_debug,medium,archive or summarize raw log/reference,yes,Pattern category recorded only; raw line omitted to avoid exposing sensitive content.
CONS_0007,CONS,cases/CONS/CONS_0007/validation/pg_witness_data.sql,log_debug_risk,log_debug,medium,archive or summarize raw log/reference,yes,Pattern category recorded only; raw line omitted to avoid exposing sensitive content.
CONS_0007,CONS,cases/CONS/CONS_0007/validation/mysql_witness_data.sql,log_debug_risk,log_debug,medium,archive or summarize raw log/reference,yes,Pattern category recorded only; raw line omitted to avoid exposing sensitive content.
CONS_0007,CONS,cases/CONS/CONS_0007/validation/run_spark_plan_collection.sh,local_path_risk,local_path,medium,manual review before public publication,yes,Pattern category recorded only; raw line omitted to avoid exposing sensitive content.
CONS_0007,CONS,cases/CONS/CONS_0007/validation/run_pg_plan_collection.sh,log_debug_risk,log_debug,medium,archive or summarize raw log/reference,yes,Pattern category recorded only; raw line omitted to avoid exposing sensitive content.
CONS_0007,CONS,cases/CONS/CONS_0007/validation/run_spark_validation.sh,local_path_risk,local_path,medium,manual review before public publication,yes,Pattern category recorded only; raw line omitted to avoid exposing sensitive content.
CONS_0007,CONS,cases/CONS/CONS_0007/runs/pg/plans/rewrite_pos_01.json,log_debug_risk,log_debug,medium,archive or summarize raw log/reference,yes,Pattern category recorded only; raw line omitted to avoid exposing sensitive content.
CONS_0007,CONS,cases/CONS/CONS_0007/runs/pg/plans/source.json,log_debug_risk,log_debug,medium,archive or summarize raw log/reference,yes,Pattern category recorded only; raw line omitted to avoid exposing sensitive content.
CONS_0007,CONS,cases/CONS/CONS_0007/runs/pg/plans/rewrite_neg_01.json,log_debug_risk,log_debug,medium,archive or summarize raw log/reference,yes,Pattern category recorded only; raw line omitted to avoid exposing sensitive content.
CONS_0007,CONS,cases/CONS/CONS_0007/runs/spark/plans/rewrite_pos_01.txt,local_path_risk,local_path,high,sanitize and map original,yes,Pattern category recorded only; raw line omitted to avoid exposing sensitive content.
CONS_0007,CONS,cases/CONS/CONS_0007/runs/spark/plans/rewrite_pos_01.txt,local_path_risk,local_path,high,sanitize and map original,yes,Pattern category recorded only; raw line omitted to avoid exposing sensitive content.
CONS_0007,CONS,cases/CONS/CONS_0007/runs/spark/plans/rewrite_pos_01.txt,log_debug_risk,log_debug,medium,archive or summarize raw log/reference,yes,Pattern category recorded only; raw line omitted to avoid exposing sensitive content.
CONS_0007,CONS,cases/CONS/CONS_0007/runs/spark/plans/source.txt,local_path_risk,local_path,high,sanitize and map original,yes,Pattern category recorded only; raw line omitted to avoid exposing sensitive content.
CONS_0007,CONS,cases/CONS/CONS_0007/runs/spark/plans/source.txt,local_path_risk,local_path,high,sanitize and map original,yes,Pattern category recorded only; raw line omitted to avoid exposing sensitive content.
CONS_0007,CONS,cases/CONS/CONS_0007/runs/spark/plans/source.txt,log_debug_risk,log_debug,medium,archive or summarize raw log/reference,yes,Pattern category recorded only; raw line omitted to avoid exposing sensitive content.
CONS_0007,CONS,cases/CONS/CONS_0007/runs/spark/plans/rewrite_neg_01.txt,local_path_risk,local_path,high,sanitize and map original,yes,Pattern category recorded only; raw line omitted to avoid exposing sensitive content.
CONS_0007,CONS,cases/CONS/CONS_0007/runs/spark/plans/rewrite_neg_01.txt,local_path_risk,local_path,high,sanitize and map original,yes,Pattern category recorded only; raw line omitted to avoid exposing sensitive content.
CONS_0007,CONS,cases/CONS/CONS_0007/runs/spark/plans/rewrite_neg_01.txt,log_debug_risk,log_debug,medium,archive or summarize raw log/reference,yes,Pattern category recorded only; raw line omitted to avoid exposing sensitive content.
CONS_0009,CONS,cases/CONS/CONS_0009/source.sql,log_debug_risk,log_debug,medium,archive or summarize raw log/reference,yes,Pattern category recorded only; raw line omitted to avoid exposing sensitive content.
CONS_0009,CONS,cases/CONS/CONS_0009/validation/run_spark_plan_collection.sh,local_path_risk,local_path,medium,manual review before public publication,yes,Pattern category recorded only; raw line omitted to avoid exposing sensitive content.
CONS_0009,CONS,cases/CONS/CONS_0009/validation/run_pg_plan_collection.sh,log_debug_risk,log_debug,medium,archive or summarize raw log/reference,yes,Pattern category recorded only; raw line omitted to avoid exposing sensitive content.
CONS_0009,CONS,cases/CONS/CONS_0009/validation/run_spark_validation.sh,local_path_risk,local_path,medium,manual review before public publication,yes,Pattern category recorded only; raw line omitted to avoid exposing sensitive content.
CONS_0009,CONS,cases/CONS/CONS_0009/runs/mysql/plans/source.json,log_debug_risk,log_debug,medium,archive or summarize raw log/reference,yes,Pattern category recorded only; raw line omitted to avoid exposing sensitive content.
CONS_0009,CONS,cases/CONS/CONS_0009/runs/spark/plans/rewrite_pos_01.txt,local_path_risk,local_path,high,sanitize and map original,yes,Pattern category recorded only; raw line omitted to avoid exposing sensitive content.
CONS_0009,CONS,cases/CONS/CONS_0009/runs/spark/plans/rewrite_pos_01.txt,local_path_risk,local_path,high,sanitize and map original,yes,Pattern category recorded only; raw line omitted to avoid exposing sensitive content.
CONS_0009,CONS,cases/CONS/CONS_0009/runs/spark/plans/rewrite_pos_01.txt,log_debug_risk,log_debug,medium,archive or summarize raw log/reference,yes,Pattern category recorded only; raw line omitted to avoid exposing sensitive content.
CONS_0009,CONS,cases/CONS/CONS_0009/runs/spark/plans/source.txt,local_path_risk,local_path,high,sanitize and map original,yes,Pattern category recorded only; raw line omitted to avoid exposing sensitive content.
CONS_0009,CONS,cases/CONS/CONS_0009/runs/spark/plans/source.txt,local_path_risk,local_path,high,sanitize and map original,yes,Pattern category recorded only; raw line omitted to avoid exposing sensitive content.
CONS_0009,CONS,cases/CONS/CONS_0009/runs/spark/plans/source.txt,log_debug_risk,log_debug,medium,archive or summarize raw log/reference,yes,Pattern category recorded only; raw line omitted to avoid exposing sensitive content.
CONS_0009,CONS,cases/CONS/CONS_0009/runs/spark/plans/rewrite_neg_01.txt,local_path_risk,local_path,high,sanitize and map original,yes,Pattern category recorded only; raw line omitted to avoid exposing sensitive content.
CONS_0009,CONS,cases/CONS/CONS_0009/runs/spark/plans/rewrite_neg_01.txt,local_path_risk,local_path,high,sanitize and map original,yes,Pattern category recorded only; raw line omitted to avoid exposing sensitive content.
CONS_0009,CONS,cases/CONS/CONS_0009/runs/spark/plans/rewrite_neg_01.txt,log_debug_risk,log_debug,medium,archive or summarize raw log/reference,yes,Pattern category recorded only; raw line omitted to avoid exposing sensitive content.
CONS_0010,CONS,cases/CONS/CONS_0010/validation/run_spark_plan_collection.sh,local_path_risk,local_path,medium,manual review before public publication,yes,Pattern category recorded only; raw line omitted to avoid exposing sensitive content.
CONS_0010,CONS,cases/CONS/CONS_0010/validation/run_pg_plan_collection.sh,log_debug_risk,log_debug,medium,archive or summarize raw log/reference,yes,Pattern category recorded only; raw line omitted to avoid exposing sensitive content.
CONS_0010,CONS,cases/CONS/CONS_0010/validation/run_spark_validation.sh,local_path_risk,local_path,medium,manual review before public publication,yes,Pattern category recorded only; raw line omitted to avoid exposing sensitive content.
CONS_0010,CONS,cases/CONS/CONS_0010/runs/spark/plans/rewrite_pos_01.txt,local_path_risk,local_path,high,sanitize and map original,yes,Pattern category recorded only; raw line omitted to avoid exposing sensitive content.
CONS_0010,CONS,cases/CONS/CONS_0010/runs/spark/plans/rewrite_pos_01.txt,local_path_risk,local_path,high,sanitize and map original,yes,Pattern category recorded only; raw line omitted to avoid exposing sensitive content.
CONS_0010,CONS,cases/CONS/CONS_0010/runs/spark/plans/rewrite_pos_01.txt,log_debug_risk,log_debug,medium,archive or summarize raw log/reference,yes,Pattern category recorded only; raw line omitted to avoid exposing sensitive content.
CONS_0010,CONS,cases/CONS/CONS_0010/runs/spark/plans/source.txt,local_path_risk,local_path,high,sanitize and map original,yes,Pattern category recorded only; raw line omitted to avoid exposing sensitive content.
CONS_0010,CONS,cases/CONS/CONS_0010/runs/spark/plans/source.txt,local_path_risk,local_path,high,sanitize and map original,yes,Pattern category recorded only; raw line omitted to avoid exposing sensitive content.
CONS_0010,CONS,cases/CONS/CONS_0010/runs/spark/plans/source.txt,log_debug_risk,log_debug,medium,archive or summarize raw log/reference,yes,Pattern category recorded only; raw line omitted to avoid exposing sensitive content.
CONS_0010,CONS,cases/CONS/CONS_0010/runs/spark/plans/rewrite_neg_01.txt,local_path_risk,local_path,high,sanitize and map original,yes,Pattern category recorded only; raw line omitted to avoid exposing sensitive content.
CONS_0010,CONS,cases/CONS/CONS_0010/runs/spark/plans/rewrite_neg_01.txt,local_path_risk,local_path,high,sanitize and map original,yes,Pattern category recorded only; raw line omitted to avoid exposing sensitive content.
CONS_0010,CONS,cases/CONS/CONS_0010/runs/spark/plans/rewrite_neg_01.txt,log_debug_risk,log_debug,medium,archive or summarize raw log/reference,yes,Pattern category recorded only; raw line omitted to avoid exposing sensitive content.
CONS_0011,CONS,cases/CONS/CONS_0011/validation/run_spark_plan_collection.sh,local_path_risk,local_path,medium,manual review before public publication,yes,Pattern category recorded only; raw line omitted to avoid exposing sensitive content.
CONS_0011,CONS,cases/CONS/CONS_0011/validation/run_pg_plan_collection.sh,log_debug_risk,log_debug,medium,archive or summarize raw log/reference,yes,Pattern category recorded only; raw line omitted to avoid exposing sensitive content.
CONS_0011,CONS,cases/CONS/CONS_0011/validation/run_spark_validation.sh,local_path_risk,local_path,medium,manual review before public publication,yes,Pattern category recorded only; raw line omitted to avoid exposing sensitive content.
CONS_0011,CONS,cases/CONS/CONS_0011/runs/spark/plans/rewrite_pos_01.txt,local_path_risk,local_path,high,sanitize and map original,yes,Pattern category recorded only; raw line omitted to avoid exposing sensitive content.
CONS_0011,CONS,cases/CONS/CONS_0011/runs/spark/plans/rewrite_pos_01.txt,local_path_risk,local_path,high,sanitize and map original,yes,Pattern category recorded only; raw line omitted to avoid exposing sensitive content.
CONS_0011,CONS,cases/CONS/CONS_0011/runs/spark/plans/rewrite_pos_01.txt,log_debug_risk,log_debug,medium,archive or summarize raw log/reference,yes,Pattern category recorded only; raw line omitted to avoid exposing sensitive content.
CONS_0011,CONS,cases/CONS/CONS_0011/runs/spark/plans/source.txt,local_path_risk,local_path,high,sanitize and map original,yes,Pattern category recorded only; raw line omitted to avoid exposing sensitive content.
CONS_0011,CONS,cases/CONS/CONS_0011/runs/spark/plans/source.txt,local_path_risk,local_path,high,sanitize and map original,yes,Pattern category recorded only; raw line omitted to avoid exposing sensitive content.
CONS_0011,CONS,cases/CONS/CONS_0011/runs/spark/plans/source.txt,log_debug_risk,log_debug,medium,archive or summarize raw log/reference,yes,Pattern category recorded only; raw line omitted to avoid exposing sensitive content.
CONS_0011,CONS,cases/CONS/CONS_0011/runs/spark/plans/rewrite_neg_01.txt,local_path_risk,local_path,high,sanitize and map original,yes,Pattern category recorded only; raw line omitted to avoid exposing sensitive content.
CONS_0011,CONS,cases/CONS/CONS_0011/runs/spark/plans/rewrite_neg_01.txt,local_path_risk,local_path,high,sanitize and map original,yes,Pattern category recorded only; raw line omitted to avoid exposing sensitive content.
CONS_0011,CONS,cases/CONS/CONS_0011/runs/spark/plans/rewrite_neg_01.txt,log_debug_risk,log_debug,medium,archive or summarize raw log/reference,yes,Pattern category recorded only; raw line omitted to avoid exposing sensitive content.
CONS_0012,CONS,cases/CONS/CONS_0012/validation/run_spark_plan_collection.sh,local_path_risk,local_path,medium,manual review before public publication,yes,Pattern category recorded only; raw line omitted to avoid exposing sensitive content.
CONS_0012,CONS,cases/CONS/CONS_0012/validation/run_pg_plan_collection.sh,log_debug_risk,log_debug,medium,archive or summarize raw log/reference,yes,Pattern category recorded only; raw line omitted to avoid exposing sensitive content.
CONS_0012,CONS,cases/CONS/CONS_0012/validation/run_spark_validation.sh,local_path_risk,local_path,medium,manual review before public publication,yes,Pattern category recorded only; raw line omitted to avoid exposing sensitive content.
CONS_0012,CONS,cases/CONS/CONS_0012/runs/spark/plans/rewrite_pos_01.txt,local_path_risk,local_path,high,sanitize and map original,yes,Pattern category recorded only; raw line omitted to avoid exposing sensitive content.
CONS_0012,CONS,cases/CONS/CONS_0012/runs/spark/plans/rewrite_pos_01.txt,local_path_risk,local_path,high,sanitize and map original,yes,Pattern category recorded only; raw line omitted to avoid exposing sensitive content.
CONS_0012,CONS,cases/CONS/CONS_0012/runs/spark/plans/rewrite_pos_01.txt,log_debug_risk,log_debug,medium,archive or summarize raw log/reference,yes,Pattern category recorded only; raw line omitted to avoid exposing sensitive content.
CONS_0012,CONS,cases/CONS/CONS_0012/runs/spark/plans/source.txt,local_path_risk,local_path,high,sanitize and map original,yes,Pattern category recorded only; raw line omitted to avoid exposing sensitive content.
CONS_0012,CONS,cases/CONS/CONS_0012/runs/spark/plans/source.txt,local_path_risk,local_path,high,sanitize and map original,yes,Pattern category recorded only; raw line omitted to avoid exposing sensitive content.
CONS_0012,CONS,cases/CONS/CONS_0012/runs/spark/plans/source.txt,log_debug_risk,log_debug,medium,archive or summarize raw log/reference,yes,Pattern category recorded only; raw line omitted to avoid exposing sensitive content.
CONS_0012,CONS,cases/CONS/CONS_0012/runs/spark/plans/rewrite_neg_01.txt,local_path_risk,local_path,high,sanitize and map original,yes,Pattern category recorded only; raw line omitted to avoid exposing sensitive content.
CONS_0012,CONS,cases/CONS/CONS_0012/runs/spark/plans/rewrite_neg_01.txt,local_path_risk,local_path,high,sanitize and map original,yes,Pattern category recorded only; raw line omitted to avoid exposing sensitive content.
CONS_0012,CONS,cases/CONS/CONS_0012/runs/spark/plans/rewrite_neg_01.txt,log_debug_risk,log_debug,medium,archive or summarize raw log/reference,yes,Pattern category recorded only; raw line omitted to avoid exposing sensitive content.
CONS_0024,CONS,cases/CONS/CONS_0024/validation/run_spark_plan_collection.sh,local_path_risk,local_path,medium,manual review before public publication,yes,Pattern category recorded only; raw line omitted to avoid exposing sensitive content.
CONS_0024,CONS,cases/CONS/CONS_0024/validation/run_pg_plan_collection.sh,log_debug_risk,log_debug,medium,archive or summarize raw log/reference,yes,Pattern category recorded only; raw line omitted to avoid exposing sensitive content.
CONS_0024,CONS,cases/CONS/CONS_0024/validation/run_spark_validation.sh,local_path_risk,local_path,medium,manual review before public publication,yes,Pattern category recorded only; raw line omitted to avoid exposing sensitive content.
CONS_0024,CONS,cases/CONS/CONS_0024/runs/spark/plans/rewrite_pos_01.txt,local_path_risk,local_path,high,sanitize and map original,yes,Pattern category recorded only; raw line omitted to avoid exposing sensitive content.
CONS_0024,CONS,cases/CONS/CONS_0024/runs/spark/plans/rewrite_pos_01.txt,local_path_risk,local_path,high,sanitize and map original,yes,Pattern category recorded only; raw line omitted to avoid exposing sensitive content.
CONS_0024,CONS,cases/CONS/CONS_0024/runs/spark/plans/rewrite_pos_01.txt,log_debug_risk,log_debug,medium,archive or summarize raw log/reference,yes,Pattern category recorded only; raw line omitted to avoid exposing sensitive content.
CONS_0024,CONS,cases/CONS/CONS_0024/runs/spark/plans/source.txt,local_path_risk,local_path,high,sanitize and map original,yes,Pattern category recorded only; raw line omitted to avoid exposing sensitive content.
CONS_0024,CONS,cases/CONS/CONS_0024/runs/spark/plans/source.txt,local_path_risk,local_path,high,sanitize and map original,yes,Pattern category recorded only; raw line omitted to avoid exposing sensitive content.
CONS_0024,CONS,cases/CONS/CONS_0024/runs/spark/plans/source.txt,log_debug_risk,log_debug,medium,archive or summarize raw log/reference,yes,Pattern category recorded only; raw line omitted to avoid exposing sensitive content.
CONS_0024,CONS,cases/CONS/CONS_0024/runs/spark/plans/rewrite_neg_01.txt,local_path_risk,local_path,high,sanitize and map original,yes,Pattern category recorded only; raw line omitted to avoid exposing sensitive content.
CONS_0024,CONS,cases/CONS/CONS_0024/runs/spark/plans/rewrite_neg_01.txt,local_path_risk,local_path,high,sanitize and map original,yes,Pattern category recorded only; raw line omitted to avoid exposing sensitive content.
CONS_0024,CONS,cases/CONS/CONS_0024/runs/spark/plans/rewrite_neg_01.txt,log_debug_risk,log_debug,medium,archive or summarize raw log/reference,yes,Pattern category recorded only; raw line omitted to avoid exposing sensitive content.
CONS_0036,CONS,cases/CONS/CONS_0036/validation/run_spark_plan_collection.sh,local_path_risk,local_path,medium,manual review before public publication,yes,Pattern category recorded only; raw line omitted to avoid exposing sensitive content.
CONS_0036,CONS,cases/CONS/CONS_0036/validation/run_pg_plan_collection.sh,log_debug_risk,log_debug,medium,archive or summarize raw log/reference,yes,Pattern category recorded only; raw line omitted to avoid exposing sensitive content.
CONS_0036,CONS,cases/CONS/CONS_0036/validation/run_spark_validation.sh,local_path_risk,local_path,medium,manual review before public publication,yes,Pattern category recorded only; raw line omitted to avoid exposing sensitive content.
CONS_0036,CONS,cases/CONS/CONS_0036/runs/spark/plans/rewrite_pos_01.txt,local_path_risk,local_path,high,sanitize and map original,yes,Pattern category recorded only; raw line omitted to avoid exposing sensitive content.
CONS_0036,CONS,cases/CONS/CONS_0036/runs/spark/plans/rewrite_pos_01.txt,local_path_risk,local_path,high,sanitize and map original,yes,Pattern category recorded only; raw line omitted to avoid exposing sensitive content.
CONS_0036,CONS,cases/CONS/CONS_0036/runs/spark/plans/rewrite_pos_01.txt,log_debug_risk,log_debug,medium,archive or summarize raw log/reference,yes,Pattern category recorded only; raw line omitted to avoid exposing sensitive content.
CONS_0036,CONS,cases/CONS/CONS_0036/runs/spark/plans/source.txt,local_path_risk,local_path,high,sanitize and map original,yes,Pattern category recorded only; raw line omitted to avoid exposing sensitive content.
CONS_0036,CONS,cases/CONS/CONS_0036/runs/spark/plans/source.txt,local_path_risk,local_path,high,sanitize and map original,yes,Pattern category recorded only; raw line omitted to avoid exposing sensitive content.
CONS_0036,CONS,cases/CONS/CONS_0036/runs/spark/plans/source.txt,log_debug_risk,log_debug,medium,archive or summarize raw log/reference,yes,Pattern category recorded only; raw line omitted to avoid exposing sensitive content.
CONS_0036,CONS,cases/CONS/CONS_0036/runs/spark/plans/rewrite_neg_01.txt,local_path_risk,local_path,high,sanitize and map original,yes,Pattern category recorded only; raw line omitted to avoid exposing sensitive content.
CONS_0036,CONS,cases/CONS/CONS_0036/runs/spark/plans/rewrite_neg_01.txt,local_path_risk,local_path,high,sanitize and map original,yes,Pattern category recorded only; raw line omitted to avoid exposing sensitive content.
CONS_0036,CONS,cases/CONS/CONS_0036/runs/spark/plans/rewrite_neg_01.txt,log_debug_risk,log_debug,medium,archive or summarize raw log/reference,yes,Pattern category recorded only; raw line omitted to avoid exposing sensitive content.
CONS_0037,CONS,cases/CONS/CONS_0037/validation/run_spark_plan_collection.sh,local_path_risk,local_path,medium,manual review before public publication,yes,Pattern category recorded only; raw line omitted to avoid exposing sensitive content.
CONS_0037,CONS,cases/CONS/CONS_0037/validation/run_pg_plan_collection.sh,log_debug_risk,log_debug,medium,archive or summarize raw log/reference,yes,Pattern category recorded only; raw line omitted to avoid exposing sensitive content.
CONS_0037,CONS,cases/CONS/CONS_0037/validation/run_spark_validation.sh,local_path_risk,local_path,medium,manual review before public publication,yes,Pattern category recorded only; raw line omitted to avoid exposing sensitive content.
CONS_0037,CONS,cases/CONS/CONS_0037/runs/spark/plans/rewrite_pos_01.txt,local_path_risk,local_path,high,sanitize and map original,yes,Pattern category recorded only; raw line omitted to avoid exposing sensitive content.
CONS_0037,CONS,cases/CONS/CONS_0037/runs/spark/plans/rewrite_pos_01.txt,local_path_risk,local_path,high,sanitize and map original,yes,Pattern category recorded only; raw line omitted to avoid exposing sensitive content.
CONS_0037,CONS,cases/CONS/CONS_0037/runs/spark/plans/rewrite_pos_01.txt,log_debug_risk,log_debug,medium,archive or summarize raw log/reference,yes,Pattern category recorded only; raw line omitted to avoid exposing sensitive content.
CONS_0037,CONS,cases/CONS/CONS_0037/runs/spark/plans/source.txt,local_path_risk,local_path,high,sanitize and map original,yes,Pattern category recorded only; raw line omitted to avoid exposing sensitive content.
CONS_0037,CONS,cases/CONS/CONS_0037/runs/spark/plans/source.txt,local_path_risk,local_path,high,sanitize and map original,yes,Pattern category recorded only; raw line omitted to avoid exposing sensitive content.
CONS_0037,CONS,cases/CONS/CONS_0037/runs/spark/plans/source.txt,log_debug_risk,log_debug,medium,archive or summarize raw log/reference,yes,Pattern category recorded only; raw line omitted to avoid exposing sensitive content.
CONS_0037,CONS,cases/CONS/CONS_0037/runs/spark/plans/rewrite_neg_01.txt,local_path_risk,local_path,high,sanitize and map original,yes,Pattern category recorded only; raw line omitted to avoid exposing sensitive content.
CONS_0037,CONS,cases/CONS/CONS_0037/runs/spark/plans/rewrite_neg_01.txt,local_path_risk,local_path,high,sanitize and map original,yes,Pattern category recorded only; raw line omitted to avoid exposing sensitive content.
CONS_0037,CONS,cases/CONS/CONS_0037/runs/spark/plans/rewrite_neg_01.txt,log_debug_risk,log_debug,medium,archive or summarize raw log/reference,yes,Pattern category recorded only; raw line omitted to avoid exposing sensitive content.
PORT_0003,PORT,cases/PORT/PORT_0003/validation/collect_pg_plans.sh,log_debug_risk,log_debug,medium,archive or summarize raw log/reference,no,Pattern category recorded only; raw line omitted to avoid exposing sensitive content.
PORT_0003,PORT,cases/PORT/PORT_0003/runs/spark/plans/rewrite_neg_02_spark.txt,local_path_risk,local_path,high,sanitize and map original,yes,Pattern category recorded only; raw line omitted to avoid exposing sensitive content.
PORT_0003,PORT,cases/PORT/PORT_0003/runs/spark/plans/rewrite_neg_02_spark.txt,local_path_risk,local_path,high,sanitize and map original,yes,Pattern category recorded only; raw line omitted to avoid exposing sensitive content.
PORT_0003,PORT,cases/PORT/PORT_0003/runs/spark/plans/rewrite_neg_02_spark.txt,log_debug_risk,log_debug,medium,archive or summarize raw log/reference,no,Pattern category recorded only; raw line omitted to avoid exposing sensitive content.
PORT_0003,PORT,cases/PORT/PORT_0003/runs/spark/plans/rewrite_pos_02_spark.txt,local_path_risk,local_path,high,sanitize and map original,yes,Pattern category recorded only; raw line omitted to avoid exposing sensitive content.
PORT_0003,PORT,cases/PORT/PORT_0003/runs/spark/plans/rewrite_pos_02_spark.txt,local_path_risk,local_path,high,sanitize and map original,yes,Pattern category recorded only; raw line omitted to avoid exposing sensitive content.
PORT_0003,PORT,cases/PORT/PORT_0003/runs/spark/plans/rewrite_pos_02_spark.txt,log_debug_risk,log_debug,medium,archive or summarize raw log/reference,no,Pattern category recorded only; raw line omitted to avoid exposing sensitive content.
PORT_0004,PORT,cases/PORT/PORT_0004/validation/collect_pg_plans.sh,log_debug_risk,log_debug,medium,archive or summarize raw log/reference,no,Pattern category recorded only; raw line omitted to avoid exposing sensitive content.
PORT_0004,PORT,cases/PORT/PORT_0004/runs/spark/plans/rewrite_neg_02_spark.txt,local_path_risk,local_path,high,sanitize and map original,no,Pattern category recorded only; raw line omitted to avoid exposing sensitive content.
PORT_0004,PORT,cases/PORT/PORT_0004/runs/spark/plans/rewrite_neg_02_spark.txt,local_path_risk,local_path,high,sanitize and map original,no,Pattern category recorded only; raw line omitted to avoid exposing sensitive content.
PORT_0004,PORT,cases/PORT/PORT_0004/runs/spark/plans/rewrite_neg_02_spark.txt,log_debug_risk,log_debug,medium,archive or summarize raw log/reference,no,Pattern category recorded only; raw line omitted to avoid exposing sensitive content.
PORT_0004,PORT,cases/PORT/PORT_0004/runs/spark/plans/rewrite_pos_02_spark.txt,local_path_risk,local_path,high,sanitize and map original,no,Pattern category recorded only; raw line omitted to avoid exposing sensitive content.
PORT_0004,PORT,cases/PORT/PORT_0004/runs/spark/plans/rewrite_pos_02_spark.txt,local_path_risk,local_path,high,sanitize and map original,no,Pattern category recorded only; raw line omitted to avoid exposing sensitive content.
PORT_0004,PORT,cases/PORT/PORT_0004/runs/spark/plans/rewrite_pos_02_spark.txt,log_debug_risk,log_debug,medium,archive or summarize raw log/reference,no,Pattern category recorded only; raw line omitted to avoid exposing sensitive content.
PORT_0005,PORT,cases/PORT/PORT_0005/validation/collect_pg_plans.sh,log_debug_risk,log_debug,medium,archive or summarize raw log/reference,no,Pattern category recorded only; raw line omitted to avoid exposing sensitive content.
PORT_0005,PORT,cases/PORT/PORT_0005/runs/spark/plans/rewrite_neg_02_spark.txt,local_path_risk,local_path,high,sanitize and map original,yes,Pattern category recorded only; raw line omitted to avoid exposing sensitive content.
PORT_0005,PORT,cases/PORT/PORT_0005/runs/spark/plans/rewrite_neg_02_spark.txt,local_path_risk,local_path,high,sanitize and map original,yes,Pattern category recorded only; raw line omitted to avoid exposing sensitive content.
PORT_0005,PORT,cases/PORT/PORT_0005/runs/spark/plans/rewrite_neg_02_spark.txt,log_debug_risk,log_debug,medium,archive or summarize raw log/reference,no,Pattern category recorded only; raw line omitted to avoid exposing sensitive content.
PORT_0005,PORT,cases/PORT/PORT_0005/runs/spark/plans/rewrite_pos_02_spark.txt,local_path_risk,local_path,high,sanitize and map original,yes,Pattern category recorded only; raw line omitted to avoid exposing sensitive content.
PORT_0005,PORT,cases/PORT/PORT_0005/runs/spark/plans/rewrite_pos_02_spark.txt,local_path_risk,local_path,high,sanitize and map original,yes,Pattern category recorded only; raw line omitted to avoid exposing sensitive content.
PORT_0005,PORT,cases/PORT/PORT_0005/runs/spark/plans/rewrite_pos_02_spark.txt,log_debug_risk,log_debug,medium,archive or summarize raw log/reference,no,Pattern category recorded only; raw line omitted to avoid exposing sensitive content.
PORT_0008,PORT,cases/PORT/PORT_0008/validation/run_spark_plan_collection.sh,log_debug_risk,log_debug,medium,archive or summarize raw log/reference,no,Pattern category recorded only; raw line omitted to avoid exposing sensitive content.
PORT_0008,PORT,cases/PORT/PORT_0008/validation/run_pg_plan_collection.sh,log_debug_risk,log_debug,medium,archive or summarize raw log/reference,no,Pattern category recorded only; raw line omitted to avoid exposing sensitive content.
PORT_0008,PORT,cases/PORT/PORT_0008/validation/run_spark_validation.sh,log_debug_risk,log_debug,medium,archive or summarize raw log/reference,no,Pattern category recorded only; raw line omitted to avoid exposing sensitive content.
PORT_0008,PORT,cases/PORT/PORT_0008/runs/spark/plans/rewrite_pos_01.txt,local_path_risk,local_path,high,sanitize and map original,no,Pattern category recorded only; raw line omitted to avoid exposing sensitive content.
PORT_0008,PORT,cases/PORT/PORT_0008/runs/spark/plans/rewrite_pos_01.txt,local_path_risk,local_path,high,sanitize and map original,no,Pattern category recorded only; raw line omitted to avoid exposing sensitive content.
PORT_0008,PORT,cases/PORT/PORT_0008/runs/spark/plans/rewrite_pos_01.txt,log_debug_risk,log_debug,medium,archive or summarize raw log/reference,no,Pattern category recorded only; raw line omitted to avoid exposing sensitive content.
PORT_0008,PORT,cases/PORT/PORT_0008/runs/spark/plans/rewrite_neg_01.txt,local_path_risk,local_path,high,sanitize and map original,no,Pattern category recorded only; raw line omitted to avoid exposing sensitive content.
PORT_0008,PORT,cases/PORT/PORT_0008/runs/spark/plans/rewrite_neg_01.txt,local_path_risk,local_path,high,sanitize and map original,no,Pattern category recorded only; raw line omitted to avoid exposing sensitive content.
PORT_0008,PORT,cases/PORT/PORT_0008/runs/spark/plans/rewrite_neg_01.txt,log_debug_risk,log_debug,medium,archive or summarize raw log/reference,no,Pattern category recorded only; raw line omitted to avoid exposing sensitive content.
PORT_0012,PORT,cases/PORT/PORT_0012/validation/run_spark_plan_collection.sh,log_debug_risk,log_debug,medium,archive or summarize raw log/reference,no,Pattern category recorded only; raw line omitted to avoid exposing sensitive content.
PORT_0012,PORT,cases/PORT/PORT_0012/validation/run_pg_plan_collection.sh,log_debug_risk,log_debug,medium,archive or summarize raw log/reference,no,Pattern category recorded only; raw line omitted to avoid exposing sensitive content.
PORT_0012,PORT,cases/PORT/PORT_0012/validation/run_spark_validation.sh,log_debug_risk,log_debug,medium,archive or summarize raw log/reference,no,Pattern category recorded only; raw line omitted to avoid exposing sensitive content.
PORT_0012,PORT,cases/PORT/PORT_0012/runs/spark/plans/rewrite_pos_01.txt,local_path_risk,local_path,high,sanitize and map original,yes,Pattern category recorded only; raw line omitted to avoid exposing sensitive content.
PORT_0012,PORT,cases/PORT/PORT_0012/runs/spark/plans/rewrite_pos_01.txt,local_path_risk,local_path,high,sanitize and map original,yes,Pattern category recorded only; raw line omitted to avoid exposing sensitive content.
PORT_0012,PORT,cases/PORT/PORT_0012/runs/spark/plans/rewrite_pos_01.txt,log_debug_risk,log_debug,medium,archive or summarize raw log/reference,no,Pattern category recorded only; raw line omitted to avoid exposing sensitive content.
PORT_0012,PORT,cases/PORT/PORT_0012/runs/spark/plans/rewrite_neg_01.txt,local_path_risk,local_path,high,sanitize and map original,yes,Pattern category recorded only; raw line omitted to avoid exposing sensitive content.
PORT_0012,PORT,cases/PORT/PORT_0012/runs/spark/plans/rewrite_neg_01.txt,local_path_risk,local_path,high,sanitize and map original,yes,Pattern category recorded only; raw line omitted to avoid exposing sensitive content.
PORT_0012,PORT,cases/PORT/PORT_0012/runs/spark/plans/rewrite_neg_01.txt,log_debug_risk,log_debug,medium,archive or summarize raw log/reference,no,Pattern category recorded only; raw line omitted to avoid exposing sensitive content.
PORT_0013,PORT,cases/PORT/PORT_0013/validation/run_spark_plan_collection.sh,log_debug_risk,log_debug,medium,archive or summarize raw log/reference,no,Pattern category recorded only; raw line omitted to avoid exposing sensitive content.
PORT_0013,PORT,cases/PORT/PORT_0013/validation/run_pg_plan_collection.sh,log_debug_risk,log_debug,medium,archive or summarize raw log/reference,no,Pattern category recorded only; raw line omitted to avoid exposing sensitive content.
PORT_0013,PORT,cases/PORT/PORT_0013/validation/run_spark_validation.sh,log_debug_risk,log_debug,medium,archive or summarize raw log/reference,no,Pattern category recorded only; raw line omitted to avoid exposing sensitive content.
PORT_0013,PORT,cases/PORT/PORT_0013/runs/spark/plans/rewrite_pos_01.txt,local_path_risk,local_path,high,sanitize and map original,yes,Pattern category recorded only; raw line omitted to avoid exposing sensitive content.
PORT_0013,PORT,cases/PORT/PORT_0013/runs/spark/plans/rewrite_pos_01.txt,local_path_risk,local_path,high,sanitize and map original,yes,Pattern category recorded only; raw line omitted to avoid exposing sensitive content.
PORT_0013,PORT,cases/PORT/PORT_0013/runs/spark/plans/rewrite_pos_01.txt,log_debug_risk,log_debug,medium,archive or summarize raw log/reference,no,Pattern category recorded only; raw line omitted to avoid exposing sensitive content.
PORT_0013,PORT,cases/PORT/PORT_0013/runs/spark/plans/rewrite_neg_01.txt,local_path_risk,local_path,high,sanitize and map original,yes,Pattern category recorded only; raw line omitted to avoid exposing sensitive content.
PORT_0013,PORT,cases/PORT/PORT_0013/runs/spark/plans/rewrite_neg_01.txt,local_path_risk,local_path,high,sanitize and map original,yes,Pattern category recorded only; raw line omitted to avoid exposing sensitive content.
PORT_0013,PORT,cases/PORT/PORT_0013/runs/spark/plans/rewrite_neg_01.txt,log_debug_risk,log_debug,medium,archive or summarize raw log/reference,no,Pattern category recorded only; raw line omitted to avoid exposing sensitive content.
PORT_0022,PORT,cases/PORT/PORT_0022/validation/run_spark_plan_collection.sh,log_debug_risk,log_debug,medium,archive or summarize raw log/reference,yes,Pattern category recorded only; raw line omitted to avoid exposing sensitive content.
PORT_0022,PORT,cases/PORT/PORT_0022/validation/run_pg_plan_collection.sh,log_debug_risk,log_debug,medium,archive or summarize raw log/reference,yes,Pattern category recorded only; raw line omitted to avoid exposing sensitive content.
PORT_0022,PORT,cases/PORT/PORT_0022/validation/run_spark_validation.sh,log_debug_risk,log_debug,medium,archive or summarize raw log/reference,yes,Pattern category recorded only; raw line omitted to avoid exposing sensitive content.
PORT_0022,PORT,cases/PORT/PORT_0022/runs/spark/plans/rewrite_pos_01.txt,local_path_risk,local_path,high,sanitize and map original,yes,Pattern category recorded only; raw line omitted to avoid exposing sensitive content.
PORT_0022,PORT,cases/PORT/PORT_0022/runs/spark/plans/rewrite_pos_01.txt,local_path_risk,local_path,high,sanitize and map original,yes,Pattern category recorded only; raw line omitted to avoid exposing sensitive content.
PORT_0022,PORT,cases/PORT/PORT_0022/runs/spark/plans/rewrite_pos_01.txt,log_debug_risk,log_debug,medium,archive or summarize raw log/reference,yes,Pattern category recorded only; raw line omitted to avoid exposing sensitive content.
PORT_0022,PORT,cases/PORT/PORT_0022/runs/spark/plans/rewrite_neg_01.txt,local_path_risk,local_path,high,sanitize and map original,yes,Pattern category recorded only; raw line omitted to avoid exposing sensitive content.
PORT_0022,PORT,cases/PORT/PORT_0022/runs/spark/plans/rewrite_neg_01.txt,local_path_risk,local_path,high,sanitize and map original,yes,Pattern category recorded only; raw line omitted to avoid exposing sensitive content.
PORT_0022,PORT,cases/PORT/PORT_0022/runs/spark/plans/rewrite_neg_01.txt,log_debug_risk,log_debug,medium,archive or summarize raw log/reference,yes,Pattern category recorded only; raw line omitted to avoid exposing sensitive content.
PORT_0024,PORT,cases/PORT/PORT_0024/validation/run_spark_plan_collection.sh,log_debug_risk,log_debug,medium,archive or summarize raw log/reference,yes,Pattern category recorded only; raw line omitted to avoid exposing sensitive content.
PORT_0024,PORT,cases/PORT/PORT_0024/validation/run_pg_plan_collection.sh,log_debug_risk,log_debug,medium,archive or summarize raw log/reference,yes,Pattern category recorded only; raw line omitted to avoid exposing sensitive content.
PORT_0024,PORT,cases/PORT/PORT_0024/validation/run_spark_validation.sh,log_debug_risk,log_debug,medium,archive or summarize raw log/reference,yes,Pattern category recorded only; raw line omitted to avoid exposing sensitive content.
PORT_0024,PORT,cases/PORT/PORT_0024/runs/spark/result_check.json,log_debug_risk,log_debug,medium,archive or summarize raw log/reference,yes,Pattern category recorded only; raw line omitted to avoid exposing sensitive content.
PORT_0024,PORT,cases/PORT/PORT_0024/runs/spark/result_check.json,log_debug_risk,log_debug,medium,archive or summarize raw log/reference,yes,Pattern category recorded only; raw line omitted to avoid exposing sensitive content.
PORT_0024,PORT,cases/PORT/PORT_0024/runs/spark/plans/rewrite_pos_01.txt,local_path_risk,local_path,high,sanitize and map original,yes,Pattern category recorded only; raw line omitted to avoid exposing sensitive content.
PORT_0024,PORT,cases/PORT/PORT_0024/runs/spark/plans/rewrite_pos_01.txt,local_path_risk,local_path,high,sanitize and map original,yes,Pattern category recorded only; raw line omitted to avoid exposing sensitive content.
PORT_0024,PORT,cases/PORT/PORT_0024/runs/spark/plans/rewrite_pos_01.txt,log_debug_risk,log_debug,medium,archive or summarize raw log/reference,yes,Pattern category recorded only; raw line omitted to avoid exposing sensitive content.
PORT_0024,PORT,cases/PORT/PORT_0024/runs/spark/plans/rewrite_neg_01.txt,local_path_risk,local_path,high,sanitize and map original,yes,Pattern category recorded only; raw line omitted to avoid exposing sensitive content.
PORT_0024,PORT,cases/PORT/PORT_0024/runs/spark/plans/rewrite_neg_01.txt,local_path_risk,local_path,high,sanitize and map original,yes,Pattern category recorded only; raw line omitted to avoid exposing sensitive content.
PORT_0024,PORT,cases/PORT/PORT_0024/runs/spark/plans/rewrite_neg_01.txt,log_debug_risk,log_debug,medium,archive or summarize raw log/reference,yes,Pattern category recorded only; raw line omitted to avoid exposing sensitive content.
PORT_0025,PORT,cases/PORT/PORT_0025/validation/run_spark_plan_collection.sh,log_debug_risk,log_debug,medium,archive or summarize raw log/reference,yes,Pattern category recorded only; raw line omitted to avoid exposing sensitive content.
PORT_0025,PORT,cases/PORT/PORT_0025/validation/run_pg_plan_collection.sh,log_debug_risk,log_debug,medium,archive or summarize raw log/reference,yes,Pattern category recorded only; raw line omitted to avoid exposing sensitive content.
PORT_0025,PORT,cases/PORT/PORT_0025/validation/run_spark_validation.sh,log_debug_risk,log_debug,medium,archive or summarize raw log/reference,yes,Pattern category recorded only; raw line omitted to avoid exposing sensitive content.
PORT_0025,PORT,cases/PORT/PORT_0025/runs/spark/plans/rewrite_pos_01.txt,local_path_risk,local_path,high,sanitize and map original,yes,Pattern category recorded only; raw line omitted to avoid exposing sensitive content.
PORT_0025,PORT,cases/PORT/PORT_0025/runs/spark/plans/rewrite_pos_01.txt,local_path_risk,local_path,high,sanitize and map original,yes,Pattern category recorded only; raw line omitted to avoid exposing sensitive content.
PORT_0025,PORT,cases/PORT/PORT_0025/runs/spark/plans/rewrite_pos_01.txt,log_debug_risk,log_debug,medium,archive or summarize raw log/reference,yes,Pattern category recorded only; raw line omitted to avoid exposing sensitive content.
PORT_0025,PORT,cases/PORT/PORT_0025/runs/spark/plans/rewrite_neg_01.txt,local_path_risk,local_path,high,sanitize and map original,yes,Pattern category recorded only; raw line omitted to avoid exposing sensitive content.
PORT_0025,PORT,cases/PORT/PORT_0025/runs/spark/plans/rewrite_neg_01.txt,local_path_risk,local_path,high,sanitize and map original,yes,Pattern category recorded only; raw line omitted to avoid exposing sensitive content.
PORT_0025,PORT,cases/PORT/PORT_0025/runs/spark/plans/rewrite_neg_01.txt,log_debug_risk,log_debug,medium,archive or summarize raw log/reference,yes,Pattern category recorded only; raw line omitted to avoid exposing sensitive content.
LONGTAIL_0011,LONGTAIL,cases/LONGTAIL/LONGTAIL_0011/validation/run_spark_plan_collection.sh,local_path_risk,local_path,medium,manual review before public publication,no,Pattern category recorded only; raw line omitted to avoid exposing sensitive content.
LONGTAIL_0011,LONGTAIL,cases/LONGTAIL/LONGTAIL_0011/validation/run_pg_plan_collection.sh,log_debug_risk,log_debug,medium,archive or summarize raw log/reference,no,Pattern category recorded only; raw line omitted to avoid exposing sensitive content.
LONGTAIL_0011,LONGTAIL,cases/LONGTAIL/LONGTAIL_0011/validation/run_spark_validation.sh,local_path_risk,local_path,medium,manual review before public publication,no,Pattern category recorded only; raw line omitted to avoid exposing sensitive content.
LONGTAIL_0011,LONGTAIL,cases/LONGTAIL/LONGTAIL_0011/runs/spark/plans/rewrite_pos_01.txt,local_path_risk,local_path,high,sanitize and map original,no,Pattern category recorded only; raw line omitted to avoid exposing sensitive content.
LONGTAIL_0011,LONGTAIL,cases/LONGTAIL/LONGTAIL_0011/runs/spark/plans/rewrite_pos_01.txt,local_path_risk,local_path,high,sanitize and map original,no,Pattern category recorded only; raw line omitted to avoid exposing sensitive content.
LONGTAIL_0011,LONGTAIL,cases/LONGTAIL/LONGTAIL_0011/runs/spark/plans/rewrite_pos_01.txt,log_debug_risk,log_debug,medium,archive or summarize raw log/reference,no,Pattern category recorded only; raw line omitted to avoid exposing sensitive content.
LONGTAIL_0011,LONGTAIL,cases/LONGTAIL/LONGTAIL_0011/runs/spark/plans/source.txt,local_path_risk,local_path,high,sanitize and map original,no,Pattern category recorded only; raw line omitted to avoid exposing sensitive content.
LONGTAIL_0011,LONGTAIL,cases/LONGTAIL/LONGTAIL_0011/runs/spark/plans/source.txt,local_path_risk,local_path,high,sanitize and map original,no,Pattern category recorded only; raw line omitted to avoid exposing sensitive content.
LONGTAIL_0011,LONGTAIL,cases/LONGTAIL/LONGTAIL_0011/runs/spark/plans/source.txt,log_debug_risk,log_debug,medium,archive or summarize raw log/reference,no,Pattern category recorded only; raw line omitted to avoid exposing sensitive content.
LONGTAIL_0011,LONGTAIL,cases/LONGTAIL/LONGTAIL_0011/runs/spark/plans/rewrite_neg_01.txt,local_path_risk,local_path,high,sanitize and map original,no,Pattern category recorded only; raw line omitted to avoid exposing sensitive content.
LONGTAIL_0011,LONGTAIL,cases/LONGTAIL/LONGTAIL_0011/runs/spark/plans/rewrite_neg_01.txt,local_path_risk,local_path,high,sanitize and map original,no,Pattern category recorded only; raw line omitted to avoid exposing sensitive content.
LONGTAIL_0011,LONGTAIL,cases/LONGTAIL/LONGTAIL_0011/runs/spark/plans/rewrite_neg_01.txt,log_debug_risk,log_debug,medium,archive or summarize raw log/reference,no,Pattern category recorded only; raw line omitted to avoid exposing sensitive content.
LONGTAIL_0012,LONGTAIL,cases/LONGTAIL/LONGTAIL_0012/validation/run_spark_plan_collection.sh,local_path_risk,local_path,medium,manual review before public publication,yes,Pattern category recorded only; raw line omitted to avoid exposing sensitive content.
LONGTAIL_0012,LONGTAIL,cases/LONGTAIL/LONGTAIL_0012/validation/run_pg_plan_collection.sh,log_debug_risk,log_debug,medium,archive or summarize raw log/reference,yes,Pattern category recorded only; raw line omitted to avoid exposing sensitive content.
LONGTAIL_0012,LONGTAIL,cases/LONGTAIL/LONGTAIL_0012/validation/run_spark_validation.sh,local_path_risk,local_path,medium,manual review before public publication,yes,Pattern category recorded only; raw line omitted to avoid exposing sensitive content.
LONGTAIL_0012,LONGTAIL,cases/LONGTAIL/LONGTAIL_0012/runs/spark/plans/rewrite_pos_01.txt,local_path_risk,local_path,high,sanitize and map original,yes,Pattern category recorded only; raw line omitted to avoid exposing sensitive content.
LONGTAIL_0012,LONGTAIL,cases/LONGTAIL/LONGTAIL_0012/runs/spark/plans/rewrite_pos_01.txt,local_path_risk,local_path,high,sanitize and map original,yes,Pattern category recorded only; raw line omitted to avoid exposing sensitive content.
LONGTAIL_0012,LONGTAIL,cases/LONGTAIL/LONGTAIL_0012/runs/spark/plans/rewrite_pos_01.txt,log_debug_risk,log_debug,medium,archive or summarize raw log/reference,yes,Pattern category recorded only; raw line omitted to avoid exposing sensitive content.
LONGTAIL_0012,LONGTAIL,cases/LONGTAIL/LONGTAIL_0012/runs/spark/plans/source.txt,local_path_risk,local_path,high,sanitize and map original,yes,Pattern category recorded only; raw line omitted to avoid exposing sensitive content.
LONGTAIL_0012,LONGTAIL,cases/LONGTAIL/LONGTAIL_0012/runs/spark/plans/source.txt,local_path_risk,local_path,high,sanitize and map original,yes,Pattern category recorded only; raw line omitted to avoid exposing sensitive content.
LONGTAIL_0012,LONGTAIL,cases/LONGTAIL/LONGTAIL_0012/runs/spark/plans/source.txt,log_debug_risk,log_debug,medium,archive or summarize raw log/reference,yes,Pattern category recorded only; raw line omitted to avoid exposing sensitive content.
LONGTAIL_0012,LONGTAIL,cases/LONGTAIL/LONGTAIL_0012/runs/spark/plans/rewrite_neg_01.txt,local_path_risk,local_path,high,sanitize and map original,yes,Pattern category recorded only; raw line omitted to avoid exposing sensitive content.
LONGTAIL_0012,LONGTAIL,cases/LONGTAIL/LONGTAIL_0012/runs/spark/plans/rewrite_neg_01.txt,local_path_risk,local_path,high,sanitize and map original,yes,Pattern category recorded only; raw line omitted to avoid exposing sensitive content.
LONGTAIL_0012,LONGTAIL,cases/LONGTAIL/LONGTAIL_0012/runs/spark/plans/rewrite_neg_01.txt,log_debug_risk,log_debug,medium,archive or summarize raw log/reference,yes,Pattern category recorded only; raw line omitted to avoid exposing sensitive content.
LONGTAIL_0013,LONGTAIL,cases/LONGTAIL/LONGTAIL_0013/validation/run_spark_plan_collection.sh,local_path_risk,local_path,medium,manual review before public publication,yes,Pattern category recorded only; raw line omitted to avoid exposing sensitive content.
LONGTAIL_0013,LONGTAIL,cases/LONGTAIL/LONGTAIL_0013/validation/run_pg_plan_collection.sh,log_debug_risk,log_debug,medium,archive or summarize raw log/reference,yes,Pattern category recorded only; raw line omitted to avoid exposing sensitive content.
LONGTAIL_0013,LONGTAIL,cases/LONGTAIL/LONGTAIL_0013/validation/run_spark_validation.sh,local_path_risk,local_path,medium,manual review before public publication,yes,Pattern category recorded only; raw line omitted to avoid exposing sensitive content.
LONGTAIL_0013,LONGTAIL,cases/LONGTAIL/LONGTAIL_0013/runs/spark/plans/rewrite_pos_01.txt,local_path_risk,local_path,high,sanitize and map original,yes,Pattern category recorded only; raw line omitted to avoid exposing sensitive content.
LONGTAIL_0013,LONGTAIL,cases/LONGTAIL/LONGTAIL_0013/runs/spark/plans/rewrite_pos_01.txt,local_path_risk,local_path,high,sanitize and map original,yes,Pattern category recorded only; raw line omitted to avoid exposing sensitive content.
LONGTAIL_0013,LONGTAIL,cases/LONGTAIL/LONGTAIL_0013/runs/spark/plans/rewrite_pos_01.txt,log_debug_risk,log_debug,medium,archive or summarize raw log/reference,yes,Pattern category recorded only; raw line omitted to avoid exposing sensitive content.
LONGTAIL_0013,LONGTAIL,cases/LONGTAIL/LONGTAIL_0013/runs/spark/plans/source.txt,local_path_risk,local_path,high,sanitize and map original,yes,Pattern category recorded only; raw line omitted to avoid exposing sensitive content.
LONGTAIL_0013,LONGTAIL,cases/LONGTAIL/LONGTAIL_0013/runs/spark/plans/source.txt,local_path_risk,local_path,high,sanitize and map original,yes,Pattern category recorded only; raw line omitted to avoid exposing sensitive content.
LONGTAIL_0013,LONGTAIL,cases/LONGTAIL/LONGTAIL_0013/runs/spark/plans/source.txt,log_debug_risk,log_debug,medium,archive or summarize raw log/reference,yes,Pattern category recorded only; raw line omitted to avoid exposing sensitive content.
LONGTAIL_0013,LONGTAIL,cases/LONGTAIL/LONGTAIL_0013/runs/spark/plans/rewrite_neg_01.txt,local_path_risk,local_path,high,sanitize and map original,yes,Pattern category recorded only; raw line omitted to avoid exposing sensitive content.
LONGTAIL_0013,LONGTAIL,cases/LONGTAIL/LONGTAIL_0013/runs/spark/plans/rewrite_neg_01.txt,local_path_risk,local_path,high,sanitize and map original,yes,Pattern category recorded only; raw line omitted to avoid exposing sensitive content.
LONGTAIL_0013,LONGTAIL,cases/LONGTAIL/LONGTAIL_0013/runs/spark/plans/rewrite_neg_01.txt,log_debug_risk,log_debug,medium,archive or summarize raw log/reference,yes,Pattern category recorded only; raw line omitted to avoid exposing sensitive content.
LONGTAIL_0022,LONGTAIL,cases/LONGTAIL/LONGTAIL_0022/validation/run_pg_plan_collection.sh,log_debug_risk,log_debug,medium,archive or summarize raw log/reference,yes,Pattern category recorded only; raw line omitted to avoid exposing sensitive content.
LONGTAIL_0022,LONGTAIL,cases/LONGTAIL/LONGTAIL_0022/runs/spark/plans/rewrite_pos_01.txt,local_path_risk,local_path,high,sanitize and map original,yes,Pattern category recorded only; raw line omitted to avoid exposing sensitive content.
LONGTAIL_0022,LONGTAIL,cases/LONGTAIL/LONGTAIL_0022/runs/spark/plans/rewrite_pos_01.txt,local_path_risk,local_path,high,sanitize and map original,yes,Pattern category recorded only; raw line omitted to avoid exposing sensitive content.
LONGTAIL_0022,LONGTAIL,cases/LONGTAIL/LONGTAIL_0022/runs/spark/plans/rewrite_pos_01.txt,log_debug_risk,log_debug,medium,archive or summarize raw log/reference,yes,Pattern category recorded only; raw line omitted to avoid exposing sensitive content.
LONGTAIL_0022,LONGTAIL,cases/LONGTAIL/LONGTAIL_0022/runs/spark/plans/source.txt,local_path_risk,local_path,high,sanitize and map original,yes,Pattern category recorded only; raw line omitted to avoid exposing sensitive content.
LONGTAIL_0022,LONGTAIL,cases/LONGTAIL/LONGTAIL_0022/runs/spark/plans/source.txt,local_path_risk,local_path,high,sanitize and map original,yes,Pattern category recorded only; raw line omitted to avoid exposing sensitive content.
LONGTAIL_0022,LONGTAIL,cases/LONGTAIL/LONGTAIL_0022/runs/spark/plans/source.txt,log_debug_risk,log_debug,medium,archive or summarize raw log/reference,yes,Pattern category recorded only; raw line omitted to avoid exposing sensitive content.
LONGTAIL_0022,LONGTAIL,cases/LONGTAIL/LONGTAIL_0022/runs/spark/plans/rewrite_neg_01.txt,local_path_risk,local_path,high,sanitize and map original,yes,Pattern category recorded only; raw line omitted to avoid exposing sensitive content.
LONGTAIL_0022,LONGTAIL,cases/LONGTAIL/LONGTAIL_0022/runs/spark/plans/rewrite_neg_01.txt,local_path_risk,local_path,high,sanitize and map original,yes,Pattern category recorded only; raw line omitted to avoid exposing sensitive content.
LONGTAIL_0022,LONGTAIL,cases/LONGTAIL/LONGTAIL_0022/runs/spark/plans/rewrite_neg_01.txt,log_debug_risk,log_debug,medium,archive or summarize raw log/reference,yes,Pattern category recorded only; raw line omitted to avoid exposing sensitive content.
LONGTAIL_0023,LONGTAIL,cases/LONGTAIL/LONGTAIL_0023/validation/run_pg_plan_collection.sh,log_debug_risk,log_debug,medium,archive or summarize raw log/reference,yes,Pattern category recorded only; raw line omitted to avoid exposing sensitive content.
LONGTAIL_0023,LONGTAIL,cases/LONGTAIL/LONGTAIL_0023/runs/spark/plans/rewrite_pos_01.txt,local_path_risk,local_path,high,sanitize and map original,yes,Pattern category recorded only; raw line omitted to avoid exposing sensitive content.
LONGTAIL_0023,LONGTAIL,cases/LONGTAIL/LONGTAIL_0023/runs/spark/plans/rewrite_pos_01.txt,local_path_risk,local_path,high,sanitize and map original,yes,Pattern category recorded only; raw line omitted to avoid exposing sensitive content.
LONGTAIL_0023,LONGTAIL,cases/LONGTAIL/LONGTAIL_0023/runs/spark/plans/rewrite_pos_01.txt,log_debug_risk,log_debug,medium,archive or summarize raw log/reference,yes,Pattern category recorded only; raw line omitted to avoid exposing sensitive content.
LONGTAIL_0023,LONGTAIL,cases/LONGTAIL/LONGTAIL_0023/runs/spark/plans/source.txt,local_path_risk,local_path,high,sanitize and map original,yes,Pattern category recorded only; raw line omitted to avoid exposing sensitive content.
LONGTAIL_0023,LONGTAIL,cases/LONGTAIL/LONGTAIL_0023/runs/spark/plans/source.txt,local_path_risk,local_path,high,sanitize and map original,yes,Pattern category recorded only; raw line omitted to avoid exposing sensitive content.
LONGTAIL_0023,LONGTAIL,cases/LONGTAIL/LONGTAIL_0023/runs/spark/plans/source.txt,log_debug_risk,log_debug,medium,archive or summarize raw log/reference,yes,Pattern category recorded only; raw line omitted to avoid exposing sensitive content.
LONGTAIL_0023,LONGTAIL,cases/LONGTAIL/LONGTAIL_0023/runs/spark/plans/rewrite_neg_01.txt,local_path_risk,local_path,high,sanitize and map original,yes,Pattern category recorded only; raw line omitted to avoid exposing sensitive content.
LONGTAIL_0023,LONGTAIL,cases/LONGTAIL/LONGTAIL_0023/runs/spark/plans/rewrite_neg_01.txt,local_path_risk,local_path,high,sanitize and map original,yes,Pattern category recorded only; raw line omitted to avoid exposing sensitive content.
LONGTAIL_0023,LONGTAIL,cases/LONGTAIL/LONGTAIL_0023/runs/spark/plans/rewrite_neg_01.txt,log_debug_risk,log_debug,medium,archive or summarize raw log/reference,yes,Pattern category recorded only; raw line omitted to avoid exposing sensitive content.
LONGTAIL_0024,LONGTAIL,cases/LONGTAIL/LONGTAIL_0024/validation/run_pg_plan_collection.sh,log_debug_risk,log_debug,medium,archive or summarize raw log/reference,yes,Pattern category recorded only; raw line omitted to avoid exposing sensitive content.
LONGTAIL_0024,LONGTAIL,cases/LONGTAIL/LONGTAIL_0024/runs/spark/plans/rewrite_pos_01.txt,local_path_risk,local_path,high,sanitize and map original,yes,Pattern category recorded only; raw line omitted to avoid exposing sensitive content.
LONGTAIL_0024,LONGTAIL,cases/LONGTAIL/LONGTAIL_0024/runs/spark/plans/rewrite_pos_01.txt,local_path_risk,local_path,high,sanitize and map original,yes,Pattern category recorded only; raw line omitted to avoid exposing sensitive content.
LONGTAIL_0024,LONGTAIL,cases/LONGTAIL/LONGTAIL_0024/runs/spark/plans/rewrite_pos_01.txt,log_debug_risk,log_debug,medium,archive or summarize raw log/reference,yes,Pattern category recorded only; raw line omitted to avoid exposing sensitive content.
LONGTAIL_0024,LONGTAIL,cases/LONGTAIL/LONGTAIL_0024/runs/spark/plans/source.txt,local_path_risk,local_path,high,sanitize and map original,yes,Pattern category recorded only; raw line omitted to avoid exposing sensitive content.
LONGTAIL_0024,LONGTAIL,cases/LONGTAIL/LONGTAIL_0024/runs/spark/plans/source.txt,local_path_risk,local_path,high,sanitize and map original,yes,Pattern category recorded only; raw line omitted to avoid exposing sensitive content.
LONGTAIL_0024,LONGTAIL,cases/LONGTAIL/LONGTAIL_0024/runs/spark/plans/source.txt,log_debug_risk,log_debug,medium,archive or summarize raw log/reference,yes,Pattern category recorded only; raw line omitted to avoid exposing sensitive content.
LONGTAIL_0024,LONGTAIL,cases/LONGTAIL/LONGTAIL_0024/runs/spark/plans/rewrite_neg_01.txt,local_path_risk,local_path,high,sanitize and map original,yes,Pattern category recorded only; raw line omitted to avoid exposing sensitive content.
LONGTAIL_0024,LONGTAIL,cases/LONGTAIL/LONGTAIL_0024/runs/spark/plans/rewrite_neg_01.txt,local_path_risk,local_path,high,sanitize and map original,yes,Pattern category recorded only; raw line omitted to avoid exposing sensitive content.
LONGTAIL_0024,LONGTAIL,cases/LONGTAIL/LONGTAIL_0024/runs/spark/plans/rewrite_neg_01.txt,log_debug_risk,log_debug,medium,archive or summarize raw log/reference,yes,Pattern category recorded only; raw line omitted to avoid exposing sensitive content.
PORT_0022,PORT,cases/PORT/PORT_0022/runs/ (prior contract-audit sensitive/manual-review group),prompt_api_token_risk,prompt_api_token_prior_audit_signal,high,manual review before public publication; do not expose raw logs or token-like traces,yes,Grouped signal imported from prior Common-core contract audit; raw lines omitted.
PORT_0024,PORT,cases/PORT/PORT_0024/runs/ (prior contract-audit sensitive/manual-review group),prompt_api_token_risk,prompt_api_token_prior_audit_signal,high,manual review before public publication; do not expose raw logs or token-like traces,yes,Grouped signal imported from prior Common-core contract audit; raw lines omitted.
PORT_0025,PORT,cases/PORT/PORT_0025/runs/ (prior contract-audit sensitive/manual-review group),prompt_api_token_risk,prompt_api_token_prior_audit_signal,high,manual review before public publication; do not expose raw logs or token-like traces,yes,Grouped signal imported from prior Common-core contract audit; raw lines omitted.
