record_id,record_type,adapter_name,adapter_scope,case_id,pool,case_set,denominator_id,engine,route,method_role,control_route,candidate_id,source_sql_path,candidate_sql_path,planned,applicable_status,hard_negative_id,expected_rejection_reason,expected_rejection_approval_status,semantic_risk_type,checker_guard_role,expected_rejection_source_path,hard_negative_evidence_path,runs_retention_path,package_validation_summary_path,retained_artifact_path,evidence_index_status,generated,ready,executed,exact,timed,result_status,checker_status,evidence_source,status,na_reason,metrics_computed,metric_input_authorized,hard_negative_rate_computed,production_retained_evidence_parsed,legacy_repo_read,reports_changed,results_changed,denominator_changed,paper_results_changed,notes
hard_negative_control_detail_adapter_v0:control:PERF_0006:postgres:hard_negative,control_cell,hard_negative_control_detail_adapter_v0,release_case_package_only,PERF_0006,PERF,common_core_v0,control:PERF_0006:postgres:hard_negative,postgres,hard_negative,control,hard_negative,control:PERF_0006:postgres:hard_negative,cases/PERF/PERF_0006/sql/source.sql,cases/PERF/PERF_0006/sql/negatives/neg_01.sql,true,planned_control,neg_01,cutoff_predicate_strictness_changed,migration_planning_static_inference_needs_review_if_not_explicit_in_legacy,predicate_boundary;date_cutoff_boundary;aggregation_input_change,source_positive_equal_and_negative_differs_on_cutoff_witness,cases/PERF/PERF_0006/checker/expected_rejections.yaml,cases/PERF/PERF_0006/evidence/hard_negative/hard_negative_summary.json,cases/PERF/PERF_0006/evidence/runs_retention.yaml,cases/PERF/PERF_0006/evidence/package_validation_summary.json,,evidence_not_retained,false,N.A.,N.A.,N.A.,N.A.,N.A.,not_run,canonical_case_package,N.A.,not_applicable,false,false,false,false,false,false,false,false,false,Hard-negative control detail row emitted from release case package metadata only; no fresh execution or rejection status inferred; hard-negative false-accept rate not computed; case present in inventory/case_registry.csv; engine-specific hard-negative retained artifact not indexed for this control cell; package summary records no DB validation run during migration
hard_negative_control_detail_adapter_v0:control:PERF_0006:mysql:hard_negative,control_cell,hard_negative_control_detail_adapter_v0,release_case_package_only,PERF_0006,PERF,common_core_v0,control:PERF_0006:mysql:hard_negative,mysql,hard_negative,control,hard_negative,control:PERF_0006:mysql:hard_negative,cases/PERF/PERF_0006/sql/source.sql,cases/PERF/PERF_0006/sql/negatives/neg_01.sql,true,planned_control,neg_01,cutoff_predicate_strictness_changed,migration_planning_static_inference_needs_review_if_not_explicit_in_legacy,predicate_boundary;date_cutoff_boundary;aggregation_input_change,source_positive_equal_and_negative_differs_on_cutoff_witness,cases/PERF/PERF_0006/checker/expected_rejections.yaml,cases/PERF/PERF_0006/evidence/hard_negative/mysql/rewrite_neg_01.tsv,cases/PERF/PERF_0006/evidence/runs_retention.yaml,cases/PERF/PERF_0006/evidence/package_validation_summary.json,cases/PERF/PERF_0006/evidence/hard_negative/mysql/rewrite_neg_01.tsv,indexed_not_recomputed,false,N.A.,N.A.,N.A.,N.A.,N.A.,not_run,canonical_case_package,N.A.,not_applicable,false,false,false,false,false,false,false,false,false,Hard-negative control detail row emitted from release case package metadata only; no fresh execution or rejection status inferred; hard-negative false-accept rate not computed; case present in inventory/case_registry.csv; package summary records no DB validation run during migration
hard_negative_control_detail_adapter_v0:control:PERF_0006:spark:hard_negative,control_cell,hard_negative_control_detail_adapter_v0,release_case_package_only,PERF_0006,PERF,common_core_v0,control:PERF_0006:spark:hard_negative,spark,hard_negative,control,hard_negative,control:PERF_0006:spark:hard_negative,cases/PERF/PERF_0006/sql/source.sql,cases/PERF/PERF_0006/sql/negatives/neg_01.sql,true,planned_control,neg_01,cutoff_predicate_strictness_changed,migration_planning_static_inference_needs_review_if_not_explicit_in_legacy,predicate_boundary;date_cutoff_boundary;aggregation_input_change,source_positive_equal_and_negative_differs_on_cutoff_witness,cases/PERF/PERF_0006/checker/expected_rejections.yaml,cases/PERF/PERF_0006/evidence/hard_negative/spark/rewrite_neg_01.tsv,cases/PERF/PERF_0006/evidence/runs_retention.yaml,cases/PERF/PERF_0006/evidence/package_validation_summary.json,cases/PERF/PERF_0006/evidence/hard_negative/spark/rewrite_neg_01.tsv,indexed_not_recomputed,false,N.A.,N.A.,N.A.,N.A.,N.A.,not_run,canonical_case_package,N.A.,not_applicable,false,false,false,false,false,false,false,false,false,Hard-negative control detail row emitted from release case package metadata only; no fresh execution or rejection status inferred; hard-negative false-accept rate not computed; case present in inventory/case_registry.csv; package summary records no DB validation run during migration
hard_negative_control_detail_adapter_v0:control:PERF_0007:postgres:hard_negative,control_cell,hard_negative_control_detail_adapter_v0,release_case_package_only,PERF_0007,PERF,common_core_v0,control:PERF_0007:postgres:hard_negative,postgres,hard_negative,control,hard_negative,control:PERF_0007:postgres:hard_negative,cases/PERF/PERF_0007/sql/source.sql,cases/PERF/PERF_0007/sql/negatives/neg_01.sql,true,planned_control,neg_01,quantity_predicate_boundary_changed,migration_planning_static_inference_needs_review_if_not_explicit_in_legacy,predicate_boundary;quantity_threshold_boundary;aggregation_input_change,source_positive_equal_and_negative_differs_on_quantity_threshold_witness,cases/PERF/PERF_0007/checker/expected_rejections.yaml,cases/PERF/PERF_0007/evidence/hard_negative/hard_negative_summary.json,cases/PERF/PERF_0007/evidence/runs_retention.yaml,cases/PERF/PERF_0007/evidence/package_validation_summary.json,,evidence_not_retained,false,N.A.,N.A.,N.A.,N.A.,N.A.,not_run,canonical_case_package,N.A.,not_applicable,false,false,false,false,false,false,false,false,false,Hard-negative control detail row emitted from release case package metadata only; no fresh execution or rejection status inferred; hard-negative false-accept rate not computed; case present in inventory/case_registry.csv; engine-specific hard-negative retained artifact not indexed for this control cell; package summary records no DB validation run during migration
hard_negative_control_detail_adapter_v0:control:PERF_0007:mysql:hard_negative,control_cell,hard_negative_control_detail_adapter_v0,release_case_package_only,PERF_0007,PERF,common_core_v0,control:PERF_0007:mysql:hard_negative,mysql,hard_negative,control,hard_negative,control:PERF_0007:mysql:hard_negative,cases/PERF/PERF_0007/sql/source.sql,cases/PERF/PERF_0007/sql/negatives/neg_01.sql,true,planned_control,neg_01,quantity_predicate_boundary_changed,migration_planning_static_inference_needs_review_if_not_explicit_in_legacy,predicate_boundary;quantity_threshold_boundary;aggregation_input_change,source_positive_equal_and_negative_differs_on_quantity_threshold_witness,cases/PERF/PERF_0007/checker/expected_rejections.yaml,cases/PERF/PERF_0007/evidence/hard_negative/mysql/rewrite_neg_01.tsv,cases/PERF/PERF_0007/evidence/runs_retention.yaml,cases/PERF/PERF_0007/evidence/package_validation_summary.json,cases/PERF/PERF_0007/evidence/hard_negative/mysql/rewrite_neg_01.tsv,indexed_not_recomputed,false,N.A.,N.A.,N.A.,N.A.,N.A.,not_run,canonical_case_package,N.A.,not_applicable,false,false,false,false,false,false,false,false,false,Hard-negative control detail row emitted from release case package metadata only; no fresh execution or rejection status inferred; hard-negative false-accept rate not computed; case present in inventory/case_registry.csv; package summary records no DB validation run during migration
hard_negative_control_detail_adapter_v0:control:PERF_0007:spark:hard_negative,control_cell,hard_negative_control_detail_adapter_v0,release_case_package_only,PERF_0007,PERF,common_core_v0,control:PERF_0007:spark:hard_negative,spark,hard_negative,control,hard_negative,control:PERF_0007:spark:hard_negative,cases/PERF/PERF_0007/sql/source.sql,cases/PERF/PERF_0007/sql/negatives/neg_01.sql,true,planned_control,neg_01,quantity_predicate_boundary_changed,migration_planning_static_inference_needs_review_if_not_explicit_in_legacy,predicate_boundary;quantity_threshold_boundary;aggregation_input_change,source_positive_equal_and_negative_differs_on_quantity_threshold_witness,cases/PERF/PERF_0007/checker/expected_rejections.yaml,cases/PERF/PERF_0007/evidence/hard_negative/spark/rewrite_neg_01.tsv,cases/PERF/PERF_0007/evidence/runs_retention.yaml,cases/PERF/PERF_0007/evidence/package_validation_summary.json,cases/PERF/PERF_0007/evidence/hard_negative/spark/rewrite_neg_01.tsv,indexed_not_recomputed,false,N.A.,N.A.,N.A.,N.A.,N.A.,not_run,canonical_case_package,N.A.,not_applicable,false,false,false,false,false,false,false,false,false,Hard-negative control detail row emitted from release case package metadata only; no fresh execution or rejection status inferred; hard-negative false-accept rate not computed; case present in inventory/case_registry.csv; package summary records no DB validation run during migration
hard_negative_control_detail_adapter_v0:control:PERF_0008:postgres:hard_negative,control_cell,hard_negative_control_detail_adapter_v0,release_case_package_only,PERF_0008,PERF,common_core_v0,control:PERF_0008:postgres:hard_negative,postgres,hard_negative,control,hard_negative,control:PERF_0008:postgres:hard_negative,cases/PERF/PERF_0008/sql/source.sql,cases/PERF/PERF_0008/sql/negatives/neg_01.sql,true,planned_control,neg_01,customer_segment_predicate_changed,migration_planning_static_inference_needs_review_if_not_explicit_in_legacy,predicate_boundary;dimension_filter_change;join_input_change,source_positive_equal_and_negative_differs_on_customer_segment_witness,cases/PERF/PERF_0008/checker/expected_rejections.yaml,cases/PERF/PERF_0008/evidence/hard_negative/hard_negative_summary.json,cases/PERF/PERF_0008/evidence/runs_retention.yaml,cases/PERF/PERF_0008/evidence/package_validation_summary.json,,evidence_not_retained,false,N.A.,N.A.,N.A.,N.A.,N.A.,not_run,canonical_case_package,N.A.,not_applicable,false,false,false,false,false,false,false,false,false,Hard-negative control detail row emitted from release case package metadata only; no fresh execution or rejection status inferred; hard-negative false-accept rate not computed; case present in inventory/case_registry.csv; engine-specific hard-negative retained artifact not indexed for this control cell; package summary records no DB validation run during migration
hard_negative_control_detail_adapter_v0:control:PERF_0008:mysql:hard_negative,control_cell,hard_negative_control_detail_adapter_v0,release_case_package_only,PERF_0008,PERF,common_core_v0,control:PERF_0008:mysql:hard_negative,mysql,hard_negative,control,hard_negative,control:PERF_0008:mysql:hard_negative,cases/PERF/PERF_0008/sql/source.sql,cases/PERF/PERF_0008/sql/negatives/neg_01.sql,true,planned_control,neg_01,customer_segment_predicate_changed,migration_planning_static_inference_needs_review_if_not_explicit_in_legacy,predicate_boundary;dimension_filter_change;join_input_change,source_positive_equal_and_negative_differs_on_customer_segment_witness,cases/PERF/PERF_0008/checker/expected_rejections.yaml,cases/PERF/PERF_0008/evidence/hard_negative/mysql/rewrite_neg_01.tsv,cases/PERF/PERF_0008/evidence/runs_retention.yaml,cases/PERF/PERF_0008/evidence/package_validation_summary.json,cases/PERF/PERF_0008/evidence/hard_negative/mysql/rewrite_neg_01.tsv,indexed_not_recomputed,false,N.A.,N.A.,N.A.,N.A.,N.A.,not_run,canonical_case_package,N.A.,not_applicable,false,false,false,false,false,false,false,false,false,Hard-negative control detail row emitted from release case package metadata only; no fresh execution or rejection status inferred; hard-negative false-accept rate not computed; case present in inventory/case_registry.csv; package summary records no DB validation run during migration
hard_negative_control_detail_adapter_v0:control:PERF_0008:spark:hard_negative,control_cell,hard_negative_control_detail_adapter_v0,release_case_package_only,PERF_0008,PERF,common_core_v0,control:PERF_0008:spark:hard_negative,spark,hard_negative,control,hard_negative,control:PERF_0008:spark:hard_negative,cases/PERF/PERF_0008/sql/source.sql,cases/PERF/PERF_0008/sql/negatives/neg_01.sql,true,planned_control,neg_01,customer_segment_predicate_changed,migration_planning_static_inference_needs_review_if_not_explicit_in_legacy,predicate_boundary;dimension_filter_change;join_input_change,source_positive_equal_and_negative_differs_on_customer_segment_witness,cases/PERF/PERF_0008/checker/expected_rejections.yaml,cases/PERF/PERF_0008/evidence/hard_negative/spark/rewrite_neg_01.tsv,cases/PERF/PERF_0008/evidence/runs_retention.yaml,cases/PERF/PERF_0008/evidence/package_validation_summary.json,cases/PERF/PERF_0008/evidence/hard_negative/spark/rewrite_neg_01.tsv,indexed_not_recomputed,false,N.A.,N.A.,N.A.,N.A.,N.A.,not_run,canonical_case_package,N.A.,not_applicable,false,false,false,false,false,false,false,false,false,Hard-negative control detail row emitted from release case package metadata only; no fresh execution or rejection status inferred; hard-negative false-accept rate not computed; case present in inventory/case_registry.csv; package summary records no DB validation run during migration
hard_negative_control_detail_adapter_v0:control:PERF_0013:postgres:hard_negative,control_cell,hard_negative_control_detail_adapter_v0,release_case_package_only,PERF_0013,PERF,common_core_v0,control:PERF_0013:postgres:hard_negative,postgres,hard_negative,control,hard_negative,control:PERF_0013:postgres:hard_negative,cases/PERF/PERF_0013/sql/source.sql,cases/PERF/PERF_0013/sql/negatives/neg_01.sql,true,planned_control,neg_01,region_predicate_changed,migration_planning_static_inference_needs_review_if_not_explicit_in_legacy,predicate_boundary;region_filter_change;join_input_change,source_positive_equal_and_negative_differs_on_region_witness,cases/PERF/PERF_0013/checker/expected_rejections.yaml,cases/PERF/PERF_0013/evidence/hard_negative/hard_negative_summary.json,cases/PERF/PERF_0013/evidence/runs_retention.yaml,cases/PERF/PERF_0013/evidence/package_validation_summary.json,,evidence_not_retained,false,N.A.,N.A.,N.A.,N.A.,N.A.,not_run,canonical_case_package,N.A.,not_applicable,false,false,false,false,false,false,false,false,false,Hard-negative control detail row emitted from release case package metadata only; no fresh execution or rejection status inferred; hard-negative false-accept rate not computed; case present in inventory/case_registry.csv; engine-specific hard-negative retained artifact not indexed for this control cell; package summary records no DB validation run during migration
hard_negative_control_detail_adapter_v0:control:PERF_0013:mysql:hard_negative,control_cell,hard_negative_control_detail_adapter_v0,release_case_package_only,PERF_0013,PERF,common_core_v0,control:PERF_0013:mysql:hard_negative,mysql,hard_negative,control,hard_negative,control:PERF_0013:mysql:hard_negative,cases/PERF/PERF_0013/sql/source.sql,cases/PERF/PERF_0013/sql/negatives/neg_01.sql,true,planned_control,neg_01,region_predicate_changed,migration_planning_static_inference_needs_review_if_not_explicit_in_legacy,predicate_boundary;region_filter_change;join_input_change,source_positive_equal_and_negative_differs_on_region_witness,cases/PERF/PERF_0013/checker/expected_rejections.yaml,cases/PERF/PERF_0013/evidence/hard_negative/mysql/rewrite_neg_01.tsv,cases/PERF/PERF_0013/evidence/runs_retention.yaml,cases/PERF/PERF_0013/evidence/package_validation_summary.json,cases/PERF/PERF_0013/evidence/hard_negative/mysql/rewrite_neg_01.tsv,indexed_not_recomputed,false,N.A.,N.A.,N.A.,N.A.,N.A.,not_run,canonical_case_package,N.A.,not_applicable,false,false,false,false,false,false,false,false,false,Hard-negative control detail row emitted from release case package metadata only; no fresh execution or rejection status inferred; hard-negative false-accept rate not computed; case present in inventory/case_registry.csv; package summary records no DB validation run during migration
hard_negative_control_detail_adapter_v0:control:PERF_0013:spark:hard_negative,control_cell,hard_negative_control_detail_adapter_v0,release_case_package_only,PERF_0013,PERF,common_core_v0,control:PERF_0013:spark:hard_negative,spark,hard_negative,control,hard_negative,control:PERF_0013:spark:hard_negative,cases/PERF/PERF_0013/sql/source.sql,cases/PERF/PERF_0013/sql/negatives/neg_01.sql,true,planned_control,neg_01,region_predicate_changed,migration_planning_static_inference_needs_review_if_not_explicit_in_legacy,predicate_boundary;region_filter_change;join_input_change,source_positive_equal_and_negative_differs_on_region_witness,cases/PERF/PERF_0013/checker/expected_rejections.yaml,cases/PERF/PERF_0013/evidence/hard_negative/spark/rewrite_neg_01.tsv,cases/PERF/PERF_0013/evidence/runs_retention.yaml,cases/PERF/PERF_0013/evidence/package_validation_summary.json,cases/PERF/PERF_0013/evidence/hard_negative/spark/rewrite_neg_01.tsv,indexed_not_recomputed,false,N.A.,N.A.,N.A.,N.A.,N.A.,not_run,canonical_case_package,N.A.,not_applicable,false,false,false,false,false,false,false,false,false,Hard-negative control detail row emitted from release case package metadata only; no fresh execution or rejection status inferred; hard-negative false-accept rate not computed; case present in inventory/case_registry.csv; package summary records no DB validation run during migration
hard_negative_control_detail_adapter_v0:control:PERF_0017:postgres:hard_negative,control_cell,hard_negative_control_detail_adapter_v0,release_case_package_only,PERF_0017,PERF,common_core_v0,control:PERF_0017:postgres:hard_negative,postgres,hard_negative,control,hard_negative,control:PERF_0017:postgres:hard_negative,cases/PERF/PERF_0017/sql/source.sql,cases/PERF/PERF_0017/sql/negatives/neg_01.sql,true,planned_control,neg_01,return_flag_predicate_changed,migration_planning_static_inference_needs_review_if_not_explicit_in_legacy,predicate_boundary;return_flag_filter_change;aggregation_input_change,source_positive_equal_and_negative_differs_on_return_flag_witness,cases/PERF/PERF_0017/checker/expected_rejections.yaml,cases/PERF/PERF_0017/evidence/hard_negative/hard_negative_summary.json,cases/PERF/PERF_0017/evidence/runs_retention.yaml,cases/PERF/PERF_0017/evidence/package_validation_summary.json,,evidence_not_retained,false,N.A.,N.A.,N.A.,N.A.,N.A.,not_run,canonical_case_package,N.A.,not_applicable,false,false,false,false,false,false,false,false,false,Hard-negative control detail row emitted from release case package metadata only; no fresh execution or rejection status inferred; hard-negative false-accept rate not computed; case present in inventory/case_registry.csv; engine-specific hard-negative retained artifact not indexed for this control cell
hard_negative_control_detail_adapter_v0:control:PERF_0017:mysql:hard_negative,control_cell,hard_negative_control_detail_adapter_v0,release_case_package_only,PERF_0017,PERF,common_core_v0,control:PERF_0017:mysql:hard_negative,mysql,hard_negative,control,hard_negative,control:PERF_0017:mysql:hard_negative,cases/PERF/PERF_0017/sql/source.sql,cases/PERF/PERF_0017/sql/negatives/neg_01.sql,true,planned_control,neg_01,return_flag_predicate_changed,migration_planning_static_inference_needs_review_if_not_explicit_in_legacy,predicate_boundary;return_flag_filter_change;aggregation_input_change,source_positive_equal_and_negative_differs_on_return_flag_witness,cases/PERF/PERF_0017/checker/expected_rejections.yaml,cases/PERF/PERF_0017/evidence/hard_negative/mysql/rewrite_neg_01.tsv,cases/PERF/PERF_0017/evidence/runs_retention.yaml,cases/PERF/PERF_0017/evidence/package_validation_summary.json,cases/PERF/PERF_0017/evidence/hard_negative/mysql/rewrite_neg_01.tsv,indexed_not_recomputed,false,N.A.,N.A.,N.A.,N.A.,N.A.,not_run,canonical_case_package,N.A.,not_applicable,false,false,false,false,false,false,false,false,false,Hard-negative control detail row emitted from release case package metadata only; no fresh execution or rejection status inferred; hard-negative false-accept rate not computed; case present in inventory/case_registry.csv
hard_negative_control_detail_adapter_v0:control:PERF_0017:spark:hard_negative,control_cell,hard_negative_control_detail_adapter_v0,release_case_package_only,PERF_0017,PERF,common_core_v0,control:PERF_0017:spark:hard_negative,spark,hard_negative,control,hard_negative,control:PERF_0017:spark:hard_negative,cases/PERF/PERF_0017/sql/source.sql,cases/PERF/PERF_0017/sql/negatives/neg_01.sql,true,planned_control,neg_01,return_flag_predicate_changed,migration_planning_static_inference_needs_review_if_not_explicit_in_legacy,predicate_boundary;return_flag_filter_change;aggregation_input_change,source_positive_equal_and_negative_differs_on_return_flag_witness,cases/PERF/PERF_0017/checker/expected_rejections.yaml,cases/PERF/PERF_0017/evidence/hard_negative/spark/rewrite_neg_01.tsv,cases/PERF/PERF_0017/evidence/runs_retention.yaml,cases/PERF/PERF_0017/evidence/package_validation_summary.json,cases/PERF/PERF_0017/evidence/hard_negative/spark/rewrite_neg_01.tsv,indexed_not_recomputed,false,N.A.,N.A.,N.A.,N.A.,N.A.,not_run,canonical_case_package,N.A.,not_applicable,false,false,false,false,false,false,false,false,false,Hard-negative control detail row emitted from release case package metadata only; no fresh execution or rejection status inferred; hard-negative false-accept rate not computed; case present in inventory/case_registry.csv
hard_negative_control_detail_adapter_v0:control:PERF_0019:postgres:hard_negative,control_cell,hard_negative_control_detail_adapter_v0,release_case_package_only,PERF_0019,PERF,common_core_v0,control:PERF_0019:postgres:hard_negative,postgres,hard_negative,control,hard_negative,control:PERF_0019:postgres:hard_negative,cases/PERF/PERF_0019/sql/source.sql,cases/PERF/PERF_0019/sql/negatives/neg_01.sql,true,planned_control,neg_01,excluded_comment_phrase_changed,migration_planning_static_inference_needs_review_if_not_explicit_in_legacy,predicate_boundary;outer_join_filter_change;aggregation_input_change,source_positive_equal_and_negative_differs_on_comment_phrase_witness,cases/PERF/PERF_0019/checker/expected_rejections.yaml,cases/PERF/PERF_0019/evidence/hard_negative/hard_negative_summary.json,cases/PERF/PERF_0019/evidence/runs_retention.yaml,cases/PERF/PERF_0019/evidence/package_validation_summary.json,,evidence_not_retained,false,N.A.,N.A.,N.A.,N.A.,N.A.,not_run,canonical_case_package,N.A.,not_applicable,false,false,false,false,false,false,false,false,false,Hard-negative control detail row emitted from release case package metadata only; no fresh execution or rejection status inferred; hard-negative false-accept rate not computed; case present in inventory/case_registry.csv; engine-specific hard-negative retained artifact not indexed for this control cell
hard_negative_control_detail_adapter_v0:control:PERF_0019:mysql:hard_negative,control_cell,hard_negative_control_detail_adapter_v0,release_case_package_only,PERF_0019,PERF,common_core_v0,control:PERF_0019:mysql:hard_negative,mysql,hard_negative,control,hard_negative,control:PERF_0019:mysql:hard_negative,cases/PERF/PERF_0019/sql/source.sql,cases/PERF/PERF_0019/sql/negatives/neg_01.sql,true,planned_control,neg_01,excluded_comment_phrase_changed,migration_planning_static_inference_needs_review_if_not_explicit_in_legacy,predicate_boundary;outer_join_filter_change;aggregation_input_change,source_positive_equal_and_negative_differs_on_comment_phrase_witness,cases/PERF/PERF_0019/checker/expected_rejections.yaml,cases/PERF/PERF_0019/evidence/hard_negative/mysql/rewrite_neg_01.tsv,cases/PERF/PERF_0019/evidence/runs_retention.yaml,cases/PERF/PERF_0019/evidence/package_validation_summary.json,cases/PERF/PERF_0019/evidence/hard_negative/mysql/rewrite_neg_01.tsv,indexed_not_recomputed,false,N.A.,N.A.,N.A.,N.A.,N.A.,not_run,canonical_case_package,N.A.,not_applicable,false,false,false,false,false,false,false,false,false,Hard-negative control detail row emitted from release case package metadata only; no fresh execution or rejection status inferred; hard-negative false-accept rate not computed; case present in inventory/case_registry.csv
hard_negative_control_detail_adapter_v0:control:PERF_0019:spark:hard_negative,control_cell,hard_negative_control_detail_adapter_v0,release_case_package_only,PERF_0019,PERF,common_core_v0,control:PERF_0019:spark:hard_negative,spark,hard_negative,control,hard_negative,control:PERF_0019:spark:hard_negative,cases/PERF/PERF_0019/sql/source.sql,cases/PERF/PERF_0019/sql/negatives/neg_01.sql,true,planned_control,neg_01,excluded_comment_phrase_changed,migration_planning_static_inference_needs_review_if_not_explicit_in_legacy,predicate_boundary;outer_join_filter_change;aggregation_input_change,source_positive_equal_and_negative_differs_on_comment_phrase_witness,cases/PERF/PERF_0019/checker/expected_rejections.yaml,cases/PERF/PERF_0019/evidence/hard_negative/spark/rewrite_neg_01.tsv,cases/PERF/PERF_0019/evidence/runs_retention.yaml,cases/PERF/PERF_0019/evidence/package_validation_summary.json,cases/PERF/PERF_0019/evidence/hard_negative/spark/rewrite_neg_01.tsv,indexed_not_recomputed,false,N.A.,N.A.,N.A.,N.A.,N.A.,not_run,canonical_case_package,N.A.,not_applicable,false,false,false,false,false,false,false,false,false,Hard-negative control detail row emitted from release case package metadata only; no fresh execution or rejection status inferred; hard-negative false-accept rate not computed; case present in inventory/case_registry.csv
hard_negative_control_detail_adapter_v0:control:PERF_0024:postgres:hard_negative,control_cell,hard_negative_control_detail_adapter_v0,release_case_package_only,PERF_0024,PERF,common_core_v0,control:PERF_0024:postgres:hard_negative,postgres,hard_negative,control,hard_negative,control:PERF_0024:postgres:hard_negative,cases/PERF/PERF_0024/sql/source.sql,cases/PERF/PERF_0024/sql/negatives/neg_01.sql,true,planned_control,neg_01,part_name_prefix_predicate_changed,migration_planning_static_inference_needs_review_if_not_explicit_in_legacy,predicate_boundary;part_filter_change;subquery_input_change,source_positive_equal_and_negative_differs_on_part_prefix_witness,cases/PERF/PERF_0024/checker/expected_rejections.yaml,cases/PERF/PERF_0024/evidence/hard_negative/hard_negative_summary.json,cases/PERF/PERF_0024/evidence/runs_retention.yaml,cases/PERF/PERF_0024/evidence/package_validation_summary.json,,evidence_not_retained,false,N.A.,N.A.,N.A.,N.A.,N.A.,not_run,canonical_case_package,N.A.,not_applicable,false,false,false,false,false,false,false,false,false,Hard-negative control detail row emitted from release case package metadata only; no fresh execution or rejection status inferred; hard-negative false-accept rate not computed; case present in inventory/case_registry.csv; engine-specific hard-negative retained artifact not indexed for this control cell
hard_negative_control_detail_adapter_v0:control:PERF_0024:mysql:hard_negative,control_cell,hard_negative_control_detail_adapter_v0,release_case_package_only,PERF_0024,PERF,common_core_v0,control:PERF_0024:mysql:hard_negative,mysql,hard_negative,control,hard_negative,control:PERF_0024:mysql:hard_negative,cases/PERF/PERF_0024/sql/source.sql,cases/PERF/PERF_0024/sql/negatives/neg_01.sql,true,planned_control,neg_01,part_name_prefix_predicate_changed,migration_planning_static_inference_needs_review_if_not_explicit_in_legacy,predicate_boundary;part_filter_change;subquery_input_change,source_positive_equal_and_negative_differs_on_part_prefix_witness,cases/PERF/PERF_0024/checker/expected_rejections.yaml,cases/PERF/PERF_0024/evidence/hard_negative/mysql/rewrite_neg_01.tsv,cases/PERF/PERF_0024/evidence/runs_retention.yaml,cases/PERF/PERF_0024/evidence/package_validation_summary.json,cases/PERF/PERF_0024/evidence/hard_negative/mysql/rewrite_neg_01.tsv,indexed_not_recomputed,false,N.A.,N.A.,N.A.,N.A.,N.A.,not_run,canonical_case_package,N.A.,not_applicable,false,false,false,false,false,false,false,false,false,Hard-negative control detail row emitted from release case package metadata only; no fresh execution or rejection status inferred; hard-negative false-accept rate not computed; case present in inventory/case_registry.csv
hard_negative_control_detail_adapter_v0:control:PERF_0024:spark:hard_negative,control_cell,hard_negative_control_detail_adapter_v0,release_case_package_only,PERF_0024,PERF,common_core_v0,control:PERF_0024:spark:hard_negative,spark,hard_negative,control,hard_negative,control:PERF_0024:spark:hard_negative,cases/PERF/PERF_0024/sql/source.sql,cases/PERF/PERF_0024/sql/negatives/neg_01.sql,true,planned_control,neg_01,part_name_prefix_predicate_changed,migration_planning_static_inference_needs_review_if_not_explicit_in_legacy,predicate_boundary;part_filter_change;subquery_input_change,source_positive_equal_and_negative_differs_on_part_prefix_witness,cases/PERF/PERF_0024/checker/expected_rejections.yaml,cases/PERF/PERF_0024/evidence/hard_negative/spark/rewrite_neg_01.tsv,cases/PERF/PERF_0024/evidence/runs_retention.yaml,cases/PERF/PERF_0024/evidence/package_validation_summary.json,cases/PERF/PERF_0024/evidence/hard_negative/spark/rewrite_neg_01.tsv,indexed_not_recomputed,false,N.A.,N.A.,N.A.,N.A.,N.A.,not_run,canonical_case_package,N.A.,not_applicable,false,false,false,false,false,false,false,false,false,Hard-negative control detail row emitted from release case package metadata only; no fresh execution or rejection status inferred; hard-negative false-accept rate not computed; case present in inventory/case_registry.csv
hard_negative_control_detail_adapter_v0:control:PERF_0033:postgres:hard_negative,control_cell,hard_negative_control_detail_adapter_v0,release_case_package_only,PERF_0033,PERF,common_core_v0,control:PERF_0033:postgres:hard_negative,postgres,hard_negative,control,hard_negative,control:PERF_0033:postgres:hard_negative,cases/PERF/PERF_0033/sql/source.sql,cases/PERF/PERF_0033/sql/negatives/neg_01.sql,true,planned_control,neg_01,manager_id_predicate_changed,migration_planning_static_inference_needs_review_if_not_explicit_in_legacy,predicate_boundary;item_manager_filter_change;aggregation_input_change,source_positive_equal_and_negative_differs_on_manager_id_witness,cases/PERF/PERF_0033/checker/expected_rejections.yaml,cases/PERF/PERF_0033/evidence/hard_negative/hard_negative_summary.json,cases/PERF/PERF_0033/evidence/runs_retention.yaml,cases/PERF/PERF_0033/evidence/package_validation_summary.json,,evidence_not_retained,false,N.A.,N.A.,N.A.,N.A.,N.A.,not_run,canonical_case_package,N.A.,not_applicable,false,false,false,false,false,false,false,false,false,Hard-negative control detail row emitted from release case package metadata only; no fresh execution or rejection status inferred; hard-negative false-accept rate not computed; case present in inventory/case_registry.csv; engine-specific hard-negative retained artifact not indexed for this control cell
hard_negative_control_detail_adapter_v0:control:PERF_0033:mysql:hard_negative,control_cell,hard_negative_control_detail_adapter_v0,release_case_package_only,PERF_0033,PERF,common_core_v0,control:PERF_0033:mysql:hard_negative,mysql,hard_negative,control,hard_negative,control:PERF_0033:mysql:hard_negative,cases/PERF/PERF_0033/sql/source.sql,cases/PERF/PERF_0033/sql/negatives/neg_01.sql,true,planned_control,neg_01,manager_id_predicate_changed,migration_planning_static_inference_needs_review_if_not_explicit_in_legacy,predicate_boundary;item_manager_filter_change;aggregation_input_change,source_positive_equal_and_negative_differs_on_manager_id_witness,cases/PERF/PERF_0033/checker/expected_rejections.yaml,cases/PERF/PERF_0033/evidence/hard_negative/mysql/rewrite_neg_01.tsv,cases/PERF/PERF_0033/evidence/runs_retention.yaml,cases/PERF/PERF_0033/evidence/package_validation_summary.json,cases/PERF/PERF_0033/evidence/hard_negative/mysql/rewrite_neg_01.tsv,indexed_not_recomputed,false,N.A.,N.A.,N.A.,N.A.,N.A.,not_run,canonical_case_package,N.A.,not_applicable,false,false,false,false,false,false,false,false,false,Hard-negative control detail row emitted from release case package metadata only; no fresh execution or rejection status inferred; hard-negative false-accept rate not computed; case present in inventory/case_registry.csv
hard_negative_control_detail_adapter_v0:control:PERF_0033:spark:hard_negative,control_cell,hard_negative_control_detail_adapter_v0,release_case_package_only,PERF_0033,PERF,common_core_v0,control:PERF_0033:spark:hard_negative,spark,hard_negative,control,hard_negative,control:PERF_0033:spark:hard_negative,cases/PERF/PERF_0033/sql/source.sql,cases/PERF/PERF_0033/sql/negatives/neg_01.sql,true,planned_control,neg_01,manager_id_predicate_changed,migration_planning_static_inference_needs_review_if_not_explicit_in_legacy,predicate_boundary;item_manager_filter_change;aggregation_input_change,source_positive_equal_and_negative_differs_on_manager_id_witness,cases/PERF/PERF_0033/checker/expected_rejections.yaml,cases/PERF/PERF_0033/evidence/hard_negative/spark/rewrite_neg_01.tsv,cases/PERF/PERF_0033/evidence/runs_retention.yaml,cases/PERF/PERF_0033/evidence/package_validation_summary.json,cases/PERF/PERF_0033/evidence/hard_negative/spark/rewrite_neg_01.tsv,indexed_not_recomputed,false,N.A.,N.A.,N.A.,N.A.,N.A.,not_run,canonical_case_package,N.A.,not_applicable,false,false,false,false,false,false,false,false,false,Hard-negative control detail row emitted from release case package metadata only; no fresh execution or rejection status inferred; hard-negative false-accept rate not computed; case present in inventory/case_registry.csv
hard_negative_control_detail_adapter_v0:control:PERF_0034:postgres:hard_negative,control_cell,hard_negative_control_detail_adapter_v0,release_case_package_only,PERF_0034,PERF,common_core_v0,control:PERF_0034:postgres:hard_negative,postgres,hard_negative,control,hard_negative,control:PERF_0034:postgres:hard_negative,cases/PERF/PERF_0034/sql/source.sql,cases/PERF/PERF_0034/sql/negatives/neg_01.sql,true,planned_control,neg_01,gmt_offset_predicate_changed,migration_planning_static_inference_needs_review_if_not_explicit_in_legacy,predicate_boundary;address_timezone_filter_change;aggregation_input_change,source_positive_equal_and_negative_differs_on_gmt_offset_witness,cases/PERF/PERF_0034/checker/expected_rejections.yaml,cases/PERF/PERF_0034/evidence/hard_negative/hard_negative_summary.json,cases/PERF/PERF_0034/evidence/runs_retention.yaml,cases/PERF/PERF_0034/evidence/package_validation_summary.json,,evidence_not_retained,false,N.A.,N.A.,N.A.,N.A.,N.A.,not_run,canonical_case_package,N.A.,not_applicable,false,false,false,false,false,false,false,false,false,Hard-negative control detail row emitted from release case package metadata only; no fresh execution or rejection status inferred; hard-negative false-accept rate not computed; case present in inventory/case_registry.csv; engine-specific hard-negative retained artifact not indexed for this control cell
hard_negative_control_detail_adapter_v0:control:PERF_0034:mysql:hard_negative,control_cell,hard_negative_control_detail_adapter_v0,release_case_package_only,PERF_0034,PERF,common_core_v0,control:PERF_0034:mysql:hard_negative,mysql,hard_negative,control,hard_negative,control:PERF_0034:mysql:hard_negative,cases/PERF/PERF_0034/sql/source.sql,cases/PERF/PERF_0034/sql/negatives/neg_01.sql,true,planned_control,neg_01,gmt_offset_predicate_changed,migration_planning_static_inference_needs_review_if_not_explicit_in_legacy,predicate_boundary;address_timezone_filter_change;aggregation_input_change,source_positive_equal_and_negative_differs_on_gmt_offset_witness,cases/PERF/PERF_0034/checker/expected_rejections.yaml,cases/PERF/PERF_0034/evidence/hard_negative/mysql/rewrite_neg_01.tsv,cases/PERF/PERF_0034/evidence/runs_retention.yaml,cases/PERF/PERF_0034/evidence/package_validation_summary.json,cases/PERF/PERF_0034/evidence/hard_negative/mysql/rewrite_neg_01.tsv,indexed_not_recomputed,false,N.A.,N.A.,N.A.,N.A.,N.A.,not_run,canonical_case_package,N.A.,not_applicable,false,false,false,false,false,false,false,false,false,Hard-negative control detail row emitted from release case package metadata only; no fresh execution or rejection status inferred; hard-negative false-accept rate not computed; case present in inventory/case_registry.csv
hard_negative_control_detail_adapter_v0:control:PERF_0034:spark:hard_negative,control_cell,hard_negative_control_detail_adapter_v0,release_case_package_only,PERF_0034,PERF,common_core_v0,control:PERF_0034:spark:hard_negative,spark,hard_negative,control,hard_negative,control:PERF_0034:spark:hard_negative,cases/PERF/PERF_0034/sql/source.sql,cases/PERF/PERF_0034/sql/negatives/neg_01.sql,true,planned_control,neg_01,gmt_offset_predicate_changed,migration_planning_static_inference_needs_review_if_not_explicit_in_legacy,predicate_boundary;address_timezone_filter_change;aggregation_input_change,source_positive_equal_and_negative_differs_on_gmt_offset_witness,cases/PERF/PERF_0034/checker/expected_rejections.yaml,cases/PERF/PERF_0034/evidence/hard_negative/spark/rewrite_neg_01.tsv,cases/PERF/PERF_0034/evidence/runs_retention.yaml,cases/PERF/PERF_0034/evidence/package_validation_summary.json,cases/PERF/PERF_0034/evidence/hard_negative/spark/rewrite_neg_01.tsv,indexed_not_recomputed,false,N.A.,N.A.,N.A.,N.A.,N.A.,not_run,canonical_case_package,N.A.,not_applicable,false,false,false,false,false,false,false,false,false,Hard-negative control detail row emitted from release case package metadata only; no fresh execution or rejection status inferred; hard-negative false-accept rate not computed; case present in inventory/case_registry.csv
hard_negative_control_detail_adapter_v0:control:PERF_0035:postgres:hard_negative,control_cell,hard_negative_control_detail_adapter_v0,release_case_package_only,PERF_0035,PERF,common_core_v0,control:PERF_0035:postgres:hard_negative,postgres,hard_negative,control,hard_negative,control:PERF_0035:postgres:hard_negative,cases/PERF/PERF_0035/sql/source.sql,cases/PERF/PERF_0035/sql/negatives/neg_01.sql,true,planned_control,neg_01,year_filter_predicate_changed,migration_planning_static_inference_needs_review_if_not_explicit_in_legacy,predicate_boundary;year_filter_change;windowed_aggregation_output_change,source_positive_equal_and_negative_differs_on_year_filter_witness,cases/PERF/PERF_0035/checker/expected_rejections.yaml,cases/PERF/PERF_0035/evidence/hard_negative/hard_negative_summary.json,cases/PERF/PERF_0035/evidence/runs_retention.yaml,cases/PERF/PERF_0035/evidence/package_validation_summary.json,,evidence_not_retained,false,N.A.,N.A.,N.A.,N.A.,N.A.,not_run,canonical_case_package,N.A.,not_applicable,false,false,false,false,false,false,false,false,false,Hard-negative control detail row emitted from release case package metadata only; no fresh execution or rejection status inferred; hard-negative false-accept rate not computed; case present in inventory/case_registry.csv; engine-specific hard-negative retained artifact not indexed for this control cell
hard_negative_control_detail_adapter_v0:control:PERF_0035:mysql:hard_negative,control_cell,hard_negative_control_detail_adapter_v0,release_case_package_only,PERF_0035,PERF,common_core_v0,control:PERF_0035:mysql:hard_negative,mysql,hard_negative,control,hard_negative,control:PERF_0035:mysql:hard_negative,cases/PERF/PERF_0035/sql/source.sql,cases/PERF/PERF_0035/sql/negatives/neg_01.sql,true,planned_control,neg_01,year_filter_predicate_changed,migration_planning_static_inference_needs_review_if_not_explicit_in_legacy,predicate_boundary;year_filter_change;windowed_aggregation_output_change,source_positive_equal_and_negative_differs_on_year_filter_witness,cases/PERF/PERF_0035/checker/expected_rejections.yaml,cases/PERF/PERF_0035/evidence/hard_negative/mysql/rewrite_neg_01.tsv,cases/PERF/PERF_0035/evidence/runs_retention.yaml,cases/PERF/PERF_0035/evidence/package_validation_summary.json,cases/PERF/PERF_0035/evidence/hard_negative/mysql/rewrite_neg_01.tsv,indexed_not_recomputed,false,N.A.,N.A.,N.A.,N.A.,N.A.,not_run,canonical_case_package,N.A.,not_applicable,false,false,false,false,false,false,false,false,false,Hard-negative control detail row emitted from release case package metadata only; no fresh execution or rejection status inferred; hard-negative false-accept rate not computed; case present in inventory/case_registry.csv
hard_negative_control_detail_adapter_v0:control:PERF_0035:spark:hard_negative,control_cell,hard_negative_control_detail_adapter_v0,release_case_package_only,PERF_0035,PERF,common_core_v0,control:PERF_0035:spark:hard_negative,spark,hard_negative,control,hard_negative,control:PERF_0035:spark:hard_negative,cases/PERF/PERF_0035/sql/source.sql,cases/PERF/PERF_0035/sql/negatives/neg_01.sql,true,planned_control,neg_01,year_filter_predicate_changed,migration_planning_static_inference_needs_review_if_not_explicit_in_legacy,predicate_boundary;year_filter_change;windowed_aggregation_output_change,source_positive_equal_and_negative_differs_on_year_filter_witness,cases/PERF/PERF_0035/checker/expected_rejections.yaml,cases/PERF/PERF_0035/evidence/hard_negative/spark/rewrite_neg_01.tsv,cases/PERF/PERF_0035/evidence/runs_retention.yaml,cases/PERF/PERF_0035/evidence/package_validation_summary.json,cases/PERF/PERF_0035/evidence/hard_negative/spark/rewrite_neg_01.tsv,indexed_not_recomputed,false,N.A.,N.A.,N.A.,N.A.,N.A.,not_run,canonical_case_package,N.A.,not_applicable,false,false,false,false,false,false,false,false,false,Hard-negative control detail row emitted from release case package metadata only; no fresh execution or rejection status inferred; hard-negative false-accept rate not computed; case present in inventory/case_registry.csv
hard_negative_control_detail_adapter_v0:control:PERF_0052:postgres:hard_negative,control_cell,hard_negative_control_detail_adapter_v0,release_case_package_only,PERF_0052,PERF,common_core_v0,control:PERF_0052:postgres:hard_negative,postgres,hard_negative,control,hard_negative,control:PERF_0052:postgres:hard_negative,cases/PERF/PERF_0052/sql/source.sql,cases/PERF/PERF_0052/sql/negatives/neg_01.sql,true,planned_control,neg_01,store_state_predicate_changed,migration_planning_static_inference_needs_review_if_not_explicit_in_legacy,predicate_boundary;store_state_filter_change;aggregation_input_change,source_positive_equal_and_negative_differs_on_store_state_witness,cases/PERF/PERF_0052/checker/expected_rejections.yaml,cases/PERF/PERF_0052/evidence/hard_negative/hard_negative_summary.json,cases/PERF/PERF_0052/evidence/runs_retention.yaml,cases/PERF/PERF_0052/evidence/package_validation_summary.json,,evidence_not_retained,false,N.A.,N.A.,N.A.,N.A.,N.A.,not_run,canonical_case_package,N.A.,not_applicable,false,false,false,false,false,false,false,false,false,Hard-negative control detail row emitted from release case package metadata only; no fresh execution or rejection status inferred; hard-negative false-accept rate not computed; case present in inventory/case_registry.csv; engine-specific hard-negative retained artifact not indexed for this control cell
hard_negative_control_detail_adapter_v0:control:PERF_0052:mysql:hard_negative,control_cell,hard_negative_control_detail_adapter_v0,release_case_package_only,PERF_0052,PERF,common_core_v0,control:PERF_0052:mysql:hard_negative,mysql,hard_negative,control,hard_negative,control:PERF_0052:mysql:hard_negative,cases/PERF/PERF_0052/sql/source.sql,cases/PERF/PERF_0052/sql/negatives/neg_01.sql,true,planned_control,neg_01,store_state_predicate_changed,migration_planning_static_inference_needs_review_if_not_explicit_in_legacy,predicate_boundary;store_state_filter_change;aggregation_input_change,source_positive_equal_and_negative_differs_on_store_state_witness,cases/PERF/PERF_0052/checker/expected_rejections.yaml,cases/PERF/PERF_0052/evidence/hard_negative/mysql/rewrite_neg_01.tsv,cases/PERF/PERF_0052/evidence/runs_retention.yaml,cases/PERF/PERF_0052/evidence/package_validation_summary.json,cases/PERF/PERF_0052/evidence/hard_negative/mysql/rewrite_neg_01.tsv,indexed_not_recomputed,false,N.A.,N.A.,N.A.,N.A.,N.A.,not_run,canonical_case_package,N.A.,not_applicable,false,false,false,false,false,false,false,false,false,Hard-negative control detail row emitted from release case package metadata only; no fresh execution or rejection status inferred; hard-negative false-accept rate not computed; case present in inventory/case_registry.csv
hard_negative_control_detail_adapter_v0:control:PERF_0052:spark:hard_negative,control_cell,hard_negative_control_detail_adapter_v0,release_case_package_only,PERF_0052,PERF,common_core_v0,control:PERF_0052:spark:hard_negative,spark,hard_negative,control,hard_negative,control:PERF_0052:spark:hard_negative,cases/PERF/PERF_0052/sql/source.sql,cases/PERF/PERF_0052/sql/negatives/neg_01.sql,true,planned_control,neg_01,store_state_predicate_changed,migration_planning_static_inference_needs_review_if_not_explicit_in_legacy,predicate_boundary;store_state_filter_change;aggregation_input_change,source_positive_equal_and_negative_differs_on_store_state_witness,cases/PERF/PERF_0052/checker/expected_rejections.yaml,cases/PERF/PERF_0052/evidence/hard_negative/spark/rewrite_neg_01.tsv,cases/PERF/PERF_0052/evidence/runs_retention.yaml,cases/PERF/PERF_0052/evidence/package_validation_summary.json,cases/PERF/PERF_0052/evidence/hard_negative/spark/rewrite_neg_01.tsv,indexed_not_recomputed,false,N.A.,N.A.,N.A.,N.A.,N.A.,not_run,canonical_case_package,N.A.,not_applicable,false,false,false,false,false,false,false,false,false,Hard-negative control detail row emitted from release case package metadata only; no fresh execution or rejection status inferred; hard-negative false-accept rate not computed; case present in inventory/case_registry.csv
hard_negative_control_detail_adapter_v0:control:PERF_0054:postgres:hard_negative,control_cell,hard_negative_control_detail_adapter_v0,release_case_package_only,PERF_0054,PERF,common_core_v0,control:PERF_0054:postgres:hard_negative,postgres,hard_negative,control,hard_negative,control:PERF_0054:postgres:hard_negative,cases/PERF/PERF_0054/sql/source.sql,cases/PERF/PERF_0054/sql/negatives/neg_01.sql,true,planned_control,neg_01,manufacturer_id_predicate_changed,migration_planning_static_inference_needs_review_if_not_explicit_in_legacy,predicate_boundary;manufacturer_filter_change;aggregation_input_change,source_positive_equal_and_negative_differs_on_manufacturer_witness,cases/PERF/PERF_0054/checker/expected_rejections.yaml,cases/PERF/PERF_0054/evidence/hard_negative/hard_negative_summary.json,cases/PERF/PERF_0054/evidence/runs_retention.yaml,cases/PERF/PERF_0054/evidence/package_validation_summary.json,,evidence_not_retained,false,N.A.,N.A.,N.A.,N.A.,N.A.,not_run,canonical_case_package,N.A.,not_applicable,false,false,false,false,false,false,false,false,false,Hard-negative control detail row emitted from release case package metadata only; no fresh execution or rejection status inferred; hard-negative false-accept rate not computed; case present in inventory/case_registry.csv; engine-specific hard-negative retained artifact not indexed for this control cell
hard_negative_control_detail_adapter_v0:control:PERF_0054:mysql:hard_negative,control_cell,hard_negative_control_detail_adapter_v0,release_case_package_only,PERF_0054,PERF,common_core_v0,control:PERF_0054:mysql:hard_negative,mysql,hard_negative,control,hard_negative,control:PERF_0054:mysql:hard_negative,cases/PERF/PERF_0054/sql/source.sql,cases/PERF/PERF_0054/sql/negatives/neg_01.sql,true,planned_control,neg_01,manufacturer_id_predicate_changed,migration_planning_static_inference_needs_review_if_not_explicit_in_legacy,predicate_boundary;manufacturer_filter_change;aggregation_input_change,source_positive_equal_and_negative_differs_on_manufacturer_witness,cases/PERF/PERF_0054/checker/expected_rejections.yaml,cases/PERF/PERF_0054/evidence/hard_negative/mysql/rewrite_neg_01.tsv,cases/PERF/PERF_0054/evidence/runs_retention.yaml,cases/PERF/PERF_0054/evidence/package_validation_summary.json,cases/PERF/PERF_0054/evidence/hard_negative/mysql/rewrite_neg_01.tsv,indexed_not_recomputed,false,N.A.,N.A.,N.A.,N.A.,N.A.,not_run,canonical_case_package,N.A.,not_applicable,false,false,false,false,false,false,false,false,false,Hard-negative control detail row emitted from release case package metadata only; no fresh execution or rejection status inferred; hard-negative false-accept rate not computed; case present in inventory/case_registry.csv
hard_negative_control_detail_adapter_v0:control:PERF_0054:spark:hard_negative,control_cell,hard_negative_control_detail_adapter_v0,release_case_package_only,PERF_0054,PERF,common_core_v0,control:PERF_0054:spark:hard_negative,spark,hard_negative,control,hard_negative,control:PERF_0054:spark:hard_negative,cases/PERF/PERF_0054/sql/source.sql,cases/PERF/PERF_0054/sql/negatives/neg_01.sql,true,planned_control,neg_01,manufacturer_id_predicate_changed,migration_planning_static_inference_needs_review_if_not_explicit_in_legacy,predicate_boundary;manufacturer_filter_change;aggregation_input_change,source_positive_equal_and_negative_differs_on_manufacturer_witness,cases/PERF/PERF_0054/checker/expected_rejections.yaml,cases/PERF/PERF_0054/evidence/hard_negative/spark/rewrite_neg_01.tsv,cases/PERF/PERF_0054/evidence/runs_retention.yaml,cases/PERF/PERF_0054/evidence/package_validation_summary.json,cases/PERF/PERF_0054/evidence/hard_negative/spark/rewrite_neg_01.tsv,indexed_not_recomputed,false,N.A.,N.A.,N.A.,N.A.,N.A.,not_run,canonical_case_package,N.A.,not_applicable,false,false,false,false,false,false,false,false,false,Hard-negative control detail row emitted from release case package metadata only; no fresh execution or rejection status inferred; hard-negative false-accept rate not computed; case present in inventory/case_registry.csv
hard_negative_control_detail_adapter_v0:control:PERF_0056:postgres:hard_negative,control_cell,hard_negative_control_detail_adapter_v0,release_case_package_only,PERF_0056,PERF,common_core_v0,control:PERF_0056:postgres:hard_negative,postgres,hard_negative,control,hard_negative,control:PERF_0056:postgres:hard_negative,cases/PERF/PERF_0056/sql/source.sql,cases/PERF/PERF_0056/sql/negatives/neg_01.sql,true,planned_control,neg_01,having_count_threshold_changed,migration_planning_static_inference_needs_review_if_not_explicit_in_legacy,having_threshold_boundary;aggregation_output_filter_change;cardinality_boundary,source_positive_equal_and_negative_differs_on_having_threshold_witness,cases/PERF/PERF_0056/checker/expected_rejections.yaml,cases/PERF/PERF_0056/evidence/hard_negative/hard_negative_summary.json,cases/PERF/PERF_0056/evidence/runs_retention.yaml,cases/PERF/PERF_0056/evidence/package_validation_summary.json,,evidence_not_retained,false,N.A.,N.A.,N.A.,N.A.,N.A.,not_run,canonical_case_package,N.A.,not_applicable,false,false,false,false,false,false,false,false,false,Hard-negative control detail row emitted from release case package metadata only; no fresh execution or rejection status inferred; hard-negative false-accept rate not computed; case present in inventory/case_registry.csv; engine-specific hard-negative retained artifact not indexed for this control cell
hard_negative_control_detail_adapter_v0:control:PERF_0056:mysql:hard_negative,control_cell,hard_negative_control_detail_adapter_v0,release_case_package_only,PERF_0056,PERF,common_core_v0,control:PERF_0056:mysql:hard_negative,mysql,hard_negative,control,hard_negative,control:PERF_0056:mysql:hard_negative,cases/PERF/PERF_0056/sql/source.sql,cases/PERF/PERF_0056/sql/negatives/neg_01.sql,true,planned_control,neg_01,having_count_threshold_changed,migration_planning_static_inference_needs_review_if_not_explicit_in_legacy,having_threshold_boundary;aggregation_output_filter_change;cardinality_boundary,source_positive_equal_and_negative_differs_on_having_threshold_witness,cases/PERF/PERF_0056/checker/expected_rejections.yaml,cases/PERF/PERF_0056/evidence/hard_negative/mysql/rewrite_neg_01.tsv,cases/PERF/PERF_0056/evidence/runs_retention.yaml,cases/PERF/PERF_0056/evidence/package_validation_summary.json,cases/PERF/PERF_0056/evidence/hard_negative/mysql/rewrite_neg_01.tsv,indexed_not_recomputed,false,N.A.,N.A.,N.A.,N.A.,N.A.,not_run,canonical_case_package,N.A.,not_applicable,false,false,false,false,false,false,false,false,false,Hard-negative control detail row emitted from release case package metadata only; no fresh execution or rejection status inferred; hard-negative false-accept rate not computed; case present in inventory/case_registry.csv
hard_negative_control_detail_adapter_v0:control:PERF_0056:spark:hard_negative,control_cell,hard_negative_control_detail_adapter_v0,release_case_package_only,PERF_0056,PERF,common_core_v0,control:PERF_0056:spark:hard_negative,spark,hard_negative,control,hard_negative,control:PERF_0056:spark:hard_negative,cases/PERF/PERF_0056/sql/source.sql,cases/PERF/PERF_0056/sql/negatives/neg_01.sql,true,planned_control,neg_01,having_count_threshold_changed,migration_planning_static_inference_needs_review_if_not_explicit_in_legacy,having_threshold_boundary;aggregation_output_filter_change;cardinality_boundary,source_positive_equal_and_negative_differs_on_having_threshold_witness,cases/PERF/PERF_0056/checker/expected_rejections.yaml,cases/PERF/PERF_0056/evidence/hard_negative/spark/rewrite_neg_01.tsv,cases/PERF/PERF_0056/evidence/runs_retention.yaml,cases/PERF/PERF_0056/evidence/package_validation_summary.json,cases/PERF/PERF_0056/evidence/hard_negative/spark/rewrite_neg_01.tsv,indexed_not_recomputed,false,N.A.,N.A.,N.A.,N.A.,N.A.,not_run,canonical_case_package,N.A.,not_applicable,false,false,false,false,false,false,false,false,false,Hard-negative control detail row emitted from release case package metadata only; no fresh execution or rejection status inferred; hard-negative false-accept rate not computed; case present in inventory/case_registry.csv
hard_negative_control_detail_adapter_v0:control:PERF_0062:postgres:hard_negative,control_cell,hard_negative_control_detail_adapter_v0,release_case_package_only,PERF_0062,PERF,common_core_v0,control:PERF_0062:postgres:hard_negative,postgres,hard_negative,control,hard_negative,control:PERF_0062:postgres:hard_negative,cases/PERF/PERF_0062/sql/source.sql,cases/PERF/PERF_0062/sql/negatives/neg_01.sql,true,planned_control,neg_01,year_filter_predicate_changed,migration_planning_static_inference_needs_review_if_not_explicit_in_legacy,predicate_boundary;year_filter_change;aggregation_input_change,source_positive_equal_and_negative_differs_on_year_witness,cases/PERF/PERF_0062/checker/expected_rejections.yaml,cases/PERF/PERF_0062/evidence/hard_negative/hard_negative_summary.json,cases/PERF/PERF_0062/evidence/runs_retention.yaml,cases/PERF/PERF_0062/evidence/package_validation_summary.json,,evidence_not_retained,false,N.A.,N.A.,N.A.,N.A.,N.A.,not_run,canonical_case_package,N.A.,not_applicable,false,false,false,false,false,false,false,false,false,Hard-negative control detail row emitted from release case package metadata only; no fresh execution or rejection status inferred; hard-negative false-accept rate not computed; case present in inventory/case_registry.csv; engine-specific hard-negative retained artifact not indexed for this control cell
hard_negative_control_detail_adapter_v0:control:PERF_0062:mysql:hard_negative,control_cell,hard_negative_control_detail_adapter_v0,release_case_package_only,PERF_0062,PERF,common_core_v0,control:PERF_0062:mysql:hard_negative,mysql,hard_negative,control,hard_negative,control:PERF_0062:mysql:hard_negative,cases/PERF/PERF_0062/sql/source.sql,cases/PERF/PERF_0062/sql/negatives/neg_01.sql,true,planned_control,neg_01,year_filter_predicate_changed,migration_planning_static_inference_needs_review_if_not_explicit_in_legacy,predicate_boundary;year_filter_change;aggregation_input_change,source_positive_equal_and_negative_differs_on_year_witness,cases/PERF/PERF_0062/checker/expected_rejections.yaml,cases/PERF/PERF_0062/evidence/hard_negative/mysql/rewrite_neg_01.tsv,cases/PERF/PERF_0062/evidence/runs_retention.yaml,cases/PERF/PERF_0062/evidence/package_validation_summary.json,cases/PERF/PERF_0062/evidence/hard_negative/mysql/rewrite_neg_01.tsv,indexed_not_recomputed,false,N.A.,N.A.,N.A.,N.A.,N.A.,not_run,canonical_case_package,N.A.,not_applicable,false,false,false,false,false,false,false,false,false,Hard-negative control detail row emitted from release case package metadata only; no fresh execution or rejection status inferred; hard-negative false-accept rate not computed; case present in inventory/case_registry.csv
hard_negative_control_detail_adapter_v0:control:PERF_0062:spark:hard_negative,control_cell,hard_negative_control_detail_adapter_v0,release_case_package_only,PERF_0062,PERF,common_core_v0,control:PERF_0062:spark:hard_negative,spark,hard_negative,control,hard_negative,control:PERF_0062:spark:hard_negative,cases/PERF/PERF_0062/sql/source.sql,cases/PERF/PERF_0062/sql/negatives/neg_01.sql,true,planned_control,neg_01,year_filter_predicate_changed,migration_planning_static_inference_needs_review_if_not_explicit_in_legacy,predicate_boundary;year_filter_change;aggregation_input_change,source_positive_equal_and_negative_differs_on_year_witness,cases/PERF/PERF_0062/checker/expected_rejections.yaml,cases/PERF/PERF_0062/evidence/hard_negative/spark/rewrite_neg_01.tsv,cases/PERF/PERF_0062/evidence/runs_retention.yaml,cases/PERF/PERF_0062/evidence/package_validation_summary.json,cases/PERF/PERF_0062/evidence/hard_negative/spark/rewrite_neg_01.tsv,indexed_not_recomputed,false,N.A.,N.A.,N.A.,N.A.,N.A.,not_run,canonical_case_package,N.A.,not_applicable,false,false,false,false,false,false,false,false,false,Hard-negative control detail row emitted from release case package metadata only; no fresh execution or rejection status inferred; hard-negative false-accept rate not computed; case present in inventory/case_registry.csv
hard_negative_control_detail_adapter_v0:control:PERF_0077:postgres:hard_negative,control_cell,hard_negative_control_detail_adapter_v0,release_case_package_only,PERF_0077,PERF,common_core_v0,control:PERF_0077:postgres:hard_negative,postgres,hard_negative,control,hard_negative,control:PERF_0077:postgres:hard_negative,cases/PERF/PERF_0077/sql/source.sql,cases/PERF/PERF_0077/sql/negatives/neg_01.sql,true,planned_control,neg_01,keyword_like_predicate_narrowed,migration_planning_static_inference_needs_review_if_not_explicit_in_legacy,text_like_semantics;predicate_narrowing;aggregation_input_change,source_positive_equal_and_negative_differs_on_keyword_like_witness,cases/PERF/PERF_0077/checker/expected_rejections.yaml,cases/PERF/PERF_0077/evidence/hard_negative/postgres/rewrite_neg_01.tsv,cases/PERF/PERF_0077/evidence/runs_retention.yaml,cases/PERF/PERF_0077/evidence/package_validation_summary.json,cases/PERF/PERF_0077/evidence/hard_negative/postgres/rewrite_neg_01.tsv,indexed_not_recomputed,false,N.A.,N.A.,N.A.,N.A.,N.A.,not_run,canonical_case_package,N.A.,not_applicable,false,false,false,false,false,false,false,false,false,Hard-negative control detail row emitted from release case package metadata only; no fresh execution or rejection status inferred; hard-negative false-accept rate not computed; case present in inventory/case_registry.csv
hard_negative_control_detail_adapter_v0:control:PERF_0077:mysql:hard_negative,control_cell,hard_negative_control_detail_adapter_v0,release_case_package_only,PERF_0077,PERF,common_core_v0,control:PERF_0077:mysql:hard_negative,mysql,hard_negative,control,hard_negative,control:PERF_0077:mysql:hard_negative,cases/PERF/PERF_0077/sql/source.sql,cases/PERF/PERF_0077/sql/negatives/neg_01.sql,true,planned_control,neg_01,keyword_like_predicate_narrowed,migration_planning_static_inference_needs_review_if_not_explicit_in_legacy,text_like_semantics;predicate_narrowing;aggregation_input_change,source_positive_equal_and_negative_differs_on_keyword_like_witness,cases/PERF/PERF_0077/checker/expected_rejections.yaml,cases/PERF/PERF_0077/evidence/hard_negative/mysql/rewrite_neg_01.tsv,cases/PERF/PERF_0077/evidence/runs_retention.yaml,cases/PERF/PERF_0077/evidence/package_validation_summary.json,cases/PERF/PERF_0077/evidence/hard_negative/mysql/rewrite_neg_01.tsv,indexed_not_recomputed,false,N.A.,N.A.,N.A.,N.A.,N.A.,not_run,canonical_case_package,N.A.,not_applicable,false,false,false,false,false,false,false,false,false,Hard-negative control detail row emitted from release case package metadata only; no fresh execution or rejection status inferred; hard-negative false-accept rate not computed; case present in inventory/case_registry.csv
hard_negative_control_detail_adapter_v0:control:PERF_0077:spark:hard_negative,control_cell,hard_negative_control_detail_adapter_v0,release_case_package_only,PERF_0077,PERF,common_core_v0,control:PERF_0077:spark:hard_negative,spark,hard_negative,control,hard_negative,control:PERF_0077:spark:hard_negative,cases/PERF/PERF_0077/sql/source.sql,cases/PERF/PERF_0077/sql/negatives/neg_01.sql,true,planned_control,neg_01,keyword_like_predicate_narrowed,migration_planning_static_inference_needs_review_if_not_explicit_in_legacy,text_like_semantics;predicate_narrowing;aggregation_input_change,source_positive_equal_and_negative_differs_on_keyword_like_witness,cases/PERF/PERF_0077/checker/expected_rejections.yaml,cases/PERF/PERF_0077/evidence/hard_negative/spark/rewrite_neg_01.tsv,cases/PERF/PERF_0077/evidence/runs_retention.yaml,cases/PERF/PERF_0077/evidence/package_validation_summary.json,cases/PERF/PERF_0077/evidence/hard_negative/spark/rewrite_neg_01.tsv,indexed_not_recomputed,false,N.A.,N.A.,N.A.,N.A.,N.A.,not_run,canonical_case_package,N.A.,not_applicable,false,false,false,false,false,false,false,false,false,Hard-negative control detail row emitted from release case package metadata only; no fresh execution or rejection status inferred; hard-negative false-accept rate not computed; case present in inventory/case_registry.csv
hard_negative_control_detail_adapter_v0:control:PERF_0082:postgres:hard_negative,control_cell,hard_negative_control_detail_adapter_v0,release_case_package_only,PERF_0082,PERF,common_core_v0,control:PERF_0082:postgres:hard_negative,postgres,hard_negative,control,hard_negative,control:PERF_0082:postgres:hard_negative,cases/PERF/PERF_0082/sql/source.sql,cases/PERF/PERF_0082/sql/negatives/neg_01.sql,true,planned_control,neg_01,company_type_predicate_changed,migration_planning_static_inference_needs_review_if_not_explicit_in_legacy,predicate_boundary;company_type_filter_change;aggregation_input_change,source_positive_equal_and_negative_differs_on_company_type_witness,cases/PERF/PERF_0082/checker/expected_rejections.yaml,cases/PERF/PERF_0082/evidence/hard_negative/postgres/rewrite_neg_01.tsv,cases/PERF/PERF_0082/evidence/runs_retention.yaml,cases/PERF/PERF_0082/evidence/package_validation_summary.json,cases/PERF/PERF_0082/evidence/hard_negative/postgres/rewrite_neg_01.tsv,indexed_not_recomputed,false,N.A.,N.A.,N.A.,N.A.,N.A.,not_run,canonical_case_package,N.A.,not_applicable,false,false,false,false,false,false,false,false,false,Hard-negative control detail row emitted from release case package metadata only; no fresh execution or rejection status inferred; hard-negative false-accept rate not computed; case present in inventory/case_registry.csv
hard_negative_control_detail_adapter_v0:control:PERF_0082:mysql:hard_negative,control_cell,hard_negative_control_detail_adapter_v0,release_case_package_only,PERF_0082,PERF,common_core_v0,control:PERF_0082:mysql:hard_negative,mysql,hard_negative,control,hard_negative,control:PERF_0082:mysql:hard_negative,cases/PERF/PERF_0082/sql/source.sql,cases/PERF/PERF_0082/sql/negatives/neg_01.sql,true,planned_control,neg_01,company_type_predicate_changed,migration_planning_static_inference_needs_review_if_not_explicit_in_legacy,predicate_boundary;company_type_filter_change;aggregation_input_change,source_positive_equal_and_negative_differs_on_company_type_witness,cases/PERF/PERF_0082/checker/expected_rejections.yaml,cases/PERF/PERF_0082/evidence/hard_negative/mysql/rewrite_neg_01.tsv,cases/PERF/PERF_0082/evidence/runs_retention.yaml,cases/PERF/PERF_0082/evidence/package_validation_summary.json,cases/PERF/PERF_0082/evidence/hard_negative/mysql/rewrite_neg_01.tsv,indexed_not_recomputed,false,N.A.,N.A.,N.A.,N.A.,N.A.,not_run,canonical_case_package,N.A.,not_applicable,false,false,false,false,false,false,false,false,false,Hard-negative control detail row emitted from release case package metadata only; no fresh execution or rejection status inferred; hard-negative false-accept rate not computed; case present in inventory/case_registry.csv
hard_negative_control_detail_adapter_v0:control:PERF_0082:spark:hard_negative,control_cell,hard_negative_control_detail_adapter_v0,release_case_package_only,PERF_0082,PERF,common_core_v0,control:PERF_0082:spark:hard_negative,spark,hard_negative,control,hard_negative,control:PERF_0082:spark:hard_negative,cases/PERF/PERF_0082/sql/source.sql,cases/PERF/PERF_0082/sql/negatives/neg_01.sql,true,planned_control,neg_01,company_type_predicate_changed,migration_planning_static_inference_needs_review_if_not_explicit_in_legacy,predicate_boundary;company_type_filter_change;aggregation_input_change,source_positive_equal_and_negative_differs_on_company_type_witness,cases/PERF/PERF_0082/checker/expected_rejections.yaml,cases/PERF/PERF_0082/evidence/hard_negative/spark/rewrite_neg_01.tsv,cases/PERF/PERF_0082/evidence/runs_retention.yaml,cases/PERF/PERF_0082/evidence/package_validation_summary.json,cases/PERF/PERF_0082/evidence/hard_negative/spark/rewrite_neg_01.tsv,indexed_not_recomputed,false,N.A.,N.A.,N.A.,N.A.,N.A.,not_run,canonical_case_package,N.A.,not_applicable,false,false,false,false,false,false,false,false,false,Hard-negative control detail row emitted from release case package metadata only; no fresh execution or rejection status inferred; hard-negative false-accept rate not computed; case present in inventory/case_registry.csv
hard_negative_control_detail_adapter_v0:control:CONS_0005:postgres:hard_negative,control_cell,hard_negative_control_detail_adapter_v0,release_case_package_only,CONS_0005,CONS,common_core_v0,control:CONS_0005:postgres:hard_negative,postgres,hard_negative,control,hard_negative,control:CONS_0005:postgres:hard_negative,cases/CONS/CONS_0005/sql/source.sql,cases/CONS/CONS_0005/sql/negatives/neg_01.sql,true,planned_control,neg_01,null_semantics_not_preserved_for_correlated_not_in,maintainer_approved_for_migration,null_semantics;anti_join_semantics;correlated_subquery_decorrelation,source_positive_equal_and_negative_differs_on_null_bearing_witness,cases/CONS/CONS_0005/checker/expected_rejections.yaml,cases/CONS/CONS_0005/evidence/hard_negative/postgres/rewrite_neg_01.tsv,cases/CONS/CONS_0005/evidence/runs_retention.yaml,cases/CONS/CONS_0005/evidence/package_validation_summary.json,cases/CONS/CONS_0005/evidence/hard_negative/postgres/rewrite_neg_01.tsv,indexed_not_recomputed,false,N.A.,N.A.,N.A.,N.A.,N.A.,not_run,canonical_case_package,N.A.,not_applicable,false,false,false,false,false,false,false,false,false,Hard-negative control detail row emitted from release case package metadata only; no fresh execution or rejection status inferred; hard-negative false-accept rate not computed; case present in inventory/case_registry.csv
hard_negative_control_detail_adapter_v0:control:CONS_0005:mysql:hard_negative,control_cell,hard_negative_control_detail_adapter_v0,release_case_package_only,CONS_0005,CONS,common_core_v0,control:CONS_0005:mysql:hard_negative,mysql,hard_negative,control,hard_negative,control:CONS_0005:mysql:hard_negative,cases/CONS/CONS_0005/sql/source.sql,cases/CONS/CONS_0005/sql/negatives/neg_01.sql,true,planned_control,neg_01,null_semantics_not_preserved_for_correlated_not_in,maintainer_approved_for_migration,null_semantics;anti_join_semantics;correlated_subquery_decorrelation,source_positive_equal_and_negative_differs_on_null_bearing_witness,cases/CONS/CONS_0005/checker/expected_rejections.yaml,cases/CONS/CONS_0005/evidence/hard_negative/mysql/rewrite_neg_01.tsv,cases/CONS/CONS_0005/evidence/runs_retention.yaml,cases/CONS/CONS_0005/evidence/package_validation_summary.json,cases/CONS/CONS_0005/evidence/hard_negative/mysql/rewrite_neg_01.tsv,indexed_not_recomputed,false,N.A.,N.A.,N.A.,N.A.,N.A.,not_run,canonical_case_package,N.A.,not_applicable,false,false,false,false,false,false,false,false,false,Hard-negative control detail row emitted from release case package metadata only; no fresh execution or rejection status inferred; hard-negative false-accept rate not computed; case present in inventory/case_registry.csv
hard_negative_control_detail_adapter_v0:control:CONS_0005:spark:hard_negative,control_cell,hard_negative_control_detail_adapter_v0,release_case_package_only,CONS_0005,CONS,common_core_v0,control:CONS_0005:spark:hard_negative,spark,hard_negative,control,hard_negative,control:CONS_0005:spark:hard_negative,cases/CONS/CONS_0005/sql/source.sql,cases/CONS/CONS_0005/sql/negatives/neg_01.sql,true,planned_control,neg_01,null_semantics_not_preserved_for_correlated_not_in,maintainer_approved_for_migration,null_semantics;anti_join_semantics;correlated_subquery_decorrelation,source_positive_equal_and_negative_differs_on_null_bearing_witness,cases/CONS/CONS_0005/checker/expected_rejections.yaml,cases/CONS/CONS_0005/evidence/hard_negative/spark/rewrite_neg_01.tsv,cases/CONS/CONS_0005/evidence/runs_retention.yaml,cases/CONS/CONS_0005/evidence/package_validation_summary.json,cases/CONS/CONS_0005/evidence/hard_negative/spark/rewrite_neg_01.tsv,indexed_not_recomputed,false,N.A.,N.A.,N.A.,N.A.,N.A.,not_run,canonical_case_package,N.A.,not_applicable,false,false,false,false,false,false,false,false,false,Hard-negative control detail row emitted from release case package metadata only; no fresh execution or rejection status inferred; hard-negative false-accept rate not computed; case present in inventory/case_registry.csv
hard_negative_control_detail_adapter_v0:control:CONS_0007:postgres:hard_negative,control_cell,hard_negative_control_detail_adapter_v0,release_case_package_only,CONS_0007,CONS,common_core_v0,control:CONS_0007:postgres:hard_negative,postgres,hard_negative,control,hard_negative,control:CONS_0007:postgres:hard_negative,cases/CONS/CONS_0007/sql/source.sql,cases/CONS/CONS_0007/sql/negatives/neg_01.sql,true,planned_control,neg_01,correlated_exists_department_predicate_removed,maintainer_approved_for_migration,correlated_exists_semantics;predicate_boundary;cross_row_department_constraint,source_positive_equal_and_negative_admits_same_commission_without_different_department_guard,cases/CONS/CONS_0007/checker/expected_rejections.yaml,cases/CONS/CONS_0007/evidence/hard_negative/postgres/rewrite_neg_01.tsv,cases/CONS/CONS_0007/evidence/runs_retention.yaml,cases/CONS/CONS_0007/evidence/package_validation_summary.json,cases/CONS/CONS_0007/evidence/hard_negative/postgres/rewrite_neg_01.tsv,indexed_not_recomputed,false,N.A.,N.A.,N.A.,N.A.,N.A.,not_run,canonical_case_package,N.A.,not_applicable,false,false,false,false,false,false,false,false,false,Hard-negative control detail row emitted from release case package metadata only; no fresh execution or rejection status inferred; hard-negative false-accept rate not computed; case present in inventory/case_registry.csv
hard_negative_control_detail_adapter_v0:control:CONS_0007:mysql:hard_negative,control_cell,hard_negative_control_detail_adapter_v0,release_case_package_only,CONS_0007,CONS,common_core_v0,control:CONS_0007:mysql:hard_negative,mysql,hard_negative,control,hard_negative,control:CONS_0007:mysql:hard_negative,cases/CONS/CONS_0007/sql/source.sql,cases/CONS/CONS_0007/sql/negatives/neg_01.sql,true,planned_control,neg_01,correlated_exists_department_predicate_removed,maintainer_approved_for_migration,correlated_exists_semantics;predicate_boundary;cross_row_department_constraint,source_positive_equal_and_negative_admits_same_commission_without_different_department_guard,cases/CONS/CONS_0007/checker/expected_rejections.yaml,cases/CONS/CONS_0007/evidence/hard_negative/mysql/rewrite_neg_01.tsv,cases/CONS/CONS_0007/evidence/runs_retention.yaml,cases/CONS/CONS_0007/evidence/package_validation_summary.json,cases/CONS/CONS_0007/evidence/hard_negative/mysql/rewrite_neg_01.tsv,indexed_not_recomputed,false,N.A.,N.A.,N.A.,N.A.,N.A.,not_run,canonical_case_package,N.A.,not_applicable,false,false,false,false,false,false,false,false,false,Hard-negative control detail row emitted from release case package metadata only; no fresh execution or rejection status inferred; hard-negative false-accept rate not computed; case present in inventory/case_registry.csv
hard_negative_control_detail_adapter_v0:control:CONS_0007:spark:hard_negative,control_cell,hard_negative_control_detail_adapter_v0,release_case_package_only,CONS_0007,CONS,common_core_v0,control:CONS_0007:spark:hard_negative,spark,hard_negative,control,hard_negative,control:CONS_0007:spark:hard_negative,cases/CONS/CONS_0007/sql/source.sql,cases/CONS/CONS_0007/sql/negatives/neg_01.sql,true,planned_control,neg_01,correlated_exists_department_predicate_removed,maintainer_approved_for_migration,correlated_exists_semantics;predicate_boundary;cross_row_department_constraint,source_positive_equal_and_negative_admits_same_commission_without_different_department_guard,cases/CONS/CONS_0007/checker/expected_rejections.yaml,cases/CONS/CONS_0007/evidence/hard_negative/spark/rewrite_neg_01.tsv,cases/CONS/CONS_0007/evidence/runs_retention.yaml,cases/CONS/CONS_0007/evidence/package_validation_summary.json,cases/CONS/CONS_0007/evidence/hard_negative/spark/rewrite_neg_01.tsv,indexed_not_recomputed,false,N.A.,N.A.,N.A.,N.A.,N.A.,not_run,canonical_case_package,N.A.,not_applicable,false,false,false,false,false,false,false,false,false,Hard-negative control detail row emitted from release case package metadata only; no fresh execution or rejection status inferred; hard-negative false-accept rate not computed; case present in inventory/case_registry.csv
hard_negative_control_detail_adapter_v0:control:CONS_0009:postgres:hard_negative,control_cell,hard_negative_control_detail_adapter_v0,release_case_package_only,CONS_0009,CONS,common_core_v0,control:CONS_0009:postgres:hard_negative,postgres,hard_negative,control,hard_negative,control:CONS_0009:postgres:hard_negative,cases/CONS/CONS_0009/sql/source.sql,cases/CONS/CONS_0009/sql/negatives/neg_01.sql,true,planned_control,neg_01,union_all_correlation_key_changed,maintainer_approved_for_migration,correlated_scalar_subquery_semantics;union_all_semantics;aggregation_input_boundary,source_positive_equal_and_negative_uses_wrong_union_all_correlation_key,cases/CONS/CONS_0009/checker/expected_rejections.yaml,cases/CONS/CONS_0009/evidence/hard_negative/postgres/rewrite_neg_01.tsv,cases/CONS/CONS_0009/evidence/runs_retention.yaml,cases/CONS/CONS_0009/evidence/package_validation_summary.json,cases/CONS/CONS_0009/evidence/hard_negative/postgres/rewrite_neg_01.tsv,indexed_not_recomputed,false,N.A.,N.A.,N.A.,N.A.,N.A.,not_run,canonical_case_package,N.A.,not_applicable,false,false,false,false,false,false,false,false,false,Hard-negative control detail row emitted from release case package metadata only; no fresh execution or rejection status inferred; hard-negative false-accept rate not computed; case present in inventory/case_registry.csv
hard_negative_control_detail_adapter_v0:control:CONS_0009:mysql:hard_negative,control_cell,hard_negative_control_detail_adapter_v0,release_case_package_only,CONS_0009,CONS,common_core_v0,control:CONS_0009:mysql:hard_negative,mysql,hard_negative,control,hard_negative,control:CONS_0009:mysql:hard_negative,cases/CONS/CONS_0009/sql/source.sql,cases/CONS/CONS_0009/sql/negatives/neg_01.sql,true,planned_control,neg_01,union_all_correlation_key_changed,maintainer_approved_for_migration,correlated_scalar_subquery_semantics;union_all_semantics;aggregation_input_boundary,source_positive_equal_and_negative_uses_wrong_union_all_correlation_key,cases/CONS/CONS_0009/checker/expected_rejections.yaml,cases/CONS/CONS_0009/evidence/hard_negative/mysql/rewrite_neg_01.tsv,cases/CONS/CONS_0009/evidence/runs_retention.yaml,cases/CONS/CONS_0009/evidence/package_validation_summary.json,cases/CONS/CONS_0009/evidence/hard_negative/mysql/rewrite_neg_01.tsv,indexed_not_recomputed,false,N.A.,N.A.,N.A.,N.A.,N.A.,not_run,canonical_case_package,N.A.,not_applicable,false,false,false,false,false,false,false,false,false,Hard-negative control detail row emitted from release case package metadata only; no fresh execution or rejection status inferred; hard-negative false-accept rate not computed; case present in inventory/case_registry.csv
hard_negative_control_detail_adapter_v0:control:CONS_0009:spark:hard_negative,control_cell,hard_negative_control_detail_adapter_v0,release_case_package_only,CONS_0009,CONS,common_core_v0,control:CONS_0009:spark:hard_negative,spark,hard_negative,control,hard_negative,control:CONS_0009:spark:hard_negative,cases/CONS/CONS_0009/sql/source.sql,cases/CONS/CONS_0009/sql/negatives/neg_01.sql,true,planned_control,neg_01,union_all_correlation_key_changed,maintainer_approved_for_migration,correlated_scalar_subquery_semantics;union_all_semantics;aggregation_input_boundary,source_positive_equal_and_negative_uses_wrong_union_all_correlation_key,cases/CONS/CONS_0009/checker/expected_rejections.yaml,cases/CONS/CONS_0009/evidence/hard_negative/spark/rewrite_neg_01.tsv,cases/CONS/CONS_0009/evidence/runs_retention.yaml,cases/CONS/CONS_0009/evidence/package_validation_summary.json,cases/CONS/CONS_0009/evidence/hard_negative/spark/rewrite_neg_01.tsv,indexed_not_recomputed,false,N.A.,N.A.,N.A.,N.A.,N.A.,not_run,canonical_case_package,N.A.,not_applicable,false,false,false,false,false,false,false,false,false,Hard-negative control detail row emitted from release case package metadata only; no fresh execution or rejection status inferred; hard-negative false-accept rate not computed; case present in inventory/case_registry.csv
hard_negative_control_detail_adapter_v0:control:CONS_0010:postgres:hard_negative,control_cell,hard_negative_control_detail_adapter_v0,release_case_package_only,CONS_0010,CONS,common_core_v0,control:CONS_0010:postgres:hard_negative,postgres,hard_negative,control,hard_negative,control:CONS_0010:postgres:hard_negative,cases/CONS/CONS_0010/sql/source.sql,cases/CONS/CONS_0010/sql/negatives/neg_01.sql,true,planned_control,neg_01,self_row_exclusion_removed,maintainer_approved_for_migration,anti_join_semantics;not_exists_semantics;self_match_semantics,source_positive_equal_and_negative_allows_self_row_in_not_exists_guard,cases/CONS/CONS_0010/checker/expected_rejections.yaml,cases/CONS/CONS_0010/evidence/hard_negative/postgres/rewrite_neg_01.tsv,cases/CONS/CONS_0010/evidence/runs_retention.yaml,cases/CONS/CONS_0010/evidence/package_validation_summary.json,cases/CONS/CONS_0010/evidence/hard_negative/postgres/rewrite_neg_01.tsv,indexed_not_recomputed,false,N.A.,N.A.,N.A.,N.A.,N.A.,not_run,canonical_case_package,N.A.,not_applicable,false,false,false,false,false,false,false,false,false,Hard-negative control detail row emitted from release case package metadata only; no fresh execution or rejection status inferred; hard-negative false-accept rate not computed; case present in inventory/case_registry.csv
hard_negative_control_detail_adapter_v0:control:CONS_0010:mysql:hard_negative,control_cell,hard_negative_control_detail_adapter_v0,release_case_package_only,CONS_0010,CONS,common_core_v0,control:CONS_0010:mysql:hard_negative,mysql,hard_negative,control,hard_negative,control:CONS_0010:mysql:hard_negative,cases/CONS/CONS_0010/sql/source.sql,cases/CONS/CONS_0010/sql/negatives/neg_01.sql,true,planned_control,neg_01,self_row_exclusion_removed,maintainer_approved_for_migration,anti_join_semantics;not_exists_semantics;self_match_semantics,source_positive_equal_and_negative_allows_self_row_in_not_exists_guard,cases/CONS/CONS_0010/checker/expected_rejections.yaml,cases/CONS/CONS_0010/evidence/hard_negative/mysql/rewrite_neg_01.tsv,cases/CONS/CONS_0010/evidence/runs_retention.yaml,cases/CONS/CONS_0010/evidence/package_validation_summary.json,cases/CONS/CONS_0010/evidence/hard_negative/mysql/rewrite_neg_01.tsv,indexed_not_recomputed,false,N.A.,N.A.,N.A.,N.A.,N.A.,not_run,canonical_case_package,N.A.,not_applicable,false,false,false,false,false,false,false,false,false,Hard-negative control detail row emitted from release case package metadata only; no fresh execution or rejection status inferred; hard-negative false-accept rate not computed; case present in inventory/case_registry.csv
hard_negative_control_detail_adapter_v0:control:CONS_0010:spark:hard_negative,control_cell,hard_negative_control_detail_adapter_v0,release_case_package_only,CONS_0010,CONS,common_core_v0,control:CONS_0010:spark:hard_negative,spark,hard_negative,control,hard_negative,control:CONS_0010:spark:hard_negative,cases/CONS/CONS_0010/sql/source.sql,cases/CONS/CONS_0010/sql/negatives/neg_01.sql,true,planned_control,neg_01,self_row_exclusion_removed,maintainer_approved_for_migration,anti_join_semantics;not_exists_semantics;self_match_semantics,source_positive_equal_and_negative_allows_self_row_in_not_exists_guard,cases/CONS/CONS_0010/checker/expected_rejections.yaml,cases/CONS/CONS_0010/evidence/hard_negative/spark/rewrite_neg_01.tsv,cases/CONS/CONS_0010/evidence/runs_retention.yaml,cases/CONS/CONS_0010/evidence/package_validation_summary.json,cases/CONS/CONS_0010/evidence/hard_negative/spark/rewrite_neg_01.tsv,indexed_not_recomputed,false,N.A.,N.A.,N.A.,N.A.,N.A.,not_run,canonical_case_package,N.A.,not_applicable,false,false,false,false,false,false,false,false,false,Hard-negative control detail row emitted from release case package metadata only; no fresh execution or rejection status inferred; hard-negative false-accept rate not computed; case present in inventory/case_registry.csv
hard_negative_control_detail_adapter_v0:control:CONS_0011:postgres:hard_negative,control_cell,hard_negative_control_detail_adapter_v0,release_case_package_only,CONS_0011,CONS,common_core_v0,control:CONS_0011:postgres:hard_negative,postgres,hard_negative,control,hard_negative,control:CONS_0011:postgres:hard_negative,cases/CONS/CONS_0011/sql/source.sql,cases/CONS/CONS_0011/sql/negatives/neg_01.sql,true,planned_control,neg_01,outer_join_null_preservation_changed,maintainer_approved_for_migration,outer_join_semantics;null_preservation;existence_test_semantics,source_positive_equal_and_negative_changes_left_join_null_preservation,cases/CONS/CONS_0011/checker/expected_rejections.yaml,cases/CONS/CONS_0011/evidence/hard_negative/postgres/rewrite_neg_01.tsv,cases/CONS/CONS_0011/evidence/runs_retention.yaml,cases/CONS/CONS_0011/evidence/package_validation_summary.json,cases/CONS/CONS_0011/evidence/hard_negative/postgres/rewrite_neg_01.tsv,indexed_not_recomputed,false,N.A.,N.A.,N.A.,N.A.,N.A.,not_run,canonical_case_package,N.A.,not_applicable,false,false,false,false,false,false,false,false,false,Hard-negative control detail row emitted from release case package metadata only; no fresh execution or rejection status inferred; hard-negative false-accept rate not computed; case present in inventory/case_registry.csv
hard_negative_control_detail_adapter_v0:control:CONS_0011:mysql:hard_negative,control_cell,hard_negative_control_detail_adapter_v0,release_case_package_only,CONS_0011,CONS,common_core_v0,control:CONS_0011:mysql:hard_negative,mysql,hard_negative,control,hard_negative,control:CONS_0011:mysql:hard_negative,cases/CONS/CONS_0011/sql/source.sql,cases/CONS/CONS_0011/sql/negatives/neg_01.sql,true,planned_control,neg_01,outer_join_null_preservation_changed,maintainer_approved_for_migration,outer_join_semantics;null_preservation;existence_test_semantics,source_positive_equal_and_negative_changes_left_join_null_preservation,cases/CONS/CONS_0011/checker/expected_rejections.yaml,cases/CONS/CONS_0011/evidence/hard_negative/mysql/rewrite_neg_01.tsv,cases/CONS/CONS_0011/evidence/runs_retention.yaml,cases/CONS/CONS_0011/evidence/package_validation_summary.json,cases/CONS/CONS_0011/evidence/hard_negative/mysql/rewrite_neg_01.tsv,indexed_not_recomputed,false,N.A.,N.A.,N.A.,N.A.,N.A.,not_run,canonical_case_package,N.A.,not_applicable,false,false,false,false,false,false,false,false,false,Hard-negative control detail row emitted from release case package metadata only; no fresh execution or rejection status inferred; hard-negative false-accept rate not computed; case present in inventory/case_registry.csv
hard_negative_control_detail_adapter_v0:control:CONS_0011:spark:hard_negative,control_cell,hard_negative_control_detail_adapter_v0,release_case_package_only,CONS_0011,CONS,common_core_v0,control:CONS_0011:spark:hard_negative,spark,hard_negative,control,hard_negative,control:CONS_0011:spark:hard_negative,cases/CONS/CONS_0011/sql/source.sql,cases/CONS/CONS_0011/sql/negatives/neg_01.sql,true,planned_control,neg_01,outer_join_null_preservation_changed,maintainer_approved_for_migration,outer_join_semantics;null_preservation;existence_test_semantics,source_positive_equal_and_negative_changes_left_join_null_preservation,cases/CONS/CONS_0011/checker/expected_rejections.yaml,cases/CONS/CONS_0011/evidence/hard_negative/spark/rewrite_neg_01.tsv,cases/CONS/CONS_0011/evidence/runs_retention.yaml,cases/CONS/CONS_0011/evidence/package_validation_summary.json,cases/CONS/CONS_0011/evidence/hard_negative/spark/rewrite_neg_01.tsv,indexed_not_recomputed,false,N.A.,N.A.,N.A.,N.A.,N.A.,not_run,canonical_case_package,N.A.,not_applicable,false,false,false,false,false,false,false,false,false,Hard-negative control detail row emitted from release case package metadata only; no fresh execution or rejection status inferred; hard-negative false-accept rate not computed; case present in inventory/case_registry.csv
hard_negative_control_detail_adapter_v0:control:CONS_0012:postgres:hard_negative,control_cell,hard_negative_control_detail_adapter_v0,release_case_package_only,CONS_0012,CONS,common_core_v0,control:CONS_0012:postgres:hard_negative,postgres,hard_negative,control,hard_negative,control:CONS_0012:postgres:hard_negative,cases/CONS/CONS_0012/sql/source.sql,cases/CONS/CONS_0012/sql/negatives/neg_01.sql,true,planned_control,neg_01,limit_offset_existence_threshold_lowered,maintainer_approved_for_migration,order_limit_semantics;limit_offset_boundary;existence_threshold_changed,source_positive_equal_and_negative_lowers_limit_offset_existence_threshold,cases/CONS/CONS_0012/checker/expected_rejections.yaml,cases/CONS/CONS_0012/evidence/hard_negative/postgres/rewrite_neg_01.tsv,cases/CONS/CONS_0012/evidence/runs_retention.yaml,cases/CONS/CONS_0012/evidence/package_validation_summary.json,cases/CONS/CONS_0012/evidence/hard_negative/postgres/rewrite_neg_01.tsv,indexed_not_recomputed,false,N.A.,N.A.,N.A.,N.A.,N.A.,not_run,canonical_case_package,N.A.,not_applicable,false,false,false,false,false,false,false,false,false,Hard-negative control detail row emitted from release case package metadata only; no fresh execution or rejection status inferred; hard-negative false-accept rate not computed; case present in inventory/case_registry.csv
hard_negative_control_detail_adapter_v0:control:CONS_0012:mysql:hard_negative,control_cell,hard_negative_control_detail_adapter_v0,release_case_package_only,CONS_0012,CONS,common_core_v0,control:CONS_0012:mysql:hard_negative,mysql,hard_negative,control,hard_negative,control:CONS_0012:mysql:hard_negative,cases/CONS/CONS_0012/sql/source.sql,cases/CONS/CONS_0012/sql/negatives/neg_01.sql,true,planned_control,neg_01,limit_offset_existence_threshold_lowered,maintainer_approved_for_migration,order_limit_semantics;limit_offset_boundary;existence_threshold_changed,source_positive_equal_and_negative_lowers_limit_offset_existence_threshold,cases/CONS/CONS_0012/checker/expected_rejections.yaml,cases/CONS/CONS_0012/evidence/hard_negative/mysql/rewrite_neg_01.tsv,cases/CONS/CONS_0012/evidence/runs_retention.yaml,cases/CONS/CONS_0012/evidence/package_validation_summary.json,cases/CONS/CONS_0012/evidence/hard_negative/mysql/rewrite_neg_01.tsv,indexed_not_recomputed,false,N.A.,N.A.,N.A.,N.A.,N.A.,not_run,canonical_case_package,N.A.,not_applicable,false,false,false,false,false,false,false,false,false,Hard-negative control detail row emitted from release case package metadata only; no fresh execution or rejection status inferred; hard-negative false-accept rate not computed; case present in inventory/case_registry.csv
hard_negative_control_detail_adapter_v0:control:CONS_0012:spark:hard_negative,control_cell,hard_negative_control_detail_adapter_v0,release_case_package_only,CONS_0012,CONS,common_core_v0,control:CONS_0012:spark:hard_negative,spark,hard_negative,control,hard_negative,control:CONS_0012:spark:hard_negative,cases/CONS/CONS_0012/sql/source.sql,cases/CONS/CONS_0012/sql/negatives/neg_01.sql,true,planned_control,neg_01,limit_offset_existence_threshold_lowered,maintainer_approved_for_migration,order_limit_semantics;limit_offset_boundary;existence_threshold_changed,source_positive_equal_and_negative_lowers_limit_offset_existence_threshold,cases/CONS/CONS_0012/checker/expected_rejections.yaml,cases/CONS/CONS_0012/evidence/hard_negative/spark/rewrite_neg_01.tsv,cases/CONS/CONS_0012/evidence/runs_retention.yaml,cases/CONS/CONS_0012/evidence/package_validation_summary.json,cases/CONS/CONS_0012/evidence/hard_negative/spark/rewrite_neg_01.tsv,indexed_not_recomputed,false,N.A.,N.A.,N.A.,N.A.,N.A.,not_run,canonical_case_package,N.A.,not_applicable,false,false,false,false,false,false,false,false,false,Hard-negative control detail row emitted from release case package metadata only; no fresh execution or rejection status inferred; hard-negative false-accept rate not computed; case present in inventory/case_registry.csv
hard_negative_control_detail_adapter_v0:control:CONS_0024:postgres:hard_negative,control_cell,hard_negative_control_detail_adapter_v0,release_case_package_only,CONS_0024,CONS,common_core_v0,control:CONS_0024:postgres:hard_negative,postgres,hard_negative,control,hard_negative,control:CONS_0024:postgres:hard_negative,cases/CONS/CONS_0024/sql/source.sql,cases/CONS/CONS_0024/sql/negatives/neg_01.sql,true,planned_control,neg_01,outer_join_row_preservation_changed,maintainer_approved_for_migration,outer_join_semantics;row_preservation;aggregate_exists_having_semantics,source_positive_equal_and_negative_filters_row_preserving_left_join,cases/CONS/CONS_0024/checker/expected_rejections.yaml,cases/CONS/CONS_0024/evidence/hard_negative/postgres/rewrite_neg_01.tsv,cases/CONS/CONS_0024/evidence/runs_retention.yaml,cases/CONS/CONS_0024/evidence/package_validation_summary.json,cases/CONS/CONS_0024/evidence/hard_negative/postgres/rewrite_neg_01.tsv,indexed_not_recomputed,false,N.A.,N.A.,N.A.,N.A.,N.A.,not_run,canonical_case_package,N.A.,not_applicable,false,false,false,false,false,false,false,false,false,Hard-negative control detail row emitted from release case package metadata only; no fresh execution or rejection status inferred; hard-negative false-accept rate not computed; case present in inventory/case_registry.csv
hard_negative_control_detail_adapter_v0:control:CONS_0024:mysql:hard_negative,control_cell,hard_negative_control_detail_adapter_v0,release_case_package_only,CONS_0024,CONS,common_core_v0,control:CONS_0024:mysql:hard_negative,mysql,hard_negative,control,hard_negative,control:CONS_0024:mysql:hard_negative,cases/CONS/CONS_0024/sql/source.sql,cases/CONS/CONS_0024/sql/negatives/neg_01.sql,true,planned_control,neg_01,outer_join_row_preservation_changed,maintainer_approved_for_migration,outer_join_semantics;row_preservation;aggregate_exists_having_semantics,source_positive_equal_and_negative_filters_row_preserving_left_join,cases/CONS/CONS_0024/checker/expected_rejections.yaml,cases/CONS/CONS_0024/evidence/hard_negative/mysql/rewrite_neg_01.tsv,cases/CONS/CONS_0024/evidence/runs_retention.yaml,cases/CONS/CONS_0024/evidence/package_validation_summary.json,cases/CONS/CONS_0024/evidence/hard_negative/mysql/rewrite_neg_01.tsv,indexed_not_recomputed,false,N.A.,N.A.,N.A.,N.A.,N.A.,not_run,canonical_case_package,N.A.,not_applicable,false,false,false,false,false,false,false,false,false,Hard-negative control detail row emitted from release case package metadata only; no fresh execution or rejection status inferred; hard-negative false-accept rate not computed; case present in inventory/case_registry.csv
hard_negative_control_detail_adapter_v0:control:CONS_0024:spark:hard_negative,control_cell,hard_negative_control_detail_adapter_v0,release_case_package_only,CONS_0024,CONS,common_core_v0,control:CONS_0024:spark:hard_negative,spark,hard_negative,control,hard_negative,control:CONS_0024:spark:hard_negative,cases/CONS/CONS_0024/sql/source.sql,cases/CONS/CONS_0024/sql/negatives/neg_01.sql,true,planned_control,neg_01,outer_join_row_preservation_changed,maintainer_approved_for_migration,outer_join_semantics;row_preservation;aggregate_exists_having_semantics,source_positive_equal_and_negative_filters_row_preserving_left_join,cases/CONS/CONS_0024/checker/expected_rejections.yaml,cases/CONS/CONS_0024/evidence/hard_negative/spark/rewrite_neg_01.tsv,cases/CONS/CONS_0024/evidence/runs_retention.yaml,cases/CONS/CONS_0024/evidence/package_validation_summary.json,cases/CONS/CONS_0024/evidence/hard_negative/spark/rewrite_neg_01.tsv,indexed_not_recomputed,false,N.A.,N.A.,N.A.,N.A.,N.A.,not_run,canonical_case_package,N.A.,not_applicable,false,false,false,false,false,false,false,false,false,Hard-negative control detail row emitted from release case package metadata only; no fresh execution or rejection status inferred; hard-negative false-accept rate not computed; case present in inventory/case_registry.csv
hard_negative_control_detail_adapter_v0:control:CONS_0036:postgres:hard_negative,control_cell,hard_negative_control_detail_adapter_v0,release_case_package_only,CONS_0036,CONS,common_core_v0,control:CONS_0036:postgres:hard_negative,postgres,hard_negative,control,hard_negative,control:CONS_0036:postgres:hard_negative,cases/CONS/CONS_0036/sql/source.sql,cases/CONS/CONS_0036/sql/negatives/neg_01.sql,true,planned_control,neg_01,group_filter_literal_changed,maintainer_approved_for_migration,aggregate_filter_semantics;literal_predicate_boundary;grouped_result_semantics,source_positive_equal_and_negative_changes_group_filter_literal,cases/CONS/CONS_0036/checker/expected_rejections.yaml,cases/CONS/CONS_0036/evidence/hard_negative/postgres/rewrite_neg_01.tsv,cases/CONS/CONS_0036/evidence/runs_retention.yaml,cases/CONS/CONS_0036/evidence/package_validation_summary.json,cases/CONS/CONS_0036/evidence/hard_negative/postgres/rewrite_neg_01.tsv,indexed_not_recomputed,false,N.A.,N.A.,N.A.,N.A.,N.A.,not_run,canonical_case_package,N.A.,not_applicable,false,false,false,false,false,false,false,false,false,Hard-negative control detail row emitted from release case package metadata only; no fresh execution or rejection status inferred; hard-negative false-accept rate not computed; case present in inventory/case_registry.csv
hard_negative_control_detail_adapter_v0:control:CONS_0036:mysql:hard_negative,control_cell,hard_negative_control_detail_adapter_v0,release_case_package_only,CONS_0036,CONS,common_core_v0,control:CONS_0036:mysql:hard_negative,mysql,hard_negative,control,hard_negative,control:CONS_0036:mysql:hard_negative,cases/CONS/CONS_0036/sql/source.sql,cases/CONS/CONS_0036/sql/negatives/neg_01.sql,true,planned_control,neg_01,group_filter_literal_changed,maintainer_approved_for_migration,aggregate_filter_semantics;literal_predicate_boundary;grouped_result_semantics,source_positive_equal_and_negative_changes_group_filter_literal,cases/CONS/CONS_0036/checker/expected_rejections.yaml,cases/CONS/CONS_0036/evidence/hard_negative/mysql/rewrite_neg_01.tsv,cases/CONS/CONS_0036/evidence/runs_retention.yaml,cases/CONS/CONS_0036/evidence/package_validation_summary.json,cases/CONS/CONS_0036/evidence/hard_negative/mysql/rewrite_neg_01.tsv,indexed_not_recomputed,false,N.A.,N.A.,N.A.,N.A.,N.A.,not_run,canonical_case_package,N.A.,not_applicable,false,false,false,false,false,false,false,false,false,Hard-negative control detail row emitted from release case package metadata only; no fresh execution or rejection status inferred; hard-negative false-accept rate not computed; case present in inventory/case_registry.csv
hard_negative_control_detail_adapter_v0:control:CONS_0036:spark:hard_negative,control_cell,hard_negative_control_detail_adapter_v0,release_case_package_only,CONS_0036,CONS,common_core_v0,control:CONS_0036:spark:hard_negative,spark,hard_negative,control,hard_negative,control:CONS_0036:spark:hard_negative,cases/CONS/CONS_0036/sql/source.sql,cases/CONS/CONS_0036/sql/negatives/neg_01.sql,true,planned_control,neg_01,group_filter_literal_changed,maintainer_approved_for_migration,aggregate_filter_semantics;literal_predicate_boundary;grouped_result_semantics,source_positive_equal_and_negative_changes_group_filter_literal,cases/CONS/CONS_0036/checker/expected_rejections.yaml,cases/CONS/CONS_0036/evidence/hard_negative/spark/rewrite_neg_01.tsv,cases/CONS/CONS_0036/evidence/runs_retention.yaml,cases/CONS/CONS_0036/evidence/package_validation_summary.json,cases/CONS/CONS_0036/evidence/hard_negative/spark/rewrite_neg_01.tsv,indexed_not_recomputed,false,N.A.,N.A.,N.A.,N.A.,N.A.,not_run,canonical_case_package,N.A.,not_applicable,false,false,false,false,false,false,false,false,false,Hard-negative control detail row emitted from release case package metadata only; no fresh execution or rejection status inferred; hard-negative false-accept rate not computed; case present in inventory/case_registry.csv
hard_negative_control_detail_adapter_v0:control:CONS_0037:postgres:hard_negative,control_cell,hard_negative_control_detail_adapter_v0,release_case_package_only,CONS_0037,CONS,common_core_v0,control:CONS_0037:postgres:hard_negative,postgres,hard_negative,control,hard_negative,control:CONS_0037:postgres:hard_negative,cases/CONS/CONS_0037/sql/source.sql,cases/CONS/CONS_0037/sql/negatives/neg_01.sql,true,planned_control,neg_01,distinct_aggregate_multiplicity_changed,maintainer_approved_for_migration,distinct_aggregate_semantics;duplicate_multiplicity;left_join_multiplicity,source_positive_equal_and_negative_changes_distinct_aggregate_multiplicity,cases/CONS/CONS_0037/checker/expected_rejections.yaml,cases/CONS/CONS_0037/evidence/hard_negative/postgres/rewrite_neg_01.tsv,cases/CONS/CONS_0037/evidence/runs_retention.yaml,cases/CONS/CONS_0037/evidence/package_validation_summary.json,cases/CONS/CONS_0037/evidence/hard_negative/postgres/rewrite_neg_01.tsv,indexed_not_recomputed,false,N.A.,N.A.,N.A.,N.A.,N.A.,not_run,canonical_case_package,N.A.,not_applicable,false,false,false,false,false,false,false,false,false,Hard-negative control detail row emitted from release case package metadata only; no fresh execution or rejection status inferred; hard-negative false-accept rate not computed; case present in inventory/case_registry.csv
hard_negative_control_detail_adapter_v0:control:CONS_0037:mysql:hard_negative,control_cell,hard_negative_control_detail_adapter_v0,release_case_package_only,CONS_0037,CONS,common_core_v0,control:CONS_0037:mysql:hard_negative,mysql,hard_negative,control,hard_negative,control:CONS_0037:mysql:hard_negative,cases/CONS/CONS_0037/sql/source.sql,cases/CONS/CONS_0037/sql/negatives/neg_01.sql,true,planned_control,neg_01,distinct_aggregate_multiplicity_changed,maintainer_approved_for_migration,distinct_aggregate_semantics;duplicate_multiplicity;left_join_multiplicity,source_positive_equal_and_negative_changes_distinct_aggregate_multiplicity,cases/CONS/CONS_0037/checker/expected_rejections.yaml,cases/CONS/CONS_0037/evidence/hard_negative/mysql/rewrite_neg_01.tsv,cases/CONS/CONS_0037/evidence/runs_retention.yaml,cases/CONS/CONS_0037/evidence/package_validation_summary.json,cases/CONS/CONS_0037/evidence/hard_negative/mysql/rewrite_neg_01.tsv,indexed_not_recomputed,false,N.A.,N.A.,N.A.,N.A.,N.A.,not_run,canonical_case_package,N.A.,not_applicable,false,false,false,false,false,false,false,false,false,Hard-negative control detail row emitted from release case package metadata only; no fresh execution or rejection status inferred; hard-negative false-accept rate not computed; case present in inventory/case_registry.csv
hard_negative_control_detail_adapter_v0:control:CONS_0037:spark:hard_negative,control_cell,hard_negative_control_detail_adapter_v0,release_case_package_only,CONS_0037,CONS,common_core_v0,control:CONS_0037:spark:hard_negative,spark,hard_negative,control,hard_negative,control:CONS_0037:spark:hard_negative,cases/CONS/CONS_0037/sql/source.sql,cases/CONS/CONS_0037/sql/negatives/neg_01.sql,true,planned_control,neg_01,distinct_aggregate_multiplicity_changed,maintainer_approved_for_migration,distinct_aggregate_semantics;duplicate_multiplicity;left_join_multiplicity,source_positive_equal_and_negative_changes_distinct_aggregate_multiplicity,cases/CONS/CONS_0037/checker/expected_rejections.yaml,cases/CONS/CONS_0037/evidence/hard_negative/spark/rewrite_neg_01.tsv,cases/CONS/CONS_0037/evidence/runs_retention.yaml,cases/CONS/CONS_0037/evidence/package_validation_summary.json,cases/CONS/CONS_0037/evidence/hard_negative/spark/rewrite_neg_01.tsv,indexed_not_recomputed,false,N.A.,N.A.,N.A.,N.A.,N.A.,not_run,canonical_case_package,N.A.,not_applicable,false,false,false,false,false,false,false,false,false,Hard-negative control detail row emitted from release case package metadata only; no fresh execution or rejection status inferred; hard-negative false-accept rate not computed; case present in inventory/case_registry.csv
hard_negative_control_detail_adapter_v0:control:PORT_0003:postgres:hard_negative,control_cell,hard_negative_control_detail_adapter_v0,release_case_package_only,PORT_0003,PORT,common_core_v0,control:PORT_0003:postgres:hard_negative,postgres,hard_negative,control,hard_negative,control:PORT_0003:postgres:hard_negative,cases/PORT/PORT_0003/sql/source.sql,cases/PORT/PORT_0003/sql/negatives/neg_01.sql,true,planned_control,neg_01,order_limit_direction_changed,migration_planning_static_inference_needs_review_if_not_explicit_in_legacy,order_limit_semantics;order_direction_semantics;top_1_row_selection,source_positive_equal_and_negative_differs_on_top1_ordering_witness,cases/PORT/PORT_0003/checker/expected_rejections.yaml,cases/PORT/PORT_0003/evidence/hard_negative/hard_negative_summary.json,cases/PORT/PORT_0003/evidence/runs_retention.yaml,cases/PORT/PORT_0003/evidence/package_validation_summary.json,,evidence_not_retained,false,N.A.,N.A.,N.A.,N.A.,N.A.,not_run,canonical_case_package,N.A.,not_applicable,false,false,false,false,false,false,false,false,false,Hard-negative control detail row emitted from release case package metadata only; no fresh execution or rejection status inferred; hard-negative false-accept rate not computed; case present in inventory/case_registry.csv; engine-specific hard-negative retained artifact not indexed for this control cell
hard_negative_control_detail_adapter_v0:control:PORT_0003:mysql:hard_negative,control_cell,hard_negative_control_detail_adapter_v0,release_case_package_only,PORT_0003,PORT,common_core_v0,control:PORT_0003:mysql:hard_negative,mysql,hard_negative,control,hard_negative,control:PORT_0003:mysql:hard_negative,cases/PORT/PORT_0003/sql/source.sql,cases/PORT/PORT_0003/sql/negatives/neg_01.sql,true,planned_control,neg_01,order_limit_direction_changed,migration_planning_static_inference_needs_review_if_not_explicit_in_legacy,order_limit_semantics;order_direction_semantics;top_1_row_selection,source_positive_equal_and_negative_differs_on_top1_ordering_witness,cases/PORT/PORT_0003/checker/expected_rejections.yaml,cases/PORT/PORT_0003/evidence/hard_negative/mysql/rewrite_neg_01.tsv,cases/PORT/PORT_0003/evidence/runs_retention.yaml,cases/PORT/PORT_0003/evidence/package_validation_summary.json,cases/PORT/PORT_0003/evidence/hard_negative/mysql/rewrite_neg_01.tsv,indexed_not_recomputed,false,N.A.,N.A.,N.A.,N.A.,N.A.,not_run,canonical_case_package,N.A.,not_applicable,false,false,false,false,false,false,false,false,false,Hard-negative control detail row emitted from release case package metadata only; no fresh execution or rejection status inferred; hard-negative false-accept rate not computed; case present in inventory/case_registry.csv
hard_negative_control_detail_adapter_v0:control:PORT_0003:spark:hard_negative,control_cell,hard_negative_control_detail_adapter_v0,release_case_package_only,PORT_0003,PORT,common_core_v0,control:PORT_0003:spark:hard_negative,spark,hard_negative,control,hard_negative,control:PORT_0003:spark:hard_negative,cases/PORT/PORT_0003/sql/source.sql,cases/PORT/PORT_0003/sql/negatives/neg_01.sql,true,planned_control,neg_01,order_limit_direction_changed,migration_planning_static_inference_needs_review_if_not_explicit_in_legacy,order_limit_semantics;order_direction_semantics;top_1_row_selection,source_positive_equal_and_negative_differs_on_top1_ordering_witness,cases/PORT/PORT_0003/checker/expected_rejections.yaml,cases/PORT/PORT_0003/evidence/hard_negative/spark/rewrite_neg_02_spark.tsv,cases/PORT/PORT_0003/evidence/runs_retention.yaml,cases/PORT/PORT_0003/evidence/package_validation_summary.json,cases/PORT/PORT_0003/evidence/hard_negative/spark/rewrite_neg_02_spark.tsv,indexed_not_recomputed,false,N.A.,N.A.,N.A.,N.A.,N.A.,not_run,canonical_case_package,N.A.,not_applicable,false,false,false,false,false,false,false,false,false,Hard-negative control detail row emitted from release case package metadata only; no fresh execution or rejection status inferred; hard-negative false-accept rate not computed; case present in inventory/case_registry.csv
hard_negative_control_detail_adapter_v0:control:PORT_0004:postgres:hard_negative,control_cell,hard_negative_control_detail_adapter_v0,release_case_package_only,PORT_0004,PORT,common_core_v0,control:PORT_0004:postgres:hard_negative,postgres,hard_negative,control,hard_negative,control:PORT_0004:postgres:hard_negative,cases/PORT/PORT_0004/sql/source.sql,cases/PORT/PORT_0004/sql/negatives/neg_01.sql,true,planned_control,neg_01,year_filter_literal_changed,migration_planning_static_inference_needs_review_if_not_explicit_in_legacy,date_filter_semantics;literal_predicate_boundary;result_set_semantics,source_positive_equal_and_negative_differs_on_retained_portability_witness,cases/PORT/PORT_0004/checker/expected_rejections.yaml,cases/PORT/PORT_0004/evidence/hard_negative/postgres/rewrite_neg_01.tsv,cases/PORT/PORT_0004/evidence/runs_retention.yaml,cases/PORT/PORT_0004/evidence/package_validation_summary.json,cases/PORT/PORT_0004/evidence/hard_negative/postgres/rewrite_neg_01.tsv,indexed_not_recomputed,false,N.A.,N.A.,N.A.,N.A.,N.A.,not_run,canonical_case_package,N.A.,not_applicable,false,false,false,false,false,false,false,false,false,Hard-negative control detail row emitted from release case package metadata only; no fresh execution or rejection status inferred; hard-negative false-accept rate not computed; case present in inventory/case_registry.csv
hard_negative_control_detail_adapter_v0:control:PORT_0004:mysql:hard_negative,control_cell,hard_negative_control_detail_adapter_v0,release_case_package_only,PORT_0004,PORT,common_core_v0,control:PORT_0004:mysql:hard_negative,mysql,hard_negative,control,hard_negative,control:PORT_0004:mysql:hard_negative,cases/PORT/PORT_0004/sql/source.sql,cases/PORT/PORT_0004/sql/negatives/neg_01.sql,true,planned_control,neg_01,year_filter_literal_changed,migration_planning_static_inference_needs_review_if_not_explicit_in_legacy,date_filter_semantics;literal_predicate_boundary;result_set_semantics,source_positive_equal_and_negative_differs_on_retained_portability_witness,cases/PORT/PORT_0004/checker/expected_rejections.yaml,cases/PORT/PORT_0004/evidence/hard_negative/hard_negative_summary.json,cases/PORT/PORT_0004/evidence/runs_retention.yaml,cases/PORT/PORT_0004/evidence/package_validation_summary.json,,evidence_not_retained,false,N.A.,N.A.,N.A.,N.A.,N.A.,not_run,canonical_case_package,N.A.,not_applicable,false,false,false,false,false,false,false,false,false,Hard-negative control detail row emitted from release case package metadata only; no fresh execution or rejection status inferred; hard-negative false-accept rate not computed; case present in inventory/case_registry.csv; engine-specific hard-negative retained artifact not indexed for this control cell
hard_negative_control_detail_adapter_v0:control:PORT_0004:spark:hard_negative,control_cell,hard_negative_control_detail_adapter_v0,release_case_package_only,PORT_0004,PORT,common_core_v0,control:PORT_0004:spark:hard_negative,spark,hard_negative,control,hard_negative,control:PORT_0004:spark:hard_negative,cases/PORT/PORT_0004/sql/source.sql,cases/PORT/PORT_0004/sql/negatives/neg_01.sql,true,planned_control,neg_01,year_filter_literal_changed,migration_planning_static_inference_needs_review_if_not_explicit_in_legacy,date_filter_semantics;literal_predicate_boundary;result_set_semantics,source_positive_equal_and_negative_differs_on_retained_portability_witness,cases/PORT/PORT_0004/checker/expected_rejections.yaml,cases/PORT/PORT_0004/evidence/hard_negative/spark/rewrite_neg_02_spark.tsv,cases/PORT/PORT_0004/evidence/runs_retention.yaml,cases/PORT/PORT_0004/evidence/package_validation_summary.json,cases/PORT/PORT_0004/evidence/hard_negative/spark/rewrite_neg_02_spark.tsv,indexed_not_recomputed,false,N.A.,N.A.,N.A.,N.A.,N.A.,not_run,canonical_case_package,N.A.,not_applicable,false,false,false,false,false,false,false,false,false,Hard-negative control detail row emitted from release case package metadata only; no fresh execution or rejection status inferred; hard-negative false-accept rate not computed; case present in inventory/case_registry.csv
hard_negative_control_detail_adapter_v0:control:PORT_0005:postgres:hard_negative,control_cell,hard_negative_control_detail_adapter_v0,release_case_package_only,PORT_0005,PORT,common_core_v0,control:PORT_0005:postgres:hard_negative,postgres,hard_negative,control,hard_negative,control:PORT_0005:postgres:hard_negative,cases/PORT/PORT_0005/sql/source.sql,cases/PORT/PORT_0005/sql/negatives/neg_01.sql,true,planned_control,neg_01,order_direction_boundary_changed,migration_planning_static_inference_needs_review_if_not_explicit_in_legacy,order_limit_semantics;date_ordering_boundary;top_1_row_selection,source_positive_equal_and_negative_differs_on_date_ordering_witness,cases/PORT/PORT_0005/checker/expected_rejections.yaml,cases/PORT/PORT_0005/evidence/hard_negative/hard_negative_summary.json,cases/PORT/PORT_0005/evidence/runs_retention.yaml,cases/PORT/PORT_0005/evidence/package_validation_summary.json,,evidence_not_retained,false,N.A.,N.A.,N.A.,N.A.,N.A.,not_run,canonical_case_package,N.A.,not_applicable,false,false,false,false,false,false,false,false,false,Hard-negative control detail row emitted from release case package metadata only; no fresh execution or rejection status inferred; hard-negative false-accept rate not computed; case present in inventory/case_registry.csv; engine-specific hard-negative retained artifact not indexed for this control cell
hard_negative_control_detail_adapter_v0:control:PORT_0005:mysql:hard_negative,control_cell,hard_negative_control_detail_adapter_v0,release_case_package_only,PORT_0005,PORT,common_core_v0,control:PORT_0005:mysql:hard_negative,mysql,hard_negative,control,hard_negative,control:PORT_0005:mysql:hard_negative,cases/PORT/PORT_0005/sql/source.sql,cases/PORT/PORT_0005/sql/negatives/neg_01.sql,true,planned_control,neg_01,order_direction_boundary_changed,migration_planning_static_inference_needs_review_if_not_explicit_in_legacy,order_limit_semantics;date_ordering_boundary;top_1_row_selection,source_positive_equal_and_negative_differs_on_date_ordering_witness,cases/PORT/PORT_0005/checker/expected_rejections.yaml,cases/PORT/PORT_0005/evidence/hard_negative/mysql/rewrite_neg_01.tsv,cases/PORT/PORT_0005/evidence/runs_retention.yaml,cases/PORT/PORT_0005/evidence/package_validation_summary.json,cases/PORT/PORT_0005/evidence/hard_negative/mysql/rewrite_neg_01.tsv,indexed_not_recomputed,false,N.A.,N.A.,N.A.,N.A.,N.A.,not_run,canonical_case_package,N.A.,not_applicable,false,false,false,false,false,false,false,false,false,Hard-negative control detail row emitted from release case package metadata only; no fresh execution or rejection status inferred; hard-negative false-accept rate not computed; case present in inventory/case_registry.csv
hard_negative_control_detail_adapter_v0:control:PORT_0005:spark:hard_negative,control_cell,hard_negative_control_detail_adapter_v0,release_case_package_only,PORT_0005,PORT,common_core_v0,control:PORT_0005:spark:hard_negative,spark,hard_negative,control,hard_negative,control:PORT_0005:spark:hard_negative,cases/PORT/PORT_0005/sql/source.sql,cases/PORT/PORT_0005/sql/negatives/neg_01.sql,true,planned_control,neg_01,order_direction_boundary_changed,migration_planning_static_inference_needs_review_if_not_explicit_in_legacy,order_limit_semantics;date_ordering_boundary;top_1_row_selection,source_positive_equal_and_negative_differs_on_date_ordering_witness,cases/PORT/PORT_0005/checker/expected_rejections.yaml,cases/PORT/PORT_0005/evidence/hard_negative/spark/rewrite_neg_02_spark.tsv,cases/PORT/PORT_0005/evidence/runs_retention.yaml,cases/PORT/PORT_0005/evidence/package_validation_summary.json,cases/PORT/PORT_0005/evidence/hard_negative/spark/rewrite_neg_02_spark.tsv,indexed_not_recomputed,false,N.A.,N.A.,N.A.,N.A.,N.A.,not_run,canonical_case_package,N.A.,not_applicable,false,false,false,false,false,false,false,false,false,Hard-negative control detail row emitted from release case package metadata only; no fresh execution or rejection status inferred; hard-negative false-accept rate not computed; case present in inventory/case_registry.csv
hard_negative_control_detail_adapter_v0:control:PORT_0008:postgres:hard_negative,control_cell,hard_negative_control_detail_adapter_v0,release_case_package_only,PORT_0008,PORT,common_core_v0,control:PORT_0008:postgres:hard_negative,postgres,hard_negative,control,hard_negative,control:PORT_0008:postgres:hard_negative,cases/PORT/PORT_0008/sql/source.sql,cases/PORT/PORT_0008/sql/negatives/neg_01.sql,true,planned_control,manual_review_required,"changes `soc = 62` to `soc = 63`, producing retained witness divergence",manual_review_required,manual_review_required,manual_review_required,cases/PORT/PORT_0008/checker/expected_rejections.yaml,cases/PORT/PORT_0008/evidence/hard_negative/hard_negative_summary.json,cases/PORT/PORT_0008/evidence/runs_retention.yaml,cases/PORT/PORT_0008/evidence/package_validation_summary.json,,evidence_not_retained,false,N.A.,N.A.,N.A.,N.A.,N.A.,not_run,canonical_case_package,N.A.,not_applicable,false,false,false,false,false,false,false,false,false,Hard-negative control detail row emitted from release case package metadata only; no fresh execution or rejection status inferred; hard-negative false-accept rate not computed; case present in inventory/case_registry.csv; engine-specific hard-negative retained artifact not indexed for this control cell
hard_negative_control_detail_adapter_v0:control:PORT_0008:mysql:hard_negative,control_cell,hard_negative_control_detail_adapter_v0,release_case_package_only,PORT_0008,PORT,common_core_v0,control:PORT_0008:mysql:hard_negative,mysql,hard_negative,control,hard_negative,control:PORT_0008:mysql:hard_negative,cases/PORT/PORT_0008/sql/source.sql,cases/PORT/PORT_0008/sql/negatives/neg_01.sql,true,planned_control,manual_review_required,"changes `soc = 62` to `soc = 63`, producing retained witness divergence",manual_review_required,manual_review_required,manual_review_required,cases/PORT/PORT_0008/checker/expected_rejections.yaml,cases/PORT/PORT_0008/evidence/hard_negative/mysql_rewrite_neg_01.tsv,cases/PORT/PORT_0008/evidence/runs_retention.yaml,cases/PORT/PORT_0008/evidence/package_validation_summary.json,cases/PORT/PORT_0008/evidence/hard_negative/mysql_rewrite_neg_01.tsv,indexed_not_recomputed,false,N.A.,N.A.,N.A.,N.A.,N.A.,not_run,canonical_case_package,N.A.,not_applicable,false,false,false,false,false,false,false,false,false,Hard-negative control detail row emitted from release case package metadata only; no fresh execution or rejection status inferred; hard-negative false-accept rate not computed; case present in inventory/case_registry.csv
hard_negative_control_detail_adapter_v0:control:PORT_0008:spark:hard_negative,control_cell,hard_negative_control_detail_adapter_v0,release_case_package_only,PORT_0008,PORT,common_core_v0,control:PORT_0008:spark:hard_negative,spark,hard_negative,control,hard_negative,control:PORT_0008:spark:hard_negative,cases/PORT/PORT_0008/sql/source.sql,cases/PORT/PORT_0008/sql/negatives/neg_01.sql,true,planned_control,manual_review_required,"changes `soc = 62` to `soc = 63`, producing retained witness divergence",manual_review_required,manual_review_required,manual_review_required,cases/PORT/PORT_0008/checker/expected_rejections.yaml,cases/PORT/PORT_0008/evidence/hard_negative/spark_rewrite_neg_01.tsv,cases/PORT/PORT_0008/evidence/runs_retention.yaml,cases/PORT/PORT_0008/evidence/package_validation_summary.json,cases/PORT/PORT_0008/evidence/hard_negative/spark_rewrite_neg_01.tsv,indexed_not_recomputed,false,N.A.,N.A.,N.A.,N.A.,N.A.,not_run,canonical_case_package,N.A.,not_applicable,false,false,false,false,false,false,false,false,false,Hard-negative control detail row emitted from release case package metadata only; no fresh execution or rejection status inferred; hard-negative false-accept rate not computed; case present in inventory/case_registry.csv
hard_negative_control_detail_adapter_v0:control:PORT_0012:postgres:hard_negative,control_cell,hard_negative_control_detail_adapter_v0,release_case_package_only,PORT_0012,PORT,common_core_v0,control:PORT_0012:postgres:hard_negative,postgres,hard_negative,control,hard_negative,control:PORT_0012:postgres:hard_negative,cases/PORT/PORT_0012/sql/source.sql,cases/PORT/PORT_0012/sql/negatives/neg_01.sql,true,planned_control,neg_01,year_filter_literal_changed,migration_planning_static_inference_needs_review_if_not_explicit_in_legacy,date_time_semantics;literal_predicate_boundary;aggregate_input_boundary,source_positive_equal_and_negative_differs_on_birth_year_filter_witness,cases/PORT/PORT_0012/checker/expected_rejections.yaml,cases/PORT/PORT_0012/evidence/hard_negative/hard_negative_summary.json,cases/PORT/PORT_0012/evidence/runs_retention.yaml,cases/PORT/PORT_0012/evidence/package_validation_summary.json,,evidence_not_retained,false,N.A.,N.A.,N.A.,N.A.,N.A.,not_run,canonical_case_package,N.A.,not_applicable,false,false,false,false,false,false,false,false,false,Hard-negative control detail row emitted from release case package metadata only; no fresh execution or rejection status inferred; hard-negative false-accept rate not computed; case present in inventory/case_registry.csv; engine-specific hard-negative retained artifact not indexed for this control cell
hard_negative_control_detail_adapter_v0:control:PORT_0012:mysql:hard_negative,control_cell,hard_negative_control_detail_adapter_v0,release_case_package_only,PORT_0012,PORT,common_core_v0,control:PORT_0012:mysql:hard_negative,mysql,hard_negative,control,hard_negative,control:PORT_0012:mysql:hard_negative,cases/PORT/PORT_0012/sql/source.sql,cases/PORT/PORT_0012/sql/negatives/neg_01.sql,true,planned_control,neg_01,year_filter_literal_changed,migration_planning_static_inference_needs_review_if_not_explicit_in_legacy,date_time_semantics;literal_predicate_boundary;aggregate_input_boundary,source_positive_equal_and_negative_differs_on_birth_year_filter_witness,cases/PORT/PORT_0012/checker/expected_rejections.yaml,cases/PORT/PORT_0012/evidence/hard_negative/mysql/rewrite_neg_01.tsv,cases/PORT/PORT_0012/evidence/runs_retention.yaml,cases/PORT/PORT_0012/evidence/package_validation_summary.json,cases/PORT/PORT_0012/evidence/hard_negative/mysql/rewrite_neg_01.tsv,indexed_not_recomputed,false,N.A.,N.A.,N.A.,N.A.,N.A.,not_run,canonical_case_package,N.A.,not_applicable,false,false,false,false,false,false,false,false,false,Hard-negative control detail row emitted from release case package metadata only; no fresh execution or rejection status inferred; hard-negative false-accept rate not computed; case present in inventory/case_registry.csv
hard_negative_control_detail_adapter_v0:control:PORT_0012:spark:hard_negative,control_cell,hard_negative_control_detail_adapter_v0,release_case_package_only,PORT_0012,PORT,common_core_v0,control:PORT_0012:spark:hard_negative,spark,hard_negative,control,hard_negative,control:PORT_0012:spark:hard_negative,cases/PORT/PORT_0012/sql/source.sql,cases/PORT/PORT_0012/sql/negatives/neg_01.sql,true,planned_control,neg_01,year_filter_literal_changed,migration_planning_static_inference_needs_review_if_not_explicit_in_legacy,date_time_semantics;literal_predicate_boundary;aggregate_input_boundary,source_positive_equal_and_negative_differs_on_birth_year_filter_witness,cases/PORT/PORT_0012/checker/expected_rejections.yaml,cases/PORT/PORT_0012/evidence/hard_negative/spark/rewrite_neg_01.tsv,cases/PORT/PORT_0012/evidence/runs_retention.yaml,cases/PORT/PORT_0012/evidence/package_validation_summary.json,cases/PORT/PORT_0012/evidence/hard_negative/spark/rewrite_neg_01.tsv,indexed_not_recomputed,false,N.A.,N.A.,N.A.,N.A.,N.A.,not_run,canonical_case_package,N.A.,not_applicable,false,false,false,false,false,false,false,false,false,Hard-negative control detail row emitted from release case package metadata only; no fresh execution or rejection status inferred; hard-negative false-accept rate not computed; case present in inventory/case_registry.csv
hard_negative_control_detail_adapter_v0:control:PORT_0013:postgres:hard_negative,control_cell,hard_negative_control_detail_adapter_v0,release_case_package_only,PORT_0013,PORT,common_core_v0,control:PORT_0013:postgres:hard_negative,postgres,hard_negative,control,hard_negative,control:PORT_0013:postgres:hard_negative,cases/PORT/PORT_0013/sql/source.sql,cases/PORT/PORT_0013/sql/negatives/neg_01.sql,true,planned_control,neg_01,gender_filter_literal_changed,migration_planning_static_inference_needs_review_if_not_explicit_in_legacy,boolean_semantics;aggregate_filter_semantics;literal_predicate_boundary,source_positive_equal_and_negative_differs_on_gender_filter_witness,cases/PORT/PORT_0013/checker/expected_rejections.yaml,cases/PORT/PORT_0013/evidence/hard_negative/postgres/rewrite_neg_01.tsv,cases/PORT/PORT_0013/evidence/runs_retention.yaml,cases/PORT/PORT_0013/evidence/package_validation_summary.json,cases/PORT/PORT_0013/evidence/hard_negative/postgres/rewrite_neg_01.tsv,indexed_not_recomputed,false,N.A.,N.A.,N.A.,N.A.,N.A.,not_run,canonical_case_package,N.A.,not_applicable,false,false,false,false,false,false,false,false,false,Hard-negative control detail row emitted from release case package metadata only; no fresh execution or rejection status inferred; hard-negative false-accept rate not computed; case present in inventory/case_registry.csv
hard_negative_control_detail_adapter_v0:control:PORT_0013:mysql:hard_negative,control_cell,hard_negative_control_detail_adapter_v0,release_case_package_only,PORT_0013,PORT,common_core_v0,control:PORT_0013:mysql:hard_negative,mysql,hard_negative,control,hard_negative,control:PORT_0013:mysql:hard_negative,cases/PORT/PORT_0013/sql/source.sql,cases/PORT/PORT_0013/sql/negatives/neg_01.sql,true,planned_control,neg_01,gender_filter_literal_changed,migration_planning_static_inference_needs_review_if_not_explicit_in_legacy,boolean_semantics;aggregate_filter_semantics;literal_predicate_boundary,source_positive_equal_and_negative_differs_on_gender_filter_witness,cases/PORT/PORT_0013/checker/expected_rejections.yaml,cases/PORT/PORT_0013/evidence/hard_negative/hard_negative_summary.json,cases/PORT/PORT_0013/evidence/runs_retention.yaml,cases/PORT/PORT_0013/evidence/package_validation_summary.json,,evidence_not_retained,false,N.A.,N.A.,N.A.,N.A.,N.A.,not_run,canonical_case_package,N.A.,not_applicable,false,false,false,false,false,false,false,false,false,Hard-negative control detail row emitted from release case package metadata only; no fresh execution or rejection status inferred; hard-negative false-accept rate not computed; case present in inventory/case_registry.csv; engine-specific hard-negative retained artifact not indexed for this control cell
hard_negative_control_detail_adapter_v0:control:PORT_0013:spark:hard_negative,control_cell,hard_negative_control_detail_adapter_v0,release_case_package_only,PORT_0013,PORT,common_core_v0,control:PORT_0013:spark:hard_negative,spark,hard_negative,control,hard_negative,control:PORT_0013:spark:hard_negative,cases/PORT/PORT_0013/sql/source.sql,cases/PORT/PORT_0013/sql/negatives/neg_01.sql,true,planned_control,neg_01,gender_filter_literal_changed,migration_planning_static_inference_needs_review_if_not_explicit_in_legacy,boolean_semantics;aggregate_filter_semantics;literal_predicate_boundary,source_positive_equal_and_negative_differs_on_gender_filter_witness,cases/PORT/PORT_0013/checker/expected_rejections.yaml,cases/PORT/PORT_0013/evidence/hard_negative/spark/rewrite_neg_01.tsv,cases/PORT/PORT_0013/evidence/runs_retention.yaml,cases/PORT/PORT_0013/evidence/package_validation_summary.json,cases/PORT/PORT_0013/evidence/hard_negative/spark/rewrite_neg_01.tsv,indexed_not_recomputed,false,N.A.,N.A.,N.A.,N.A.,N.A.,not_run,canonical_case_package,N.A.,not_applicable,false,false,false,false,false,false,false,false,false,Hard-negative control detail row emitted from release case package metadata only; no fresh execution or rejection status inferred; hard-negative false-accept rate not computed; case present in inventory/case_registry.csv
hard_negative_control_detail_adapter_v0:control:PORT_0022:postgres:hard_negative,control_cell,hard_negative_control_detail_adapter_v0,release_case_package_only,PORT_0022,PORT,common_core_v0,control:PORT_0022:postgres:hard_negative,postgres,hard_negative,control,hard_negative,control:PORT_0022:postgres:hard_negative,cases/PORT/PORT_0022/sql/source.sql,cases/PORT/PORT_0022/sql/negatives/neg_01.sql,true,planned_control,neg_01,year_filter_literal_changed,migration_planning_static_inference_needs_review_if_not_explicit_in_legacy,date_filter_semantics;literal_predicate_boundary;join_aggregate_input_boundary,source_positive_equal_and_negative_differs_on_retained_portability_witness,cases/PORT/PORT_0022/checker/expected_rejections.yaml,cases/PORT/PORT_0022/evidence/hard_negative/postgres/rewrite_neg_01.tsv,cases/PORT/PORT_0022/evidence/runs_retention.yaml,cases/PORT/PORT_0022/evidence/package_validation_summary.json,cases/PORT/PORT_0022/evidence/hard_negative/postgres/rewrite_neg_01.tsv,indexed_not_recomputed,false,N.A.,N.A.,N.A.,N.A.,N.A.,not_run,canonical_case_package,N.A.,not_applicable,false,false,false,false,false,false,false,false,false,Hard-negative control detail row emitted from release case package metadata only; no fresh execution or rejection status inferred; hard-negative false-accept rate not computed; case present in inventory/case_registry.csv
hard_negative_control_detail_adapter_v0:control:PORT_0022:mysql:hard_negative,control_cell,hard_negative_control_detail_adapter_v0,release_case_package_only,PORT_0022,PORT,common_core_v0,control:PORT_0022:mysql:hard_negative,mysql,hard_negative,control,hard_negative,control:PORT_0022:mysql:hard_negative,cases/PORT/PORT_0022/sql/source.sql,cases/PORT/PORT_0022/sql/negatives/neg_01.sql,true,planned_control,neg_01,year_filter_literal_changed,migration_planning_static_inference_needs_review_if_not_explicit_in_legacy,date_filter_semantics;literal_predicate_boundary;join_aggregate_input_boundary,source_positive_equal_and_negative_differs_on_retained_portability_witness,cases/PORT/PORT_0022/checker/expected_rejections.yaml,cases/PORT/PORT_0022/evidence/hard_negative/hard_negative_summary.json,cases/PORT/PORT_0022/evidence/runs_retention.yaml,cases/PORT/PORT_0022/evidence/package_validation_summary.json,,evidence_not_retained,false,N.A.,N.A.,N.A.,N.A.,N.A.,not_run,canonical_case_package,N.A.,not_applicable,false,false,false,false,false,false,false,false,false,Hard-negative control detail row emitted from release case package metadata only; no fresh execution or rejection status inferred; hard-negative false-accept rate not computed; case present in inventory/case_registry.csv; engine-specific hard-negative retained artifact not indexed for this control cell
hard_negative_control_detail_adapter_v0:control:PORT_0022:spark:hard_negative,control_cell,hard_negative_control_detail_adapter_v0,release_case_package_only,PORT_0022,PORT,common_core_v0,control:PORT_0022:spark:hard_negative,spark,hard_negative,control,hard_negative,control:PORT_0022:spark:hard_negative,cases/PORT/PORT_0022/sql/source.sql,cases/PORT/PORT_0022/sql/negatives/neg_01.sql,true,planned_control,neg_01,year_filter_literal_changed,migration_planning_static_inference_needs_review_if_not_explicit_in_legacy,date_filter_semantics;literal_predicate_boundary;join_aggregate_input_boundary,source_positive_equal_and_negative_differs_on_retained_portability_witness,cases/PORT/PORT_0022/checker/expected_rejections.yaml,cases/PORT/PORT_0022/evidence/hard_negative/spark/rewrite_neg_01.tsv,cases/PORT/PORT_0022/evidence/runs_retention.yaml,cases/PORT/PORT_0022/evidence/package_validation_summary.json,cases/PORT/PORT_0022/evidence/hard_negative/spark/rewrite_neg_01.tsv,indexed_not_recomputed,false,N.A.,N.A.,N.A.,N.A.,N.A.,not_run,canonical_case_package,N.A.,not_applicable,false,false,false,false,false,false,false,false,false,Hard-negative control detail row emitted from release case package metadata only; no fresh execution or rejection status inferred; hard-negative false-accept rate not computed; case present in inventory/case_registry.csv
hard_negative_control_detail_adapter_v0:control:PORT_0024:postgres:hard_negative,control_cell,hard_negative_control_detail_adapter_v0,release_case_package_only,PORT_0024,PORT,common_core_v0,control:PORT_0024:postgres:hard_negative,postgres,hard_negative,control,hard_negative,control:PORT_0024:postgres:hard_negative,cases/PORT/PORT_0024/sql/source.sql,cases/PORT/PORT_0024/sql/negatives/neg_01.sql,true,planned_control,neg_01,boolean_filter_literal_changed,migration_planning_static_inference_needs_review_if_not_explicit_in_legacy,boolean_semantics;literal_predicate_boundary;aggregate_expression_semantics,source_positive_equal_and_negative_differs_on_retained_portability_witness,cases/PORT/PORT_0024/checker/expected_rejections.yaml,cases/PORT/PORT_0024/evidence/hard_negative/postgres/rewrite_neg_01.tsv,cases/PORT/PORT_0024/evidence/runs_retention.yaml,cases/PORT/PORT_0024/evidence/package_validation_summary.json,cases/PORT/PORT_0024/evidence/hard_negative/postgres/rewrite_neg_01.tsv,indexed_not_recomputed,false,N.A.,N.A.,N.A.,N.A.,N.A.,not_run,canonical_case_package,N.A.,not_applicable,false,false,false,false,false,false,false,false,false,Hard-negative control detail row emitted from release case package metadata only; no fresh execution or rejection status inferred; hard-negative false-accept rate not computed; case present in inventory/case_registry.csv
hard_negative_control_detail_adapter_v0:control:PORT_0024:mysql:hard_negative,control_cell,hard_negative_control_detail_adapter_v0,release_case_package_only,PORT_0024,PORT,common_core_v0,control:PORT_0024:mysql:hard_negative,mysql,hard_negative,control,hard_negative,control:PORT_0024:mysql:hard_negative,cases/PORT/PORT_0024/sql/source.sql,cases/PORT/PORT_0024/sql/negatives/neg_01.sql,true,planned_control,neg_01,boolean_filter_literal_changed,migration_planning_static_inference_needs_review_if_not_explicit_in_legacy,boolean_semantics;literal_predicate_boundary;aggregate_expression_semantics,source_positive_equal_and_negative_differs_on_retained_portability_witness,cases/PORT/PORT_0024/checker/expected_rejections.yaml,cases/PORT/PORT_0024/evidence/hard_negative/hard_negative_summary.json,cases/PORT/PORT_0024/evidence/runs_retention.yaml,cases/PORT/PORT_0024/evidence/package_validation_summary.json,,evidence_not_retained,false,N.A.,N.A.,N.A.,N.A.,N.A.,not_run,canonical_case_package,N.A.,not_applicable,false,false,false,false,false,false,false,false,false,Hard-negative control detail row emitted from release case package metadata only; no fresh execution or rejection status inferred; hard-negative false-accept rate not computed; case present in inventory/case_registry.csv; engine-specific hard-negative retained artifact not indexed for this control cell
hard_negative_control_detail_adapter_v0:control:PORT_0024:spark:hard_negative,control_cell,hard_negative_control_detail_adapter_v0,release_case_package_only,PORT_0024,PORT,common_core_v0,control:PORT_0024:spark:hard_negative,spark,hard_negative,control,hard_negative,control:PORT_0024:spark:hard_negative,cases/PORT/PORT_0024/sql/source.sql,cases/PORT/PORT_0024/sql/negatives/neg_01.sql,true,planned_control,neg_01,boolean_filter_literal_changed,migration_planning_static_inference_needs_review_if_not_explicit_in_legacy,boolean_semantics;literal_predicate_boundary;aggregate_expression_semantics,source_positive_equal_and_negative_differs_on_retained_portability_witness,cases/PORT/PORT_0024/checker/expected_rejections.yaml,cases/PORT/PORT_0024/evidence/hard_negative/spark/rewrite_neg_01.tsv,cases/PORT/PORT_0024/evidence/runs_retention.yaml,cases/PORT/PORT_0024/evidence/package_validation_summary.json,cases/PORT/PORT_0024/evidence/hard_negative/spark/rewrite_neg_01.tsv,indexed_not_recomputed,false,N.A.,N.A.,N.A.,N.A.,N.A.,not_run,canonical_case_package,N.A.,not_applicable,false,false,false,false,false,false,false,false,false,Hard-negative control detail row emitted from release case package metadata only; no fresh execution or rejection status inferred; hard-negative false-accept rate not computed; case present in inventory/case_registry.csv
hard_negative_control_detail_adapter_v0:control:PORT_0025:postgres:hard_negative,control_cell,hard_negative_control_detail_adapter_v0,release_case_package_only,PORT_0025,PORT,common_core_v0,control:PORT_0025:postgres:hard_negative,postgres,hard_negative,control,hard_negative,control:PORT_0025:postgres:hard_negative,cases/PORT/PORT_0025/sql/source.sql,cases/PORT/PORT_0025/sql/negatives/neg_01.sql,true,planned_control,neg_01,order_direction_boundary_changed,migration_planning_static_inference_needs_review_if_not_explicit_in_legacy,order_limit_semantics;order_direction_semantics;top_1_row_selection,source_positive_equal_and_negative_differs_on_retained_portability_witness,cases/PORT/PORT_0025/checker/expected_rejections.yaml,cases/PORT/PORT_0025/evidence/hard_negative/postgres/rewrite_neg_01.tsv,cases/PORT/PORT_0025/evidence/runs_retention.yaml,cases/PORT/PORT_0025/evidence/package_validation_summary.json,cases/PORT/PORT_0025/evidence/hard_negative/postgres/rewrite_neg_01.tsv,indexed_not_recomputed,false,N.A.,N.A.,N.A.,N.A.,N.A.,not_run,canonical_case_package,N.A.,not_applicable,false,false,false,false,false,false,false,false,false,Hard-negative control detail row emitted from release case package metadata only; no fresh execution or rejection status inferred; hard-negative false-accept rate not computed; case present in inventory/case_registry.csv
hard_negative_control_detail_adapter_v0:control:PORT_0025:mysql:hard_negative,control_cell,hard_negative_control_detail_adapter_v0,release_case_package_only,PORT_0025,PORT,common_core_v0,control:PORT_0025:mysql:hard_negative,mysql,hard_negative,control,hard_negative,control:PORT_0025:mysql:hard_negative,cases/PORT/PORT_0025/sql/source.sql,cases/PORT/PORT_0025/sql/negatives/neg_01.sql,true,planned_control,neg_01,order_direction_boundary_changed,migration_planning_static_inference_needs_review_if_not_explicit_in_legacy,order_limit_semantics;order_direction_semantics;top_1_row_selection,source_positive_equal_and_negative_differs_on_retained_portability_witness,cases/PORT/PORT_0025/checker/expected_rejections.yaml,cases/PORT/PORT_0025/evidence/hard_negative/hard_negative_summary.json,cases/PORT/PORT_0025/evidence/runs_retention.yaml,cases/PORT/PORT_0025/evidence/package_validation_summary.json,,evidence_not_retained,false,N.A.,N.A.,N.A.,N.A.,N.A.,not_run,canonical_case_package,N.A.,not_applicable,false,false,false,false,false,false,false,false,false,Hard-negative control detail row emitted from release case package metadata only; no fresh execution or rejection status inferred; hard-negative false-accept rate not computed; case present in inventory/case_registry.csv; engine-specific hard-negative retained artifact not indexed for this control cell
hard_negative_control_detail_adapter_v0:control:PORT_0025:spark:hard_negative,control_cell,hard_negative_control_detail_adapter_v0,release_case_package_only,PORT_0025,PORT,common_core_v0,control:PORT_0025:spark:hard_negative,spark,hard_negative,control,hard_negative,control:PORT_0025:spark:hard_negative,cases/PORT/PORT_0025/sql/source.sql,cases/PORT/PORT_0025/sql/negatives/neg_01.sql,true,planned_control,neg_01,order_direction_boundary_changed,migration_planning_static_inference_needs_review_if_not_explicit_in_legacy,order_limit_semantics;order_direction_semantics;top_1_row_selection,source_positive_equal_and_negative_differs_on_retained_portability_witness,cases/PORT/PORT_0025/checker/expected_rejections.yaml,cases/PORT/PORT_0025/evidence/hard_negative/spark/rewrite_neg_01.tsv,cases/PORT/PORT_0025/evidence/runs_retention.yaml,cases/PORT/PORT_0025/evidence/package_validation_summary.json,cases/PORT/PORT_0025/evidence/hard_negative/spark/rewrite_neg_01.tsv,indexed_not_recomputed,false,N.A.,N.A.,N.A.,N.A.,N.A.,not_run,canonical_case_package,N.A.,not_applicable,false,false,false,false,false,false,false,false,false,Hard-negative control detail row emitted from release case package metadata only; no fresh execution or rejection status inferred; hard-negative false-accept rate not computed; case present in inventory/case_registry.csv
hard_negative_control_detail_adapter_v0:control:LONGTAIL_0011:postgres:hard_negative,control_cell,hard_negative_control_detail_adapter_v0,release_case_package_only,LONGTAIL_0011,LONGTAIL,common_core_v0,control:LONGTAIL_0011:postgres:hard_negative,postgres,hard_negative,control,hard_negative,control:LONGTAIL_0011:postgres:hard_negative,cases/LONGTAIL/LONGTAIL_0011/sql/source.sql,cases/LONGTAIL/LONGTAIL_0011/sql/negatives/neg_01.sql,true,planned_control,neg_01,tie_sensitive_ranking_semantics_not_preserved,maintainer_approved_for_migration,window_function_semantics;dense_rank_semantics;row_number_semantics;tie_sensitive_ranking,source_positive_equal_and_negative_differs_on_tied_ranking_witness,cases/LONGTAIL/LONGTAIL_0011/checker/expected_rejections.yaml,cases/LONGTAIL/LONGTAIL_0011/evidence/hard_negative/postgres/rewrite_neg_01.tsv,cases/LONGTAIL/LONGTAIL_0011/evidence/runs_retention.yaml,cases/LONGTAIL/LONGTAIL_0011/evidence/package_validation_summary.json,cases/LONGTAIL/LONGTAIL_0011/evidence/hard_negative/postgres/rewrite_neg_01.tsv,indexed_not_recomputed,false,N.A.,N.A.,N.A.,N.A.,N.A.,not_run,canonical_case_package,N.A.,not_applicable,false,false,false,false,false,false,false,false,false,Hard-negative control detail row emitted from release case package metadata only; no fresh execution or rejection status inferred; hard-negative false-accept rate not computed; case present in inventory/case_registry.csv
hard_negative_control_detail_adapter_v0:control:LONGTAIL_0011:mysql:hard_negative,control_cell,hard_negative_control_detail_adapter_v0,release_case_package_only,LONGTAIL_0011,LONGTAIL,common_core_v0,control:LONGTAIL_0011:mysql:hard_negative,mysql,hard_negative,control,hard_negative,control:LONGTAIL_0011:mysql:hard_negative,cases/LONGTAIL/LONGTAIL_0011/sql/source.sql,cases/LONGTAIL/LONGTAIL_0011/sql/negatives/neg_01.sql,true,planned_control,neg_01,tie_sensitive_ranking_semantics_not_preserved,maintainer_approved_for_migration,window_function_semantics;dense_rank_semantics;row_number_semantics;tie_sensitive_ranking,source_positive_equal_and_negative_differs_on_tied_ranking_witness,cases/LONGTAIL/LONGTAIL_0011/checker/expected_rejections.yaml,cases/LONGTAIL/LONGTAIL_0011/evidence/hard_negative/mysql/rewrite_neg_01.tsv,cases/LONGTAIL/LONGTAIL_0011/evidence/runs_retention.yaml,cases/LONGTAIL/LONGTAIL_0011/evidence/package_validation_summary.json,cases/LONGTAIL/LONGTAIL_0011/evidence/hard_negative/mysql/rewrite_neg_01.tsv,indexed_not_recomputed,false,N.A.,N.A.,N.A.,N.A.,N.A.,not_run,canonical_case_package,N.A.,not_applicable,false,false,false,false,false,false,false,false,false,Hard-negative control detail row emitted from release case package metadata only; no fresh execution or rejection status inferred; hard-negative false-accept rate not computed; case present in inventory/case_registry.csv
hard_negative_control_detail_adapter_v0:control:LONGTAIL_0011:spark:hard_negative,control_cell,hard_negative_control_detail_adapter_v0,release_case_package_only,LONGTAIL_0011,LONGTAIL,common_core_v0,control:LONGTAIL_0011:spark:hard_negative,spark,hard_negative,control,hard_negative,control:LONGTAIL_0011:spark:hard_negative,cases/LONGTAIL/LONGTAIL_0011/sql/source.sql,cases/LONGTAIL/LONGTAIL_0011/sql/negatives/neg_01.sql,true,planned_control,neg_01,tie_sensitive_ranking_semantics_not_preserved,maintainer_approved_for_migration,window_function_semantics;dense_rank_semantics;row_number_semantics;tie_sensitive_ranking,source_positive_equal_and_negative_differs_on_tied_ranking_witness,cases/LONGTAIL/LONGTAIL_0011/checker/expected_rejections.yaml,cases/LONGTAIL/LONGTAIL_0011/evidence/hard_negative/spark/rewrite_neg_01.tsv,cases/LONGTAIL/LONGTAIL_0011/evidence/runs_retention.yaml,cases/LONGTAIL/LONGTAIL_0011/evidence/package_validation_summary.json,cases/LONGTAIL/LONGTAIL_0011/evidence/hard_negative/spark/rewrite_neg_01.tsv,indexed_not_recomputed,false,N.A.,N.A.,N.A.,N.A.,N.A.,not_run,canonical_case_package,N.A.,not_applicable,false,false,false,false,false,false,false,false,false,Hard-negative control detail row emitted from release case package metadata only; no fresh execution or rejection status inferred; hard-negative false-accept rate not computed; case present in inventory/case_registry.csv
hard_negative_control_detail_adapter_v0:control:LONGTAIL_0012:postgres:hard_negative,control_cell,hard_negative_control_detail_adapter_v0,release_case_package_only,LONGTAIL_0012,LONGTAIL,common_core_v0,control:LONGTAIL_0012:postgres:hard_negative,postgres,hard_negative,control,hard_negative,control:LONGTAIL_0012:postgres:hard_negative,cases/LONGTAIL/LONGTAIL_0012/sql/source.sql,cases/LONGTAIL/LONGTAIL_0012/sql/negatives/neg_01.sql,true,planned_control,neg_01,optional_vote_count_left_join_changed_to_inner_join,maintainer_approved_for_migration,outer_join_row_preservation;optional_vote_enrichment_semantics;aggregation_input_boundary,source_positive_equal_and_negative_differs_on_optional_vote_count_preservation_witness,cases/LONGTAIL/LONGTAIL_0012/checker/expected_rejections.yaml,cases/LONGTAIL/LONGTAIL_0012/evidence/hard_negative/postgres/rewrite_neg_01.tsv,cases/LONGTAIL/LONGTAIL_0012/evidence/runs_retention.yaml,cases/LONGTAIL/LONGTAIL_0012/evidence/package_validation_summary.json,cases/LONGTAIL/LONGTAIL_0012/evidence/hard_negative/postgres/rewrite_neg_01.tsv,indexed_not_recomputed,false,N.A.,N.A.,N.A.,N.A.,N.A.,not_run,canonical_case_package,N.A.,not_applicable,false,false,false,false,false,false,false,false,false,Hard-negative control detail row emitted from release case package metadata only; no fresh execution or rejection status inferred; hard-negative false-accept rate not computed; case present in inventory/case_registry.csv
hard_negative_control_detail_adapter_v0:control:LONGTAIL_0012:mysql:hard_negative,control_cell,hard_negative_control_detail_adapter_v0,release_case_package_only,LONGTAIL_0012,LONGTAIL,common_core_v0,control:LONGTAIL_0012:mysql:hard_negative,mysql,hard_negative,control,hard_negative,control:LONGTAIL_0012:mysql:hard_negative,cases/LONGTAIL/LONGTAIL_0012/sql/source.sql,cases/LONGTAIL/LONGTAIL_0012/sql/negatives/neg_01.sql,true,planned_control,neg_01,optional_vote_count_left_join_changed_to_inner_join,maintainer_approved_for_migration,outer_join_row_preservation;optional_vote_enrichment_semantics;aggregation_input_boundary,source_positive_equal_and_negative_differs_on_optional_vote_count_preservation_witness,cases/LONGTAIL/LONGTAIL_0012/checker/expected_rejections.yaml,cases/LONGTAIL/LONGTAIL_0012/evidence/hard_negative/mysql/rewrite_neg_01.tsv,cases/LONGTAIL/LONGTAIL_0012/evidence/runs_retention.yaml,cases/LONGTAIL/LONGTAIL_0012/evidence/package_validation_summary.json,cases/LONGTAIL/LONGTAIL_0012/evidence/hard_negative/mysql/rewrite_neg_01.tsv,indexed_not_recomputed,false,N.A.,N.A.,N.A.,N.A.,N.A.,not_run,canonical_case_package,N.A.,not_applicable,false,false,false,false,false,false,false,false,false,Hard-negative control detail row emitted from release case package metadata only; no fresh execution or rejection status inferred; hard-negative false-accept rate not computed; case present in inventory/case_registry.csv
hard_negative_control_detail_adapter_v0:control:LONGTAIL_0012:spark:hard_negative,control_cell,hard_negative_control_detail_adapter_v0,release_case_package_only,LONGTAIL_0012,LONGTAIL,common_core_v0,control:LONGTAIL_0012:spark:hard_negative,spark,hard_negative,control,hard_negative,control:LONGTAIL_0012:spark:hard_negative,cases/LONGTAIL/LONGTAIL_0012/sql/source.sql,cases/LONGTAIL/LONGTAIL_0012/sql/negatives/neg_01.sql,true,planned_control,neg_01,optional_vote_count_left_join_changed_to_inner_join,maintainer_approved_for_migration,outer_join_row_preservation;optional_vote_enrichment_semantics;aggregation_input_boundary,source_positive_equal_and_negative_differs_on_optional_vote_count_preservation_witness,cases/LONGTAIL/LONGTAIL_0012/checker/expected_rejections.yaml,cases/LONGTAIL/LONGTAIL_0012/evidence/hard_negative/spark/rewrite_neg_01.tsv,cases/LONGTAIL/LONGTAIL_0012/evidence/runs_retention.yaml,cases/LONGTAIL/LONGTAIL_0012/evidence/package_validation_summary.json,cases/LONGTAIL/LONGTAIL_0012/evidence/hard_negative/spark/rewrite_neg_01.tsv,indexed_not_recomputed,false,N.A.,N.A.,N.A.,N.A.,N.A.,not_run,canonical_case_package,N.A.,not_applicable,false,false,false,false,false,false,false,false,false,Hard-negative control detail row emitted from release case package metadata only; no fresh execution or rejection status inferred; hard-negative false-accept rate not computed; case present in inventory/case_registry.csv
hard_negative_control_detail_adapter_v0:control:LONGTAIL_0013:postgres:hard_negative,control_cell,hard_negative_control_detail_adapter_v0,release_case_package_only,LONGTAIL_0013,LONGTAIL,common_core_v0,control:LONGTAIL_0013:postgres:hard_negative,postgres,hard_negative,control,hard_negative,control:LONGTAIL_0013:postgres:hard_negative,cases/LONGTAIL/LONGTAIL_0013/sql/source.sql,cases/LONGTAIL/LONGTAIL_0013/sql/negatives/neg_01.sql,true,planned_control,neg_01,best_question_attachment_left_join_changed_to_inner_join,maintainer_approved_for_migration,outer_join_row_preservation;window_attachment_semantics;null_preservation,source_positive_equal_and_negative_differs_on_best_question_attachment_null_preservation_witness,cases/LONGTAIL/LONGTAIL_0013/checker/expected_rejections.yaml,cases/LONGTAIL/LONGTAIL_0013/evidence/hard_negative/postgres/rewrite_neg_01.tsv,cases/LONGTAIL/LONGTAIL_0013/evidence/runs_retention.yaml,cases/LONGTAIL/LONGTAIL_0013/evidence/package_validation_summary.json,cases/LONGTAIL/LONGTAIL_0013/evidence/hard_negative/postgres/rewrite_neg_01.tsv,indexed_not_recomputed,false,N.A.,N.A.,N.A.,N.A.,N.A.,not_run,canonical_case_package,N.A.,not_applicable,false,false,false,false,false,false,false,false,false,Hard-negative control detail row emitted from release case package metadata only; no fresh execution or rejection status inferred; hard-negative false-accept rate not computed; case present in inventory/case_registry.csv
hard_negative_control_detail_adapter_v0:control:LONGTAIL_0013:mysql:hard_negative,control_cell,hard_negative_control_detail_adapter_v0,release_case_package_only,LONGTAIL_0013,LONGTAIL,common_core_v0,control:LONGTAIL_0013:mysql:hard_negative,mysql,hard_negative,control,hard_negative,control:LONGTAIL_0013:mysql:hard_negative,cases/LONGTAIL/LONGTAIL_0013/sql/source.sql,cases/LONGTAIL/LONGTAIL_0013/sql/negatives/neg_01.sql,true,planned_control,neg_01,best_question_attachment_left_join_changed_to_inner_join,maintainer_approved_for_migration,outer_join_row_preservation;window_attachment_semantics;null_preservation,source_positive_equal_and_negative_differs_on_best_question_attachment_null_preservation_witness,cases/LONGTAIL/LONGTAIL_0013/checker/expected_rejections.yaml,cases/LONGTAIL/LONGTAIL_0013/evidence/hard_negative/mysql/rewrite_neg_01.tsv,cases/LONGTAIL/LONGTAIL_0013/evidence/runs_retention.yaml,cases/LONGTAIL/LONGTAIL_0013/evidence/package_validation_summary.json,cases/LONGTAIL/LONGTAIL_0013/evidence/hard_negative/mysql/rewrite_neg_01.tsv,indexed_not_recomputed,false,N.A.,N.A.,N.A.,N.A.,N.A.,not_run,canonical_case_package,N.A.,not_applicable,false,false,false,false,false,false,false,false,false,Hard-negative control detail row emitted from release case package metadata only; no fresh execution or rejection status inferred; hard-negative false-accept rate not computed; case present in inventory/case_registry.csv
hard_negative_control_detail_adapter_v0:control:LONGTAIL_0013:spark:hard_negative,control_cell,hard_negative_control_detail_adapter_v0,release_case_package_only,LONGTAIL_0013,LONGTAIL,common_core_v0,control:LONGTAIL_0013:spark:hard_negative,spark,hard_negative,control,hard_negative,control:LONGTAIL_0013:spark:hard_negative,cases/LONGTAIL/LONGTAIL_0013/sql/source.sql,cases/LONGTAIL/LONGTAIL_0013/sql/negatives/neg_01.sql,true,planned_control,neg_01,best_question_attachment_left_join_changed_to_inner_join,maintainer_approved_for_migration,outer_join_row_preservation;window_attachment_semantics;null_preservation,source_positive_equal_and_negative_differs_on_best_question_attachment_null_preservation_witness,cases/LONGTAIL/LONGTAIL_0013/checker/expected_rejections.yaml,cases/LONGTAIL/LONGTAIL_0013/evidence/hard_negative/spark/rewrite_neg_01.tsv,cases/LONGTAIL/LONGTAIL_0013/evidence/runs_retention.yaml,cases/LONGTAIL/LONGTAIL_0013/evidence/package_validation_summary.json,cases/LONGTAIL/LONGTAIL_0013/evidence/hard_negative/spark/rewrite_neg_01.tsv,indexed_not_recomputed,false,N.A.,N.A.,N.A.,N.A.,N.A.,not_run,canonical_case_package,N.A.,not_applicable,false,false,false,false,false,false,false,false,false,Hard-negative control detail row emitted from release case package metadata only; no fresh execution or rejection status inferred; hard-negative false-accept rate not computed; case present in inventory/case_registry.csv
hard_negative_control_detail_adapter_v0:control:LONGTAIL_0022:postgres:hard_negative,control_cell,hard_negative_control_detail_adapter_v0,release_case_package_only,LONGTAIL_0022,LONGTAIL,common_core_v0,control:LONGTAIL_0022:postgres:hard_negative,postgres,hard_negative,control,hard_negative,control:LONGTAIL_0022:postgres:hard_negative,cases/LONGTAIL/LONGTAIL_0022/sql/source.sql,cases/LONGTAIL/LONGTAIL_0022/sql/negatives/neg_01.sql,true,planned_control,neg_01,comment_aggregation_grouping_fragmented_by_commenter,maintainer_approved_for_migration,aggregation_grouping_changed;duplicate_multiplicity;row_cardinality_changed,source_positive_equal_and_negative_differs_on_per_post_comment_aggregation_witness,cases/LONGTAIL/LONGTAIL_0022/checker/expected_rejections.yaml,cases/LONGTAIL/LONGTAIL_0022/evidence/hard_negative/postgres/rewrite_neg_01.tsv,cases/LONGTAIL/LONGTAIL_0022/evidence/runs_retention.yaml,cases/LONGTAIL/LONGTAIL_0022/evidence/package_validation_summary.json,cases/LONGTAIL/LONGTAIL_0022/evidence/hard_negative/postgres/rewrite_neg_01.tsv,indexed_not_recomputed,false,N.A.,N.A.,N.A.,N.A.,N.A.,not_run,canonical_case_package,N.A.,not_applicable,false,false,false,false,false,false,false,false,false,Hard-negative control detail row emitted from release case package metadata only; no fresh execution or rejection status inferred; hard-negative false-accept rate not computed; case present in inventory/case_registry.csv
hard_negative_control_detail_adapter_v0:control:LONGTAIL_0022:mysql:hard_negative,control_cell,hard_negative_control_detail_adapter_v0,release_case_package_only,LONGTAIL_0022,LONGTAIL,common_core_v0,control:LONGTAIL_0022:mysql:hard_negative,mysql,hard_negative,control,hard_negative,control:LONGTAIL_0022:mysql:hard_negative,cases/LONGTAIL/LONGTAIL_0022/sql/source.sql,cases/LONGTAIL/LONGTAIL_0022/sql/negatives/neg_01.sql,true,planned_control,neg_01,comment_aggregation_grouping_fragmented_by_commenter,maintainer_approved_for_migration,aggregation_grouping_changed;duplicate_multiplicity;row_cardinality_changed,source_positive_equal_and_negative_differs_on_per_post_comment_aggregation_witness,cases/LONGTAIL/LONGTAIL_0022/checker/expected_rejections.yaml,cases/LONGTAIL/LONGTAIL_0022/evidence/hard_negative/mysql/rewrite_neg_01.tsv,cases/LONGTAIL/LONGTAIL_0022/evidence/runs_retention.yaml,cases/LONGTAIL/LONGTAIL_0022/evidence/package_validation_summary.json,cases/LONGTAIL/LONGTAIL_0022/evidence/hard_negative/mysql/rewrite_neg_01.tsv,indexed_not_recomputed,false,N.A.,N.A.,N.A.,N.A.,N.A.,not_run,canonical_case_package,N.A.,not_applicable,false,false,false,false,false,false,false,false,false,Hard-negative control detail row emitted from release case package metadata only; no fresh execution or rejection status inferred; hard-negative false-accept rate not computed; case present in inventory/case_registry.csv
hard_negative_control_detail_adapter_v0:control:LONGTAIL_0022:spark:hard_negative,control_cell,hard_negative_control_detail_adapter_v0,release_case_package_only,LONGTAIL_0022,LONGTAIL,common_core_v0,control:LONGTAIL_0022:spark:hard_negative,spark,hard_negative,control,hard_negative,control:LONGTAIL_0022:spark:hard_negative,cases/LONGTAIL/LONGTAIL_0022/sql/source.sql,cases/LONGTAIL/LONGTAIL_0022/sql/negatives/neg_01.sql,true,planned_control,neg_01,comment_aggregation_grouping_fragmented_by_commenter,maintainer_approved_for_migration,aggregation_grouping_changed;duplicate_multiplicity;row_cardinality_changed,source_positive_equal_and_negative_differs_on_per_post_comment_aggregation_witness,cases/LONGTAIL/LONGTAIL_0022/checker/expected_rejections.yaml,cases/LONGTAIL/LONGTAIL_0022/evidence/hard_negative/spark/rewrite_neg_01.tsv,cases/LONGTAIL/LONGTAIL_0022/evidence/runs_retention.yaml,cases/LONGTAIL/LONGTAIL_0022/evidence/package_validation_summary.json,cases/LONGTAIL/LONGTAIL_0022/evidence/hard_negative/spark/rewrite_neg_01.tsv,indexed_not_recomputed,false,N.A.,N.A.,N.A.,N.A.,N.A.,not_run,canonical_case_package,N.A.,not_applicable,false,false,false,false,false,false,false,false,false,Hard-negative control detail row emitted from release case package metadata only; no fresh execution or rejection status inferred; hard-negative false-accept rate not computed; case present in inventory/case_registry.csv
hard_negative_control_detail_adapter_v0:control:LONGTAIL_0023:postgres:hard_negative,control_cell,hard_negative_control_detail_adapter_v0,release_case_package_only,LONGTAIL_0023,LONGTAIL,common_core_v0,control:LONGTAIL_0023:postgres:hard_negative,postgres,hard_negative,control,hard_negative,control:LONGTAIL_0023:postgres:hard_negative,cases/LONGTAIL/LONGTAIL_0023/sql/source.sql,cases/LONGTAIL/LONGTAIL_0023/sql/negatives/neg_01.sql,true,planned_control,neg_01,directed_postlink_inbound_outbound_semantics_collapsed,maintainer_approved_for_migration,set_relation_direction_changed;aggregation_input_boundary;row_preservation,source_positive_equal_and_negative_differs_on_directed_postlink_aggregation_witness,cases/LONGTAIL/LONGTAIL_0023/checker/expected_rejections.yaml,cases/LONGTAIL/LONGTAIL_0023/evidence/hard_negative/postgres/rewrite_neg_01.tsv,cases/LONGTAIL/LONGTAIL_0023/evidence/runs_retention.yaml,cases/LONGTAIL/LONGTAIL_0023/evidence/package_validation_summary.json,cases/LONGTAIL/LONGTAIL_0023/evidence/hard_negative/postgres/rewrite_neg_01.tsv,indexed_not_recomputed,false,N.A.,N.A.,N.A.,N.A.,N.A.,not_run,canonical_case_package,N.A.,not_applicable,false,false,false,false,false,false,false,false,false,Hard-negative control detail row emitted from release case package metadata only; no fresh execution or rejection status inferred; hard-negative false-accept rate not computed; case present in inventory/case_registry.csv
hard_negative_control_detail_adapter_v0:control:LONGTAIL_0023:mysql:hard_negative,control_cell,hard_negative_control_detail_adapter_v0,release_case_package_only,LONGTAIL_0023,LONGTAIL,common_core_v0,control:LONGTAIL_0023:mysql:hard_negative,mysql,hard_negative,control,hard_negative,control:LONGTAIL_0023:mysql:hard_negative,cases/LONGTAIL/LONGTAIL_0023/sql/source.sql,cases/LONGTAIL/LONGTAIL_0023/sql/negatives/neg_01.sql,true,planned_control,neg_01,directed_postlink_inbound_outbound_semantics_collapsed,maintainer_approved_for_migration,set_relation_direction_changed;aggregation_input_boundary;row_preservation,source_positive_equal_and_negative_differs_on_directed_postlink_aggregation_witness,cases/LONGTAIL/LONGTAIL_0023/checker/expected_rejections.yaml,cases/LONGTAIL/LONGTAIL_0023/evidence/hard_negative/mysql/rewrite_neg_01.tsv,cases/LONGTAIL/LONGTAIL_0023/evidence/runs_retention.yaml,cases/LONGTAIL/LONGTAIL_0023/evidence/package_validation_summary.json,cases/LONGTAIL/LONGTAIL_0023/evidence/hard_negative/mysql/rewrite_neg_01.tsv,indexed_not_recomputed,false,N.A.,N.A.,N.A.,N.A.,N.A.,not_run,canonical_case_package,N.A.,not_applicable,false,false,false,false,false,false,false,false,false,Hard-negative control detail row emitted from release case package metadata only; no fresh execution or rejection status inferred; hard-negative false-accept rate not computed; case present in inventory/case_registry.csv
hard_negative_control_detail_adapter_v0:control:LONGTAIL_0023:spark:hard_negative,control_cell,hard_negative_control_detail_adapter_v0,release_case_package_only,LONGTAIL_0023,LONGTAIL,common_core_v0,control:LONGTAIL_0023:spark:hard_negative,spark,hard_negative,control,hard_negative,control:LONGTAIL_0023:spark:hard_negative,cases/LONGTAIL/LONGTAIL_0023/sql/source.sql,cases/LONGTAIL/LONGTAIL_0023/sql/negatives/neg_01.sql,true,planned_control,neg_01,directed_postlink_inbound_outbound_semantics_collapsed,maintainer_approved_for_migration,set_relation_direction_changed;aggregation_input_boundary;row_preservation,source_positive_equal_and_negative_differs_on_directed_postlink_aggregation_witness,cases/LONGTAIL/LONGTAIL_0023/checker/expected_rejections.yaml,cases/LONGTAIL/LONGTAIL_0023/evidence/hard_negative/spark/rewrite_neg_01.tsv,cases/LONGTAIL/LONGTAIL_0023/evidence/runs_retention.yaml,cases/LONGTAIL/LONGTAIL_0023/evidence/package_validation_summary.json,cases/LONGTAIL/LONGTAIL_0023/evidence/hard_negative/spark/rewrite_neg_01.tsv,indexed_not_recomputed,false,N.A.,N.A.,N.A.,N.A.,N.A.,not_run,canonical_case_package,N.A.,not_applicable,false,false,false,false,false,false,false,false,false,Hard-negative control detail row emitted from release case package metadata only; no fresh execution or rejection status inferred; hard-negative false-accept rate not computed; case present in inventory/case_registry.csv
hard_negative_control_detail_adapter_v0:control:LONGTAIL_0024:postgres:hard_negative,control_cell,hard_negative_control_detail_adapter_v0,release_case_package_only,LONGTAIL_0024,LONGTAIL,common_core_v0,control:LONGTAIL_0024:postgres:hard_negative,postgres,hard_negative,control,hard_negative,control:LONGTAIL_0024:postgres:hard_negative,cases/LONGTAIL/LONGTAIL_0024/sql/source.sql,cases/LONGTAIL/LONGTAIL_0024/sql/negatives/neg_01.sql,true,planned_control,neg_01,posthistory_revision_aggregation_fragmented_by_editor,maintainer_approved_for_migration,aggregation_grouping_changed;temporal_aggregation_semantics;row_cardinality_changed,source_positive_equal_and_negative_differs_on_per_post_revision_aggregation_witness,cases/LONGTAIL/LONGTAIL_0024/checker/expected_rejections.yaml,cases/LONGTAIL/LONGTAIL_0024/evidence/hard_negative/postgres/rewrite_neg_01.tsv,cases/LONGTAIL/LONGTAIL_0024/evidence/runs_retention.yaml,cases/LONGTAIL/LONGTAIL_0024/evidence/package_validation_summary.json,cases/LONGTAIL/LONGTAIL_0024/evidence/hard_negative/postgres/rewrite_neg_01.tsv,indexed_not_recomputed,false,N.A.,N.A.,N.A.,N.A.,N.A.,not_run,canonical_case_package,N.A.,not_applicable,false,false,false,false,false,false,false,false,false,Hard-negative control detail row emitted from release case package metadata only; no fresh execution or rejection status inferred; hard-negative false-accept rate not computed; case present in inventory/case_registry.csv
hard_negative_control_detail_adapter_v0:control:LONGTAIL_0024:mysql:hard_negative,control_cell,hard_negative_control_detail_adapter_v0,release_case_package_only,LONGTAIL_0024,LONGTAIL,common_core_v0,control:LONGTAIL_0024:mysql:hard_negative,mysql,hard_negative,control,hard_negative,control:LONGTAIL_0024:mysql:hard_negative,cases/LONGTAIL/LONGTAIL_0024/sql/source.sql,cases/LONGTAIL/LONGTAIL_0024/sql/negatives/neg_01.sql,true,planned_control,neg_01,posthistory_revision_aggregation_fragmented_by_editor,maintainer_approved_for_migration,aggregation_grouping_changed;temporal_aggregation_semantics;row_cardinality_changed,source_positive_equal_and_negative_differs_on_per_post_revision_aggregation_witness,cases/LONGTAIL/LONGTAIL_0024/checker/expected_rejections.yaml,cases/LONGTAIL/LONGTAIL_0024/evidence/hard_negative/mysql/rewrite_neg_01.tsv,cases/LONGTAIL/LONGTAIL_0024/evidence/runs_retention.yaml,cases/LONGTAIL/LONGTAIL_0024/evidence/package_validation_summary.json,cases/LONGTAIL/LONGTAIL_0024/evidence/hard_negative/mysql/rewrite_neg_01.tsv,indexed_not_recomputed,false,N.A.,N.A.,N.A.,N.A.,N.A.,not_run,canonical_case_package,N.A.,not_applicable,false,false,false,false,false,false,false,false,false,Hard-negative control detail row emitted from release case package metadata only; no fresh execution or rejection status inferred; hard-negative false-accept rate not computed; case present in inventory/case_registry.csv
hard_negative_control_detail_adapter_v0:control:LONGTAIL_0024:spark:hard_negative,control_cell,hard_negative_control_detail_adapter_v0,release_case_package_only,LONGTAIL_0024,LONGTAIL,common_core_v0,control:LONGTAIL_0024:spark:hard_negative,spark,hard_negative,control,hard_negative,control:LONGTAIL_0024:spark:hard_negative,cases/LONGTAIL/LONGTAIL_0024/sql/source.sql,cases/LONGTAIL/LONGTAIL_0024/sql/negatives/neg_01.sql,true,planned_control,neg_01,posthistory_revision_aggregation_fragmented_by_editor,maintainer_approved_for_migration,aggregation_grouping_changed;temporal_aggregation_semantics;row_cardinality_changed,source_positive_equal_and_negative_differs_on_per_post_revision_aggregation_witness,cases/LONGTAIL/LONGTAIL_0024/checker/expected_rejections.yaml,cases/LONGTAIL/LONGTAIL_0024/evidence/hard_negative/spark/rewrite_neg_01.tsv,cases/LONGTAIL/LONGTAIL_0024/evidence/runs_retention.yaml,cases/LONGTAIL/LONGTAIL_0024/evidence/package_validation_summary.json,cases/LONGTAIL/LONGTAIL_0024/evidence/hard_negative/spark/rewrite_neg_01.tsv,indexed_not_recomputed,false,N.A.,N.A.,N.A.,N.A.,N.A.,not_run,canonical_case_package,N.A.,not_applicable,false,false,false,false,false,false,false,false,false,Hard-negative control detail row emitted from release case package metadata only; no fresh execution or rejection status inferred; hard-negative false-accept rate not computed; case present in inventory/case_registry.csv
