pair_id,route_id,run_id,engine,case_id,source_sql_path,candidate_sql_path,source_sql_sha256,candidate_sql_sha256,schema_ref,checker_exact_source,pair_materialized,materialization_mode,notes
direct_llm_original__postgres__PERF_0006,direct_llm_original,direct_llm_original_track_a_120_canonical_v0,postgres,PERF_0006,cases/PERF/PERF_0006/sql/source.sql,runs/user/direct_llm_original_track_a_120_canonical_v0__postgres/candidate_sql/PERF_0006__postgres.sql,250256397b1969ed1f7080c201b9440b0c917720508edf89497dab51e841562b,f3707ac2438756792cca9bd5badd445f24001ec2b173525135fbda00d7cccab8,schemas/tpch_common_core_v0/schema_profile.yaml,local_result_checker_exact_status_only_eligibility_gate,true,path_reference_plus_hash,no SQL copied; stable source/candidate paths plus hashes only; no verifier run and no SER evidence
direct_llm_original__postgres__PERF_0007,direct_llm_original,direct_llm_original_track_a_120_canonical_v0,postgres,PERF_0007,cases/PERF/PERF_0007/sql/source.sql,runs/user/direct_llm_original_track_a_120_canonical_v0__postgres/candidate_sql/PERF_0007__postgres.sql,9dc696fb97b2ee3ebc57a8cc63e0eae624c07a2fd005ce0e396a5b70c8a61939,496311d167baab15b2536c6d9f5bced520316fbc5faa61359229374f72bbacd7,schemas/tpch_perf0007_v0/schema_profile.yaml,local_result_checker_exact_status_only_eligibility_gate,true,path_reference_plus_hash,no SQL copied; stable source/candidate paths plus hashes only; no verifier run and no SER evidence
direct_llm_original__postgres__PERF_0008,direct_llm_original,direct_llm_original_track_a_120_canonical_v0,postgres,PERF_0008,cases/PERF/PERF_0008/sql/source.sql,runs/user/direct_llm_original_track_a_120_canonical_v0__postgres/candidate_sql/PERF_0008__postgres.sql,c99c82eda540a5873e8a3eb1ef8827ef013ff1433510bf7b78c2c773f81d3ba8,50ff36cc8b89b311a982436ff558857655e639e792f1bcfde3bde4d20f21ddd4,schemas/tpch_perf0008_v0/schema_profile.yaml,local_result_checker_exact_status_only_eligibility_gate,true,path_reference_plus_hash,no SQL copied; stable source/candidate paths plus hashes only; no verifier run and no SER evidence
direct_llm_original__postgres__PERF_0013,direct_llm_original,direct_llm_original_track_a_120_canonical_v0,postgres,PERF_0013,cases/PERF/PERF_0013/sql/source.sql,runs/user/direct_llm_original_track_a_120_canonical_v0__postgres/candidate_sql/PERF_0013__postgres.sql,89d0f9a09a41e96b6b3c0c9fa92d7926b177bc1917cd233758ee2773be807064,1346004a9e46de8d3c085089af69cc27d3b2b569348b168c2e62ed0d3e471ccf,schemas/tpch_perf0013_v0/schema_profile.yaml,local_result_checker_exact_status_only_eligibility_gate,true,path_reference_plus_hash,no SQL copied; stable source/candidate paths plus hashes only; no verifier run and no SER evidence
direct_llm_original__postgres__PERF_0017,direct_llm_original,direct_llm_original_track_a_120_canonical_v0,postgres,PERF_0017,cases/PERF/PERF_0017/sql/source.sql,runs/user/direct_llm_original_track_a_120_canonical_v0__postgres/candidate_sql/PERF_0017__postgres.sql,710366ebada2ecaa7d56a6a84b1bb8a7571ebbf296d1664f4530b3a0c8f850ca,68319e32cadb05e42db927a61fe894faf93c3a1b2f1ce59d1660144e5e0acb7e,schemas/tpch_perf0017_v0/schema_profile.yaml,local_result_checker_exact_status_only_eligibility_gate,true,path_reference_plus_hash,no SQL copied; stable source/candidate paths plus hashes only; no verifier run and no SER evidence
direct_llm_original__postgres__PERF_0019,direct_llm_original,direct_llm_original_track_a_120_canonical_v0,postgres,PERF_0019,cases/PERF/PERF_0019/sql/source.sql,runs/user/direct_llm_original_track_a_120_canonical_v0__postgres/candidate_sql/PERF_0019__postgres.sql,099a3ecc8fd1d77bd86c9aa25b43a2c4e7c5c4832edb756491db80ccff6cf422,ee70629949eb2422ec3e80512baaec5f230b584fe7eca493d169f4b0163b7202,schemas/tpch_perf0019_v0/schema_profile.yaml,local_result_checker_exact_status_only_eligibility_gate,true,path_reference_plus_hash,no SQL copied; stable source/candidate paths plus hashes only; no verifier run and no SER evidence
direct_llm_original__postgres__PERF_0024,direct_llm_original,direct_llm_original_track_a_120_canonical_v0,postgres,PERF_0024,cases/PERF/PERF_0024/sql/source.sql,runs/user/direct_llm_original_track_a_120_canonical_v0__postgres/candidate_sql/PERF_0024__postgres.sql,adbcd38897f700fdeecc2d8b018ac5618929276fe8a0b58169bc2f5b242a79ac,f12e03b5308c742562172dd260e70bfe5f3cd7f990ca5397c86f6391752b94bb,schemas/tpch_perf0024_v0/schema_profile.yaml,local_result_checker_exact_status_only_eligibility_gate,true,path_reference_plus_hash,no SQL copied; stable source/candidate paths plus hashes only; no verifier run and no SER evidence
direct_llm_original__postgres__PERF_0033,direct_llm_original,direct_llm_original_track_a_120_canonical_v0,postgres,PERF_0033,cases/PERF/PERF_0033/sql/source.sql,runs/user/direct_llm_original_track_a_120_canonical_v0__postgres/candidate_sql/PERF_0033__postgres.sql,d0f865f84426d3b2cbf7c887f2c70b14fc1279f2c0822ea212e1542aaa9fd3c2,8aa5939e370760e704df5372ab0eb42c9cf4ba9285774f0ad287e7fe9ddef9ab,schemas/tpcds_perf0033_v0/schema_profile.yaml,local_result_checker_exact_status_only_eligibility_gate,true,path_reference_plus_hash,no SQL copied; stable source/candidate paths plus hashes only; no verifier run and no SER evidence
direct_llm_original__postgres__PERF_0034,direct_llm_original,direct_llm_original_track_a_120_canonical_v0,postgres,PERF_0034,cases/PERF/PERF_0034/sql/source.sql,runs/user/direct_llm_original_track_a_120_canonical_v0__postgres/candidate_sql/PERF_0034__postgres.sql,7b067603fc8093dd845c2fa77a582f02e59513456e6befcb0e4f4541b42b205f,f0911f39f7de828e51a9594dfe4e41e6ba94a146e818323650f0099c5d192295,schemas/tpcds_perf0034_v0/schema_profile.yaml,local_result_checker_exact_status_only_eligibility_gate,true,path_reference_plus_hash,no SQL copied; stable source/candidate paths plus hashes only; no verifier run and no SER evidence
direct_llm_original__postgres__PERF_0035,direct_llm_original,direct_llm_original_track_a_120_canonical_v0,postgres,PERF_0035,cases/PERF/PERF_0035/sql/source.sql,runs/user/direct_llm_original_track_a_120_canonical_v0__postgres/candidate_sql/PERF_0035__postgres.sql,9977cac76fdd6e06994c1b1e13c1e84154cc6074fa05584c0eb337b15ce806f6,0fab0edb68963d077373536d65ea4e2eaa4c653a944408d2170d9802f4a4551c,schemas/tpcds_perf0035_v0/schema_profile.yaml,local_result_checker_exact_status_only_eligibility_gate,true,path_reference_plus_hash,no SQL copied; stable source/candidate paths plus hashes only; no verifier run and no SER evidence
direct_llm_original__postgres__PERF_0052,direct_llm_original,direct_llm_original_track_a_120_canonical_v0,postgres,PERF_0052,cases/PERF/PERF_0052/sql/source.sql,runs/user/direct_llm_original_track_a_120_canonical_v0__postgres/candidate_sql/PERF_0052__postgres.sql,c7d742cfda6dc04194e4e83eddfe68132023c009e0e67713e0250048a195498b,e323e3335d05eb8259b917f55fe9abbf29ba54daa1cfd7e4225439311a042bb8,schemas/tpcds_perf0052_v0/schema_profile.yaml,local_result_checker_exact_status_only_eligibility_gate,true,path_reference_plus_hash,no SQL copied; stable source/candidate paths plus hashes only; no verifier run and no SER evidence
direct_llm_original__postgres__PERF_0054,direct_llm_original,direct_llm_original_track_a_120_canonical_v0,postgres,PERF_0054,cases/PERF/PERF_0054/sql/source.sql,runs/user/direct_llm_original_track_a_120_canonical_v0__postgres/candidate_sql/PERF_0054__postgres.sql,0a97395e9cd01c7d4c8a83f25406e83d1c1e5dec2ce9cfda696a90b8633bee3f,ac66da96fa10bf7cb7148513289e3b6eab69afbf95736c02670e6739441a1d47,schemas/tpcds_perf0054_v0/schema_profile.yaml,local_result_checker_exact_status_only_eligibility_gate,true,path_reference_plus_hash,no SQL copied; stable source/candidate paths plus hashes only; no verifier run and no SER evidence
direct_llm_original__postgres__PERF_0056,direct_llm_original,direct_llm_original_track_a_120_canonical_v0,postgres,PERF_0056,cases/PERF/PERF_0056/sql/source.sql,runs/user/direct_llm_original_track_a_120_canonical_v0__postgres/candidate_sql/PERF_0056__postgres.sql,2c2a6b7c84816efa61ef43e36bc4d388515bbefbf4727e6ae3fcb14f65b02d93,c2092ba5c2e14a75d047fb16419e3da23261900ef935a0f724f93158e961b437,schemas/tpcds_perf0056_v0/schema_profile.yaml,local_result_checker_exact_status_only_eligibility_gate,true,path_reference_plus_hash,no SQL copied; stable source/candidate paths plus hashes only; no verifier run and no SER evidence
direct_llm_original__postgres__PERF_0062,direct_llm_original,direct_llm_original_track_a_120_canonical_v0,postgres,PERF_0062,cases/PERF/PERF_0062/sql/source.sql,runs/user/direct_llm_original_track_a_120_canonical_v0__postgres/candidate_sql/PERF_0062__postgres.sql,1173728ec616c63fc26002b5c832448959956cab9ec40c7598b1ca3b3eebdc2a,d26d9da881243025aa7d1d8334314b37a2daa90cc40c510f5a7371a804eb78fb,schemas/tpcds_perf0062_v0/schema_profile.yaml,local_result_checker_exact_status_only_eligibility_gate,true,path_reference_plus_hash,no SQL copied; stable source/candidate paths plus hashes only; no verifier run and no SER evidence
direct_llm_original__postgres__PERF_0077,direct_llm_original,direct_llm_original_track_a_120_canonical_v0,postgres,PERF_0077,cases/PERF/PERF_0077/sql/source.sql,runs/user/direct_llm_original_track_a_120_canonical_v0__postgres/candidate_sql/PERF_0077__postgres.sql,b3e94a9ed53d9362995072b587f973f0defa1f2b879be53870396babd45b2bcd,5ea53e95b355aab74648463fd4ebf68142b9cd734f333ebd10ce5864c9141f51,schemas/job_imdb_perf0077_v0/schema_profile.yaml,local_result_checker_exact_status_only_eligibility_gate,true,path_reference_plus_hash,no SQL copied; stable source/candidate paths plus hashes only; no verifier run and no SER evidence
direct_llm_original__postgres__PERF_0082,direct_llm_original,direct_llm_original_track_a_120_canonical_v0,postgres,PERF_0082,cases/PERF/PERF_0082/sql/source.sql,runs/user/direct_llm_original_track_a_120_canonical_v0__postgres/candidate_sql/PERF_0082__postgres.sql,931544a23fdc970ac15b6daf6b2aed935887bf70ea114f59bcfd74d304a3fb80,388a4f1a0a1883f7362c80dc268f4ccf1165a89bb94b5983c96c7ee1ce55642f,schemas/job_imdb_perf0082_v0/schema_profile.yaml,local_result_checker_exact_status_only_eligibility_gate,true,path_reference_plus_hash,no SQL copied; stable source/candidate paths plus hashes only; no verifier run and no SER evidence
direct_llm_original__postgres__CONS_0007,direct_llm_original,direct_llm_original_track_a_120_canonical_v0,postgres,CONS_0007,cases/CONS/CONS_0007/sql/source.sql,runs/user/direct_llm_original_track_a_120_canonical_v0__postgres/candidate_sql/CONS_0007__postgres.sql,87f20da933190edd2e6f72b4fd6fb40328280eb7d39a6d1b9f0ea2ed2da25e32,27f8aaafa58f6ba082b3d904c469479d8c8a0d6e544f74a1ee76cc07456bb1c1,schemas/calcite_core_sql_tests_cons0007_v0/schema_profile.yaml,local_result_checker_exact_status_only_eligibility_gate,true,path_reference_plus_hash,no SQL copied; stable source/candidate paths plus hashes only; no verifier run and no SER evidence
direct_llm_original__postgres__CONS_0009,direct_llm_original,direct_llm_original_track_a_120_canonical_v0,postgres,CONS_0009,cases/CONS/CONS_0009/sql/source.sql,runs/user/direct_llm_original_track_a_120_canonical_v0__postgres/candidate_sql/CONS_0009__postgres.sql,5823c5d0fe149007ba73e1fe607f4b4b68be1852ccd37abe6534188f9e090ba6,5e4b512ce1d588da3685f5b642a26884388f6a42b9f7c62c32467b1a6158497f,schemas/calcite_core_sql_tests_cons0009_v0/schema_profile.yaml,local_result_checker_exact_status_only_eligibility_gate,true,path_reference_plus_hash,no SQL copied; stable source/candidate paths plus hashes only; no verifier run and no SER evidence
direct_llm_original__postgres__CONS_0010,direct_llm_original,direct_llm_original_track_a_120_canonical_v0,postgres,CONS_0010,cases/CONS/CONS_0010/sql/source.sql,runs/user/direct_llm_original_track_a_120_canonical_v0__postgres/candidate_sql/CONS_0010__postgres.sql,1af72c63f62480db554a907264092d5c0457bf93bd7e12c5f080685bd2178785,9b5fc123a92f9dc40c7f3d55138fab98d11b5d098eff3ba140930ca9081d503a,schemas/calcite_core_sql_tests_cons0010_v0/schema_profile.yaml,local_result_checker_exact_status_only_eligibility_gate,true,path_reference_plus_hash,no SQL copied; stable source/candidate paths plus hashes only; no verifier run and no SER evidence
direct_llm_original__postgres__CONS_0011,direct_llm_original,direct_llm_original_track_a_120_canonical_v0,postgres,CONS_0011,cases/CONS/CONS_0011/sql/source.sql,runs/user/direct_llm_original_track_a_120_canonical_v0__postgres/candidate_sql/CONS_0011__postgres.sql,3f461dd446146583d385abc3f138c235745ed5f4bfef18a64e61eb2159362753,562463408416e4f1188b8b571cb7e1b28150f5796a339531c05a0f3991e55146,schemas/calcite_core_sql_tests_cons0011_v0/schema_profile.yaml,local_result_checker_exact_status_only_eligibility_gate,true,path_reference_plus_hash,no SQL copied; stable source/candidate paths plus hashes only; no verifier run and no SER evidence
direct_llm_original__postgres__CONS_0012,direct_llm_original,direct_llm_original_track_a_120_canonical_v0,postgres,CONS_0012,cases/CONS/CONS_0012/sql/source.sql,runs/user/direct_llm_original_track_a_120_canonical_v0__postgres/candidate_sql/CONS_0012__postgres.sql,c0808116a402e85af71bd2812818e68b4b8e47422806a537a1f636d00f9f16b7,8c78ee67a8cf66de0462c6500c60ccf1237f5173a489b12a18256c72c98cfeee,schemas/calcite_core_sql_tests_cons0012_v0/schema_profile.yaml,local_result_checker_exact_status_only_eligibility_gate,true,path_reference_plus_hash,no SQL copied; stable source/candidate paths plus hashes only; no verifier run and no SER evidence
direct_llm_original__postgres__CONS_0024,direct_llm_original,direct_llm_original_track_a_120_canonical_v0,postgres,CONS_0024,cases/CONS/CONS_0024/sql/source.sql,runs/user/direct_llm_original_track_a_120_canonical_v0__postgres/candidate_sql/CONS_0024__postgres.sql,ebbf16b71ff32d3789ee056631ff035375744192381265de1767a529ba166132,41e81ab7e4f0b9a7ec0bc7a1939ff1fc5fd2402bedeca48e8e0218e6dada66c8,schemas/calcite_core_sql_tests_cons0024_v0/schema_profile.yaml,local_result_checker_exact_status_only_eligibility_gate,true,path_reference_plus_hash,no SQL copied; stable source/candidate paths plus hashes only; no verifier run and no SER evidence
direct_llm_original__postgres__CONS_0036,direct_llm_original,direct_llm_original_track_a_120_canonical_v0,postgres,CONS_0036,cases/CONS/CONS_0036/sql/source.sql,runs/user/direct_llm_original_track_a_120_canonical_v0__postgres/candidate_sql/CONS_0036__postgres.sql,b97474505e3930f8ba5c93a9dff5afb9833e5496e637d2adca05246f728df683,b29e56e488c8a7384628c81890354dff7065933007cbd4b83d089052f0b26045,schemas/verieql_cons0036_v0/schema_profile.yaml,local_result_checker_exact_status_only_eligibility_gate,true,path_reference_plus_hash,no SQL copied; stable source/candidate paths plus hashes only; no verifier run and no SER evidence
direct_llm_original__postgres__CONS_0037,direct_llm_original,direct_llm_original_track_a_120_canonical_v0,postgres,CONS_0037,cases/CONS/CONS_0037/sql/source.sql,runs/user/direct_llm_original_track_a_120_canonical_v0__postgres/candidate_sql/CONS_0037__postgres.sql,a54f58daf9f9f32a4bf1b3be9ad5d7674fe79955036f748ff6eddf7aa498123b,2ee87b7ca42cadc08a195b1a0cc93fac72134f2595b4629493903ec88172c929,schemas/verieql_cons0037_v0/schema_profile.yaml,local_result_checker_exact_status_only_eligibility_gate,true,path_reference_plus_hash,no SQL copied; stable source/candidate paths plus hashes only; no verifier run and no SER evidence
direct_llm_original__postgres__PORT_0003,direct_llm_original,direct_llm_original_track_a_120_canonical_v0,postgres,PORT_0003,cases/PORT/PORT_0003/sql/source.sql,runs/user/direct_llm_original_track_a_120_canonical_v0__postgres/candidate_sql/PORT_0003__postgres.sql,2537261ae47aca73b32159c61d2f914f2812ab79c12b29fa2ca166ad0dd2861f,bf1b3e83ee8229e7c576f3e7e556bd7716adb07b07d3bbd5c6e1e2ea181ce529,schemas/parrot_bird_port0003_v0/schema_profile.yaml,local_result_checker_exact_status_only_eligibility_gate,true,path_reference_plus_hash,no SQL copied; stable source/candidate paths plus hashes only; no verifier run and no SER evidence
direct_llm_original__postgres__PORT_0004,direct_llm_original,direct_llm_original_track_a_120_canonical_v0,postgres,PORT_0004,cases/PORT/PORT_0004/sql/source.sql,runs/user/direct_llm_original_track_a_120_canonical_v0__postgres/candidate_sql/PORT_0004__postgres.sql,8eaee79c200631c489eda66c6aee80fe8b12cb249ba349281302940c7a62151f,633198dd85666fc8b78ac7a3301c7f38d3525148edbbe73f57cba7b5fc2920fe,schemas/parrot_bird_port0004_v0/schema_profile.yaml,local_result_checker_exact_status_only_eligibility_gate,true,path_reference_plus_hash,no SQL copied; stable source/candidate paths plus hashes only; no verifier run and no SER evidence
direct_llm_original__postgres__PORT_0005,direct_llm_original,direct_llm_original_track_a_120_canonical_v0,postgres,PORT_0005,cases/PORT/PORT_0005/sql/source.sql,runs/user/direct_llm_original_track_a_120_canonical_v0__postgres/candidate_sql/PORT_0005__postgres.sql,cc1a134dcca992ad700f810329a0d797fa2028d23dc6c32c7c53608b72112c6a,b2f6f3a2ef37b2508ba463cf6ab8539053276ba122548a54b83526386fc681f3,schemas/parrot_bird_port0005_v0/schema_profile.yaml,local_result_checker_exact_status_only_eligibility_gate,true,path_reference_plus_hash,no SQL copied; stable source/candidate paths plus hashes only; no verifier run and no SER evidence
direct_llm_original__postgres__PORT_0008,direct_llm_original,direct_llm_original_track_a_120_canonical_v0,postgres,PORT_0008,cases/PORT/PORT_0008/sql/source.sql,runs/user/direct_llm_original_track_a_120_canonical_v0__postgres/candidate_sql/PORT_0008__postgres.sql,338cf9bd10d592102ca3b7a17fa725dd70b895d55f5a7dd7f59cc623d876aaf2,b7db8c57af58c51008ee7c530c90b4bc9643ac07141aff7b4aeb82329256f94c,schemas/parrot_bird_port0008_v0/schema_profile.yaml,local_result_checker_exact_status_only_eligibility_gate,true,path_reference_plus_hash,no SQL copied; stable source/candidate paths plus hashes only; no verifier run and no SER evidence
direct_llm_original__postgres__PORT_0012,direct_llm_original,direct_llm_original_track_a_120_canonical_v0,postgres,PORT_0012,cases/PORT/PORT_0012/sql/source.sql,runs/user/direct_llm_original_track_a_120_canonical_v0__postgres/candidate_sql/PORT_0012__postgres.sql,6c2f1fc97fccfc98cb0d649e63ef96f1a6fa8c48153a3c5982f0b681a132fdfc,6b061c8d6cd070326c882ef2061bbc19906bed0f3983ab36909beef47d6afec8,schemas/parrot_bird_port0012_v0/schema_profile.yaml,local_result_checker_exact_status_only_eligibility_gate,true,path_reference_plus_hash,no SQL copied; stable source/candidate paths plus hashes only; no verifier run and no SER evidence
direct_llm_original__postgres__PORT_0013,direct_llm_original,direct_llm_original_track_a_120_canonical_v0,postgres,PORT_0013,cases/PORT/PORT_0013/sql/source.sql,runs/user/direct_llm_original_track_a_120_canonical_v0__postgres/candidate_sql/PORT_0013__postgres.sql,05e5a1bb489c4913f5153c04b709b4d869738b50dd364e0e113a1f332065e666,e69593356765a4b4c6f15253b5b01ea98a2bccb64b23db0f159b451a7327dab8,schemas/parrot_bird_port0013_v0/schema_profile.yaml,local_result_checker_exact_status_only_eligibility_gate,true,path_reference_plus_hash,no SQL copied; stable source/candidate paths plus hashes only; no verifier run and no SER evidence
direct_llm_original__postgres__PORT_0022,direct_llm_original,direct_llm_original_track_a_120_canonical_v0,postgres,PORT_0022,cases/PORT/PORT_0022/sql/source.sql,runs/user/direct_llm_original_track_a_120_canonical_v0__postgres/candidate_sql/PORT_0022__postgres.sql,c2bfad6e238e73027a41a0ef7df09c11324c3d4de6ca631a2cf92049163f967f,0ccd74b36a1e9924d5b832b0b0480f22ef96c34e07b2fcf2a663ae9477552c01,schemas/parrot_bird_port0022_v0/schema_profile.yaml,local_result_checker_exact_status_only_eligibility_gate,true,path_reference_plus_hash,no SQL copied; stable source/candidate paths plus hashes only; no verifier run and no SER evidence
direct_llm_original__postgres__PORT_0024,direct_llm_original,direct_llm_original_track_a_120_canonical_v0,postgres,PORT_0024,cases/PORT/PORT_0024/sql/source.sql,runs/user/direct_llm_original_track_a_120_canonical_v0__postgres/candidate_sql/PORT_0024__postgres.sql,f3d118fe405944ef044a57ee3cf1834c75a63ffc76cbe15f7640db66726d242f,a79cbea37308874bd9b6368c5d2378d5c3f0962081340e1f378cc38e3c16eb55,schemas/parrot_bird_port0024_v0/schema_profile.yaml,local_result_checker_exact_status_only_eligibility_gate,true,path_reference_plus_hash,no SQL copied; stable source/candidate paths plus hashes only; no verifier run and no SER evidence
direct_llm_original__postgres__PORT_0025,direct_llm_original,direct_llm_original_track_a_120_canonical_v0,postgres,PORT_0025,cases/PORT/PORT_0025/sql/source.sql,runs/user/direct_llm_original_track_a_120_canonical_v0__postgres/candidate_sql/PORT_0025__postgres.sql,c16914d327c777e614b91cc1196ee05b25b8ee90fb99b3cdbc04002ebb8f6efd,e43897f44ca2a310309e611d0d99040652aea8d76a64474e544609305978abaa,schemas/parrot_bird_port0025_v0/schema_profile.yaml,local_result_checker_exact_status_only_eligibility_gate,true,path_reference_plus_hash,no SQL copied; stable source/candidate paths plus hashes only; no verifier run and no SER evidence
direct_llm_original__postgres__LONGTAIL_0011,direct_llm_original,direct_llm_original_track_a_120_canonical_v0,postgres,LONGTAIL_0011,cases/LONGTAIL/LONGTAIL_0011/sql/source.sql,runs/user/direct_llm_original_track_a_120_canonical_v0__postgres/candidate_sql/LONGTAIL_0011__postgres.sql,dc674b49bd030f320141fe221ee3a9e7bd4791a47049f757ec9c72ad62d37928,4c8191a3fdc40b29771b567a12b0272ba9663686f66f31efdd9d5517b7e826ef,schemas/sqlstorm_stackoverflow_longtail0011_v0/schema_profile.yaml,local_result_checker_exact_status_only_eligibility_gate,true,path_reference_plus_hash,no SQL copied; stable source/candidate paths plus hashes only; no verifier run and no SER evidence
direct_llm_original__postgres__LONGTAIL_0012,direct_llm_original,direct_llm_original_track_a_120_canonical_v0,postgres,LONGTAIL_0012,cases/LONGTAIL/LONGTAIL_0012/sql/source.sql,runs/user/direct_llm_original_track_a_120_canonical_v0__postgres/candidate_sql/LONGTAIL_0012__postgres.sql,fee7b11be08a3461f07797bcee5e404d7deb2ff0e42acb44e7fc5bed35cf4de1,5afffe6dfd8a4cfbc2779fc4e6c1fcfa301d880623fe16109dac074a33ae84ec,schemas/sqlstorm_stackoverflow_longtail0012_v0/schema_profile.yaml,local_result_checker_exact_status_only_eligibility_gate,true,path_reference_plus_hash,no SQL copied; stable source/candidate paths plus hashes only; no verifier run and no SER evidence
direct_llm_original__postgres__LONGTAIL_0013,direct_llm_original,direct_llm_original_track_a_120_canonical_v0,postgres,LONGTAIL_0013,cases/LONGTAIL/LONGTAIL_0013/sql/source.sql,runs/user/direct_llm_original_track_a_120_canonical_v0__postgres/candidate_sql/LONGTAIL_0013__postgres.sql,188f7da6e1c11b08a4d846a0e85cbb1a0115607f0859ff83e8aae2a13b3a9cd9,c3a35e039f9acdf2c95d37edd31337fb2c264c80d9c2791585f39f0d8e30a3ef,schemas/sqlstorm_stackoverflow_longtail0013_v0/schema_profile.yaml,local_result_checker_exact_status_only_eligibility_gate,true,path_reference_plus_hash,no SQL copied; stable source/candidate paths plus hashes only; no verifier run and no SER evidence
direct_llm_original__postgres__LONGTAIL_0022,direct_llm_original,direct_llm_original_track_a_120_canonical_v0,postgres,LONGTAIL_0022,cases/LONGTAIL/LONGTAIL_0022/sql/source.sql,runs/user/direct_llm_original_track_a_120_canonical_v0__postgres/candidate_sql/LONGTAIL_0022__postgres.sql,c5558cfdf705ef3fd0bf2e69afbaa1a38192f37b7563a1ae145a41de3d9fba50,ead7d4520f06b83baf7d798e6d7a83d6d71144387186ee1460bc826dda753e25,schemas/stack_queries_longtail0022_v0/schema_profile.yaml,local_result_checker_exact_status_only_eligibility_gate,true,path_reference_plus_hash,no SQL copied; stable source/candidate paths plus hashes only; no verifier run and no SER evidence
direct_llm_original__postgres__LONGTAIL_0023,direct_llm_original,direct_llm_original_track_a_120_canonical_v0,postgres,LONGTAIL_0023,cases/LONGTAIL/LONGTAIL_0023/sql/source.sql,runs/user/direct_llm_original_track_a_120_canonical_v0__postgres/candidate_sql/LONGTAIL_0023__postgres.sql,758d318d64074b7bad77fdb1bc5418f9a87058603922d710161549eb43ebe926,37390661dea1d74cdccb101cb73657101ca1e09ff04d10344ce89add626f6561,schemas/stack_queries_longtail0023_v0/schema_profile.yaml,local_result_checker_exact_status_only_eligibility_gate,true,path_reference_plus_hash,no SQL copied; stable source/candidate paths plus hashes only; no verifier run and no SER evidence
direct_llm_original__postgres__LONGTAIL_0024,direct_llm_original,direct_llm_original_track_a_120_canonical_v0,postgres,LONGTAIL_0024,cases/LONGTAIL/LONGTAIL_0024/sql/source.sql,runs/user/direct_llm_original_track_a_120_canonical_v0__postgres/candidate_sql/LONGTAIL_0024__postgres.sql,9d46fb0a71730e776594aa7c8d40cf359572fc7ceb6edc6572c0a2431b390c53,ef04729d456218f5c0aedd760b094a79ea102ebf263db807be1502bb0b938a28,schemas/stack_queries_longtail0024_v0/schema_profile.yaml,local_result_checker_exact_status_only_eligibility_gate,true,path_reference_plus_hash,no SQL copied; stable source/candidate paths plus hashes only; no verifier run and no SER evidence
direct_llm_original__mysql__PERF_0006,direct_llm_original,direct_llm_original_track_a_120_canonical_v0,mysql,PERF_0006,cases/PERF/PERF_0006/sql/source.sql,runs/user/direct_llm_original_track_a_120_canonical_v0__mysql/candidate_sql/PERF_0006__mysql.sql,250256397b1969ed1f7080c201b9440b0c917720508edf89497dab51e841562b,4da582fe46ca527d0e901d772dd2c97133950b2750c62ded95dfb33a2c71073b,schemas/tpch_common_core_v0/schema_profile.yaml,local_result_checker_exact_status_only_eligibility_gate,true,path_reference_plus_hash,no SQL copied; stable source/candidate paths plus hashes only; no verifier run and no SER evidence
direct_llm_original__mysql__PERF_0007,direct_llm_original,direct_llm_original_track_a_120_canonical_v0,mysql,PERF_0007,cases/PERF/PERF_0007/sql/source.sql,runs/user/direct_llm_original_track_a_120_canonical_v0__mysql/candidate_sql/PERF_0007__mysql.sql,9dc696fb97b2ee3ebc57a8cc63e0eae624c07a2fd005ce0e396a5b70c8a61939,6023f2992fa4b1bfe9057f8cd74f6d17dc7ed0f2762302ab988990aa63eac37a,schemas/tpch_perf0007_v0/schema_profile.yaml,local_result_checker_exact_status_only_eligibility_gate,true,path_reference_plus_hash,no SQL copied; stable source/candidate paths plus hashes only; no verifier run and no SER evidence
direct_llm_original__mysql__PERF_0008,direct_llm_original,direct_llm_original_track_a_120_canonical_v0,mysql,PERF_0008,cases/PERF/PERF_0008/sql/source.sql,runs/user/direct_llm_original_track_a_120_canonical_v0__mysql/candidate_sql/PERF_0008__mysql.sql,c99c82eda540a5873e8a3eb1ef8827ef013ff1433510bf7b78c2c773f81d3ba8,041454af05eee5f617574a77494403a7da9a4e743a8ce0474dc7e13b0c2986f9,schemas/tpch_perf0008_v0/schema_profile.yaml,local_result_checker_exact_status_only_eligibility_gate,true,path_reference_plus_hash,no SQL copied; stable source/candidate paths plus hashes only; no verifier run and no SER evidence
direct_llm_original__mysql__PERF_0013,direct_llm_original,direct_llm_original_track_a_120_canonical_v0,mysql,PERF_0013,cases/PERF/PERF_0013/sql/source.sql,runs/user/direct_llm_original_track_a_120_canonical_v0__mysql/candidate_sql/PERF_0013__mysql.sql,89d0f9a09a41e96b6b3c0c9fa92d7926b177bc1917cd233758ee2773be807064,ec3db214feb87a78f093864d11f2ea379a523867595496339c2fc52fd45d2acf,schemas/tpch_perf0013_v0/schema_profile.yaml,local_result_checker_exact_status_only_eligibility_gate,true,path_reference_plus_hash,no SQL copied; stable source/candidate paths plus hashes only; no verifier run and no SER evidence
direct_llm_original__mysql__PERF_0017,direct_llm_original,direct_llm_original_track_a_120_canonical_v0,mysql,PERF_0017,cases/PERF/PERF_0017/sql/source.sql,runs/user/direct_llm_original_track_a_120_canonical_v0__mysql/candidate_sql/PERF_0017__mysql.sql,710366ebada2ecaa7d56a6a84b1bb8a7571ebbf296d1664f4530b3a0c8f850ca,1bfa0813458b496374e15ec21bcfd9bec1447c64c9d71a1bb900dbcc9355d3b2,schemas/tpch_perf0017_v0/schema_profile.yaml,local_result_checker_exact_status_only_eligibility_gate,true,path_reference_plus_hash,no SQL copied; stable source/candidate paths plus hashes only; no verifier run and no SER evidence
direct_llm_original__mysql__PERF_0019,direct_llm_original,direct_llm_original_track_a_120_canonical_v0,mysql,PERF_0019,cases/PERF/PERF_0019/sql/source.sql,runs/user/direct_llm_original_track_a_120_canonical_v0__mysql/candidate_sql/PERF_0019__mysql.sql,099a3ecc8fd1d77bd86c9aa25b43a2c4e7c5c4832edb756491db80ccff6cf422,5d0ad63eabde059fdb04672e347b42e511b43a4bf99bbad1e42c3fbfe468c010,schemas/tpch_perf0019_v0/schema_profile.yaml,local_result_checker_exact_status_only_eligibility_gate,true,path_reference_plus_hash,no SQL copied; stable source/candidate paths plus hashes only; no verifier run and no SER evidence
direct_llm_original__mysql__PERF_0024,direct_llm_original,direct_llm_original_track_a_120_canonical_v0,mysql,PERF_0024,cases/PERF/PERF_0024/sql/source.sql,runs/user/direct_llm_original_track_a_120_canonical_v0__mysql/candidate_sql/PERF_0024__mysql.sql,adbcd38897f700fdeecc2d8b018ac5618929276fe8a0b58169bc2f5b242a79ac,f0c34b3c30297fdbdc28776f37e8e7c888afcf8cfc4dc4830a7eae98613b2846,schemas/tpch_perf0024_v0/schema_profile.yaml,local_result_checker_exact_status_only_eligibility_gate,true,path_reference_plus_hash,no SQL copied; stable source/candidate paths plus hashes only; no verifier run and no SER evidence
direct_llm_original__mysql__PERF_0033,direct_llm_original,direct_llm_original_track_a_120_canonical_v0,mysql,PERF_0033,cases/PERF/PERF_0033/sql/source.sql,runs/user/direct_llm_original_track_a_120_canonical_v0__mysql/candidate_sql/PERF_0033__mysql.sql,d0f865f84426d3b2cbf7c887f2c70b14fc1279f2c0822ea212e1542aaa9fd3c2,64f6b8d64282f2c6bd3ec1af354ad815835892b7f677b4644d74a6fbdd2cb34e,schemas/tpcds_perf0033_v0/schema_profile.yaml,local_result_checker_exact_status_only_eligibility_gate,true,path_reference_plus_hash,no SQL copied; stable source/candidate paths plus hashes only; no verifier run and no SER evidence
direct_llm_original__mysql__PERF_0034,direct_llm_original,direct_llm_original_track_a_120_canonical_v0,mysql,PERF_0034,cases/PERF/PERF_0034/sql/source.sql,runs/user/direct_llm_original_track_a_120_canonical_v0__mysql/candidate_sql/PERF_0034__mysql.sql,7b067603fc8093dd845c2fa77a582f02e59513456e6befcb0e4f4541b42b205f,bf9a2d79b5faebd097aae16d57d9e67c8a3529cf58835a186d600ca7597d3869,schemas/tpcds_perf0034_v0/schema_profile.yaml,local_result_checker_exact_status_only_eligibility_gate,true,path_reference_plus_hash,no SQL copied; stable source/candidate paths plus hashes only; no verifier run and no SER evidence
direct_llm_original__mysql__PERF_0035,direct_llm_original,direct_llm_original_track_a_120_canonical_v0,mysql,PERF_0035,cases/PERF/PERF_0035/sql/source.sql,runs/user/direct_llm_original_track_a_120_canonical_v0__mysql/candidate_sql/PERF_0035__mysql.sql,9977cac76fdd6e06994c1b1e13c1e84154cc6074fa05584c0eb337b15ce806f6,7bec8bd45addc26c5ed47032dae7243f18edd98fc5cae073752a6cbd3c487874,schemas/tpcds_perf0035_v0/schema_profile.yaml,local_result_checker_exact_status_only_eligibility_gate,true,path_reference_plus_hash,no SQL copied; stable source/candidate paths plus hashes only; no verifier run and no SER evidence
direct_llm_original__mysql__PERF_0052,direct_llm_original,direct_llm_original_track_a_120_canonical_v0,mysql,PERF_0052,cases/PERF/PERF_0052/sql/source.sql,runs/user/direct_llm_original_track_a_120_canonical_v0__mysql/candidate_sql/PERF_0052__mysql.sql,c7d742cfda6dc04194e4e83eddfe68132023c009e0e67713e0250048a195498b,076bef62cb95a3af432a9a41e91fdef8d355873641bde06659141fa8b8d4b042,schemas/tpcds_perf0052_v0/schema_profile.yaml,local_result_checker_exact_status_only_eligibility_gate,true,path_reference_plus_hash,no SQL copied; stable source/candidate paths plus hashes only; no verifier run and no SER evidence
direct_llm_original__mysql__PERF_0054,direct_llm_original,direct_llm_original_track_a_120_canonical_v0,mysql,PERF_0054,cases/PERF/PERF_0054/sql/source.sql,runs/user/direct_llm_original_track_a_120_canonical_v0__mysql/candidate_sql/PERF_0054__mysql.sql,0a97395e9cd01c7d4c8a83f25406e83d1c1e5dec2ce9cfda696a90b8633bee3f,c535d36c8941505acb0f3cfc1ce9eaeb1c30b86fabf4737b241c8f1182ea74ef,schemas/tpcds_perf0054_v0/schema_profile.yaml,local_result_checker_exact_status_only_eligibility_gate,true,path_reference_plus_hash,no SQL copied; stable source/candidate paths plus hashes only; no verifier run and no SER evidence
direct_llm_original__mysql__PERF_0056,direct_llm_original,direct_llm_original_track_a_120_canonical_v0,mysql,PERF_0056,cases/PERF/PERF_0056/sql/source.sql,runs/user/direct_llm_original_track_a_120_canonical_v0__mysql/candidate_sql/PERF_0056__mysql.sql,2c2a6b7c84816efa61ef43e36bc4d388515bbefbf4727e6ae3fcb14f65b02d93,3460cd0b4db75ee49378ece5c27eb3cacb162c1c71e2d3a841a30b678bcd6bac,schemas/tpcds_perf0056_v0/schema_profile.yaml,local_result_checker_exact_status_only_eligibility_gate,true,path_reference_plus_hash,no SQL copied; stable source/candidate paths plus hashes only; no verifier run and no SER evidence
direct_llm_original__mysql__PERF_0077,direct_llm_original,direct_llm_original_track_a_120_canonical_v0,mysql,PERF_0077,cases/PERF/PERF_0077/sql/source.sql,runs/user/direct_llm_original_track_a_120_canonical_v0__mysql/candidate_sql/PERF_0077__mysql.sql,b3e94a9ed53d9362995072b587f973f0defa1f2b879be53870396babd45b2bcd,099c467014a92e5855c086cfce271da94432ad3b65be7dca7cd34d2ed7a6a5f1,schemas/job_imdb_perf0077_v0/schema_profile.yaml,local_result_checker_exact_status_only_eligibility_gate,true,path_reference_plus_hash,no SQL copied; stable source/candidate paths plus hashes only; no verifier run and no SER evidence
direct_llm_original__mysql__PERF_0082,direct_llm_original,direct_llm_original_track_a_120_canonical_v0,mysql,PERF_0082,cases/PERF/PERF_0082/sql/source.sql,runs/user/direct_llm_original_track_a_120_canonical_v0__mysql/candidate_sql/PERF_0082__mysql.sql,931544a23fdc970ac15b6daf6b2aed935887bf70ea114f59bcfd74d304a3fb80,d2aee3bc88fed9433d1dbcd70d3b1a12be3b7e42ae4ecc02a1eceda1fdb205d7,schemas/job_imdb_perf0082_v0/schema_profile.yaml,local_result_checker_exact_status_only_eligibility_gate,true,path_reference_plus_hash,no SQL copied; stable source/candidate paths plus hashes only; no verifier run and no SER evidence
direct_llm_original__mysql__CONS_0007,direct_llm_original,direct_llm_original_track_a_120_canonical_v0,mysql,CONS_0007,cases/CONS/CONS_0007/sql/source.sql,runs/user/direct_llm_original_track_a_120_canonical_v0__mysql/candidate_sql/CONS_0007__mysql.sql,87f20da933190edd2e6f72b4fd6fb40328280eb7d39a6d1b9f0ea2ed2da25e32,27f8aaafa58f6ba082b3d904c469479d8c8a0d6e544f74a1ee76cc07456bb1c1,schemas/calcite_core_sql_tests_cons0007_v0/schema_profile.yaml,local_result_checker_exact_status_only_eligibility_gate,true,path_reference_plus_hash,no SQL copied; stable source/candidate paths plus hashes only; no verifier run and no SER evidence
direct_llm_original__mysql__CONS_0009,direct_llm_original,direct_llm_original_track_a_120_canonical_v0,mysql,CONS_0009,cases/CONS/CONS_0009/sql/source.sql,runs/user/direct_llm_original_track_a_120_canonical_v0__mysql/candidate_sql/CONS_0009__mysql.sql,5823c5d0fe149007ba73e1fe607f4b4b68be1852ccd37abe6534188f9e090ba6,d535ff0b3a7f487d2f227850e13fba14203176a1377fed8cfbf0545e71bd4005,schemas/calcite_core_sql_tests_cons0009_v0/schema_profile.yaml,local_result_checker_exact_status_only_eligibility_gate,true,path_reference_plus_hash,no SQL copied; stable source/candidate paths plus hashes only; no verifier run and no SER evidence
direct_llm_original__mysql__CONS_0010,direct_llm_original,direct_llm_original_track_a_120_canonical_v0,mysql,CONS_0010,cases/CONS/CONS_0010/sql/source.sql,runs/user/direct_llm_original_track_a_120_canonical_v0__mysql/candidate_sql/CONS_0010__mysql.sql,1af72c63f62480db554a907264092d5c0457bf93bd7e12c5f080685bd2178785,9b5fc123a92f9dc40c7f3d55138fab98d11b5d098eff3ba140930ca9081d503a,schemas/calcite_core_sql_tests_cons0010_v0/schema_profile.yaml,local_result_checker_exact_status_only_eligibility_gate,true,path_reference_plus_hash,no SQL copied; stable source/candidate paths plus hashes only; no verifier run and no SER evidence
direct_llm_original__mysql__CONS_0011,direct_llm_original,direct_llm_original_track_a_120_canonical_v0,mysql,CONS_0011,cases/CONS/CONS_0011/sql/source.sql,runs/user/direct_llm_original_track_a_120_canonical_v0__mysql/candidate_sql/CONS_0011__mysql.sql,3f461dd446146583d385abc3f138c235745ed5f4bfef18a64e61eb2159362753,562463408416e4f1188b8b571cb7e1b28150f5796a339531c05a0f3991e55146,schemas/calcite_core_sql_tests_cons0011_v0/schema_profile.yaml,local_result_checker_exact_status_only_eligibility_gate,true,path_reference_plus_hash,no SQL copied; stable source/candidate paths plus hashes only; no verifier run and no SER evidence
direct_llm_original__mysql__CONS_0012,direct_llm_original,direct_llm_original_track_a_120_canonical_v0,mysql,CONS_0012,cases/CONS/CONS_0012/sql/source.sql,runs/user/direct_llm_original_track_a_120_canonical_v0__mysql/candidate_sql/CONS_0012__mysql.sql,c0808116a402e85af71bd2812818e68b4b8e47422806a537a1f636d00f9f16b7,6ac76280e1bf9058e6ff9ea83000c2d2f6e9d77c79a1baea28faddc66c257550,schemas/calcite_core_sql_tests_cons0012_v0/schema_profile.yaml,local_result_checker_exact_status_only_eligibility_gate,true,path_reference_plus_hash,no SQL copied; stable source/candidate paths plus hashes only; no verifier run and no SER evidence
direct_llm_original__mysql__CONS_0024,direct_llm_original,direct_llm_original_track_a_120_canonical_v0,mysql,CONS_0024,cases/CONS/CONS_0024/sql/source.sql,runs/user/direct_llm_original_track_a_120_canonical_v0__mysql/candidate_sql/CONS_0024__mysql.sql,ebbf16b71ff32d3789ee056631ff035375744192381265de1767a529ba166132,41e81ab7e4f0b9a7ec0bc7a1939ff1fc5fd2402bedeca48e8e0218e6dada66c8,schemas/calcite_core_sql_tests_cons0024_v0/schema_profile.yaml,local_result_checker_exact_status_only_eligibility_gate,true,path_reference_plus_hash,no SQL copied; stable source/candidate paths plus hashes only; no verifier run and no SER evidence
direct_llm_original__mysql__CONS_0036,direct_llm_original,direct_llm_original_track_a_120_canonical_v0,mysql,CONS_0036,cases/CONS/CONS_0036/sql/source.sql,runs/user/direct_llm_original_track_a_120_canonical_v0__mysql/candidate_sql/CONS_0036__mysql.sql,b97474505e3930f8ba5c93a9dff5afb9833e5496e637d2adca05246f728df683,b29e56e488c8a7384628c81890354dff7065933007cbd4b83d089052f0b26045,schemas/verieql_cons0036_v0/schema_profile.yaml,local_result_checker_exact_status_only_eligibility_gate,true,path_reference_plus_hash,no SQL copied; stable source/candidate paths plus hashes only; no verifier run and no SER evidence
direct_llm_original__mysql__PORT_0003,direct_llm_original,direct_llm_original_track_a_120_canonical_v0,mysql,PORT_0003,cases/PORT/PORT_0003/sql/source.sql,runs/user/direct_llm_original_track_a_120_canonical_v0__mysql/candidate_sql/PORT_0003__mysql.sql,2537261ae47aca73b32159c61d2f914f2812ab79c12b29fa2ca166ad0dd2861f,27a2f7d084f6c631113cf81f59f226093ad28b06adb64feff8bb4aa464de62a1,schemas/parrot_bird_port0003_v0/schema_profile.yaml,local_result_checker_exact_status_only_eligibility_gate,true,path_reference_plus_hash,no SQL copied; stable source/candidate paths plus hashes only; no verifier run and no SER evidence
direct_llm_original__mysql__PORT_0005,direct_llm_original,direct_llm_original_track_a_120_canonical_v0,mysql,PORT_0005,cases/PORT/PORT_0005/sql/source.sql,runs/user/direct_llm_original_track_a_120_canonical_v0__mysql/candidate_sql/PORT_0005__mysql.sql,cc1a134dcca992ad700f810329a0d797fa2028d23dc6c32c7c53608b72112c6a,0dd05d4b6668c0e113f50087b99a424f93f9ff697eaff5d407b1b2db28ea5c1c,schemas/parrot_bird_port0005_v0/schema_profile.yaml,local_result_checker_exact_status_only_eligibility_gate,true,path_reference_plus_hash,no SQL copied; stable source/candidate paths plus hashes only; no verifier run and no SER evidence
direct_llm_original__mysql__PORT_0008,direct_llm_original,direct_llm_original_track_a_120_canonical_v0,mysql,PORT_0008,cases/PORT/PORT_0008/sql/source.sql,runs/user/direct_llm_original_track_a_120_canonical_v0__mysql/candidate_sql/PORT_0008__mysql.sql,338cf9bd10d592102ca3b7a17fa725dd70b895d55f5a7dd7f59cc623d876aaf2,80c283fd2014e4db989b71e8c09dbc78225fb86514d4254d63e04f3a6e9d335c,schemas/parrot_bird_port0008_v0/schema_profile.yaml,local_result_checker_exact_status_only_eligibility_gate,true,path_reference_plus_hash,no SQL copied; stable source/candidate paths plus hashes only; no verifier run and no SER evidence
direct_llm_original__mysql__PORT_0025,direct_llm_original,direct_llm_original_track_a_120_canonical_v0,mysql,PORT_0025,cases/PORT/PORT_0025/sql/source.sql,runs/user/direct_llm_original_track_a_120_canonical_v0__mysql/candidate_sql/PORT_0025__mysql.sql,c16914d327c777e614b91cc1196ee05b25b8ee90fb99b3cdbc04002ebb8f6efd,8b43e640fd799f33e61b799c413e6aeec147f5fc6576693099454d34377bc8d5,schemas/parrot_bird_port0025_v0/schema_profile.yaml,local_result_checker_exact_status_only_eligibility_gate,true,path_reference_plus_hash,no SQL copied; stable source/candidate paths plus hashes only; no verifier run and no SER evidence
direct_llm_original__mysql__LONGTAIL_0011,direct_llm_original,direct_llm_original_track_a_120_canonical_v0,mysql,LONGTAIL_0011,cases/LONGTAIL/LONGTAIL_0011/sql/source.sql,runs/user/direct_llm_original_track_a_120_canonical_v0__mysql/candidate_sql/LONGTAIL_0011__mysql.sql,dc674b49bd030f320141fe221ee3a9e7bd4791a47049f757ec9c72ad62d37928,a182fe8eb1e81687021644ec6bbf1e4acf9ac69c17b76f62962bf0b098cbe98e,schemas/sqlstorm_stackoverflow_longtail0011_v0/schema_profile.yaml,local_result_checker_exact_status_only_eligibility_gate,true,path_reference_plus_hash,no SQL copied; stable source/candidate paths plus hashes only; no verifier run and no SER evidence
direct_llm_original__mysql__LONGTAIL_0012,direct_llm_original,direct_llm_original_track_a_120_canonical_v0,mysql,LONGTAIL_0012,cases/LONGTAIL/LONGTAIL_0012/sql/source.sql,runs/user/direct_llm_original_track_a_120_canonical_v0__mysql/candidate_sql/LONGTAIL_0012__mysql.sql,fee7b11be08a3461f07797bcee5e404d7deb2ff0e42acb44e7fc5bed35cf4de1,5449c9a5ae1857dbae2c92c3b38048b8ff4f87645e8b4eabe4d4997c38fb082f,schemas/sqlstorm_stackoverflow_longtail0012_v0/schema_profile.yaml,local_result_checker_exact_status_only_eligibility_gate,true,path_reference_plus_hash,no SQL copied; stable source/candidate paths plus hashes only; no verifier run and no SER evidence
direct_llm_original__mysql__LONGTAIL_0013,direct_llm_original,direct_llm_original_track_a_120_canonical_v0,mysql,LONGTAIL_0013,cases/LONGTAIL/LONGTAIL_0013/sql/source.sql,runs/user/direct_llm_original_track_a_120_canonical_v0__mysql/candidate_sql/LONGTAIL_0013__mysql.sql,188f7da6e1c11b08a4d846a0e85cbb1a0115607f0859ff83e8aae2a13b3a9cd9,46f5f908f60f174e983e2ed39d941fdfc50e47b367613314d6dcb3df1ac57ff4,schemas/sqlstorm_stackoverflow_longtail0013_v0/schema_profile.yaml,local_result_checker_exact_status_only_eligibility_gate,true,path_reference_plus_hash,no SQL copied; stable source/candidate paths plus hashes only; no verifier run and no SER evidence
direct_llm_original__mysql__LONGTAIL_0022,direct_llm_original,direct_llm_original_track_a_120_canonical_v0,mysql,LONGTAIL_0022,cases/LONGTAIL/LONGTAIL_0022/sql/source.sql,runs/user/direct_llm_original_track_a_120_canonical_v0__mysql/candidate_sql/LONGTAIL_0022__mysql.sql,c5558cfdf705ef3fd0bf2e69afbaa1a38192f37b7563a1ae145a41de3d9fba50,53be35482a8ab7634b4762df5f233e147759f82f3ce22b58e9e80b308f66cccf,schemas/stack_queries_longtail0022_v0/schema_profile.yaml,local_result_checker_exact_status_only_eligibility_gate,true,path_reference_plus_hash,no SQL copied; stable source/candidate paths plus hashes only; no verifier run and no SER evidence
direct_llm_original__mysql__LONGTAIL_0023,direct_llm_original,direct_llm_original_track_a_120_canonical_v0,mysql,LONGTAIL_0023,cases/LONGTAIL/LONGTAIL_0023/sql/source.sql,runs/user/direct_llm_original_track_a_120_canonical_v0__mysql/candidate_sql/LONGTAIL_0023__mysql.sql,758d318d64074b7bad77fdb1bc5418f9a87058603922d710161549eb43ebe926,27fccb9c86c5ab2d43aac7280ba1b62a7ca4fe6f770b6bd1e3cf4718909e0955,schemas/stack_queries_longtail0023_v0/schema_profile.yaml,local_result_checker_exact_status_only_eligibility_gate,true,path_reference_plus_hash,no SQL copied; stable source/candidate paths plus hashes only; no verifier run and no SER evidence
direct_llm_original__mysql__LONGTAIL_0024,direct_llm_original,direct_llm_original_track_a_120_canonical_v0,mysql,LONGTAIL_0024,cases/LONGTAIL/LONGTAIL_0024/sql/source.sql,runs/user/direct_llm_original_track_a_120_canonical_v0__mysql/candidate_sql/LONGTAIL_0024__mysql.sql,9d46fb0a71730e776594aa7c8d40cf359572fc7ceb6edc6572c0a2431b390c53,df041068cf8ee8b0649751f95fffe018fb8aca7d70f32870c220d68ff4380ff9,schemas/stack_queries_longtail0024_v0/schema_profile.yaml,local_result_checker_exact_status_only_eligibility_gate,true,path_reference_plus_hash,no SQL copied; stable source/candidate paths plus hashes only; no verifier run and no SER evidence
direct_llm_original__spark__PERF_0006,direct_llm_original,direct_llm_original_track_a_120_canonical_v0,spark,PERF_0006,cases/PERF/PERF_0006/sql/source.sql,runs/user/direct_llm_original_track_a_120_canonical_v0__spark/candidate_sql/PERF_0006__spark.sql,250256397b1969ed1f7080c201b9440b0c917720508edf89497dab51e841562b,b7b3ab07efd60755f8d6dac2d299a2e38f1eee1cfbdfc88d85acd7be07a0dbd2,schemas/tpch_common_core_v0/schema_profile.yaml,local_result_checker_exact_status_only_eligibility_gate,true,path_reference_plus_hash,no SQL copied; stable source/candidate paths plus hashes only; no verifier run and no SER evidence
direct_llm_original__spark__PERF_0007,direct_llm_original,direct_llm_original_track_a_120_canonical_v0,spark,PERF_0007,cases/PERF/PERF_0007/sql/source.sql,runs/user/direct_llm_original_track_a_120_canonical_v0__spark/candidate_sql/PERF_0007__spark.sql,9dc696fb97b2ee3ebc57a8cc63e0eae624c07a2fd005ce0e396a5b70c8a61939,dbd1810b1477d1613239849dea3c53ef4aa637423c929a6a9ba101778a7a5a82,schemas/tpch_perf0007_v0/schema_profile.yaml,local_result_checker_exact_status_only_eligibility_gate,true,path_reference_plus_hash,no SQL copied; stable source/candidate paths plus hashes only; no verifier run and no SER evidence
direct_llm_original__spark__PERF_0008,direct_llm_original,direct_llm_original_track_a_120_canonical_v0,spark,PERF_0008,cases/PERF/PERF_0008/sql/source.sql,runs/user/direct_llm_original_track_a_120_canonical_v0__spark/candidate_sql/PERF_0008__spark.sql,c99c82eda540a5873e8a3eb1ef8827ef013ff1433510bf7b78c2c773f81d3ba8,b8d1397ce8d9e1914497a213501cbf04115e4d969ecac7862c6afc7a45b75ecc,schemas/tpch_perf0008_v0/schema_profile.yaml,local_result_checker_exact_status_only_eligibility_gate,true,path_reference_plus_hash,no SQL copied; stable source/candidate paths plus hashes only; no verifier run and no SER evidence
direct_llm_original__spark__PERF_0013,direct_llm_original,direct_llm_original_track_a_120_canonical_v0,spark,PERF_0013,cases/PERF/PERF_0013/sql/source.sql,runs/user/direct_llm_original_track_a_120_canonical_v0__spark/candidate_sql/PERF_0013__spark.sql,89d0f9a09a41e96b6b3c0c9fa92d7926b177bc1917cd233758ee2773be807064,e90d2104d1fc5b0b8ab091019c1b9ce94ceb13e52494db54dd9c07a9beea334d,schemas/tpch_perf0013_v0/schema_profile.yaml,local_result_checker_exact_status_only_eligibility_gate,true,path_reference_plus_hash,no SQL copied; stable source/candidate paths plus hashes only; no verifier run and no SER evidence
direct_llm_original__spark__PERF_0017,direct_llm_original,direct_llm_original_track_a_120_canonical_v0,spark,PERF_0017,cases/PERF/PERF_0017/sql/source.sql,runs/user/direct_llm_original_track_a_120_canonical_v0__spark/candidate_sql/PERF_0017__spark.sql,710366ebada2ecaa7d56a6a84b1bb8a7571ebbf296d1664f4530b3a0c8f850ca,4070b9e3f7207607c282a7842cf0b55735281df54791d9e6ef50ee9642ea75ce,schemas/tpch_perf0017_v0/schema_profile.yaml,local_result_checker_exact_status_only_eligibility_gate,true,path_reference_plus_hash,no SQL copied; stable source/candidate paths plus hashes only; no verifier run and no SER evidence
direct_llm_original__spark__PERF_0019,direct_llm_original,direct_llm_original_track_a_120_canonical_v0,spark,PERF_0019,cases/PERF/PERF_0019/sql/source.sql,runs/user/direct_llm_original_track_a_120_canonical_v0__spark/candidate_sql/PERF_0019__spark.sql,099a3ecc8fd1d77bd86c9aa25b43a2c4e7c5c4832edb756491db80ccff6cf422,9661ea626028d04dfa25710b5a1373fb9dfb2d458b16ffeeec0c8c42507f03ea,schemas/tpch_perf0019_v0/schema_profile.yaml,local_result_checker_exact_status_only_eligibility_gate,true,path_reference_plus_hash,no SQL copied; stable source/candidate paths plus hashes only; no verifier run and no SER evidence
direct_llm_original__spark__PERF_0024,direct_llm_original,direct_llm_original_track_a_120_canonical_v0,spark,PERF_0024,cases/PERF/PERF_0024/sql/source.sql,runs/user/direct_llm_original_track_a_120_canonical_v0__spark/candidate_sql/PERF_0024__spark.sql,adbcd38897f700fdeecc2d8b018ac5618929276fe8a0b58169bc2f5b242a79ac,f9b370af61a5dec1e941a61c68a3178bb430083ebf5b3779e1bb0adba2ddb961,schemas/tpch_perf0024_v0/schema_profile.yaml,local_result_checker_exact_status_only_eligibility_gate,true,path_reference_plus_hash,no SQL copied; stable source/candidate paths plus hashes only; no verifier run and no SER evidence
direct_llm_original__spark__PERF_0033,direct_llm_original,direct_llm_original_track_a_120_canonical_v0,spark,PERF_0033,cases/PERF/PERF_0033/sql/source.sql,runs/user/direct_llm_original_track_a_120_canonical_v0__spark/candidate_sql/PERF_0033__spark.sql,d0f865f84426d3b2cbf7c887f2c70b14fc1279f2c0822ea212e1542aaa9fd3c2,74ea710ebaf45481ab9f67eadc8faeee3b4066b7ab332815c7c27dedbbea8ef4,schemas/tpcds_perf0033_v0/schema_profile.yaml,local_result_checker_exact_status_only_eligibility_gate,true,path_reference_plus_hash,no SQL copied; stable source/candidate paths plus hashes only; no verifier run and no SER evidence
direct_llm_original__spark__PERF_0034,direct_llm_original,direct_llm_original_track_a_120_canonical_v0,spark,PERF_0034,cases/PERF/PERF_0034/sql/source.sql,runs/user/direct_llm_original_track_a_120_canonical_v0__spark/candidate_sql/PERF_0034__spark.sql,7b067603fc8093dd845c2fa77a582f02e59513456e6befcb0e4f4541b42b205f,c56cf8354fb4f0eeb25af45008969f917baebaa3d19036497c0ad4966d363e5c,schemas/tpcds_perf0034_v0/schema_profile.yaml,local_result_checker_exact_status_only_eligibility_gate,true,path_reference_plus_hash,no SQL copied; stable source/candidate paths plus hashes only; no verifier run and no SER evidence
direct_llm_original__spark__PERF_0035,direct_llm_original,direct_llm_original_track_a_120_canonical_v0,spark,PERF_0035,cases/PERF/PERF_0035/sql/source.sql,runs/user/direct_llm_original_track_a_120_canonical_v0__spark/candidate_sql/PERF_0035__spark.sql,9977cac76fdd6e06994c1b1e13c1e84154cc6074fa05584c0eb337b15ce806f6,5bd273892a6d907d803b45ef38cd458881c951356ceefa1827980caa21dd0ace,schemas/tpcds_perf0035_v0/schema_profile.yaml,local_result_checker_exact_status_only_eligibility_gate,true,path_reference_plus_hash,no SQL copied; stable source/candidate paths plus hashes only; no verifier run and no SER evidence
direct_llm_original__spark__PERF_0052,direct_llm_original,direct_llm_original_track_a_120_canonical_v0,spark,PERF_0052,cases/PERF/PERF_0052/sql/source.sql,runs/user/direct_llm_original_track_a_120_canonical_v0__spark/candidate_sql/PERF_0052__spark.sql,c7d742cfda6dc04194e4e83eddfe68132023c009e0e67713e0250048a195498b,fb6da1845b8d47485d3061bc86f4cb156f6d62a1c6e4c12a8a87931440b7a42a,schemas/tpcds_perf0052_v0/schema_profile.yaml,local_result_checker_exact_status_only_eligibility_gate,true,path_reference_plus_hash,no SQL copied; stable source/candidate paths plus hashes only; no verifier run and no SER evidence
direct_llm_original__spark__PERF_0054,direct_llm_original,direct_llm_original_track_a_120_canonical_v0,spark,PERF_0054,cases/PERF/PERF_0054/sql/source.sql,runs/user/direct_llm_original_track_a_120_canonical_v0__spark/candidate_sql/PERF_0054__spark.sql,0a97395e9cd01c7d4c8a83f25406e83d1c1e5dec2ce9cfda696a90b8633bee3f,98543efc209674cbbcd5a782293fa5c369d102b014fb03829e4e6af88bcc7bfc,schemas/tpcds_perf0054_v0/schema_profile.yaml,local_result_checker_exact_status_only_eligibility_gate,true,path_reference_plus_hash,no SQL copied; stable source/candidate paths plus hashes only; no verifier run and no SER evidence
direct_llm_original__spark__PERF_0056,direct_llm_original,direct_llm_original_track_a_120_canonical_v0,spark,PERF_0056,cases/PERF/PERF_0056/sql/source.sql,runs/user/direct_llm_original_track_a_120_canonical_v0__spark/candidate_sql/PERF_0056__spark.sql,2c2a6b7c84816efa61ef43e36bc4d388515bbefbf4727e6ae3fcb14f65b02d93,78e56e2ee0fbacbec96cde8d6e1b336becfbd9df5afb267a7883871357df9e71,schemas/tpcds_perf0056_v0/schema_profile.yaml,local_result_checker_exact_status_only_eligibility_gate,true,path_reference_plus_hash,no SQL copied; stable source/candidate paths plus hashes only; no verifier run and no SER evidence
direct_llm_original__spark__PERF_0062,direct_llm_original,direct_llm_original_track_a_120_canonical_v0,spark,PERF_0062,cases/PERF/PERF_0062/sql/source.sql,runs/user/direct_llm_original_track_a_120_canonical_v0__spark/candidate_sql/PERF_0062__spark.sql,1173728ec616c63fc26002b5c832448959956cab9ec40c7598b1ca3b3eebdc2a,0b8610a811f21052c769abe53b0543673c6acdbdc9971baa3988e9adb8bb764c,schemas/tpcds_perf0062_v0/schema_profile.yaml,local_result_checker_exact_status_only_eligibility_gate,true,path_reference_plus_hash,no SQL copied; stable source/candidate paths plus hashes only; no verifier run and no SER evidence
direct_llm_original__spark__PERF_0077,direct_llm_original,direct_llm_original_track_a_120_canonical_v0,spark,PERF_0077,cases/PERF/PERF_0077/sql/source.sql,runs/user/direct_llm_original_track_a_120_canonical_v0__spark/candidate_sql/PERF_0077__spark.sql,b3e94a9ed53d9362995072b587f973f0defa1f2b879be53870396babd45b2bcd,81e152c0e220b353077b9d3e57675d22b888dd23dd2aeedcbf9d7e8ba2c87fdf,schemas/job_imdb_perf0077_v0/schema_profile.yaml,local_result_checker_exact_status_only_eligibility_gate,true,path_reference_plus_hash,no SQL copied; stable source/candidate paths plus hashes only; no verifier run and no SER evidence
direct_llm_original__spark__PERF_0082,direct_llm_original,direct_llm_original_track_a_120_canonical_v0,spark,PERF_0082,cases/PERF/PERF_0082/sql/source.sql,runs/user/direct_llm_original_track_a_120_canonical_v0__spark/candidate_sql/PERF_0082__spark.sql,931544a23fdc970ac15b6daf6b2aed935887bf70ea114f59bcfd74d304a3fb80,2a47360804ae07091426452cf907003153a0793809e77e16cf6b54c3054f567d,schemas/job_imdb_perf0082_v0/schema_profile.yaml,local_result_checker_exact_status_only_eligibility_gate,true,path_reference_plus_hash,no SQL copied; stable source/candidate paths plus hashes only; no verifier run and no SER evidence
direct_llm_original__spark__CONS_0007,direct_llm_original,direct_llm_original_track_a_120_canonical_v0,spark,CONS_0007,cases/CONS/CONS_0007/sql/source.sql,runs/user/direct_llm_original_track_a_120_canonical_v0__spark/candidate_sql/CONS_0007__spark.sql,87f20da933190edd2e6f72b4fd6fb40328280eb7d39a6d1b9f0ea2ed2da25e32,27f8aaafa58f6ba082b3d904c469479d8c8a0d6e544f74a1ee76cc07456bb1c1,schemas/calcite_core_sql_tests_cons0007_v0/schema_profile.yaml,local_result_checker_exact_status_only_eligibility_gate,true,path_reference_plus_hash,no SQL copied; stable source/candidate paths plus hashes only; no verifier run and no SER evidence
direct_llm_original__spark__CONS_0010,direct_llm_original,direct_llm_original_track_a_120_canonical_v0,spark,CONS_0010,cases/CONS/CONS_0010/sql/source.sql,runs/user/direct_llm_original_track_a_120_canonical_v0__spark/candidate_sql/CONS_0010__spark.sql,1af72c63f62480db554a907264092d5c0457bf93bd7e12c5f080685bd2178785,9b5fc123a92f9dc40c7f3d55138fab98d11b5d098eff3ba140930ca9081d503a,schemas/calcite_core_sql_tests_cons0010_v0/schema_profile.yaml,local_result_checker_exact_status_only_eligibility_gate,true,path_reference_plus_hash,no SQL copied; stable source/candidate paths plus hashes only; no verifier run and no SER evidence
direct_llm_original__spark__CONS_0012,direct_llm_original,direct_llm_original_track_a_120_canonical_v0,spark,CONS_0012,cases/CONS/CONS_0012/sql/source.sql,runs/user/direct_llm_original_track_a_120_canonical_v0__spark/candidate_sql/CONS_0012__spark.sql,c0808116a402e85af71bd2812818e68b4b8e47422806a537a1f636d00f9f16b7,6ac76280e1bf9058e6ff9ea83000c2d2f6e9d77c79a1baea28faddc66c257550,schemas/calcite_core_sql_tests_cons0012_v0/schema_profile.yaml,local_result_checker_exact_status_only_eligibility_gate,true,path_reference_plus_hash,no SQL copied; stable source/candidate paths plus hashes only; no verifier run and no SER evidence
direct_llm_original__spark__CONS_0024,direct_llm_original,direct_llm_original_track_a_120_canonical_v0,spark,CONS_0024,cases/CONS/CONS_0024/sql/source.sql,runs/user/direct_llm_original_track_a_120_canonical_v0__spark/candidate_sql/CONS_0024__spark.sql,ebbf16b71ff32d3789ee056631ff035375744192381265de1767a529ba166132,6d6bb29a169d5dfb66b14177e0a837192bdf851ff04307be42bf0c76bb20a3c6,schemas/calcite_core_sql_tests_cons0024_v0/schema_profile.yaml,local_result_checker_exact_status_only_eligibility_gate,true,path_reference_plus_hash,no SQL copied; stable source/candidate paths plus hashes only; no verifier run and no SER evidence
direct_llm_original__spark__CONS_0036,direct_llm_original,direct_llm_original_track_a_120_canonical_v0,spark,CONS_0036,cases/CONS/CONS_0036/sql/source.sql,runs/user/direct_llm_original_track_a_120_canonical_v0__spark/candidate_sql/CONS_0036__spark.sql,b97474505e3930f8ba5c93a9dff5afb9833e5496e637d2adca05246f728df683,b29e56e488c8a7384628c81890354dff7065933007cbd4b83d089052f0b26045,schemas/verieql_cons0036_v0/schema_profile.yaml,local_result_checker_exact_status_only_eligibility_gate,true,path_reference_plus_hash,no SQL copied; stable source/candidate paths plus hashes only; no verifier run and no SER evidence
direct_llm_original__spark__CONS_0037,direct_llm_original,direct_llm_original_track_a_120_canonical_v0,spark,CONS_0037,cases/CONS/CONS_0037/sql/source.sql,runs/user/direct_llm_original_track_a_120_canonical_v0__spark/candidate_sql/CONS_0037__spark.sql,a54f58daf9f9f32a4bf1b3be9ad5d7674fe79955036f748ff6eddf7aa498123b,32c78a961d1b2a8f0fb8b5be1debe9eac0aaf4e102bc3c203d25377410d62826,schemas/verieql_cons0037_v0/schema_profile.yaml,local_result_checker_exact_status_only_eligibility_gate,true,path_reference_plus_hash,no SQL copied; stable source/candidate paths plus hashes only; no verifier run and no SER evidence
direct_llm_original__spark__PORT_0003,direct_llm_original,direct_llm_original_track_a_120_canonical_v0,spark,PORT_0003,cases/PORT/PORT_0003/sql/source.sql,runs/user/direct_llm_original_track_a_120_canonical_v0__spark/candidate_sql/PORT_0003__spark.sql,2537261ae47aca73b32159c61d2f914f2812ab79c12b29fa2ca166ad0dd2861f,1ca7d8956b6648595031cc7157d28427b8520646f87766425c45d099d5096a63,schemas/parrot_bird_port0003_v0/schema_profile.yaml,local_result_checker_exact_status_only_eligibility_gate,true,path_reference_plus_hash,no SQL copied; stable source/candidate paths plus hashes only; no verifier run and no SER evidence
direct_llm_original__spark__PORT_0004,direct_llm_original,direct_llm_original_track_a_120_canonical_v0,spark,PORT_0004,cases/PORT/PORT_0004/sql/source.sql,runs/user/direct_llm_original_track_a_120_canonical_v0__spark/candidate_sql/PORT_0004__spark.sql,8eaee79c200631c489eda66c6aee80fe8b12cb249ba349281302940c7a62151f,8dd31d4348991e4bc11763e2f4963aae9d20f08914d94557b62d1ca05ade0dd0,schemas/parrot_bird_port0004_v0/schema_profile.yaml,local_result_checker_exact_status_only_eligibility_gate,true,path_reference_plus_hash,no SQL copied; stable source/candidate paths plus hashes only; no verifier run and no SER evidence
direct_llm_original__spark__PORT_0005,direct_llm_original,direct_llm_original_track_a_120_canonical_v0,spark,PORT_0005,cases/PORT/PORT_0005/sql/source.sql,runs/user/direct_llm_original_track_a_120_canonical_v0__spark/candidate_sql/PORT_0005__spark.sql,cc1a134dcca992ad700f810329a0d797fa2028d23dc6c32c7c53608b72112c6a,3c4db6838fa0d774ccebd6fe9fccab06558d6b1c0c6cbb755a606f7b7d4e8971,schemas/parrot_bird_port0005_v0/schema_profile.yaml,local_result_checker_exact_status_only_eligibility_gate,true,path_reference_plus_hash,no SQL copied; stable source/candidate paths plus hashes only; no verifier run and no SER evidence
direct_llm_original__spark__PORT_0013,direct_llm_original,direct_llm_original_track_a_120_canonical_v0,spark,PORT_0013,cases/PORT/PORT_0013/sql/source.sql,runs/user/direct_llm_original_track_a_120_canonical_v0__spark/candidate_sql/PORT_0013__spark.sql,05e5a1bb489c4913f5153c04b709b4d869738b50dd364e0e113a1f332065e666,eaf27d18c2b29408151927dcf582d6c1e57ccf4997f6e2a8f77be18734ee5993,schemas/parrot_bird_port0013_v0/schema_profile.yaml,local_result_checker_exact_status_only_eligibility_gate,true,path_reference_plus_hash,no SQL copied; stable source/candidate paths plus hashes only; no verifier run and no SER evidence
direct_llm_original__spark__LONGTAIL_0011,direct_llm_original,direct_llm_original_track_a_120_canonical_v0,spark,LONGTAIL_0011,cases/LONGTAIL/LONGTAIL_0011/sql/source.sql,runs/user/direct_llm_original_track_a_120_canonical_v0__spark/candidate_sql/LONGTAIL_0011__spark.sql,dc674b49bd030f320141fe221ee3a9e7bd4791a47049f757ec9c72ad62d37928,4c8191a3fdc40b29771b567a12b0272ba9663686f66f31efdd9d5517b7e826ef,schemas/sqlstorm_stackoverflow_longtail0011_v0/schema_profile.yaml,local_result_checker_exact_status_only_eligibility_gate,true,path_reference_plus_hash,no SQL copied; stable source/candidate paths plus hashes only; no verifier run and no SER evidence
direct_llm_original__spark__LONGTAIL_0013,direct_llm_original,direct_llm_original_track_a_120_canonical_v0,spark,LONGTAIL_0013,cases/LONGTAIL/LONGTAIL_0013/sql/source.sql,runs/user/direct_llm_original_track_a_120_canonical_v0__spark/candidate_sql/LONGTAIL_0013__spark.sql,188f7da6e1c11b08a4d846a0e85cbb1a0115607f0859ff83e8aae2a13b3a9cd9,990bedbea1363110b7943844419335c329184c90e9b648e4eeb5b05593f579a6,schemas/sqlstorm_stackoverflow_longtail0013_v0/schema_profile.yaml,local_result_checker_exact_status_only_eligibility_gate,true,path_reference_plus_hash,no SQL copied; stable source/candidate paths plus hashes only; no verifier run and no SER evidence
direct_llm_original__spark__LONGTAIL_0022,direct_llm_original,direct_llm_original_track_a_120_canonical_v0,spark,LONGTAIL_0022,cases/LONGTAIL/LONGTAIL_0022/sql/source.sql,runs/user/direct_llm_original_track_a_120_canonical_v0__spark/candidate_sql/LONGTAIL_0022__spark.sql,c5558cfdf705ef3fd0bf2e69afbaa1a38192f37b7563a1ae145a41de3d9fba50,58894a9e5138122779769567303245db31e8f28eba209050a4b910fa5cd902e5,schemas/stack_queries_longtail0022_v0/schema_profile.yaml,local_result_checker_exact_status_only_eligibility_gate,true,path_reference_plus_hash,no SQL copied; stable source/candidate paths plus hashes only; no verifier run and no SER evidence
direct_llm_original__spark__LONGTAIL_0023,direct_llm_original,direct_llm_original_track_a_120_canonical_v0,spark,LONGTAIL_0023,cases/LONGTAIL/LONGTAIL_0023/sql/source.sql,runs/user/direct_llm_original_track_a_120_canonical_v0__spark/candidate_sql/LONGTAIL_0023__spark.sql,758d318d64074b7bad77fdb1bc5418f9a87058603922d710161549eb43ebe926,afca09e1d710f90f347c1a42b3da6a1407705f706174db3b478de7a2f1f37815,schemas/stack_queries_longtail0023_v0/schema_profile.yaml,local_result_checker_exact_status_only_eligibility_gate,true,path_reference_plus_hash,no SQL copied; stable source/candidate paths plus hashes only; no verifier run and no SER evidence
direct_llm_original__spark__LONGTAIL_0024,direct_llm_original,direct_llm_original_track_a_120_canonical_v0,spark,LONGTAIL_0024,cases/LONGTAIL/LONGTAIL_0024/sql/source.sql,runs/user/direct_llm_original_track_a_120_canonical_v0__spark/candidate_sql/LONGTAIL_0024__spark.sql,9d46fb0a71730e776594aa7c8d40cf359572fc7ceb6edc6572c0a2431b390c53,aa1c080adce555be646e5cc80da9ee58e02a4bcb398dc6d5756d908dfa09671a,schemas/stack_queries_longtail0024_v0/schema_profile.yaml,local_result_checker_exact_status_only_eligibility_gate,true,path_reference_plus_hash,no SQL copied; stable source/candidate paths plus hashes only; no verifier run and no SER evidence
sqlglot_noop__postgres__PERF_0006,sqlglot_noop,sqlglot_noop_track_a_120_canonical_v0,postgres,PERF_0006,cases/PERF/PERF_0006/sql/source.sql,runs/user/sqlglot_noop_track_a_120_canonical_v0__postgres/candidate_sql/PERF_0006__postgres.sql,250256397b1969ed1f7080c201b9440b0c917720508edf89497dab51e841562b,33a4fcc230aa2c8f67e6ae340900c4c14b93c3abb8ac4efd712b5b901d5df5ec,schemas/tpch_common_core_v0/schema_profile.yaml,local_result_checker_exact_status_only_eligibility_gate,true,path_reference_plus_hash,no SQL copied; stable source/candidate paths plus hashes only; no verifier run and no SER evidence
sqlglot_noop__postgres__PERF_0007,sqlglot_noop,sqlglot_noop_track_a_120_canonical_v0,postgres,PERF_0007,cases/PERF/PERF_0007/sql/source.sql,runs/user/sqlglot_noop_track_a_120_canonical_v0__postgres/candidate_sql/PERF_0007__postgres.sql,9dc696fb97b2ee3ebc57a8cc63e0eae624c07a2fd005ce0e396a5b70c8a61939,4e47373f52413aa50af8822b2a8d0763574ea5bdd1ca5e9c1f90bd749d422c75,schemas/tpch_perf0007_v0/schema_profile.yaml,local_result_checker_exact_status_only_eligibility_gate,true,path_reference_plus_hash,no SQL copied; stable source/candidate paths plus hashes only; no verifier run and no SER evidence
sqlglot_noop__postgres__PERF_0008,sqlglot_noop,sqlglot_noop_track_a_120_canonical_v0,postgres,PERF_0008,cases/PERF/PERF_0008/sql/source.sql,runs/user/sqlglot_noop_track_a_120_canonical_v0__postgres/candidate_sql/PERF_0008__postgres.sql,c99c82eda540a5873e8a3eb1ef8827ef013ff1433510bf7b78c2c773f81d3ba8,a8f9159d31704ac622184681461309fb794e9aac074c0d155bfdbb9c4033865c,schemas/tpch_perf0008_v0/schema_profile.yaml,local_result_checker_exact_status_only_eligibility_gate,true,path_reference_plus_hash,no SQL copied; stable source/candidate paths plus hashes only; no verifier run and no SER evidence
sqlglot_noop__postgres__PERF_0013,sqlglot_noop,sqlglot_noop_track_a_120_canonical_v0,postgres,PERF_0013,cases/PERF/PERF_0013/sql/source.sql,runs/user/sqlglot_noop_track_a_120_canonical_v0__postgres/candidate_sql/PERF_0013__postgres.sql,89d0f9a09a41e96b6b3c0c9fa92d7926b177bc1917cd233758ee2773be807064,4d5648724cfa4274cd249cad223576fc184bd0b13ad463fc153a527de642f1ca,schemas/tpch_perf0013_v0/schema_profile.yaml,local_result_checker_exact_status_only_eligibility_gate,true,path_reference_plus_hash,no SQL copied; stable source/candidate paths plus hashes only; no verifier run and no SER evidence
sqlglot_noop__postgres__PERF_0017,sqlglot_noop,sqlglot_noop_track_a_120_canonical_v0,postgres,PERF_0017,cases/PERF/PERF_0017/sql/source.sql,runs/user/sqlglot_noop_track_a_120_canonical_v0__postgres/candidate_sql/PERF_0017__postgres.sql,710366ebada2ecaa7d56a6a84b1bb8a7571ebbf296d1664f4530b3a0c8f850ca,9d3250f1e88a4d74aa2891153a3b3eac27a9ee4f93f0a7990a58b09515afa0af,schemas/tpch_perf0017_v0/schema_profile.yaml,local_result_checker_exact_status_only_eligibility_gate,true,path_reference_plus_hash,no SQL copied; stable source/candidate paths plus hashes only; no verifier run and no SER evidence
sqlglot_noop__postgres__PERF_0019,sqlglot_noop,sqlglot_noop_track_a_120_canonical_v0,postgres,PERF_0019,cases/PERF/PERF_0019/sql/source.sql,runs/user/sqlglot_noop_track_a_120_canonical_v0__postgres/candidate_sql/PERF_0019__postgres.sql,099a3ecc8fd1d77bd86c9aa25b43a2c4e7c5c4832edb756491db80ccff6cf422,1d467b2e301f3ddf71adc127d2e957d3a7a099e3f17712d5a44da717009758a3,schemas/tpch_perf0019_v0/schema_profile.yaml,local_result_checker_exact_status_only_eligibility_gate,true,path_reference_plus_hash,no SQL copied; stable source/candidate paths plus hashes only; no verifier run and no SER evidence
sqlglot_noop__postgres__PERF_0024,sqlglot_noop,sqlglot_noop_track_a_120_canonical_v0,postgres,PERF_0024,cases/PERF/PERF_0024/sql/source.sql,runs/user/sqlglot_noop_track_a_120_canonical_v0__postgres/candidate_sql/PERF_0024__postgres.sql,adbcd38897f700fdeecc2d8b018ac5618929276fe8a0b58169bc2f5b242a79ac,cbc58b002a28b4d7ec55bcbf7bb635e3fbe3bef8ff50ab4214d228827179121b,schemas/tpch_perf0024_v0/schema_profile.yaml,local_result_checker_exact_status_only_eligibility_gate,true,path_reference_plus_hash,no SQL copied; stable source/candidate paths plus hashes only; no verifier run and no SER evidence
sqlglot_noop__postgres__PERF_0033,sqlglot_noop,sqlglot_noop_track_a_120_canonical_v0,postgres,PERF_0033,cases/PERF/PERF_0033/sql/source.sql,runs/user/sqlglot_noop_track_a_120_canonical_v0__postgres/candidate_sql/PERF_0033__postgres.sql,d0f865f84426d3b2cbf7c887f2c70b14fc1279f2c0822ea212e1542aaa9fd3c2,dc2ba17d1c8e64e979c22ea0e092f33ea70fcce5d8a5bc0dfdf4f40d24dca25b,schemas/tpcds_perf0033_v0/schema_profile.yaml,local_result_checker_exact_status_only_eligibility_gate,true,path_reference_plus_hash,no SQL copied; stable source/candidate paths plus hashes only; no verifier run and no SER evidence
sqlglot_noop__postgres__PERF_0034,sqlglot_noop,sqlglot_noop_track_a_120_canonical_v0,postgres,PERF_0034,cases/PERF/PERF_0034/sql/source.sql,runs/user/sqlglot_noop_track_a_120_canonical_v0__postgres/candidate_sql/PERF_0034__postgres.sql,7b067603fc8093dd845c2fa77a582f02e59513456e6befcb0e4f4541b42b205f,013d23878a5e4e59c7488e14b70487d5598cc3aa4113fbf947f919c8e26045e1,schemas/tpcds_perf0034_v0/schema_profile.yaml,local_result_checker_exact_status_only_eligibility_gate,true,path_reference_plus_hash,no SQL copied; stable source/candidate paths plus hashes only; no verifier run and no SER evidence
sqlglot_noop__postgres__PERF_0035,sqlglot_noop,sqlglot_noop_track_a_120_canonical_v0,postgres,PERF_0035,cases/PERF/PERF_0035/sql/source.sql,runs/user/sqlglot_noop_track_a_120_canonical_v0__postgres/candidate_sql/PERF_0035__postgres.sql,9977cac76fdd6e06994c1b1e13c1e84154cc6074fa05584c0eb337b15ce806f6,367a0965654349ea5d8dfa6077a36c3b892895fa36c591febaae0a77fb47105e,schemas/tpcds_perf0035_v0/schema_profile.yaml,local_result_checker_exact_status_only_eligibility_gate,true,path_reference_plus_hash,no SQL copied; stable source/candidate paths plus hashes only; no verifier run and no SER evidence
sqlglot_noop__postgres__PERF_0052,sqlglot_noop,sqlglot_noop_track_a_120_canonical_v0,postgres,PERF_0052,cases/PERF/PERF_0052/sql/source.sql,runs/user/sqlglot_noop_track_a_120_canonical_v0__postgres/candidate_sql/PERF_0052__postgres.sql,c7d742cfda6dc04194e4e83eddfe68132023c009e0e67713e0250048a195498b,f463f04e633cc45edaba4deece1a527f3db7822ddec0713e35eca754113537cd,schemas/tpcds_perf0052_v0/schema_profile.yaml,local_result_checker_exact_status_only_eligibility_gate,true,path_reference_plus_hash,no SQL copied; stable source/candidate paths plus hashes only; no verifier run and no SER evidence
sqlglot_noop__postgres__PERF_0054,sqlglot_noop,sqlglot_noop_track_a_120_canonical_v0,postgres,PERF_0054,cases/PERF/PERF_0054/sql/source.sql,runs/user/sqlglot_noop_track_a_120_canonical_v0__postgres/candidate_sql/PERF_0054__postgres.sql,0a97395e9cd01c7d4c8a83f25406e83d1c1e5dec2ce9cfda696a90b8633bee3f,fcb210e061e53411e7fa9aefc723deccd1187d72467d8b4a7daccb6d7d5daefd,schemas/tpcds_perf0054_v0/schema_profile.yaml,local_result_checker_exact_status_only_eligibility_gate,true,path_reference_plus_hash,no SQL copied; stable source/candidate paths plus hashes only; no verifier run and no SER evidence
sqlglot_noop__postgres__PERF_0056,sqlglot_noop,sqlglot_noop_track_a_120_canonical_v0,postgres,PERF_0056,cases/PERF/PERF_0056/sql/source.sql,runs/user/sqlglot_noop_track_a_120_canonical_v0__postgres/candidate_sql/PERF_0056__postgres.sql,2c2a6b7c84816efa61ef43e36bc4d388515bbefbf4727e6ae3fcb14f65b02d93,f2f1acd95192886af8ca3f825772cc0ed293248032ce423be700db64e695e6ef,schemas/tpcds_perf0056_v0/schema_profile.yaml,local_result_checker_exact_status_only_eligibility_gate,true,path_reference_plus_hash,no SQL copied; stable source/candidate paths plus hashes only; no verifier run and no SER evidence
sqlglot_noop__postgres__PERF_0062,sqlglot_noop,sqlglot_noop_track_a_120_canonical_v0,postgres,PERF_0062,cases/PERF/PERF_0062/sql/source.sql,runs/user/sqlglot_noop_track_a_120_canonical_v0__postgres/candidate_sql/PERF_0062__postgres.sql,1173728ec616c63fc26002b5c832448959956cab9ec40c7598b1ca3b3eebdc2a,bd78a1d7f496a356763355c244a4e2f9f10ad7c9c346d8a65c4e07c514b8ec40,schemas/tpcds_perf0062_v0/schema_profile.yaml,local_result_checker_exact_status_only_eligibility_gate,true,path_reference_plus_hash,no SQL copied; stable source/candidate paths plus hashes only; no verifier run and no SER evidence
sqlglot_noop__postgres__PERF_0077,sqlglot_noop,sqlglot_noop_track_a_120_canonical_v0,postgres,PERF_0077,cases/PERF/PERF_0077/sql/source.sql,runs/user/sqlglot_noop_track_a_120_canonical_v0__postgres/candidate_sql/PERF_0077__postgres.sql,b3e94a9ed53d9362995072b587f973f0defa1f2b879be53870396babd45b2bcd,f2ff617e5c56f76b0608a7c51275f517d56326d9947190e370c85baff437b448,schemas/job_imdb_perf0077_v0/schema_profile.yaml,local_result_checker_exact_status_only_eligibility_gate,true,path_reference_plus_hash,no SQL copied; stable source/candidate paths plus hashes only; no verifier run and no SER evidence
sqlglot_noop__postgres__PERF_0082,sqlglot_noop,sqlglot_noop_track_a_120_canonical_v0,postgres,PERF_0082,cases/PERF/PERF_0082/sql/source.sql,runs/user/sqlglot_noop_track_a_120_canonical_v0__postgres/candidate_sql/PERF_0082__postgres.sql,931544a23fdc970ac15b6daf6b2aed935887bf70ea114f59bcfd74d304a3fb80,1a75abaa0bf144d130acab90d41c325f042f81bfed05237e28cec5c8af999796,schemas/job_imdb_perf0082_v0/schema_profile.yaml,local_result_checker_exact_status_only_eligibility_gate,true,path_reference_plus_hash,no SQL copied; stable source/candidate paths plus hashes only; no verifier run and no SER evidence
sqlglot_noop__postgres__CONS_0005,sqlglot_noop,sqlglot_noop_track_a_120_canonical_v0,postgres,CONS_0005,cases/CONS/CONS_0005/sql/source.sql,runs/user/sqlglot_noop_track_a_120_canonical_v0__postgres/candidate_sql/CONS_0005__postgres.sql,7fb55d0e5e79d59f62e4eefa8782ae34ec9e5fc7d5d83d74f6c8537aaec060cf,79ae0253f201b9fd754a8c6de183ea70848a58fdb8414675526837e4e86db9ec,schemas/calcite_core_sql_tests_cons0005_v0/schema_profile.yaml,local_result_checker_exact_status_only_eligibility_gate,true,path_reference_plus_hash,no SQL copied; stable source/candidate paths plus hashes only; no verifier run and no SER evidence
sqlglot_noop__postgres__CONS_0007,sqlglot_noop,sqlglot_noop_track_a_120_canonical_v0,postgres,CONS_0007,cases/CONS/CONS_0007/sql/source.sql,runs/user/sqlglot_noop_track_a_120_canonical_v0__postgres/candidate_sql/CONS_0007__postgres.sql,87f20da933190edd2e6f72b4fd6fb40328280eb7d39a6d1b9f0ea2ed2da25e32,a55f4bec333c24d9b71aa66594974dfe82bdc853d3eb562e4f2ad7d5206da4f6,schemas/calcite_core_sql_tests_cons0007_v0/schema_profile.yaml,local_result_checker_exact_status_only_eligibility_gate,true,path_reference_plus_hash,no SQL copied; stable source/candidate paths plus hashes only; no verifier run and no SER evidence
sqlglot_noop__postgres__CONS_0009,sqlglot_noop,sqlglot_noop_track_a_120_canonical_v0,postgres,CONS_0009,cases/CONS/CONS_0009/sql/source.sql,runs/user/sqlglot_noop_track_a_120_canonical_v0__postgres/candidate_sql/CONS_0009__postgres.sql,5823c5d0fe149007ba73e1fe607f4b4b68be1852ccd37abe6534188f9e090ba6,2dae2332a4727a57a88d0078e369933f48a0ec648f2418eca4332f7dc718bad1,schemas/calcite_core_sql_tests_cons0009_v0/schema_profile.yaml,local_result_checker_exact_status_only_eligibility_gate,true,path_reference_plus_hash,no SQL copied; stable source/candidate paths plus hashes only; no verifier run and no SER evidence
sqlglot_noop__postgres__CONS_0010,sqlglot_noop,sqlglot_noop_track_a_120_canonical_v0,postgres,CONS_0010,cases/CONS/CONS_0010/sql/source.sql,runs/user/sqlglot_noop_track_a_120_canonical_v0__postgres/candidate_sql/CONS_0010__postgres.sql,1af72c63f62480db554a907264092d5c0457bf93bd7e12c5f080685bd2178785,6be0c02ce5ae2d5cae506b379546ca8d6010b878dafbec473ffa6bbeb05d311c,schemas/calcite_core_sql_tests_cons0010_v0/schema_profile.yaml,local_result_checker_exact_status_only_eligibility_gate,true,path_reference_plus_hash,no SQL copied; stable source/candidate paths plus hashes only; no verifier run and no SER evidence
sqlglot_noop__postgres__CONS_0011,sqlglot_noop,sqlglot_noop_track_a_120_canonical_v0,postgres,CONS_0011,cases/CONS/CONS_0011/sql/source.sql,runs/user/sqlglot_noop_track_a_120_canonical_v0__postgres/candidate_sql/CONS_0011__postgres.sql,3f461dd446146583d385abc3f138c235745ed5f4bfef18a64e61eb2159362753,858c4465ab5329d623deee18c11e9a6ffe2ad3a923888eea15cfc7c5868d52bd,schemas/calcite_core_sql_tests_cons0011_v0/schema_profile.yaml,local_result_checker_exact_status_only_eligibility_gate,true,path_reference_plus_hash,no SQL copied; stable source/candidate paths plus hashes only; no verifier run and no SER evidence
sqlglot_noop__postgres__CONS_0012,sqlglot_noop,sqlglot_noop_track_a_120_canonical_v0,postgres,CONS_0012,cases/CONS/CONS_0012/sql/source.sql,runs/user/sqlglot_noop_track_a_120_canonical_v0__postgres/candidate_sql/CONS_0012__postgres.sql,c0808116a402e85af71bd2812818e68b4b8e47422806a537a1f636d00f9f16b7,7e52351df2f6c40d58c1a94b5b044494801d033515acb54a59b1620840e96ddc,schemas/calcite_core_sql_tests_cons0012_v0/schema_profile.yaml,local_result_checker_exact_status_only_eligibility_gate,true,path_reference_plus_hash,no SQL copied; stable source/candidate paths plus hashes only; no verifier run and no SER evidence
sqlglot_noop__postgres__CONS_0024,sqlglot_noop,sqlglot_noop_track_a_120_canonical_v0,postgres,CONS_0024,cases/CONS/CONS_0024/sql/source.sql,runs/user/sqlglot_noop_track_a_120_canonical_v0__postgres/candidate_sql/CONS_0024__postgres.sql,ebbf16b71ff32d3789ee056631ff035375744192381265de1767a529ba166132,d27c63b7bf6160c8c123bbc3abb3e9d0128cc3732d45c10942d6702ebde2def3,schemas/calcite_core_sql_tests_cons0024_v0/schema_profile.yaml,local_result_checker_exact_status_only_eligibility_gate,true,path_reference_plus_hash,no SQL copied; stable source/candidate paths plus hashes only; no verifier run and no SER evidence
sqlglot_noop__postgres__CONS_0036,sqlglot_noop,sqlglot_noop_track_a_120_canonical_v0,postgres,CONS_0036,cases/CONS/CONS_0036/sql/source.sql,runs/user/sqlglot_noop_track_a_120_canonical_v0__postgres/candidate_sql/CONS_0036__postgres.sql,b97474505e3930f8ba5c93a9dff5afb9833e5496e637d2adca05246f728df683,b39c6adda4bd86d016a7981088d38f9a68bdef7e9c3561f8a8ff5c04f1504e80,schemas/verieql_cons0036_v0/schema_profile.yaml,local_result_checker_exact_status_only_eligibility_gate,true,path_reference_plus_hash,no SQL copied; stable source/candidate paths plus hashes only; no verifier run and no SER evidence
sqlglot_noop__postgres__CONS_0037,sqlglot_noop,sqlglot_noop_track_a_120_canonical_v0,postgres,CONS_0037,cases/CONS/CONS_0037/sql/source.sql,runs/user/sqlglot_noop_track_a_120_canonical_v0__postgres/candidate_sql/CONS_0037__postgres.sql,a54f58daf9f9f32a4bf1b3be9ad5d7674fe79955036f748ff6eddf7aa498123b,32c78a961d1b2a8f0fb8b5be1debe9eac0aaf4e102bc3c203d25377410d62826,schemas/verieql_cons0037_v0/schema_profile.yaml,local_result_checker_exact_status_only_eligibility_gate,true,path_reference_plus_hash,no SQL copied; stable source/candidate paths plus hashes only; no verifier run and no SER evidence
sqlglot_noop__postgres__PORT_0003,sqlglot_noop,sqlglot_noop_track_a_120_canonical_v0,postgres,PORT_0003,cases/PORT/PORT_0003/sql/source.sql,runs/user/sqlglot_noop_track_a_120_canonical_v0__postgres/candidate_sql/PORT_0003__postgres.sql,2537261ae47aca73b32159c61d2f914f2812ab79c12b29fa2ca166ad0dd2861f,19e154045f5992b2d40273d1bde9688c5b7a643c082f1cf18fddf38c40e82c4c,schemas/parrot_bird_port0003_v0/schema_profile.yaml,local_result_checker_exact_status_only_eligibility_gate,true,path_reference_plus_hash,no SQL copied; stable source/candidate paths plus hashes only; no verifier run and no SER evidence
sqlglot_noop__postgres__PORT_0005,sqlglot_noop,sqlglot_noop_track_a_120_canonical_v0,postgres,PORT_0005,cases/PORT/PORT_0005/sql/source.sql,runs/user/sqlglot_noop_track_a_120_canonical_v0__postgres/candidate_sql/PORT_0005__postgres.sql,cc1a134dcca992ad700f810329a0d797fa2028d23dc6c32c7c53608b72112c6a,20a2b9975efc7eedff313466842c403b719d0de761258f5623ff2d8ea2d45253,schemas/parrot_bird_port0005_v0/schema_profile.yaml,local_result_checker_exact_status_only_eligibility_gate,true,path_reference_plus_hash,no SQL copied; stable source/candidate paths plus hashes only; no verifier run and no SER evidence
sqlglot_noop__postgres__PORT_0008,sqlglot_noop,sqlglot_noop_track_a_120_canonical_v0,postgres,PORT_0008,cases/PORT/PORT_0008/sql/source.sql,runs/user/sqlglot_noop_track_a_120_canonical_v0__postgres/candidate_sql/PORT_0008__postgres.sql,338cf9bd10d592102ca3b7a17fa725dd70b895d55f5a7dd7f59cc623d876aaf2,e321e0fe92d31bdb91e88136bd350da4d441b9720f73f45dd574637be17793e3,schemas/parrot_bird_port0008_v0/schema_profile.yaml,local_result_checker_exact_status_only_eligibility_gate,true,path_reference_plus_hash,no SQL copied; stable source/candidate paths plus hashes only; no verifier run and no SER evidence
sqlglot_noop__postgres__PORT_0012,sqlglot_noop,sqlglot_noop_track_a_120_canonical_v0,postgres,PORT_0012,cases/PORT/PORT_0012/sql/source.sql,runs/user/sqlglot_noop_track_a_120_canonical_v0__postgres/candidate_sql/PORT_0012__postgres.sql,6c2f1fc97fccfc98cb0d649e63ef96f1a6fa8c48153a3c5982f0b681a132fdfc,46246a2f4417193cee3e930157bcd1723356f7fe818106bd65261f2befa02c3e,schemas/parrot_bird_port0012_v0/schema_profile.yaml,local_result_checker_exact_status_only_eligibility_gate,true,path_reference_plus_hash,no SQL copied; stable source/candidate paths plus hashes only; no verifier run and no SER evidence
sqlglot_noop__postgres__LONGTAIL_0011,sqlglot_noop,sqlglot_noop_track_a_120_canonical_v0,postgres,LONGTAIL_0011,cases/LONGTAIL/LONGTAIL_0011/sql/source.sql,runs/user/sqlglot_noop_track_a_120_canonical_v0__postgres/candidate_sql/LONGTAIL_0011__postgres.sql,dc674b49bd030f320141fe221ee3a9e7bd4791a47049f757ec9c72ad62d37928,4f1ab0c8ec315987543c3782910d4afef0f9f0083bf49b4eb611fc7cec301965,schemas/sqlstorm_stackoverflow_longtail0011_v0/schema_profile.yaml,local_result_checker_exact_status_only_eligibility_gate,true,path_reference_plus_hash,no SQL copied; stable source/candidate paths plus hashes only; no verifier run and no SER evidence
sqlglot_noop__postgres__LONGTAIL_0012,sqlglot_noop,sqlglot_noop_track_a_120_canonical_v0,postgres,LONGTAIL_0012,cases/LONGTAIL/LONGTAIL_0012/sql/source.sql,runs/user/sqlglot_noop_track_a_120_canonical_v0__postgres/candidate_sql/LONGTAIL_0012__postgres.sql,fee7b11be08a3461f07797bcee5e404d7deb2ff0e42acb44e7fc5bed35cf4de1,b590b1050891dd123a045aec11a5bb372d0a9891fc8fa34e5803e2fbd1a6c7b0,schemas/sqlstorm_stackoverflow_longtail0012_v0/schema_profile.yaml,local_result_checker_exact_status_only_eligibility_gate,true,path_reference_plus_hash,no SQL copied; stable source/candidate paths plus hashes only; no verifier run and no SER evidence
sqlglot_noop__postgres__LONGTAIL_0013,sqlglot_noop,sqlglot_noop_track_a_120_canonical_v0,postgres,LONGTAIL_0013,cases/LONGTAIL/LONGTAIL_0013/sql/source.sql,runs/user/sqlglot_noop_track_a_120_canonical_v0__postgres/candidate_sql/LONGTAIL_0013__postgres.sql,188f7da6e1c11b08a4d846a0e85cbb1a0115607f0859ff83e8aae2a13b3a9cd9,f0f9ae7679410b6894e3336bae95039ac6240f739b509f8e4c33ef23ff810434,schemas/sqlstorm_stackoverflow_longtail0013_v0/schema_profile.yaml,local_result_checker_exact_status_only_eligibility_gate,true,path_reference_plus_hash,no SQL copied; stable source/candidate paths plus hashes only; no verifier run and no SER evidence
sqlglot_noop__postgres__LONGTAIL_0022,sqlglot_noop,sqlglot_noop_track_a_120_canonical_v0,postgres,LONGTAIL_0022,cases/LONGTAIL/LONGTAIL_0022/sql/source.sql,runs/user/sqlglot_noop_track_a_120_canonical_v0__postgres/candidate_sql/LONGTAIL_0022__postgres.sql,c5558cfdf705ef3fd0bf2e69afbaa1a38192f37b7563a1ae145a41de3d9fba50,dea12eff4276f5e2b46fd1c952a661b2a33280ebef9cb9ac7c9684bc3a492985,schemas/stack_queries_longtail0022_v0/schema_profile.yaml,local_result_checker_exact_status_only_eligibility_gate,true,path_reference_plus_hash,no SQL copied; stable source/candidate paths plus hashes only; no verifier run and no SER evidence
sqlglot_noop__postgres__LONGTAIL_0023,sqlglot_noop,sqlglot_noop_track_a_120_canonical_v0,postgres,LONGTAIL_0023,cases/LONGTAIL/LONGTAIL_0023/sql/source.sql,runs/user/sqlglot_noop_track_a_120_canonical_v0__postgres/candidate_sql/LONGTAIL_0023__postgres.sql,758d318d64074b7bad77fdb1bc5418f9a87058603922d710161549eb43ebe926,7c24c2b83b32fa437821f9ed69a381ef580c8b04527976b4bb4a42c6a69c1702,schemas/stack_queries_longtail0023_v0/schema_profile.yaml,local_result_checker_exact_status_only_eligibility_gate,true,path_reference_plus_hash,no SQL copied; stable source/candidate paths plus hashes only; no verifier run and no SER evidence
sqlglot_noop__postgres__LONGTAIL_0024,sqlglot_noop,sqlglot_noop_track_a_120_canonical_v0,postgres,LONGTAIL_0024,cases/LONGTAIL/LONGTAIL_0024/sql/source.sql,runs/user/sqlglot_noop_track_a_120_canonical_v0__postgres/candidate_sql/LONGTAIL_0024__postgres.sql,9d46fb0a71730e776594aa7c8d40cf359572fc7ceb6edc6572c0a2431b390c53,de19685f56499a5e90e06776bce22cc5476fdf17890c2c6b594df0797fa89b45,schemas/stack_queries_longtail0024_v0/schema_profile.yaml,local_result_checker_exact_status_only_eligibility_gate,true,path_reference_plus_hash,no SQL copied; stable source/candidate paths plus hashes only; no verifier run and no SER evidence
sqlglot_noop__mysql__PERF_0006,sqlglot_noop,sqlglot_noop_track_a_120_canonical_v0,mysql,PERF_0006,cases/PERF/PERF_0006/sql/source.sql,runs/user/sqlglot_noop_track_a_120_canonical_v0__mysql/candidate_sql/PERF_0006__mysql.sql,250256397b1969ed1f7080c201b9440b0c917720508edf89497dab51e841562b,33a4fcc230aa2c8f67e6ae340900c4c14b93c3abb8ac4efd712b5b901d5df5ec,schemas/tpch_common_core_v0/schema_profile.yaml,local_result_checker_exact_status_only_eligibility_gate,true,path_reference_plus_hash,no SQL copied; stable source/candidate paths plus hashes only; no verifier run and no SER evidence
sqlglot_noop__mysql__PERF_0007,sqlglot_noop,sqlglot_noop_track_a_120_canonical_v0,mysql,PERF_0007,cases/PERF/PERF_0007/sql/source.sql,runs/user/sqlglot_noop_track_a_120_canonical_v0__mysql/candidate_sql/PERF_0007__mysql.sql,9dc696fb97b2ee3ebc57a8cc63e0eae624c07a2fd005ce0e396a5b70c8a61939,a338badeb9a2cbf8a35c1e4df3bb97c3a016a88f568421318b1e9fc55b99d45e,schemas/tpch_perf0007_v0/schema_profile.yaml,local_result_checker_exact_status_only_eligibility_gate,true,path_reference_plus_hash,no SQL copied; stable source/candidate paths plus hashes only; no verifier run and no SER evidence
sqlglot_noop__mysql__PERF_0008,sqlglot_noop,sqlglot_noop_track_a_120_canonical_v0,mysql,PERF_0008,cases/PERF/PERF_0008/sql/source.sql,runs/user/sqlglot_noop_track_a_120_canonical_v0__mysql/candidate_sql/PERF_0008__mysql.sql,c99c82eda540a5873e8a3eb1ef8827ef013ff1433510bf7b78c2c773f81d3ba8,a8f9159d31704ac622184681461309fb794e9aac074c0d155bfdbb9c4033865c,schemas/tpch_perf0008_v0/schema_profile.yaml,local_result_checker_exact_status_only_eligibility_gate,true,path_reference_plus_hash,no SQL copied; stable source/candidate paths plus hashes only; no verifier run and no SER evidence
sqlglot_noop__mysql__PERF_0013,sqlglot_noop,sqlglot_noop_track_a_120_canonical_v0,mysql,PERF_0013,cases/PERF/PERF_0013/sql/source.sql,runs/user/sqlglot_noop_track_a_120_canonical_v0__mysql/candidate_sql/PERF_0013__mysql.sql,89d0f9a09a41e96b6b3c0c9fa92d7926b177bc1917cd233758ee2773be807064,ea3553c93d15e204aa8dbfb4ecd93d421fcf22a638dedc444a5ca76e1bb0b7f4,schemas/tpch_perf0013_v0/schema_profile.yaml,local_result_checker_exact_status_only_eligibility_gate,true,path_reference_plus_hash,no SQL copied; stable source/candidate paths plus hashes only; no verifier run and no SER evidence
sqlglot_noop__mysql__PERF_0017,sqlglot_noop,sqlglot_noop_track_a_120_canonical_v0,mysql,PERF_0017,cases/PERF/PERF_0017/sql/source.sql,runs/user/sqlglot_noop_track_a_120_canonical_v0__mysql/candidate_sql/PERF_0017__mysql.sql,710366ebada2ecaa7d56a6a84b1bb8a7571ebbf296d1664f4530b3a0c8f850ca,4467f29116377774b357dbe02874e924f0e9d03b72ec0332e4597477e0fba2a8,schemas/tpch_perf0017_v0/schema_profile.yaml,local_result_checker_exact_status_only_eligibility_gate,true,path_reference_plus_hash,no SQL copied; stable source/candidate paths plus hashes only; no verifier run and no SER evidence
sqlglot_noop__mysql__PERF_0019,sqlglot_noop,sqlglot_noop_track_a_120_canonical_v0,mysql,PERF_0019,cases/PERF/PERF_0019/sql/source.sql,runs/user/sqlglot_noop_track_a_120_canonical_v0__mysql/candidate_sql/PERF_0019__mysql.sql,099a3ecc8fd1d77bd86c9aa25b43a2c4e7c5c4832edb756491db80ccff6cf422,1d467b2e301f3ddf71adc127d2e957d3a7a099e3f17712d5a44da717009758a3,schemas/tpch_perf0019_v0/schema_profile.yaml,local_result_checker_exact_status_only_eligibility_gate,true,path_reference_plus_hash,no SQL copied; stable source/candidate paths plus hashes only; no verifier run and no SER evidence
sqlglot_noop__mysql__PERF_0024,sqlglot_noop,sqlglot_noop_track_a_120_canonical_v0,mysql,PERF_0024,cases/PERF/PERF_0024/sql/source.sql,runs/user/sqlglot_noop_track_a_120_canonical_v0__mysql/candidate_sql/PERF_0024__mysql.sql,adbcd38897f700fdeecc2d8b018ac5618929276fe8a0b58169bc2f5b242a79ac,e09f455aa5f132227f7c488c11275e855fa7d09c1e695531abe37b43098d6af1,schemas/tpch_perf0024_v0/schema_profile.yaml,local_result_checker_exact_status_only_eligibility_gate,true,path_reference_plus_hash,no SQL copied; stable source/candidate paths plus hashes only; no verifier run and no SER evidence
sqlglot_noop__mysql__PERF_0033,sqlglot_noop,sqlglot_noop_track_a_120_canonical_v0,mysql,PERF_0033,cases/PERF/PERF_0033/sql/source.sql,runs/user/sqlglot_noop_track_a_120_canonical_v0__mysql/candidate_sql/PERF_0033__mysql.sql,d0f865f84426d3b2cbf7c887f2c70b14fc1279f2c0822ea212e1542aaa9fd3c2,dc2ba17d1c8e64e979c22ea0e092f33ea70fcce5d8a5bc0dfdf4f40d24dca25b,schemas/tpcds_perf0033_v0/schema_profile.yaml,local_result_checker_exact_status_only_eligibility_gate,true,path_reference_plus_hash,no SQL copied; stable source/candidate paths plus hashes only; no verifier run and no SER evidence
sqlglot_noop__mysql__PERF_0034,sqlglot_noop,sqlglot_noop_track_a_120_canonical_v0,mysql,PERF_0034,cases/PERF/PERF_0034/sql/source.sql,runs/user/sqlglot_noop_track_a_120_canonical_v0__mysql/candidate_sql/PERF_0034__mysql.sql,7b067603fc8093dd845c2fa77a582f02e59513456e6befcb0e4f4541b42b205f,013d23878a5e4e59c7488e14b70487d5598cc3aa4113fbf947f919c8e26045e1,schemas/tpcds_perf0034_v0/schema_profile.yaml,local_result_checker_exact_status_only_eligibility_gate,true,path_reference_plus_hash,no SQL copied; stable source/candidate paths plus hashes only; no verifier run and no SER evidence
sqlglot_noop__mysql__PERF_0035,sqlglot_noop,sqlglot_noop_track_a_120_canonical_v0,mysql,PERF_0035,cases/PERF/PERF_0035/sql/source.sql,runs/user/sqlglot_noop_track_a_120_canonical_v0__mysql/candidate_sql/PERF_0035__mysql.sql,9977cac76fdd6e06994c1b1e13c1e84154cc6074fa05584c0eb337b15ce806f6,367a0965654349ea5d8dfa6077a36c3b892895fa36c591febaae0a77fb47105e,schemas/tpcds_perf0035_v0/schema_profile.yaml,local_result_checker_exact_status_only_eligibility_gate,true,path_reference_plus_hash,no SQL copied; stable source/candidate paths plus hashes only; no verifier run and no SER evidence
sqlglot_noop__mysql__PERF_0052,sqlglot_noop,sqlglot_noop_track_a_120_canonical_v0,mysql,PERF_0052,cases/PERF/PERF_0052/sql/source.sql,runs/user/sqlglot_noop_track_a_120_canonical_v0__mysql/candidate_sql/PERF_0052__mysql.sql,c7d742cfda6dc04194e4e83eddfe68132023c009e0e67713e0250048a195498b,f463f04e633cc45edaba4deece1a527f3db7822ddec0713e35eca754113537cd,schemas/tpcds_perf0052_v0/schema_profile.yaml,local_result_checker_exact_status_only_eligibility_gate,true,path_reference_plus_hash,no SQL copied; stable source/candidate paths plus hashes only; no verifier run and no SER evidence
sqlglot_noop__mysql__PERF_0054,sqlglot_noop,sqlglot_noop_track_a_120_canonical_v0,mysql,PERF_0054,cases/PERF/PERF_0054/sql/source.sql,runs/user/sqlglot_noop_track_a_120_canonical_v0__mysql/candidate_sql/PERF_0054__mysql.sql,0a97395e9cd01c7d4c8a83f25406e83d1c1e5dec2ce9cfda696a90b8633bee3f,fcb210e061e53411e7fa9aefc723deccd1187d72467d8b4a7daccb6d7d5daefd,schemas/tpcds_perf0054_v0/schema_profile.yaml,local_result_checker_exact_status_only_eligibility_gate,true,path_reference_plus_hash,no SQL copied; stable source/candidate paths plus hashes only; no verifier run and no SER evidence
sqlglot_noop__mysql__PERF_0056,sqlglot_noop,sqlglot_noop_track_a_120_canonical_v0,mysql,PERF_0056,cases/PERF/PERF_0056/sql/source.sql,runs/user/sqlglot_noop_track_a_120_canonical_v0__mysql/candidate_sql/PERF_0056__mysql.sql,2c2a6b7c84816efa61ef43e36bc4d388515bbefbf4727e6ae3fcb14f65b02d93,f2f1acd95192886af8ca3f825772cc0ed293248032ce423be700db64e695e6ef,schemas/tpcds_perf0056_v0/schema_profile.yaml,local_result_checker_exact_status_only_eligibility_gate,true,path_reference_plus_hash,no SQL copied; stable source/candidate paths plus hashes only; no verifier run and no SER evidence
sqlglot_noop__mysql__PERF_0077,sqlglot_noop,sqlglot_noop_track_a_120_canonical_v0,mysql,PERF_0077,cases/PERF/PERF_0077/sql/source.sql,runs/user/sqlglot_noop_track_a_120_canonical_v0__mysql/candidate_sql/PERF_0077__mysql.sql,b3e94a9ed53d9362995072b587f973f0defa1f2b879be53870396babd45b2bcd,f2ff617e5c56f76b0608a7c51275f517d56326d9947190e370c85baff437b448,schemas/job_imdb_perf0077_v0/schema_profile.yaml,local_result_checker_exact_status_only_eligibility_gate,true,path_reference_plus_hash,no SQL copied; stable source/candidate paths plus hashes only; no verifier run and no SER evidence
sqlglot_noop__mysql__PERF_0082,sqlglot_noop,sqlglot_noop_track_a_120_canonical_v0,mysql,PERF_0082,cases/PERF/PERF_0082/sql/source.sql,runs/user/sqlglot_noop_track_a_120_canonical_v0__mysql/candidate_sql/PERF_0082__mysql.sql,931544a23fdc970ac15b6daf6b2aed935887bf70ea114f59bcfd74d304a3fb80,1a75abaa0bf144d130acab90d41c325f042f81bfed05237e28cec5c8af999796,schemas/job_imdb_perf0082_v0/schema_profile.yaml,local_result_checker_exact_status_only_eligibility_gate,true,path_reference_plus_hash,no SQL copied; stable source/candidate paths plus hashes only; no verifier run and no SER evidence
sqlglot_noop__mysql__CONS_0005,sqlglot_noop,sqlglot_noop_track_a_120_canonical_v0,mysql,CONS_0005,cases/CONS/CONS_0005/sql/source.sql,runs/user/sqlglot_noop_track_a_120_canonical_v0__mysql/candidate_sql/CONS_0005__mysql.sql,7fb55d0e5e79d59f62e4eefa8782ae34ec9e5fc7d5d83d74f6c8537aaec060cf,79ae0253f201b9fd754a8c6de183ea70848a58fdb8414675526837e4e86db9ec,schemas/calcite_core_sql_tests_cons0005_v0/schema_profile.yaml,local_result_checker_exact_status_only_eligibility_gate,true,path_reference_plus_hash,no SQL copied; stable source/candidate paths plus hashes only; no verifier run and no SER evidence
sqlglot_noop__mysql__CONS_0007,sqlglot_noop,sqlglot_noop_track_a_120_canonical_v0,mysql,CONS_0007,cases/CONS/CONS_0007/sql/source.sql,runs/user/sqlglot_noop_track_a_120_canonical_v0__mysql/candidate_sql/CONS_0007__mysql.sql,87f20da933190edd2e6f72b4fd6fb40328280eb7d39a6d1b9f0ea2ed2da25e32,a55f4bec333c24d9b71aa66594974dfe82bdc853d3eb562e4f2ad7d5206da4f6,schemas/calcite_core_sql_tests_cons0007_v0/schema_profile.yaml,local_result_checker_exact_status_only_eligibility_gate,true,path_reference_plus_hash,no SQL copied; stable source/candidate paths plus hashes only; no verifier run and no SER evidence
sqlglot_noop__mysql__CONS_0009,sqlglot_noop,sqlglot_noop_track_a_120_canonical_v0,mysql,CONS_0009,cases/CONS/CONS_0009/sql/source.sql,runs/user/sqlglot_noop_track_a_120_canonical_v0__mysql/candidate_sql/CONS_0009__mysql.sql,5823c5d0fe149007ba73e1fe607f4b4b68be1852ccd37abe6534188f9e090ba6,2dae2332a4727a57a88d0078e369933f48a0ec648f2418eca4332f7dc718bad1,schemas/calcite_core_sql_tests_cons0009_v0/schema_profile.yaml,local_result_checker_exact_status_only_eligibility_gate,true,path_reference_plus_hash,no SQL copied; stable source/candidate paths plus hashes only; no verifier run and no SER evidence
sqlglot_noop__mysql__CONS_0010,sqlglot_noop,sqlglot_noop_track_a_120_canonical_v0,mysql,CONS_0010,cases/CONS/CONS_0010/sql/source.sql,runs/user/sqlglot_noop_track_a_120_canonical_v0__mysql/candidate_sql/CONS_0010__mysql.sql,1af72c63f62480db554a907264092d5c0457bf93bd7e12c5f080685bd2178785,6be0c02ce5ae2d5cae506b379546ca8d6010b878dafbec473ffa6bbeb05d311c,schemas/calcite_core_sql_tests_cons0010_v0/schema_profile.yaml,local_result_checker_exact_status_only_eligibility_gate,true,path_reference_plus_hash,no SQL copied; stable source/candidate paths plus hashes only; no verifier run and no SER evidence
sqlglot_noop__mysql__CONS_0011,sqlglot_noop,sqlglot_noop_track_a_120_canonical_v0,mysql,CONS_0011,cases/CONS/CONS_0011/sql/source.sql,runs/user/sqlglot_noop_track_a_120_canonical_v0__mysql/candidate_sql/CONS_0011__mysql.sql,3f461dd446146583d385abc3f138c235745ed5f4bfef18a64e61eb2159362753,858c4465ab5329d623deee18c11e9a6ffe2ad3a923888eea15cfc7c5868d52bd,schemas/calcite_core_sql_tests_cons0011_v0/schema_profile.yaml,local_result_checker_exact_status_only_eligibility_gate,true,path_reference_plus_hash,no SQL copied; stable source/candidate paths plus hashes only; no verifier run and no SER evidence
sqlglot_noop__mysql__CONS_0012,sqlglot_noop,sqlglot_noop_track_a_120_canonical_v0,mysql,CONS_0012,cases/CONS/CONS_0012/sql/source.sql,runs/user/sqlglot_noop_track_a_120_canonical_v0__mysql/candidate_sql/CONS_0012__mysql.sql,c0808116a402e85af71bd2812818e68b4b8e47422806a537a1f636d00f9f16b7,7e52351df2f6c40d58c1a94b5b044494801d033515acb54a59b1620840e96ddc,schemas/calcite_core_sql_tests_cons0012_v0/schema_profile.yaml,local_result_checker_exact_status_only_eligibility_gate,true,path_reference_plus_hash,no SQL copied; stable source/candidate paths plus hashes only; no verifier run and no SER evidence
sqlglot_noop__mysql__CONS_0024,sqlglot_noop,sqlglot_noop_track_a_120_canonical_v0,mysql,CONS_0024,cases/CONS/CONS_0024/sql/source.sql,runs/user/sqlglot_noop_track_a_120_canonical_v0__mysql/candidate_sql/CONS_0024__mysql.sql,ebbf16b71ff32d3789ee056631ff035375744192381265de1767a529ba166132,d27c63b7bf6160c8c123bbc3abb3e9d0128cc3732d45c10942d6702ebde2def3,schemas/calcite_core_sql_tests_cons0024_v0/schema_profile.yaml,local_result_checker_exact_status_only_eligibility_gate,true,path_reference_plus_hash,no SQL copied; stable source/candidate paths plus hashes only; no verifier run and no SER evidence
sqlglot_noop__mysql__CONS_0036,sqlglot_noop,sqlglot_noop_track_a_120_canonical_v0,mysql,CONS_0036,cases/CONS/CONS_0036/sql/source.sql,runs/user/sqlglot_noop_track_a_120_canonical_v0__mysql/candidate_sql/CONS_0036__mysql.sql,b97474505e3930f8ba5c93a9dff5afb9833e5496e637d2adca05246f728df683,b39c6adda4bd86d016a7981088d38f9a68bdef7e9c3561f8a8ff5c04f1504e80,schemas/verieql_cons0036_v0/schema_profile.yaml,local_result_checker_exact_status_only_eligibility_gate,true,path_reference_plus_hash,no SQL copied; stable source/candidate paths plus hashes only; no verifier run and no SER evidence
sqlglot_noop__mysql__CONS_0037,sqlglot_noop,sqlglot_noop_track_a_120_canonical_v0,mysql,CONS_0037,cases/CONS/CONS_0037/sql/source.sql,runs/user/sqlglot_noop_track_a_120_canonical_v0__mysql/candidate_sql/CONS_0037__mysql.sql,a54f58daf9f9f32a4bf1b3be9ad5d7674fe79955036f748ff6eddf7aa498123b,32c78a961d1b2a8f0fb8b5be1debe9eac0aaf4e102bc3c203d25377410d62826,schemas/verieql_cons0037_v0/schema_profile.yaml,local_result_checker_exact_status_only_eligibility_gate,true,path_reference_plus_hash,no SQL copied; stable source/candidate paths plus hashes only; no verifier run and no SER evidence
sqlglot_noop__mysql__PORT_0025,sqlglot_noop,sqlglot_noop_track_a_120_canonical_v0,mysql,PORT_0025,cases/PORT/PORT_0025/sql/source.sql,runs/user/sqlglot_noop_track_a_120_canonical_v0__mysql/candidate_sql/PORT_0025__mysql.sql,c16914d327c777e614b91cc1196ee05b25b8ee90fb99b3cdbc04002ebb8f6efd,f5989ce1228413ef841f4aad77de9756a30e5ab9a722febf36dd667c245da1e0,schemas/parrot_bird_port0025_v0/schema_profile.yaml,local_result_checker_exact_status_only_eligibility_gate,true,path_reference_plus_hash,no SQL copied; stable source/candidate paths plus hashes only; no verifier run and no SER evidence
sqlglot_noop__mysql__LONGTAIL_0011,sqlglot_noop,sqlglot_noop_track_a_120_canonical_v0,mysql,LONGTAIL_0011,cases/LONGTAIL/LONGTAIL_0011/sql/source.sql,runs/user/sqlglot_noop_track_a_120_canonical_v0__mysql/candidate_sql/LONGTAIL_0011__mysql.sql,dc674b49bd030f320141fe221ee3a9e7bd4791a47049f757ec9c72ad62d37928,4f1ab0c8ec315987543c3782910d4afef0f9f0083bf49b4eb611fc7cec301965,schemas/sqlstorm_stackoverflow_longtail0011_v0/schema_profile.yaml,local_result_checker_exact_status_only_eligibility_gate,true,path_reference_plus_hash,no SQL copied; stable source/candidate paths plus hashes only; no verifier run and no SER evidence
sqlglot_noop__mysql__LONGTAIL_0012,sqlglot_noop,sqlglot_noop_track_a_120_canonical_v0,mysql,LONGTAIL_0012,cases/LONGTAIL/LONGTAIL_0012/sql/source.sql,runs/user/sqlglot_noop_track_a_120_canonical_v0__mysql/candidate_sql/LONGTAIL_0012__mysql.sql,fee7b11be08a3461f07797bcee5e404d7deb2ff0e42acb44e7fc5bed35cf4de1,b590b1050891dd123a045aec11a5bb372d0a9891fc8fa34e5803e2fbd1a6c7b0,schemas/sqlstorm_stackoverflow_longtail0012_v0/schema_profile.yaml,local_result_checker_exact_status_only_eligibility_gate,true,path_reference_plus_hash,no SQL copied; stable source/candidate paths plus hashes only; no verifier run and no SER evidence
sqlglot_noop__mysql__LONGTAIL_0013,sqlglot_noop,sqlglot_noop_track_a_120_canonical_v0,mysql,LONGTAIL_0013,cases/LONGTAIL/LONGTAIL_0013/sql/source.sql,runs/user/sqlglot_noop_track_a_120_canonical_v0__mysql/candidate_sql/LONGTAIL_0013__mysql.sql,188f7da6e1c11b08a4d846a0e85cbb1a0115607f0859ff83e8aae2a13b3a9cd9,f0f9ae7679410b6894e3336bae95039ac6240f739b509f8e4c33ef23ff810434,schemas/sqlstorm_stackoverflow_longtail0013_v0/schema_profile.yaml,local_result_checker_exact_status_only_eligibility_gate,true,path_reference_plus_hash,no SQL copied; stable source/candidate paths plus hashes only; no verifier run and no SER evidence
sqlglot_noop__mysql__LONGTAIL_0022,sqlglot_noop,sqlglot_noop_track_a_120_canonical_v0,mysql,LONGTAIL_0022,cases/LONGTAIL/LONGTAIL_0022/sql/source.sql,runs/user/sqlglot_noop_track_a_120_canonical_v0__mysql/candidate_sql/LONGTAIL_0022__mysql.sql,c5558cfdf705ef3fd0bf2e69afbaa1a38192f37b7563a1ae145a41de3d9fba50,dea12eff4276f5e2b46fd1c952a661b2a33280ebef9cb9ac7c9684bc3a492985,schemas/stack_queries_longtail0022_v0/schema_profile.yaml,local_result_checker_exact_status_only_eligibility_gate,true,path_reference_plus_hash,no SQL copied; stable source/candidate paths plus hashes only; no verifier run and no SER evidence
sqlglot_noop__mysql__LONGTAIL_0023,sqlglot_noop,sqlglot_noop_track_a_120_canonical_v0,mysql,LONGTAIL_0023,cases/LONGTAIL/LONGTAIL_0023/sql/source.sql,runs/user/sqlglot_noop_track_a_120_canonical_v0__mysql/candidate_sql/LONGTAIL_0023__mysql.sql,758d318d64074b7bad77fdb1bc5418f9a87058603922d710161549eb43ebe926,7c24c2b83b32fa437821f9ed69a381ef580c8b04527976b4bb4a42c6a69c1702,schemas/stack_queries_longtail0023_v0/schema_profile.yaml,local_result_checker_exact_status_only_eligibility_gate,true,path_reference_plus_hash,no SQL copied; stable source/candidate paths plus hashes only; no verifier run and no SER evidence
sqlglot_noop__mysql__LONGTAIL_0024,sqlglot_noop,sqlglot_noop_track_a_120_canonical_v0,mysql,LONGTAIL_0024,cases/LONGTAIL/LONGTAIL_0024/sql/source.sql,runs/user/sqlglot_noop_track_a_120_canonical_v0__mysql/candidate_sql/LONGTAIL_0024__mysql.sql,9d46fb0a71730e776594aa7c8d40cf359572fc7ceb6edc6572c0a2431b390c53,de19685f56499a5e90e06776bce22cc5476fdf17890c2c6b594df0797fa89b45,schemas/stack_queries_longtail0024_v0/schema_profile.yaml,local_result_checker_exact_status_only_eligibility_gate,true,path_reference_plus_hash,no SQL copied; stable source/candidate paths plus hashes only; no verifier run and no SER evidence
sqlglot_noop__spark__PERF_0006,sqlglot_noop,sqlglot_noop_track_a_120_canonical_v0,spark,PERF_0006,cases/PERF/PERF_0006/sql/source.sql,runs/user/sqlglot_noop_track_a_120_canonical_v0__spark/candidate_sql/PERF_0006__spark.sql,250256397b1969ed1f7080c201b9440b0c917720508edf89497dab51e841562b,33a4fcc230aa2c8f67e6ae340900c4c14b93c3abb8ac4efd712b5b901d5df5ec,schemas/tpch_common_core_v0/schema_profile.yaml,local_result_checker_exact_status_only_eligibility_gate,true,path_reference_plus_hash,no SQL copied; stable source/candidate paths plus hashes only; no verifier run and no SER evidence
sqlglot_noop__spark__PERF_0007,sqlglot_noop,sqlglot_noop_track_a_120_canonical_v0,spark,PERF_0007,cases/PERF/PERF_0007/sql/source.sql,runs/user/sqlglot_noop_track_a_120_canonical_v0__spark/candidate_sql/PERF_0007__spark.sql,9dc696fb97b2ee3ebc57a8cc63e0eae624c07a2fd005ce0e396a5b70c8a61939,a338badeb9a2cbf8a35c1e4df3bb97c3a016a88f568421318b1e9fc55b99d45e,schemas/tpch_perf0007_v0/schema_profile.yaml,local_result_checker_exact_status_only_eligibility_gate,true,path_reference_plus_hash,no SQL copied; stable source/candidate paths plus hashes only; no verifier run and no SER evidence
sqlglot_noop__spark__PERF_0008,sqlglot_noop,sqlglot_noop_track_a_120_canonical_v0,spark,PERF_0008,cases/PERF/PERF_0008/sql/source.sql,runs/user/sqlglot_noop_track_a_120_canonical_v0__spark/candidate_sql/PERF_0008__spark.sql,c99c82eda540a5873e8a3eb1ef8827ef013ff1433510bf7b78c2c773f81d3ba8,2c0bddbe7aacfde4d55b5eebf49c6d0d19c99af2aecd6ba04acc524bceee1f93,schemas/tpch_perf0008_v0/schema_profile.yaml,local_result_checker_exact_status_only_eligibility_gate,true,path_reference_plus_hash,no SQL copied; stable source/candidate paths plus hashes only; no verifier run and no SER evidence
sqlglot_noop__spark__PERF_0013,sqlglot_noop,sqlglot_noop_track_a_120_canonical_v0,spark,PERF_0013,cases/PERF/PERF_0013/sql/source.sql,runs/user/sqlglot_noop_track_a_120_canonical_v0__spark/candidate_sql/PERF_0013__spark.sql,89d0f9a09a41e96b6b3c0c9fa92d7926b177bc1917cd233758ee2773be807064,c39ba34ea5f0bdcd1155269cfff265a0f6366d884b58736701b84478b5f40124,schemas/tpch_perf0013_v0/schema_profile.yaml,local_result_checker_exact_status_only_eligibility_gate,true,path_reference_plus_hash,no SQL copied; stable source/candidate paths plus hashes only; no verifier run and no SER evidence
sqlglot_noop__spark__PERF_0017,sqlglot_noop,sqlglot_noop_track_a_120_canonical_v0,spark,PERF_0017,cases/PERF/PERF_0017/sql/source.sql,runs/user/sqlglot_noop_track_a_120_canonical_v0__spark/candidate_sql/PERF_0017__spark.sql,710366ebada2ecaa7d56a6a84b1bb8a7571ebbf296d1664f4530b3a0c8f850ca,58b90e89c92e474184adf28fa25a2b5ac93b4b44325506819cf46d02d37be732,schemas/tpch_perf0017_v0/schema_profile.yaml,local_result_checker_exact_status_only_eligibility_gate,true,path_reference_plus_hash,no SQL copied; stable source/candidate paths plus hashes only; no verifier run and no SER evidence
sqlglot_noop__spark__PERF_0019,sqlglot_noop,sqlglot_noop_track_a_120_canonical_v0,spark,PERF_0019,cases/PERF/PERF_0019/sql/source.sql,runs/user/sqlglot_noop_track_a_120_canonical_v0__spark/candidate_sql/PERF_0019__spark.sql,099a3ecc8fd1d77bd86c9aa25b43a2c4e7c5c4832edb756491db80ccff6cf422,1d467b2e301f3ddf71adc127d2e957d3a7a099e3f17712d5a44da717009758a3,schemas/tpch_perf0019_v0/schema_profile.yaml,local_result_checker_exact_status_only_eligibility_gate,true,path_reference_plus_hash,no SQL copied; stable source/candidate paths plus hashes only; no verifier run and no SER evidence
sqlglot_noop__spark__PERF_0024,sqlglot_noop,sqlglot_noop_track_a_120_canonical_v0,spark,PERF_0024,cases/PERF/PERF_0024/sql/source.sql,runs/user/sqlglot_noop_track_a_120_canonical_v0__spark/candidate_sql/PERF_0024__spark.sql,adbcd38897f700fdeecc2d8b018ac5618929276fe8a0b58169bc2f5b242a79ac,b5588d9c92fb56f583e308fbe7ccd3e57cf75654444a62a64a4e3291b95087c5,schemas/tpch_perf0024_v0/schema_profile.yaml,local_result_checker_exact_status_only_eligibility_gate,true,path_reference_plus_hash,no SQL copied; stable source/candidate paths plus hashes only; no verifier run and no SER evidence
sqlglot_noop__spark__PERF_0033,sqlglot_noop,sqlglot_noop_track_a_120_canonical_v0,spark,PERF_0033,cases/PERF/PERF_0033/sql/source.sql,runs/user/sqlglot_noop_track_a_120_canonical_v0__spark/candidate_sql/PERF_0033__spark.sql,d0f865f84426d3b2cbf7c887f2c70b14fc1279f2c0822ea212e1542aaa9fd3c2,1cf89f12ef3507b71a4318c4cf66434cd69fdab7ef1f22e80b793c246bb82109,schemas/tpcds_perf0033_v0/schema_profile.yaml,local_result_checker_exact_status_only_eligibility_gate,true,path_reference_plus_hash,no SQL copied; stable source/candidate paths plus hashes only; no verifier run and no SER evidence
sqlglot_noop__spark__PERF_0034,sqlglot_noop,sqlglot_noop_track_a_120_canonical_v0,spark,PERF_0034,cases/PERF/PERF_0034/sql/source.sql,runs/user/sqlglot_noop_track_a_120_canonical_v0__spark/candidate_sql/PERF_0034__spark.sql,7b067603fc8093dd845c2fa77a582f02e59513456e6befcb0e4f4541b42b205f,7fd2578f048d3db2f03969ca8bc1e2b2f8bb3155c304f8906140a9ca747da976,schemas/tpcds_perf0034_v0/schema_profile.yaml,local_result_checker_exact_status_only_eligibility_gate,true,path_reference_plus_hash,no SQL copied; stable source/candidate paths plus hashes only; no verifier run and no SER evidence
sqlglot_noop__spark__PERF_0035,sqlglot_noop,sqlglot_noop_track_a_120_canonical_v0,spark,PERF_0035,cases/PERF/PERF_0035/sql/source.sql,runs/user/sqlglot_noop_track_a_120_canonical_v0__spark/candidate_sql/PERF_0035__spark.sql,9977cac76fdd6e06994c1b1e13c1e84154cc6074fa05584c0eb337b15ce806f6,97ade6c32824c5833da0ece010bf772119ec3df7966b5ed98ace5faa092d66a5,schemas/tpcds_perf0035_v0/schema_profile.yaml,local_result_checker_exact_status_only_eligibility_gate,true,path_reference_plus_hash,no SQL copied; stable source/candidate paths plus hashes only; no verifier run and no SER evidence
sqlglot_noop__spark__PERF_0052,sqlglot_noop,sqlglot_noop_track_a_120_canonical_v0,spark,PERF_0052,cases/PERF/PERF_0052/sql/source.sql,runs/user/sqlglot_noop_track_a_120_canonical_v0__spark/candidate_sql/PERF_0052__spark.sql,c7d742cfda6dc04194e4e83eddfe68132023c009e0e67713e0250048a195498b,531b828a14a2e68dbd3dacb06c153653720991ee5093cd94e5d799c1f781e7a9,schemas/tpcds_perf0052_v0/schema_profile.yaml,local_result_checker_exact_status_only_eligibility_gate,true,path_reference_plus_hash,no SQL copied; stable source/candidate paths plus hashes only; no verifier run and no SER evidence
sqlglot_noop__spark__PERF_0054,sqlglot_noop,sqlglot_noop_track_a_120_canonical_v0,spark,PERF_0054,cases/PERF/PERF_0054/sql/source.sql,runs/user/sqlglot_noop_track_a_120_canonical_v0__spark/candidate_sql/PERF_0054__spark.sql,0a97395e9cd01c7d4c8a83f25406e83d1c1e5dec2ce9cfda696a90b8633bee3f,27d1943ab82b364260b7c9a6d8a58e1b75e183edc2e1ee51001ec260ea4d12b5,schemas/tpcds_perf0054_v0/schema_profile.yaml,local_result_checker_exact_status_only_eligibility_gate,true,path_reference_plus_hash,no SQL copied; stable source/candidate paths plus hashes only; no verifier run and no SER evidence
sqlglot_noop__spark__PERF_0056,sqlglot_noop,sqlglot_noop_track_a_120_canonical_v0,spark,PERF_0056,cases/PERF/PERF_0056/sql/source.sql,runs/user/sqlglot_noop_track_a_120_canonical_v0__spark/candidate_sql/PERF_0056__spark.sql,2c2a6b7c84816efa61ef43e36bc4d388515bbefbf4727e6ae3fcb14f65b02d93,103e05a6b38cb281891ad16486e2dbaa87c03d1be1bd053085767c1b3c440445,schemas/tpcds_perf0056_v0/schema_profile.yaml,local_result_checker_exact_status_only_eligibility_gate,true,path_reference_plus_hash,no SQL copied; stable source/candidate paths plus hashes only; no verifier run and no SER evidence
sqlglot_noop__spark__PERF_0062,sqlglot_noop,sqlglot_noop_track_a_120_canonical_v0,spark,PERF_0062,cases/PERF/PERF_0062/sql/source.sql,runs/user/sqlglot_noop_track_a_120_canonical_v0__spark/candidate_sql/PERF_0062__spark.sql,1173728ec616c63fc26002b5c832448959956cab9ec40c7598b1ca3b3eebdc2a,d5597428dff07c95ebccc1b36e3fdc033359774e2a2e4478b26f7149ad8f4af4,schemas/tpcds_perf0062_v0/schema_profile.yaml,local_result_checker_exact_status_only_eligibility_gate,true,path_reference_plus_hash,no SQL copied; stable source/candidate paths plus hashes only; no verifier run and no SER evidence
sqlglot_noop__spark__PERF_0077,sqlglot_noop,sqlglot_noop_track_a_120_canonical_v0,spark,PERF_0077,cases/PERF/PERF_0077/sql/source.sql,runs/user/sqlglot_noop_track_a_120_canonical_v0__spark/candidate_sql/PERF_0077__spark.sql,b3e94a9ed53d9362995072b587f973f0defa1f2b879be53870396babd45b2bcd,35f53029adad5e78985f04eae4f4638990d9a7a02af550a99b5c977f02dea989,schemas/job_imdb_perf0077_v0/schema_profile.yaml,local_result_checker_exact_status_only_eligibility_gate,true,path_reference_plus_hash,no SQL copied; stable source/candidate paths plus hashes only; no verifier run and no SER evidence
sqlglot_noop__spark__PERF_0082,sqlglot_noop,sqlglot_noop_track_a_120_canonical_v0,spark,PERF_0082,cases/PERF/PERF_0082/sql/source.sql,runs/user/sqlglot_noop_track_a_120_canonical_v0__spark/candidate_sql/PERF_0082__spark.sql,931544a23fdc970ac15b6daf6b2aed935887bf70ea114f59bcfd74d304a3fb80,77342139cf2ed6a53da2a44428774b41ec96b507f3a8e66f4eaf4c9e10cb0bd4,schemas/job_imdb_perf0082_v0/schema_profile.yaml,local_result_checker_exact_status_only_eligibility_gate,true,path_reference_plus_hash,no SQL copied; stable source/candidate paths plus hashes only; no verifier run and no SER evidence
sqlglot_noop__spark__CONS_0005,sqlglot_noop,sqlglot_noop_track_a_120_canonical_v0,spark,CONS_0005,cases/CONS/CONS_0005/sql/source.sql,runs/user/sqlglot_noop_track_a_120_canonical_v0__spark/candidate_sql/CONS_0005__spark.sql,7fb55d0e5e79d59f62e4eefa8782ae34ec9e5fc7d5d83d74f6c8537aaec060cf,79ae0253f201b9fd754a8c6de183ea70848a58fdb8414675526837e4e86db9ec,schemas/calcite_core_sql_tests_cons0005_v0/schema_profile.yaml,local_result_checker_exact_status_only_eligibility_gate,true,path_reference_plus_hash,no SQL copied; stable source/candidate paths plus hashes only; no verifier run and no SER evidence
sqlglot_noop__spark__CONS_0007,sqlglot_noop,sqlglot_noop_track_a_120_canonical_v0,spark,CONS_0007,cases/CONS/CONS_0007/sql/source.sql,runs/user/sqlglot_noop_track_a_120_canonical_v0__spark/candidate_sql/CONS_0007__spark.sql,87f20da933190edd2e6f72b4fd6fb40328280eb7d39a6d1b9f0ea2ed2da25e32,a55f4bec333c24d9b71aa66594974dfe82bdc853d3eb562e4f2ad7d5206da4f6,schemas/calcite_core_sql_tests_cons0007_v0/schema_profile.yaml,local_result_checker_exact_status_only_eligibility_gate,true,path_reference_plus_hash,no SQL copied; stable source/candidate paths plus hashes only; no verifier run and no SER evidence
sqlglot_noop__spark__CONS_0009,sqlglot_noop,sqlglot_noop_track_a_120_canonical_v0,spark,CONS_0009,cases/CONS/CONS_0009/sql/source.sql,runs/user/sqlglot_noop_track_a_120_canonical_v0__spark/candidate_sql/CONS_0009__spark.sql,5823c5d0fe149007ba73e1fe607f4b4b68be1852ccd37abe6534188f9e090ba6,2dae2332a4727a57a88d0078e369933f48a0ec648f2418eca4332f7dc718bad1,schemas/calcite_core_sql_tests_cons0009_v0/schema_profile.yaml,local_result_checker_exact_status_only_eligibility_gate,true,path_reference_plus_hash,no SQL copied; stable source/candidate paths plus hashes only; no verifier run and no SER evidence
sqlglot_noop__spark__CONS_0010,sqlglot_noop,sqlglot_noop_track_a_120_canonical_v0,spark,CONS_0010,cases/CONS/CONS_0010/sql/source.sql,runs/user/sqlglot_noop_track_a_120_canonical_v0__spark/candidate_sql/CONS_0010__spark.sql,1af72c63f62480db554a907264092d5c0457bf93bd7e12c5f080685bd2178785,6be0c02ce5ae2d5cae506b379546ca8d6010b878dafbec473ffa6bbeb05d311c,schemas/calcite_core_sql_tests_cons0010_v0/schema_profile.yaml,local_result_checker_exact_status_only_eligibility_gate,true,path_reference_plus_hash,no SQL copied; stable source/candidate paths plus hashes only; no verifier run and no SER evidence
sqlglot_noop__spark__CONS_0011,sqlglot_noop,sqlglot_noop_track_a_120_canonical_v0,spark,CONS_0011,cases/CONS/CONS_0011/sql/source.sql,runs/user/sqlglot_noop_track_a_120_canonical_v0__spark/candidate_sql/CONS_0011__spark.sql,3f461dd446146583d385abc3f138c235745ed5f4bfef18a64e61eb2159362753,858c4465ab5329d623deee18c11e9a6ffe2ad3a923888eea15cfc7c5868d52bd,schemas/calcite_core_sql_tests_cons0011_v0/schema_profile.yaml,local_result_checker_exact_status_only_eligibility_gate,true,path_reference_plus_hash,no SQL copied; stable source/candidate paths plus hashes only; no verifier run and no SER evidence
sqlglot_noop__spark__CONS_0012,sqlglot_noop,sqlglot_noop_track_a_120_canonical_v0,spark,CONS_0012,cases/CONS/CONS_0012/sql/source.sql,runs/user/sqlglot_noop_track_a_120_canonical_v0__spark/candidate_sql/CONS_0012__spark.sql,c0808116a402e85af71bd2812818e68b4b8e47422806a537a1f636d00f9f16b7,7e52351df2f6c40d58c1a94b5b044494801d033515acb54a59b1620840e96ddc,schemas/calcite_core_sql_tests_cons0012_v0/schema_profile.yaml,local_result_checker_exact_status_only_eligibility_gate,true,path_reference_plus_hash,no SQL copied; stable source/candidate paths plus hashes only; no verifier run and no SER evidence
sqlglot_noop__spark__CONS_0024,sqlglot_noop,sqlglot_noop_track_a_120_canonical_v0,spark,CONS_0024,cases/CONS/CONS_0024/sql/source.sql,runs/user/sqlglot_noop_track_a_120_canonical_v0__spark/candidate_sql/CONS_0024__spark.sql,ebbf16b71ff32d3789ee056631ff035375744192381265de1767a529ba166132,d27c63b7bf6160c8c123bbc3abb3e9d0128cc3732d45c10942d6702ebde2def3,schemas/calcite_core_sql_tests_cons0024_v0/schema_profile.yaml,local_result_checker_exact_status_only_eligibility_gate,true,path_reference_plus_hash,no SQL copied; stable source/candidate paths plus hashes only; no verifier run and no SER evidence
sqlglot_noop__spark__CONS_0036,sqlglot_noop,sqlglot_noop_track_a_120_canonical_v0,spark,CONS_0036,cases/CONS/CONS_0036/sql/source.sql,runs/user/sqlglot_noop_track_a_120_canonical_v0__spark/candidate_sql/CONS_0036__spark.sql,b97474505e3930f8ba5c93a9dff5afb9833e5496e637d2adca05246f728df683,b39c6adda4bd86d016a7981088d38f9a68bdef7e9c3561f8a8ff5c04f1504e80,schemas/verieql_cons0036_v0/schema_profile.yaml,local_result_checker_exact_status_only_eligibility_gate,true,path_reference_plus_hash,no SQL copied; stable source/candidate paths plus hashes only; no verifier run and no SER evidence
sqlglot_noop__spark__CONS_0037,sqlglot_noop,sqlglot_noop_track_a_120_canonical_v0,spark,CONS_0037,cases/CONS/CONS_0037/sql/source.sql,runs/user/sqlglot_noop_track_a_120_canonical_v0__spark/candidate_sql/CONS_0037__spark.sql,a54f58daf9f9f32a4bf1b3be9ad5d7674fe79955036f748ff6eddf7aa498123b,32c78a961d1b2a8f0fb8b5be1debe9eac0aaf4e102bc3c203d25377410d62826,schemas/verieql_cons0037_v0/schema_profile.yaml,local_result_checker_exact_status_only_eligibility_gate,true,path_reference_plus_hash,no SQL copied; stable source/candidate paths plus hashes only; no verifier run and no SER evidence
sqlglot_noop__spark__LONGTAIL_0011,sqlglot_noop,sqlglot_noop_track_a_120_canonical_v0,spark,LONGTAIL_0011,cases/LONGTAIL/LONGTAIL_0011/sql/source.sql,runs/user/sqlglot_noop_track_a_120_canonical_v0__spark/candidate_sql/LONGTAIL_0011__spark.sql,dc674b49bd030f320141fe221ee3a9e7bd4791a47049f757ec9c72ad62d37928,4f1ab0c8ec315987543c3782910d4afef0f9f0083bf49b4eb611fc7cec301965,schemas/sqlstorm_stackoverflow_longtail0011_v0/schema_profile.yaml,local_result_checker_exact_status_only_eligibility_gate,true,path_reference_plus_hash,no SQL copied; stable source/candidate paths plus hashes only; no verifier run and no SER evidence
sqlglot_noop__spark__LONGTAIL_0012,sqlglot_noop,sqlglot_noop_track_a_120_canonical_v0,spark,LONGTAIL_0012,cases/LONGTAIL/LONGTAIL_0012/sql/source.sql,runs/user/sqlglot_noop_track_a_120_canonical_v0__spark/candidate_sql/LONGTAIL_0012__spark.sql,fee7b11be08a3461f07797bcee5e404d7deb2ff0e42acb44e7fc5bed35cf4de1,b590b1050891dd123a045aec11a5bb372d0a9891fc8fa34e5803e2fbd1a6c7b0,schemas/sqlstorm_stackoverflow_longtail0012_v0/schema_profile.yaml,local_result_checker_exact_status_only_eligibility_gate,true,path_reference_plus_hash,no SQL copied; stable source/candidate paths plus hashes only; no verifier run and no SER evidence
sqlglot_noop__spark__LONGTAIL_0013,sqlglot_noop,sqlglot_noop_track_a_120_canonical_v0,spark,LONGTAIL_0013,cases/LONGTAIL/LONGTAIL_0013/sql/source.sql,runs/user/sqlglot_noop_track_a_120_canonical_v0__spark/candidate_sql/LONGTAIL_0013__spark.sql,188f7da6e1c11b08a4d846a0e85cbb1a0115607f0859ff83e8aae2a13b3a9cd9,f0f9ae7679410b6894e3336bae95039ac6240f739b509f8e4c33ef23ff810434,schemas/sqlstorm_stackoverflow_longtail0013_v0/schema_profile.yaml,local_result_checker_exact_status_only_eligibility_gate,true,path_reference_plus_hash,no SQL copied; stable source/candidate paths plus hashes only; no verifier run and no SER evidence
sqlglot_noop__spark__LONGTAIL_0022,sqlglot_noop,sqlglot_noop_track_a_120_canonical_v0,spark,LONGTAIL_0022,cases/LONGTAIL/LONGTAIL_0022/sql/source.sql,runs/user/sqlglot_noop_track_a_120_canonical_v0__spark/candidate_sql/LONGTAIL_0022__spark.sql,c5558cfdf705ef3fd0bf2e69afbaa1a38192f37b7563a1ae145a41de3d9fba50,dea12eff4276f5e2b46fd1c952a661b2a33280ebef9cb9ac7c9684bc3a492985,schemas/stack_queries_longtail0022_v0/schema_profile.yaml,local_result_checker_exact_status_only_eligibility_gate,true,path_reference_plus_hash,no SQL copied; stable source/candidate paths plus hashes only; no verifier run and no SER evidence
sqlglot_noop__spark__LONGTAIL_0023,sqlglot_noop,sqlglot_noop_track_a_120_canonical_v0,spark,LONGTAIL_0023,cases/LONGTAIL/LONGTAIL_0023/sql/source.sql,runs/user/sqlglot_noop_track_a_120_canonical_v0__spark/candidate_sql/LONGTAIL_0023__spark.sql,758d318d64074b7bad77fdb1bc5418f9a87058603922d710161549eb43ebe926,7c24c2b83b32fa437821f9ed69a381ef580c8b04527976b4bb4a42c6a69c1702,schemas/stack_queries_longtail0023_v0/schema_profile.yaml,local_result_checker_exact_status_only_eligibility_gate,true,path_reference_plus_hash,no SQL copied; stable source/candidate paths plus hashes only; no verifier run and no SER evidence
sqlglot_noop__spark__LONGTAIL_0024,sqlglot_noop,sqlglot_noop_track_a_120_canonical_v0,spark,LONGTAIL_0024,cases/LONGTAIL/LONGTAIL_0024/sql/source.sql,runs/user/sqlglot_noop_track_a_120_canonical_v0__spark/candidate_sql/LONGTAIL_0024__spark.sql,9d46fb0a71730e776594aa7c8d40cf359572fc7ceb6edc6572c0a2431b390c53,de19685f56499a5e90e06776bce22cc5476fdf17890c2c6b594df0797fa89b45,schemas/stack_queries_longtail0024_v0/schema_profile.yaml,local_result_checker_exact_status_only_eligibility_gate,true,path_reference_plus_hash,no SQL copied; stable source/candidate paths plus hashes only; no verifier run and no SER evidence
sqlglot_optimize_schema_aware__postgres__PERF_0006,sqlglot_optimize_schema_aware,sqlglot_optimize_schema_aware_track_a_120_canonical_v0,postgres,PERF_0006,cases/PERF/PERF_0006/sql/source.sql,runs/user/sqlglot_optimize_schema_aware_track_a_120_canonical_v0__postgres/candidate_sql/PERF_0006__postgres.sql,250256397b1969ed1f7080c201b9440b0c917720508edf89497dab51e841562b,f61640bfcaa08f6e4a0f4c1d57a52f5e12603a382feb019569a3f697038a124c,schemas/tpch_common_core_v0/schema_profile.yaml,local_result_checker_exact_status_only_eligibility_gate,true,path_reference_plus_hash,no SQL copied; stable source/candidate paths plus hashes only; no verifier run and no SER evidence
sqlglot_optimize_schema_aware__postgres__PERF_0007,sqlglot_optimize_schema_aware,sqlglot_optimize_schema_aware_track_a_120_canonical_v0,postgres,PERF_0007,cases/PERF/PERF_0007/sql/source.sql,runs/user/sqlglot_optimize_schema_aware_track_a_120_canonical_v0__postgres/candidate_sql/PERF_0007__postgres.sql,9dc696fb97b2ee3ebc57a8cc63e0eae624c07a2fd005ce0e396a5b70c8a61939,fbe7a47a74ff247b56a2170146669e182895fa22bd08ae48cd521bd342db0a31,schemas/tpch_perf0007_v0/schema_profile.yaml,local_result_checker_exact_status_only_eligibility_gate,true,path_reference_plus_hash,no SQL copied; stable source/candidate paths plus hashes only; no verifier run and no SER evidence
sqlglot_optimize_schema_aware__postgres__PERF_0008,sqlglot_optimize_schema_aware,sqlglot_optimize_schema_aware_track_a_120_canonical_v0,postgres,PERF_0008,cases/PERF/PERF_0008/sql/source.sql,runs/user/sqlglot_optimize_schema_aware_track_a_120_canonical_v0__postgres/candidate_sql/PERF_0008__postgres.sql,c99c82eda540a5873e8a3eb1ef8827ef013ff1433510bf7b78c2c773f81d3ba8,36e6e1fb18f9e4d12e89c1cfce92a974fc4c48b25d93d08e1e0e38dcb9fe967d,schemas/tpch_perf0008_v0/schema_profile.yaml,local_result_checker_exact_status_only_eligibility_gate,true,path_reference_plus_hash,no SQL copied; stable source/candidate paths plus hashes only; no verifier run and no SER evidence
sqlglot_optimize_schema_aware__postgres__PERF_0013,sqlglot_optimize_schema_aware,sqlglot_optimize_schema_aware_track_a_120_canonical_v0,postgres,PERF_0013,cases/PERF/PERF_0013/sql/source.sql,runs/user/sqlglot_optimize_schema_aware_track_a_120_canonical_v0__postgres/candidate_sql/PERF_0013__postgres.sql,89d0f9a09a41e96b6b3c0c9fa92d7926b177bc1917cd233758ee2773be807064,b107d7dd17884b16ade960fe0f876a2b4689a7fe3649d3914313b55e6e46c8a4,schemas/tpch_perf0013_v0/schema_profile.yaml,local_result_checker_exact_status_only_eligibility_gate,true,path_reference_plus_hash,no SQL copied; stable source/candidate paths plus hashes only; no verifier run and no SER evidence
sqlglot_optimize_schema_aware__postgres__PERF_0017,sqlglot_optimize_schema_aware,sqlglot_optimize_schema_aware_track_a_120_canonical_v0,postgres,PERF_0017,cases/PERF/PERF_0017/sql/source.sql,runs/user/sqlglot_optimize_schema_aware_track_a_120_canonical_v0__postgres/candidate_sql/PERF_0017__postgres.sql,710366ebada2ecaa7d56a6a84b1bb8a7571ebbf296d1664f4530b3a0c8f850ca,6b7f710fa686d6b1e48cf0a53fd2f45e68391b410c863b69f259df5f034b90a7,schemas/tpch_perf0017_v0/schema_profile.yaml,local_result_checker_exact_status_only_eligibility_gate,true,path_reference_plus_hash,no SQL copied; stable source/candidate paths plus hashes only; no verifier run and no SER evidence
sqlglot_optimize_schema_aware__postgres__PERF_0019,sqlglot_optimize_schema_aware,sqlglot_optimize_schema_aware_track_a_120_canonical_v0,postgres,PERF_0019,cases/PERF/PERF_0019/sql/source.sql,runs/user/sqlglot_optimize_schema_aware_track_a_120_canonical_v0__postgres/candidate_sql/PERF_0019__postgres.sql,099a3ecc8fd1d77bd86c9aa25b43a2c4e7c5c4832edb756491db80ccff6cf422,2298291e806665c85c79d0c5328159eea82c1ff443cd01fc3d3f854aadfe98ce,schemas/tpch_perf0019_v0/schema_profile.yaml,local_result_checker_exact_status_only_eligibility_gate,true,path_reference_plus_hash,no SQL copied; stable source/candidate paths plus hashes only; no verifier run and no SER evidence
sqlglot_optimize_schema_aware__postgres__PERF_0024,sqlglot_optimize_schema_aware,sqlglot_optimize_schema_aware_track_a_120_canonical_v0,postgres,PERF_0024,cases/PERF/PERF_0024/sql/source.sql,runs/user/sqlglot_optimize_schema_aware_track_a_120_canonical_v0__postgres/candidate_sql/PERF_0024__postgres.sql,adbcd38897f700fdeecc2d8b018ac5618929276fe8a0b58169bc2f5b242a79ac,463e22ce70666e6d8d4055a1db8c61167c603b9538d60cefed09c92f818cd2f1,schemas/tpch_perf0024_v0/schema_profile.yaml,local_result_checker_exact_status_only_eligibility_gate,true,path_reference_plus_hash,no SQL copied; stable source/candidate paths plus hashes only; no verifier run and no SER evidence
sqlglot_optimize_schema_aware__postgres__PERF_0033,sqlglot_optimize_schema_aware,sqlglot_optimize_schema_aware_track_a_120_canonical_v0,postgres,PERF_0033,cases/PERF/PERF_0033/sql/source.sql,runs/user/sqlglot_optimize_schema_aware_track_a_120_canonical_v0__postgres/candidate_sql/PERF_0033__postgres.sql,d0f865f84426d3b2cbf7c887f2c70b14fc1279f2c0822ea212e1542aaa9fd3c2,2f2491953e9e1a269c829e23f6dd814a1e3b85da71d4d6eb643f603c36596ba7,schemas/tpcds_perf0033_v0/schema_profile.yaml,local_result_checker_exact_status_only_eligibility_gate,true,path_reference_plus_hash,no SQL copied; stable source/candidate paths plus hashes only; no verifier run and no SER evidence
sqlglot_optimize_schema_aware__postgres__PERF_0034,sqlglot_optimize_schema_aware,sqlglot_optimize_schema_aware_track_a_120_canonical_v0,postgres,PERF_0034,cases/PERF/PERF_0034/sql/source.sql,runs/user/sqlglot_optimize_schema_aware_track_a_120_canonical_v0__postgres/candidate_sql/PERF_0034__postgres.sql,7b067603fc8093dd845c2fa77a582f02e59513456e6befcb0e4f4541b42b205f,0243f06c803aa41369d30d19459b93f54e61b6a79aef7b69e7663bae9bb18b93,schemas/tpcds_perf0034_v0/schema_profile.yaml,local_result_checker_exact_status_only_eligibility_gate,true,path_reference_plus_hash,no SQL copied; stable source/candidate paths plus hashes only; no verifier run and no SER evidence
sqlglot_optimize_schema_aware__postgres__PERF_0035,sqlglot_optimize_schema_aware,sqlglot_optimize_schema_aware_track_a_120_canonical_v0,postgres,PERF_0035,cases/PERF/PERF_0035/sql/source.sql,runs/user/sqlglot_optimize_schema_aware_track_a_120_canonical_v0__postgres/candidate_sql/PERF_0035__postgres.sql,9977cac76fdd6e06994c1b1e13c1e84154cc6074fa05584c0eb337b15ce806f6,fbde609025e0cfa242ad776988545489dc785b728ac6b723cea3320bfd45c013,schemas/tpcds_perf0035_v0/schema_profile.yaml,local_result_checker_exact_status_only_eligibility_gate,true,path_reference_plus_hash,no SQL copied; stable source/candidate paths plus hashes only; no verifier run and no SER evidence
sqlglot_optimize_schema_aware__postgres__PERF_0052,sqlglot_optimize_schema_aware,sqlglot_optimize_schema_aware_track_a_120_canonical_v0,postgres,PERF_0052,cases/PERF/PERF_0052/sql/source.sql,runs/user/sqlglot_optimize_schema_aware_track_a_120_canonical_v0__postgres/candidate_sql/PERF_0052__postgres.sql,c7d742cfda6dc04194e4e83eddfe68132023c009e0e67713e0250048a195498b,9420f12b60326fa3f6889cf272ee123ab9f8dffad21c9dff561f4971f802ce76,schemas/tpcds_perf0052_v0/schema_profile.yaml,local_result_checker_exact_status_only_eligibility_gate,true,path_reference_plus_hash,no SQL copied; stable source/candidate paths plus hashes only; no verifier run and no SER evidence
sqlglot_optimize_schema_aware__postgres__PERF_0054,sqlglot_optimize_schema_aware,sqlglot_optimize_schema_aware_track_a_120_canonical_v0,postgres,PERF_0054,cases/PERF/PERF_0054/sql/source.sql,runs/user/sqlglot_optimize_schema_aware_track_a_120_canonical_v0__postgres/candidate_sql/PERF_0054__postgres.sql,0a97395e9cd01c7d4c8a83f25406e83d1c1e5dec2ce9cfda696a90b8633bee3f,c04896148c4f9ec98324107025653f58cc6c6b28b3ad9f2ac7677b563383c6c4,schemas/tpcds_perf0054_v0/schema_profile.yaml,local_result_checker_exact_status_only_eligibility_gate,true,path_reference_plus_hash,no SQL copied; stable source/candidate paths plus hashes only; no verifier run and no SER evidence
sqlglot_optimize_schema_aware__postgres__PERF_0056,sqlglot_optimize_schema_aware,sqlglot_optimize_schema_aware_track_a_120_canonical_v0,postgres,PERF_0056,cases/PERF/PERF_0056/sql/source.sql,runs/user/sqlglot_optimize_schema_aware_track_a_120_canonical_v0__postgres/candidate_sql/PERF_0056__postgres.sql,2c2a6b7c84816efa61ef43e36bc4d388515bbefbf4727e6ae3fcb14f65b02d93,d8b214a6af0ef2f6babd87ddd0840773c49e483b2aa6102889f4e14fc7095463,schemas/tpcds_perf0056_v0/schema_profile.yaml,local_result_checker_exact_status_only_eligibility_gate,true,path_reference_plus_hash,no SQL copied; stable source/candidate paths plus hashes only; no verifier run and no SER evidence
sqlglot_optimize_schema_aware__postgres__PERF_0077,sqlglot_optimize_schema_aware,sqlglot_optimize_schema_aware_track_a_120_canonical_v0,postgres,PERF_0077,cases/PERF/PERF_0077/sql/source.sql,runs/user/sqlglot_optimize_schema_aware_track_a_120_canonical_v0__postgres/candidate_sql/PERF_0077__postgres.sql,b3e94a9ed53d9362995072b587f973f0defa1f2b879be53870396babd45b2bcd,a1eb322b2721ba5b35fca9d99c469c8d43b4407a102e1faa9432bda728d9a20a,schemas/job_imdb_perf0077_v0/schema_profile.yaml,local_result_checker_exact_status_only_eligibility_gate,true,path_reference_plus_hash,no SQL copied; stable source/candidate paths plus hashes only; no verifier run and no SER evidence
sqlglot_optimize_schema_aware__postgres__PERF_0082,sqlglot_optimize_schema_aware,sqlglot_optimize_schema_aware_track_a_120_canonical_v0,postgres,PERF_0082,cases/PERF/PERF_0082/sql/source.sql,runs/user/sqlglot_optimize_schema_aware_track_a_120_canonical_v0__postgres/candidate_sql/PERF_0082__postgres.sql,931544a23fdc970ac15b6daf6b2aed935887bf70ea114f59bcfd74d304a3fb80,bb25b174ea268261d4c01de81521d55633a79d0b0b4a1d8ba0740f770b2814c3,schemas/job_imdb_perf0082_v0/schema_profile.yaml,local_result_checker_exact_status_only_eligibility_gate,true,path_reference_plus_hash,no SQL copied; stable source/candidate paths plus hashes only; no verifier run and no SER evidence
sqlglot_optimize_schema_aware__postgres__CONS_0005,sqlglot_optimize_schema_aware,sqlglot_optimize_schema_aware_track_a_120_canonical_v0,postgres,CONS_0005,cases/CONS/CONS_0005/sql/source.sql,runs/user/sqlglot_optimize_schema_aware_track_a_120_canonical_v0__postgres/candidate_sql/CONS_0005__postgres.sql,7fb55d0e5e79d59f62e4eefa8782ae34ec9e5fc7d5d83d74f6c8537aaec060cf,11749aa310c79c21aa40fd255f7364e914d5fe7a8c36e8fc58b3036531f0a8c6,schemas/calcite_core_sql_tests_cons0005_v0/schema_profile.yaml,local_result_checker_exact_status_only_eligibility_gate,true,path_reference_plus_hash,no SQL copied; stable source/candidate paths plus hashes only; no verifier run and no SER evidence
sqlglot_optimize_schema_aware__postgres__CONS_0010,sqlglot_optimize_schema_aware,sqlglot_optimize_schema_aware_track_a_120_canonical_v0,postgres,CONS_0010,cases/CONS/CONS_0010/sql/source.sql,runs/user/sqlglot_optimize_schema_aware_track_a_120_canonical_v0__postgres/candidate_sql/CONS_0010__postgres.sql,1af72c63f62480db554a907264092d5c0457bf93bd7e12c5f080685bd2178785,17592853546a280f437e479cfbc5d4c6a915cd3cfee3478e9ffd23cf9d8f0cbc,schemas/calcite_core_sql_tests_cons0010_v0/schema_profile.yaml,local_result_checker_exact_status_only_eligibility_gate,true,path_reference_plus_hash,no SQL copied; stable source/candidate paths plus hashes only; no verifier run and no SER evidence
sqlglot_optimize_schema_aware__postgres__CONS_0011,sqlglot_optimize_schema_aware,sqlglot_optimize_schema_aware_track_a_120_canonical_v0,postgres,CONS_0011,cases/CONS/CONS_0011/sql/source.sql,runs/user/sqlglot_optimize_schema_aware_track_a_120_canonical_v0__postgres/candidate_sql/CONS_0011__postgres.sql,3f461dd446146583d385abc3f138c235745ed5f4bfef18a64e61eb2159362753,468988a1cd84b39721f18779ac8d1e80aab1442baf1590ec5ece9de1e4ce5deb,schemas/calcite_core_sql_tests_cons0011_v0/schema_profile.yaml,local_result_checker_exact_status_only_eligibility_gate,true,path_reference_plus_hash,no SQL copied; stable source/candidate paths plus hashes only; no verifier run and no SER evidence
sqlglot_optimize_schema_aware__postgres__CONS_0012,sqlglot_optimize_schema_aware,sqlglot_optimize_schema_aware_track_a_120_canonical_v0,postgres,CONS_0012,cases/CONS/CONS_0012/sql/source.sql,runs/user/sqlglot_optimize_schema_aware_track_a_120_canonical_v0__postgres/candidate_sql/CONS_0012__postgres.sql,c0808116a402e85af71bd2812818e68b4b8e47422806a537a1f636d00f9f16b7,662957e8ea1e0987eaaac0beea6697dde4a6317c671bc87df6ec595c0e7d6e08,schemas/calcite_core_sql_tests_cons0012_v0/schema_profile.yaml,local_result_checker_exact_status_only_eligibility_gate,true,path_reference_plus_hash,no SQL copied; stable source/candidate paths plus hashes only; no verifier run and no SER evidence
sqlglot_optimize_schema_aware__postgres__CONS_0036,sqlglot_optimize_schema_aware,sqlglot_optimize_schema_aware_track_a_120_canonical_v0,postgres,CONS_0036,cases/CONS/CONS_0036/sql/source.sql,runs/user/sqlglot_optimize_schema_aware_track_a_120_canonical_v0__postgres/candidate_sql/CONS_0036__postgres.sql,b97474505e3930f8ba5c93a9dff5afb9833e5496e637d2adca05246f728df683,9b55f7df2f2473693b9f3ae20bf6326360ba93e477d2c31e033b04bc24e83345,schemas/verieql_cons0036_v0/schema_profile.yaml,local_result_checker_exact_status_only_eligibility_gate,true,path_reference_plus_hash,no SQL copied; stable source/candidate paths plus hashes only; no verifier run and no SER evidence
sqlglot_optimize_schema_aware__postgres__PORT_0003,sqlglot_optimize_schema_aware,sqlglot_optimize_schema_aware_track_a_120_canonical_v0,postgres,PORT_0003,cases/PORT/PORT_0003/sql/source.sql,runs/user/sqlglot_optimize_schema_aware_track_a_120_canonical_v0__postgres/candidate_sql/PORT_0003__postgres.sql,2537261ae47aca73b32159c61d2f914f2812ab79c12b29fa2ca166ad0dd2861f,7a7e1cbdfac9a94cd5471a45d06f17f60b29d619c0e222fe0720576a49b9cb3a,schemas/parrot_bird_port0003_v0/schema_profile.yaml,local_result_checker_exact_status_only_eligibility_gate,true,path_reference_plus_hash,no SQL copied; stable source/candidate paths plus hashes only; no verifier run and no SER evidence
sqlglot_optimize_schema_aware__postgres__PORT_0005,sqlglot_optimize_schema_aware,sqlglot_optimize_schema_aware_track_a_120_canonical_v0,postgres,PORT_0005,cases/PORT/PORT_0005/sql/source.sql,runs/user/sqlglot_optimize_schema_aware_track_a_120_canonical_v0__postgres/candidate_sql/PORT_0005__postgres.sql,cc1a134dcca992ad700f810329a0d797fa2028d23dc6c32c7c53608b72112c6a,c2dcdb66d2b1c0cfd2084cd798cdf7db330775078d6e65303b3ce6f2dabebabb,schemas/parrot_bird_port0005_v0/schema_profile.yaml,local_result_checker_exact_status_only_eligibility_gate,true,path_reference_plus_hash,no SQL copied; stable source/candidate paths plus hashes only; no verifier run and no SER evidence
sqlglot_optimize_schema_aware__postgres__PORT_0008,sqlglot_optimize_schema_aware,sqlglot_optimize_schema_aware_track_a_120_canonical_v0,postgres,PORT_0008,cases/PORT/PORT_0008/sql/source.sql,runs/user/sqlglot_optimize_schema_aware_track_a_120_canonical_v0__postgres/candidate_sql/PORT_0008__postgres.sql,338cf9bd10d592102ca3b7a17fa725dd70b895d55f5a7dd7f59cc623d876aaf2,21741a2406602934ee9221c074b7b26e71031a1ef1309b3c427ba298a16c019a,schemas/parrot_bird_port0008_v0/schema_profile.yaml,local_result_checker_exact_status_only_eligibility_gate,true,path_reference_plus_hash,no SQL copied; stable source/candidate paths plus hashes only; no verifier run and no SER evidence
sqlglot_optimize_schema_aware__postgres__LONGTAIL_0011,sqlglot_optimize_schema_aware,sqlglot_optimize_schema_aware_track_a_120_canonical_v0,postgres,LONGTAIL_0011,cases/LONGTAIL/LONGTAIL_0011/sql/source.sql,runs/user/sqlglot_optimize_schema_aware_track_a_120_canonical_v0__postgres/candidate_sql/LONGTAIL_0011__postgres.sql,dc674b49bd030f320141fe221ee3a9e7bd4791a47049f757ec9c72ad62d37928,5af8645c0d952063171a7abeba4102223c51dca145bf6ef3e6abff07fc819fe2,schemas/sqlstorm_stackoverflow_longtail0011_v0/schema_profile.yaml,local_result_checker_exact_status_only_eligibility_gate,true,path_reference_plus_hash,no SQL copied; stable source/candidate paths plus hashes only; no verifier run and no SER evidence
sqlglot_optimize_schema_aware__postgres__LONGTAIL_0012,sqlglot_optimize_schema_aware,sqlglot_optimize_schema_aware_track_a_120_canonical_v0,postgres,LONGTAIL_0012,cases/LONGTAIL/LONGTAIL_0012/sql/source.sql,runs/user/sqlglot_optimize_schema_aware_track_a_120_canonical_v0__postgres/candidate_sql/LONGTAIL_0012__postgres.sql,fee7b11be08a3461f07797bcee5e404d7deb2ff0e42acb44e7fc5bed35cf4de1,908d566419bec3ba13de790917e194d468bba71ffa15bc362b1ec3ac58c5726e,schemas/sqlstorm_stackoverflow_longtail0012_v0/schema_profile.yaml,local_result_checker_exact_status_only_eligibility_gate,true,path_reference_plus_hash,no SQL copied; stable source/candidate paths plus hashes only; no verifier run and no SER evidence
sqlglot_optimize_schema_aware__postgres__LONGTAIL_0013,sqlglot_optimize_schema_aware,sqlglot_optimize_schema_aware_track_a_120_canonical_v0,postgres,LONGTAIL_0013,cases/LONGTAIL/LONGTAIL_0013/sql/source.sql,runs/user/sqlglot_optimize_schema_aware_track_a_120_canonical_v0__postgres/candidate_sql/LONGTAIL_0013__postgres.sql,188f7da6e1c11b08a4d846a0e85cbb1a0115607f0859ff83e8aae2a13b3a9cd9,5dff6e1d5e8279d6e81c725f4d11e9bb171ea2055027ac4ca732562683521a6f,schemas/sqlstorm_stackoverflow_longtail0013_v0/schema_profile.yaml,local_result_checker_exact_status_only_eligibility_gate,true,path_reference_plus_hash,no SQL copied; stable source/candidate paths plus hashes only; no verifier run and no SER evidence
sqlglot_optimize_schema_aware__postgres__LONGTAIL_0022,sqlglot_optimize_schema_aware,sqlglot_optimize_schema_aware_track_a_120_canonical_v0,postgres,LONGTAIL_0022,cases/LONGTAIL/LONGTAIL_0022/sql/source.sql,runs/user/sqlglot_optimize_schema_aware_track_a_120_canonical_v0__postgres/candidate_sql/LONGTAIL_0022__postgres.sql,c5558cfdf705ef3fd0bf2e69afbaa1a38192f37b7563a1ae145a41de3d9fba50,89b19eb025e7e6f0a8fc10c479e17840f27e34a18c1481af5dbca7725d4d5143,schemas/stack_queries_longtail0022_v0/schema_profile.yaml,local_result_checker_exact_status_only_eligibility_gate,true,path_reference_plus_hash,no SQL copied; stable source/candidate paths plus hashes only; no verifier run and no SER evidence
sqlglot_optimize_schema_aware__postgres__LONGTAIL_0023,sqlglot_optimize_schema_aware,sqlglot_optimize_schema_aware_track_a_120_canonical_v0,postgres,LONGTAIL_0023,cases/LONGTAIL/LONGTAIL_0023/sql/source.sql,runs/user/sqlglot_optimize_schema_aware_track_a_120_canonical_v0__postgres/candidate_sql/LONGTAIL_0023__postgres.sql,758d318d64074b7bad77fdb1bc5418f9a87058603922d710161549eb43ebe926,82d22fa4664bd9f680aec0c114ce8ac7703467a4afcaa46a8b3faeba4be4ebe5,schemas/stack_queries_longtail0023_v0/schema_profile.yaml,local_result_checker_exact_status_only_eligibility_gate,true,path_reference_plus_hash,no SQL copied; stable source/candidate paths plus hashes only; no verifier run and no SER evidence
sqlglot_optimize_schema_aware__postgres__LONGTAIL_0024,sqlglot_optimize_schema_aware,sqlglot_optimize_schema_aware_track_a_120_canonical_v0,postgres,LONGTAIL_0024,cases/LONGTAIL/LONGTAIL_0024/sql/source.sql,runs/user/sqlglot_optimize_schema_aware_track_a_120_canonical_v0__postgres/candidate_sql/LONGTAIL_0024__postgres.sql,9d46fb0a71730e776594aa7c8d40cf359572fc7ceb6edc6572c0a2431b390c53,5ab975305c031ae0311e8cdb0b7e68a031ba1f8b248a9060b0d93442c0c5ad4c,schemas/stack_queries_longtail0024_v0/schema_profile.yaml,local_result_checker_exact_status_only_eligibility_gate,true,path_reference_plus_hash,no SQL copied; stable source/candidate paths plus hashes only; no verifier run and no SER evidence
sqlglot_optimize_schema_aware__mysql__PERF_0006,sqlglot_optimize_schema_aware,sqlglot_optimize_schema_aware_track_a_120_canonical_v0,mysql,PERF_0006,cases/PERF/PERF_0006/sql/source.sql,runs/user/sqlglot_optimize_schema_aware_track_a_120_canonical_v0__mysql/candidate_sql/PERF_0006__mysql.sql,250256397b1969ed1f7080c201b9440b0c917720508edf89497dab51e841562b,f62b9703f0003551dc4662bf8a7cc045c2090143300bb7d7049b01c5e5d2cc96,schemas/tpch_common_core_v0/schema_profile.yaml,local_result_checker_exact_status_only_eligibility_gate,true,path_reference_plus_hash,no SQL copied; stable source/candidate paths plus hashes only; no verifier run and no SER evidence
sqlglot_optimize_schema_aware__mysql__PERF_0007,sqlglot_optimize_schema_aware,sqlglot_optimize_schema_aware_track_a_120_canonical_v0,mysql,PERF_0007,cases/PERF/PERF_0007/sql/source.sql,runs/user/sqlglot_optimize_schema_aware_track_a_120_canonical_v0__mysql/candidate_sql/PERF_0007__mysql.sql,9dc696fb97b2ee3ebc57a8cc63e0eae624c07a2fd005ce0e396a5b70c8a61939,89972a0b37b7d71fbb10f5adb842b8bffdb6388815f73a50dd65447a767d09b3,schemas/tpch_perf0007_v0/schema_profile.yaml,local_result_checker_exact_status_only_eligibility_gate,true,path_reference_plus_hash,no SQL copied; stable source/candidate paths plus hashes only; no verifier run and no SER evidence
sqlglot_optimize_schema_aware__mysql__PERF_0024,sqlglot_optimize_schema_aware,sqlglot_optimize_schema_aware_track_a_120_canonical_v0,mysql,PERF_0024,cases/PERF/PERF_0024/sql/source.sql,runs/user/sqlglot_optimize_schema_aware_track_a_120_canonical_v0__mysql/candidate_sql/PERF_0024__mysql.sql,adbcd38897f700fdeecc2d8b018ac5618929276fe8a0b58169bc2f5b242a79ac,7a4d9114af3623f3b173eff3422e70a667769029b11658a2a3823e382bc5a2c7,schemas/tpch_perf0024_v0/schema_profile.yaml,local_result_checker_exact_status_only_eligibility_gate,true,path_reference_plus_hash,no SQL copied; stable source/candidate paths plus hashes only; no verifier run and no SER evidence
sqlglot_optimize_schema_aware__mysql__PERF_0033,sqlglot_optimize_schema_aware,sqlglot_optimize_schema_aware_track_a_120_canonical_v0,mysql,PERF_0033,cases/PERF/PERF_0033/sql/source.sql,runs/user/sqlglot_optimize_schema_aware_track_a_120_canonical_v0__mysql/candidate_sql/PERF_0033__mysql.sql,d0f865f84426d3b2cbf7c887f2c70b14fc1279f2c0822ea212e1542aaa9fd3c2,03f452930d15e647506cce18272ba5403a3019407a2e04c35a87e4a0dc2cfd41,schemas/tpcds_perf0033_v0/schema_profile.yaml,local_result_checker_exact_status_only_eligibility_gate,true,path_reference_plus_hash,no SQL copied; stable source/candidate paths plus hashes only; no verifier run and no SER evidence
sqlglot_optimize_schema_aware__mysql__PERF_0034,sqlglot_optimize_schema_aware,sqlglot_optimize_schema_aware_track_a_120_canonical_v0,mysql,PERF_0034,cases/PERF/PERF_0034/sql/source.sql,runs/user/sqlglot_optimize_schema_aware_track_a_120_canonical_v0__mysql/candidate_sql/PERF_0034__mysql.sql,7b067603fc8093dd845c2fa77a582f02e59513456e6befcb0e4f4541b42b205f,123b066fc191f9fe4ae15d36d8bb368c579d7b706f3f60c8164fea407770994e,schemas/tpcds_perf0034_v0/schema_profile.yaml,local_result_checker_exact_status_only_eligibility_gate,true,path_reference_plus_hash,no SQL copied; stable source/candidate paths plus hashes only; no verifier run and no SER evidence
sqlglot_optimize_schema_aware__mysql__PERF_0035,sqlglot_optimize_schema_aware,sqlglot_optimize_schema_aware_track_a_120_canonical_v0,mysql,PERF_0035,cases/PERF/PERF_0035/sql/source.sql,runs/user/sqlglot_optimize_schema_aware_track_a_120_canonical_v0__mysql/candidate_sql/PERF_0035__mysql.sql,9977cac76fdd6e06994c1b1e13c1e84154cc6074fa05584c0eb337b15ce806f6,9cb63f44c7fce9887b7e47c1229bc9aa265c3834172f54128fdcca682bdc3fb9,schemas/tpcds_perf0035_v0/schema_profile.yaml,local_result_checker_exact_status_only_eligibility_gate,true,path_reference_plus_hash,no SQL copied; stable source/candidate paths plus hashes only; no verifier run and no SER evidence
sqlglot_optimize_schema_aware__mysql__PERF_0052,sqlglot_optimize_schema_aware,sqlglot_optimize_schema_aware_track_a_120_canonical_v0,mysql,PERF_0052,cases/PERF/PERF_0052/sql/source.sql,runs/user/sqlglot_optimize_schema_aware_track_a_120_canonical_v0__mysql/candidate_sql/PERF_0052__mysql.sql,c7d742cfda6dc04194e4e83eddfe68132023c009e0e67713e0250048a195498b,d84c2a7a28d521318d3bb392a32686b7f22c20dc5d52688ebb4488bdff882349,schemas/tpcds_perf0052_v0/schema_profile.yaml,local_result_checker_exact_status_only_eligibility_gate,true,path_reference_plus_hash,no SQL copied; stable source/candidate paths plus hashes only; no verifier run and no SER evidence
sqlglot_optimize_schema_aware__mysql__PERF_0054,sqlglot_optimize_schema_aware,sqlglot_optimize_schema_aware_track_a_120_canonical_v0,mysql,PERF_0054,cases/PERF/PERF_0054/sql/source.sql,runs/user/sqlglot_optimize_schema_aware_track_a_120_canonical_v0__mysql/candidate_sql/PERF_0054__mysql.sql,0a97395e9cd01c7d4c8a83f25406e83d1c1e5dec2ce9cfda696a90b8633bee3f,3d4e2499ade666c35e588b0f24e02c06f4640d45f569334a386483467c258b6a,schemas/tpcds_perf0054_v0/schema_profile.yaml,local_result_checker_exact_status_only_eligibility_gate,true,path_reference_plus_hash,no SQL copied; stable source/candidate paths plus hashes only; no verifier run and no SER evidence
sqlglot_optimize_schema_aware__mysql__PERF_0056,sqlglot_optimize_schema_aware,sqlglot_optimize_schema_aware_track_a_120_canonical_v0,mysql,PERF_0056,cases/PERF/PERF_0056/sql/source.sql,runs/user/sqlglot_optimize_schema_aware_track_a_120_canonical_v0__mysql/candidate_sql/PERF_0056__mysql.sql,2c2a6b7c84816efa61ef43e36bc4d388515bbefbf4727e6ae3fcb14f65b02d93,07d17486f98506dca08bad83babe6fc65e0845209e8a5b98d5f6e5c6c5fd09a7,schemas/tpcds_perf0056_v0/schema_profile.yaml,local_result_checker_exact_status_only_eligibility_gate,true,path_reference_plus_hash,no SQL copied; stable source/candidate paths plus hashes only; no verifier run and no SER evidence
sqlglot_optimize_schema_aware__mysql__PERF_0077,sqlglot_optimize_schema_aware,sqlglot_optimize_schema_aware_track_a_120_canonical_v0,mysql,PERF_0077,cases/PERF/PERF_0077/sql/source.sql,runs/user/sqlglot_optimize_schema_aware_track_a_120_canonical_v0__mysql/candidate_sql/PERF_0077__mysql.sql,b3e94a9ed53d9362995072b587f973f0defa1f2b879be53870396babd45b2bcd,7277cd4d7b58354c5097d5c062fd26662fb505b885abe60a9d7dbfa8ece80b03,schemas/job_imdb_perf0077_v0/schema_profile.yaml,local_result_checker_exact_status_only_eligibility_gate,true,path_reference_plus_hash,no SQL copied; stable source/candidate paths plus hashes only; no verifier run and no SER evidence
sqlglot_optimize_schema_aware__mysql__PERF_0082,sqlglot_optimize_schema_aware,sqlglot_optimize_schema_aware_track_a_120_canonical_v0,mysql,PERF_0082,cases/PERF/PERF_0082/sql/source.sql,runs/user/sqlglot_optimize_schema_aware_track_a_120_canonical_v0__mysql/candidate_sql/PERF_0082__mysql.sql,931544a23fdc970ac15b6daf6b2aed935887bf70ea114f59bcfd74d304a3fb80,91f953ad73de76a17e2ea5d79950d83f81a16499d74cadb40b790768801402f7,schemas/job_imdb_perf0082_v0/schema_profile.yaml,local_result_checker_exact_status_only_eligibility_gate,true,path_reference_plus_hash,no SQL copied; stable source/candidate paths plus hashes only; no verifier run and no SER evidence
sqlglot_optimize_schema_aware__mysql__CONS_0012,sqlglot_optimize_schema_aware,sqlglot_optimize_schema_aware_track_a_120_canonical_v0,mysql,CONS_0012,cases/CONS/CONS_0012/sql/source.sql,runs/user/sqlglot_optimize_schema_aware_track_a_120_canonical_v0__mysql/candidate_sql/CONS_0012__mysql.sql,c0808116a402e85af71bd2812818e68b4b8e47422806a537a1f636d00f9f16b7,7841e99060b87dac697f1734c0e8e09867b6f7739b2475e774a345a2bdc6d0c5,schemas/calcite_core_sql_tests_cons0012_v0/schema_profile.yaml,local_result_checker_exact_status_only_eligibility_gate,true,path_reference_plus_hash,no SQL copied; stable source/candidate paths plus hashes only; no verifier run and no SER evidence
sqlglot_optimize_schema_aware__mysql__CONS_0036,sqlglot_optimize_schema_aware,sqlglot_optimize_schema_aware_track_a_120_canonical_v0,mysql,CONS_0036,cases/CONS/CONS_0036/sql/source.sql,runs/user/sqlglot_optimize_schema_aware_track_a_120_canonical_v0__mysql/candidate_sql/CONS_0036__mysql.sql,b97474505e3930f8ba5c93a9dff5afb9833e5496e637d2adca05246f728df683,917bf6b46c61b85f83d304fe363be98d806db4555911b7a5b8ce9a8d91f8eefc,schemas/verieql_cons0036_v0/schema_profile.yaml,local_result_checker_exact_status_only_eligibility_gate,true,path_reference_plus_hash,no SQL copied; stable source/candidate paths plus hashes only; no verifier run and no SER evidence
sqlglot_optimize_schema_aware__mysql__PORT_0025,sqlglot_optimize_schema_aware,sqlglot_optimize_schema_aware_track_a_120_canonical_v0,mysql,PORT_0025,cases/PORT/PORT_0025/sql/source.sql,runs/user/sqlglot_optimize_schema_aware_track_a_120_canonical_v0__mysql/candidate_sql/PORT_0025__mysql.sql,c16914d327c777e614b91cc1196ee05b25b8ee90fb99b3cdbc04002ebb8f6efd,cd2a65d991fa275aa9366a57888ae8f65fcd4b3aaf4d435f3c07e4a27929064b,schemas/parrot_bird_port0025_v0/schema_profile.yaml,local_result_checker_exact_status_only_eligibility_gate,true,path_reference_plus_hash,no SQL copied; stable source/candidate paths plus hashes only; no verifier run and no SER evidence
sqlglot_optimize_schema_aware__mysql__LONGTAIL_0011,sqlglot_optimize_schema_aware,sqlglot_optimize_schema_aware_track_a_120_canonical_v0,mysql,LONGTAIL_0011,cases/LONGTAIL/LONGTAIL_0011/sql/source.sql,runs/user/sqlglot_optimize_schema_aware_track_a_120_canonical_v0__mysql/candidate_sql/LONGTAIL_0011__mysql.sql,dc674b49bd030f320141fe221ee3a9e7bd4791a47049f757ec9c72ad62d37928,6639986255659d84c9779223a5eef20530c4cbd76fd9fd9336b51c83ae227901,schemas/sqlstorm_stackoverflow_longtail0011_v0/schema_profile.yaml,local_result_checker_exact_status_only_eligibility_gate,true,path_reference_plus_hash,no SQL copied; stable source/candidate paths plus hashes only; no verifier run and no SER evidence
sqlglot_optimize_schema_aware__mysql__LONGTAIL_0012,sqlglot_optimize_schema_aware,sqlglot_optimize_schema_aware_track_a_120_canonical_v0,mysql,LONGTAIL_0012,cases/LONGTAIL/LONGTAIL_0012/sql/source.sql,runs/user/sqlglot_optimize_schema_aware_track_a_120_canonical_v0__mysql/candidate_sql/LONGTAIL_0012__mysql.sql,fee7b11be08a3461f07797bcee5e404d7deb2ff0e42acb44e7fc5bed35cf4de1,547aedfc4302ffc0ddb7c62cf37890dcc9aa13ed379662ada1bb594544a82ebd,schemas/sqlstorm_stackoverflow_longtail0012_v0/schema_profile.yaml,local_result_checker_exact_status_only_eligibility_gate,true,path_reference_plus_hash,no SQL copied; stable source/candidate paths plus hashes only; no verifier run and no SER evidence
sqlglot_optimize_schema_aware__mysql__LONGTAIL_0013,sqlglot_optimize_schema_aware,sqlglot_optimize_schema_aware_track_a_120_canonical_v0,mysql,LONGTAIL_0013,cases/LONGTAIL/LONGTAIL_0013/sql/source.sql,runs/user/sqlglot_optimize_schema_aware_track_a_120_canonical_v0__mysql/candidate_sql/LONGTAIL_0013__mysql.sql,188f7da6e1c11b08a4d846a0e85cbb1a0115607f0859ff83e8aae2a13b3a9cd9,c0a85043fb703233ddc29afbee6162975570f584d15e350f180f74dbf0ee71a0,schemas/sqlstorm_stackoverflow_longtail0013_v0/schema_profile.yaml,local_result_checker_exact_status_only_eligibility_gate,true,path_reference_plus_hash,no SQL copied; stable source/candidate paths plus hashes only; no verifier run and no SER evidence
sqlglot_optimize_schema_aware__mysql__LONGTAIL_0022,sqlglot_optimize_schema_aware,sqlglot_optimize_schema_aware_track_a_120_canonical_v0,mysql,LONGTAIL_0022,cases/LONGTAIL/LONGTAIL_0022/sql/source.sql,runs/user/sqlglot_optimize_schema_aware_track_a_120_canonical_v0__mysql/candidate_sql/LONGTAIL_0022__mysql.sql,c5558cfdf705ef3fd0bf2e69afbaa1a38192f37b7563a1ae145a41de3d9fba50,a54198684daa9883b990dda60381b2a12f4317b71d54c879ff0a2b4c3bf34ae0,schemas/stack_queries_longtail0022_v0/schema_profile.yaml,local_result_checker_exact_status_only_eligibility_gate,true,path_reference_plus_hash,no SQL copied; stable source/candidate paths plus hashes only; no verifier run and no SER evidence
sqlglot_optimize_schema_aware__mysql__LONGTAIL_0023,sqlglot_optimize_schema_aware,sqlglot_optimize_schema_aware_track_a_120_canonical_v0,mysql,LONGTAIL_0023,cases/LONGTAIL/LONGTAIL_0023/sql/source.sql,runs/user/sqlglot_optimize_schema_aware_track_a_120_canonical_v0__mysql/candidate_sql/LONGTAIL_0023__mysql.sql,758d318d64074b7bad77fdb1bc5418f9a87058603922d710161549eb43ebe926,5af8ae092ea58ba4d1729b4e3b30a2e2f4578649b61a03eb8d651696786292c1,schemas/stack_queries_longtail0023_v0/schema_profile.yaml,local_result_checker_exact_status_only_eligibility_gate,true,path_reference_plus_hash,no SQL copied; stable source/candidate paths plus hashes only; no verifier run and no SER evidence
sqlglot_optimize_schema_aware__mysql__LONGTAIL_0024,sqlglot_optimize_schema_aware,sqlglot_optimize_schema_aware_track_a_120_canonical_v0,mysql,LONGTAIL_0024,cases/LONGTAIL/LONGTAIL_0024/sql/source.sql,runs/user/sqlglot_optimize_schema_aware_track_a_120_canonical_v0__mysql/candidate_sql/LONGTAIL_0024__mysql.sql,9d46fb0a71730e776594aa7c8d40cf359572fc7ceb6edc6572c0a2431b390c53,0fd33d39b452efb85c1c6664b440319f338b9b0b4f9a6d19ab35396cfd407b55,schemas/stack_queries_longtail0024_v0/schema_profile.yaml,local_result_checker_exact_status_only_eligibility_gate,true,path_reference_plus_hash,no SQL copied; stable source/candidate paths plus hashes only; no verifier run and no SER evidence
sqlglot_optimize_schema_aware__spark__PERF_0006,sqlglot_optimize_schema_aware,sqlglot_optimize_schema_aware_track_a_120_canonical_v0,spark,PERF_0006,cases/PERF/PERF_0006/sql/source.sql,runs/user/sqlglot_optimize_schema_aware_track_a_120_canonical_v0__spark/candidate_sql/PERF_0006__spark.sql,250256397b1969ed1f7080c201b9440b0c917720508edf89497dab51e841562b,f62b9703f0003551dc4662bf8a7cc045c2090143300bb7d7049b01c5e5d2cc96,schemas/tpch_common_core_v0/schema_profile.yaml,local_result_checker_exact_status_only_eligibility_gate,true,path_reference_plus_hash,no SQL copied; stable source/candidate paths plus hashes only; no verifier run and no SER evidence
sqlglot_optimize_schema_aware__spark__PERF_0007,sqlglot_optimize_schema_aware,sqlglot_optimize_schema_aware_track_a_120_canonical_v0,spark,PERF_0007,cases/PERF/PERF_0007/sql/source.sql,runs/user/sqlglot_optimize_schema_aware_track_a_120_canonical_v0__spark/candidate_sql/PERF_0007__spark.sql,9dc696fb97b2ee3ebc57a8cc63e0eae624c07a2fd005ce0e396a5b70c8a61939,89972a0b37b7d71fbb10f5adb842b8bffdb6388815f73a50dd65447a767d09b3,schemas/tpch_perf0007_v0/schema_profile.yaml,local_result_checker_exact_status_only_eligibility_gate,true,path_reference_plus_hash,no SQL copied; stable source/candidate paths plus hashes only; no verifier run and no SER evidence
sqlglot_optimize_schema_aware__spark__PERF_0008,sqlglot_optimize_schema_aware,sqlglot_optimize_schema_aware_track_a_120_canonical_v0,spark,PERF_0008,cases/PERF/PERF_0008/sql/source.sql,runs/user/sqlglot_optimize_schema_aware_track_a_120_canonical_v0__spark/candidate_sql/PERF_0008__spark.sql,c99c82eda540a5873e8a3eb1ef8827ef013ff1433510bf7b78c2c773f81d3ba8,a9a953c85ebdc66f5ebe9ddd5ed8f79a82113bb002134a0d2b4ee4a1334c130a,schemas/tpch_perf0008_v0/schema_profile.yaml,local_result_checker_exact_status_only_eligibility_gate,true,path_reference_plus_hash,no SQL copied; stable source/candidate paths plus hashes only; no verifier run and no SER evidence
sqlglot_optimize_schema_aware__spark__PERF_0013,sqlglot_optimize_schema_aware,sqlglot_optimize_schema_aware_track_a_120_canonical_v0,spark,PERF_0013,cases/PERF/PERF_0013/sql/source.sql,runs/user/sqlglot_optimize_schema_aware_track_a_120_canonical_v0__spark/candidate_sql/PERF_0013__spark.sql,89d0f9a09a41e96b6b3c0c9fa92d7926b177bc1917cd233758ee2773be807064,3ad1acd2c36403a3963d2aa227bfa38d3dacb4a27248eb4f396037216384da7d,schemas/tpch_perf0013_v0/schema_profile.yaml,local_result_checker_exact_status_only_eligibility_gate,true,path_reference_plus_hash,no SQL copied; stable source/candidate paths plus hashes only; no verifier run and no SER evidence
sqlglot_optimize_schema_aware__spark__PERF_0017,sqlglot_optimize_schema_aware,sqlglot_optimize_schema_aware_track_a_120_canonical_v0,spark,PERF_0017,cases/PERF/PERF_0017/sql/source.sql,runs/user/sqlglot_optimize_schema_aware_track_a_120_canonical_v0__spark/candidate_sql/PERF_0017__spark.sql,710366ebada2ecaa7d56a6a84b1bb8a7571ebbf296d1664f4530b3a0c8f850ca,1535e7a9dcbd8fed7ae482fa5d66e1d269bca996e4a7c29feb55c86b8caca2dd,schemas/tpch_perf0017_v0/schema_profile.yaml,local_result_checker_exact_status_only_eligibility_gate,true,path_reference_plus_hash,no SQL copied; stable source/candidate paths plus hashes only; no verifier run and no SER evidence
sqlglot_optimize_schema_aware__spark__PERF_0019,sqlglot_optimize_schema_aware,sqlglot_optimize_schema_aware_track_a_120_canonical_v0,spark,PERF_0019,cases/PERF/PERF_0019/sql/source.sql,runs/user/sqlglot_optimize_schema_aware_track_a_120_canonical_v0__spark/candidate_sql/PERF_0019__spark.sql,099a3ecc8fd1d77bd86c9aa25b43a2c4e7c5c4832edb756491db80ccff6cf422,7f43e6d3f0e2f755bd0ba8e9364e562ee515f05f1938eb508f38b3454aa1f5e5,schemas/tpch_perf0019_v0/schema_profile.yaml,local_result_checker_exact_status_only_eligibility_gate,true,path_reference_plus_hash,no SQL copied; stable source/candidate paths plus hashes only; no verifier run and no SER evidence
sqlglot_optimize_schema_aware__spark__PERF_0024,sqlglot_optimize_schema_aware,sqlglot_optimize_schema_aware_track_a_120_canonical_v0,spark,PERF_0024,cases/PERF/PERF_0024/sql/source.sql,runs/user/sqlglot_optimize_schema_aware_track_a_120_canonical_v0__spark/candidate_sql/PERF_0024__spark.sql,adbcd38897f700fdeecc2d8b018ac5618929276fe8a0b58169bc2f5b242a79ac,7a4d9114af3623f3b173eff3422e70a667769029b11658a2a3823e382bc5a2c7,schemas/tpch_perf0024_v0/schema_profile.yaml,local_result_checker_exact_status_only_eligibility_gate,true,path_reference_plus_hash,no SQL copied; stable source/candidate paths plus hashes only; no verifier run and no SER evidence
sqlglot_optimize_schema_aware__spark__PERF_0033,sqlglot_optimize_schema_aware,sqlglot_optimize_schema_aware_track_a_120_canonical_v0,spark,PERF_0033,cases/PERF/PERF_0033/sql/source.sql,runs/user/sqlglot_optimize_schema_aware_track_a_120_canonical_v0__spark/candidate_sql/PERF_0033__spark.sql,d0f865f84426d3b2cbf7c887f2c70b14fc1279f2c0822ea212e1542aaa9fd3c2,03f452930d15e647506cce18272ba5403a3019407a2e04c35a87e4a0dc2cfd41,schemas/tpcds_perf0033_v0/schema_profile.yaml,local_result_checker_exact_status_only_eligibility_gate,true,path_reference_plus_hash,no SQL copied; stable source/candidate paths plus hashes only; no verifier run and no SER evidence
sqlglot_optimize_schema_aware__spark__PERF_0034,sqlglot_optimize_schema_aware,sqlglot_optimize_schema_aware_track_a_120_canonical_v0,spark,PERF_0034,cases/PERF/PERF_0034/sql/source.sql,runs/user/sqlglot_optimize_schema_aware_track_a_120_canonical_v0__spark/candidate_sql/PERF_0034__spark.sql,7b067603fc8093dd845c2fa77a582f02e59513456e6befcb0e4f4541b42b205f,123b066fc191f9fe4ae15d36d8bb368c579d7b706f3f60c8164fea407770994e,schemas/tpcds_perf0034_v0/schema_profile.yaml,local_result_checker_exact_status_only_eligibility_gate,true,path_reference_plus_hash,no SQL copied; stable source/candidate paths plus hashes only; no verifier run and no SER evidence
sqlglot_optimize_schema_aware__spark__PERF_0035,sqlglot_optimize_schema_aware,sqlglot_optimize_schema_aware_track_a_120_canonical_v0,spark,PERF_0035,cases/PERF/PERF_0035/sql/source.sql,runs/user/sqlglot_optimize_schema_aware_track_a_120_canonical_v0__spark/candidate_sql/PERF_0035__spark.sql,9977cac76fdd6e06994c1b1e13c1e84154cc6074fa05584c0eb337b15ce806f6,9cb63f44c7fce9887b7e47c1229bc9aa265c3834172f54128fdcca682bdc3fb9,schemas/tpcds_perf0035_v0/schema_profile.yaml,local_result_checker_exact_status_only_eligibility_gate,true,path_reference_plus_hash,no SQL copied; stable source/candidate paths plus hashes only; no verifier run and no SER evidence
sqlglot_optimize_schema_aware__spark__PERF_0052,sqlglot_optimize_schema_aware,sqlglot_optimize_schema_aware_track_a_120_canonical_v0,spark,PERF_0052,cases/PERF/PERF_0052/sql/source.sql,runs/user/sqlglot_optimize_schema_aware_track_a_120_canonical_v0__spark/candidate_sql/PERF_0052__spark.sql,c7d742cfda6dc04194e4e83eddfe68132023c009e0e67713e0250048a195498b,d84c2a7a28d521318d3bb392a32686b7f22c20dc5d52688ebb4488bdff882349,schemas/tpcds_perf0052_v0/schema_profile.yaml,local_result_checker_exact_status_only_eligibility_gate,true,path_reference_plus_hash,no SQL copied; stable source/candidate paths plus hashes only; no verifier run and no SER evidence
sqlglot_optimize_schema_aware__spark__PERF_0054,sqlglot_optimize_schema_aware,sqlglot_optimize_schema_aware_track_a_120_canonical_v0,spark,PERF_0054,cases/PERF/PERF_0054/sql/source.sql,runs/user/sqlglot_optimize_schema_aware_track_a_120_canonical_v0__spark/candidate_sql/PERF_0054__spark.sql,0a97395e9cd01c7d4c8a83f25406e83d1c1e5dec2ce9cfda696a90b8633bee3f,3d4e2499ade666c35e588b0f24e02c06f4640d45f569334a386483467c258b6a,schemas/tpcds_perf0054_v0/schema_profile.yaml,local_result_checker_exact_status_only_eligibility_gate,true,path_reference_plus_hash,no SQL copied; stable source/candidate paths plus hashes only; no verifier run and no SER evidence
sqlglot_optimize_schema_aware__spark__PERF_0056,sqlglot_optimize_schema_aware,sqlglot_optimize_schema_aware_track_a_120_canonical_v0,spark,PERF_0056,cases/PERF/PERF_0056/sql/source.sql,runs/user/sqlglot_optimize_schema_aware_track_a_120_canonical_v0__spark/candidate_sql/PERF_0056__spark.sql,2c2a6b7c84816efa61ef43e36bc4d388515bbefbf4727e6ae3fcb14f65b02d93,07d17486f98506dca08bad83babe6fc65e0845209e8a5b98d5f6e5c6c5fd09a7,schemas/tpcds_perf0056_v0/schema_profile.yaml,local_result_checker_exact_status_only_eligibility_gate,true,path_reference_plus_hash,no SQL copied; stable source/candidate paths plus hashes only; no verifier run and no SER evidence
sqlglot_optimize_schema_aware__spark__PERF_0077,sqlglot_optimize_schema_aware,sqlglot_optimize_schema_aware_track_a_120_canonical_v0,spark,PERF_0077,cases/PERF/PERF_0077/sql/source.sql,runs/user/sqlglot_optimize_schema_aware_track_a_120_canonical_v0__spark/candidate_sql/PERF_0077__spark.sql,b3e94a9ed53d9362995072b587f973f0defa1f2b879be53870396babd45b2bcd,7277cd4d7b58354c5097d5c062fd26662fb505b885abe60a9d7dbfa8ece80b03,schemas/job_imdb_perf0077_v0/schema_profile.yaml,local_result_checker_exact_status_only_eligibility_gate,true,path_reference_plus_hash,no SQL copied; stable source/candidate paths plus hashes only; no verifier run and no SER evidence
sqlglot_optimize_schema_aware__spark__PERF_0082,sqlglot_optimize_schema_aware,sqlglot_optimize_schema_aware_track_a_120_canonical_v0,spark,PERF_0082,cases/PERF/PERF_0082/sql/source.sql,runs/user/sqlglot_optimize_schema_aware_track_a_120_canonical_v0__spark/candidate_sql/PERF_0082__spark.sql,931544a23fdc970ac15b6daf6b2aed935887bf70ea114f59bcfd74d304a3fb80,91f953ad73de76a17e2ea5d79950d83f81a16499d74cadb40b790768801402f7,schemas/job_imdb_perf0082_v0/schema_profile.yaml,local_result_checker_exact_status_only_eligibility_gate,true,path_reference_plus_hash,no SQL copied; stable source/candidate paths plus hashes only; no verifier run and no SER evidence
sqlglot_optimize_schema_aware__spark__CONS_0010,sqlglot_optimize_schema_aware,sqlglot_optimize_schema_aware_track_a_120_canonical_v0,spark,CONS_0010,cases/CONS/CONS_0010/sql/source.sql,runs/user/sqlglot_optimize_schema_aware_track_a_120_canonical_v0__spark/candidate_sql/CONS_0010__spark.sql,1af72c63f62480db554a907264092d5c0457bf93bd7e12c5f080685bd2178785,18721bb2cc90f7f8b94cb7381dcbbec2b4690b7058356b0e6f8408c93a04da1c,schemas/calcite_core_sql_tests_cons0010_v0/schema_profile.yaml,local_result_checker_exact_status_only_eligibility_gate,true,path_reference_plus_hash,no SQL copied; stable source/candidate paths plus hashes only; no verifier run and no SER evidence
sqlglot_optimize_schema_aware__spark__CONS_0012,sqlglot_optimize_schema_aware,sqlglot_optimize_schema_aware_track_a_120_canonical_v0,spark,CONS_0012,cases/CONS/CONS_0012/sql/source.sql,runs/user/sqlglot_optimize_schema_aware_track_a_120_canonical_v0__spark/candidate_sql/CONS_0012__spark.sql,c0808116a402e85af71bd2812818e68b4b8e47422806a537a1f636d00f9f16b7,7841e99060b87dac697f1734c0e8e09867b6f7739b2475e774a345a2bdc6d0c5,schemas/calcite_core_sql_tests_cons0012_v0/schema_profile.yaml,local_result_checker_exact_status_only_eligibility_gate,true,path_reference_plus_hash,no SQL copied; stable source/candidate paths plus hashes only; no verifier run and no SER evidence
calcite_hep_fail_closed__postgres__PERF_0006,calcite_hep_fail_closed,calcite_hep_track_a_120_canonical_v0,postgres,PERF_0006,cases/PERF/PERF_0006/sql/source.sql,runs/user/calcite_hep_track_a_120_canonical_v0__postgres/candidate_sql/PERF_0006__postgres.sql,250256397b1969ed1f7080c201b9440b0c917720508edf89497dab51e841562b,f4180e23cd6caa025833d5687e4e1b6924e09fdcd403c7c94fd48087498fda2b,schemas/tpch_common_core_v0/schema_profile.yaml,local_result_checker_exact_status_only_eligibility_gate,true,path_reference_plus_hash,no SQL copied; stable source/candidate paths plus hashes only; no verifier run and no SER evidence
calcite_hep_fail_closed__postgres__PERF_0007,calcite_hep_fail_closed,calcite_hep_track_a_120_canonical_v0,postgres,PERF_0007,cases/PERF/PERF_0007/sql/source.sql,runs/user/calcite_hep_track_a_120_canonical_v0__postgres/candidate_sql/PERF_0007__postgres.sql,9dc696fb97b2ee3ebc57a8cc63e0eae624c07a2fd005ce0e396a5b70c8a61939,30f581f7c665e2dcdabaaa9ef4d68dad04f48e8419cd42e949522994568dfceb,schemas/tpch_perf0007_v0/schema_profile.yaml,local_result_checker_exact_status_only_eligibility_gate,true,path_reference_plus_hash,no SQL copied; stable source/candidate paths plus hashes only; no verifier run and no SER evidence
calcite_hep_fail_closed__postgres__PERF_0008,calcite_hep_fail_closed,calcite_hep_track_a_120_canonical_v0,postgres,PERF_0008,cases/PERF/PERF_0008/sql/source.sql,runs/user/calcite_hep_track_a_120_canonical_v0__postgres/candidate_sql/PERF_0008__postgres.sql,c99c82eda540a5873e8a3eb1ef8827ef013ff1433510bf7b78c2c773f81d3ba8,42203726de64b7e2a672baeaf7e52730975641c95993dcea52f6482fbfa57507,schemas/tpch_perf0008_v0/schema_profile.yaml,local_result_checker_exact_status_only_eligibility_gate,true,path_reference_plus_hash,no SQL copied; stable source/candidate paths plus hashes only; no verifier run and no SER evidence
calcite_hep_fail_closed__postgres__PERF_0013,calcite_hep_fail_closed,calcite_hep_track_a_120_canonical_v0,postgres,PERF_0013,cases/PERF/PERF_0013/sql/source.sql,runs/user/calcite_hep_track_a_120_canonical_v0__postgres/candidate_sql/PERF_0013__postgres.sql,89d0f9a09a41e96b6b3c0c9fa92d7926b177bc1917cd233758ee2773be807064,9e26f6fbb592668d87884b8395eccf768cd415fa113128b6c4003f50932d96ae,schemas/tpch_perf0013_v0/schema_profile.yaml,local_result_checker_exact_status_only_eligibility_gate,true,path_reference_plus_hash,no SQL copied; stable source/candidate paths plus hashes only; no verifier run and no SER evidence
calcite_hep_fail_closed__postgres__PERF_0017,calcite_hep_fail_closed,calcite_hep_track_a_120_canonical_v0,postgres,PERF_0017,cases/PERF/PERF_0017/sql/source.sql,runs/user/calcite_hep_track_a_120_canonical_v0__postgres/candidate_sql/PERF_0017__postgres.sql,710366ebada2ecaa7d56a6a84b1bb8a7571ebbf296d1664f4530b3a0c8f850ca,1a41d3198d602f1b39491dbee502e134a1e8abfa5c869aaedd05c9f191ce39cb,schemas/tpch_perf0017_v0/schema_profile.yaml,local_result_checker_exact_status_only_eligibility_gate,true,path_reference_plus_hash,no SQL copied; stable source/candidate paths plus hashes only; no verifier run and no SER evidence
calcite_hep_fail_closed__postgres__PERF_0019,calcite_hep_fail_closed,calcite_hep_track_a_120_canonical_v0,postgres,PERF_0019,cases/PERF/PERF_0019/sql/source.sql,runs/user/calcite_hep_track_a_120_canonical_v0__postgres/candidate_sql/PERF_0019__postgres.sql,099a3ecc8fd1d77bd86c9aa25b43a2c4e7c5c4832edb756491db80ccff6cf422,d12c3c11c57743fbaae3a02f54cde91d72c62c94f4f86164b27cdf9af46390d1,schemas/tpch_perf0019_v0/schema_profile.yaml,local_result_checker_exact_status_only_eligibility_gate,true,path_reference_plus_hash,no SQL copied; stable source/candidate paths plus hashes only; no verifier run and no SER evidence
calcite_hep_fail_closed__postgres__PERF_0024,calcite_hep_fail_closed,calcite_hep_track_a_120_canonical_v0,postgres,PERF_0024,cases/PERF/PERF_0024/sql/source.sql,runs/user/calcite_hep_track_a_120_canonical_v0__postgres/candidate_sql/PERF_0024__postgres.sql,adbcd38897f700fdeecc2d8b018ac5618929276fe8a0b58169bc2f5b242a79ac,bd92a2dc5d5a4f0c0f1f06d9a518a36e8bfd2f64cddc1006b2ff645addf5af78,schemas/tpch_perf0024_v0/schema_profile.yaml,local_result_checker_exact_status_only_eligibility_gate,true,path_reference_plus_hash,no SQL copied; stable source/candidate paths plus hashes only; no verifier run and no SER evidence
calcite_hep_fail_closed__postgres__PERF_0033,calcite_hep_fail_closed,calcite_hep_track_a_120_canonical_v0,postgres,PERF_0033,cases/PERF/PERF_0033/sql/source.sql,runs/user/calcite_hep_track_a_120_canonical_v0__postgres/candidate_sql/PERF_0033__postgres.sql,d0f865f84426d3b2cbf7c887f2c70b14fc1279f2c0822ea212e1542aaa9fd3c2,a4bc0cc10e00de1aabb5150dd474cc667195cc6d36e0ab8b668eb0b0fbf6ed72,schemas/tpcds_perf0033_v0/schema_profile.yaml,local_result_checker_exact_status_only_eligibility_gate,true,path_reference_plus_hash,no SQL copied; stable source/candidate paths plus hashes only; no verifier run and no SER evidence
calcite_hep_fail_closed__postgres__PERF_0034,calcite_hep_fail_closed,calcite_hep_track_a_120_canonical_v0,postgres,PERF_0034,cases/PERF/PERF_0034/sql/source.sql,runs/user/calcite_hep_track_a_120_canonical_v0__postgres/candidate_sql/PERF_0034__postgres.sql,7b067603fc8093dd845c2fa77a582f02e59513456e6befcb0e4f4541b42b205f,a5796b86ea4d87c11e5e3a48b911093383c798a2df85d9dc1f575b3f988742bf,schemas/tpcds_perf0034_v0/schema_profile.yaml,local_result_checker_exact_status_only_eligibility_gate,true,path_reference_plus_hash,no SQL copied; stable source/candidate paths plus hashes only; no verifier run and no SER evidence
calcite_hep_fail_closed__postgres__PERF_0052,calcite_hep_fail_closed,calcite_hep_track_a_120_canonical_v0,postgres,PERF_0052,cases/PERF/PERF_0052/sql/source.sql,runs/user/calcite_hep_track_a_120_canonical_v0__postgres/candidate_sql/PERF_0052__postgres.sql,c7d742cfda6dc04194e4e83eddfe68132023c009e0e67713e0250048a195498b,4830498e3fe2f3a7d5c5be7f51c51be9853e39d82c555ae83df0e02e3af6953d,schemas/tpcds_perf0052_v0/schema_profile.yaml,local_result_checker_exact_status_only_eligibility_gate,true,path_reference_plus_hash,no SQL copied; stable source/candidate paths plus hashes only; no verifier run and no SER evidence
calcite_hep_fail_closed__postgres__PERF_0054,calcite_hep_fail_closed,calcite_hep_track_a_120_canonical_v0,postgres,PERF_0054,cases/PERF/PERF_0054/sql/source.sql,runs/user/calcite_hep_track_a_120_canonical_v0__postgres/candidate_sql/PERF_0054__postgres.sql,0a97395e9cd01c7d4c8a83f25406e83d1c1e5dec2ce9cfda696a90b8633bee3f,2ebb54c651d8166469ea4dfaec4aaa65cc45897e5c272788c2add592cec9f06f,schemas/tpcds_perf0054_v0/schema_profile.yaml,local_result_checker_exact_status_only_eligibility_gate,true,path_reference_plus_hash,no SQL copied; stable source/candidate paths plus hashes only; no verifier run and no SER evidence
calcite_hep_fail_closed__postgres__PERF_0056,calcite_hep_fail_closed,calcite_hep_track_a_120_canonical_v0,postgres,PERF_0056,cases/PERF/PERF_0056/sql/source.sql,runs/user/calcite_hep_track_a_120_canonical_v0__postgres/candidate_sql/PERF_0056__postgres.sql,2c2a6b7c84816efa61ef43e36bc4d388515bbefbf4727e6ae3fcb14f65b02d93,bb5f55d1595c5eabb0e5d95665474bf3abd22d979a53e2722924cb71435af778,schemas/tpcds_perf0056_v0/schema_profile.yaml,local_result_checker_exact_status_only_eligibility_gate,true,path_reference_plus_hash,no SQL copied; stable source/candidate paths plus hashes only; no verifier run and no SER evidence
calcite_hep_fail_closed__postgres__PERF_0077,calcite_hep_fail_closed,calcite_hep_track_a_120_canonical_v0,postgres,PERF_0077,cases/PERF/PERF_0077/sql/source.sql,runs/user/calcite_hep_track_a_120_canonical_v0__postgres/candidate_sql/PERF_0077__postgres.sql,b3e94a9ed53d9362995072b587f973f0defa1f2b879be53870396babd45b2bcd,d736f6d69446635ac212092c3dc0c9974a9cc00c13d185c2da5f13eceedcdab4,schemas/job_imdb_perf0077_v0/schema_profile.yaml,local_result_checker_exact_status_only_eligibility_gate,true,path_reference_plus_hash,no SQL copied; stable source/candidate paths plus hashes only; no verifier run and no SER evidence
calcite_hep_fail_closed__postgres__PERF_0082,calcite_hep_fail_closed,calcite_hep_track_a_120_canonical_v0,postgres,PERF_0082,cases/PERF/PERF_0082/sql/source.sql,runs/user/calcite_hep_track_a_120_canonical_v0__postgres/candidate_sql/PERF_0082__postgres.sql,931544a23fdc970ac15b6daf6b2aed935887bf70ea114f59bcfd74d304a3fb80,2851f999ded490b71e9c62a0b4241e1c0d7451f3829fbc3d7eb272d3e013962b,schemas/job_imdb_perf0082_v0/schema_profile.yaml,local_result_checker_exact_status_only_eligibility_gate,true,path_reference_plus_hash,no SQL copied; stable source/candidate paths plus hashes only; no verifier run and no SER evidence
calcite_hep_fail_closed__postgres__CONS_0005,calcite_hep_fail_closed,calcite_hep_track_a_120_canonical_v0,postgres,CONS_0005,cases/CONS/CONS_0005/sql/source.sql,runs/user/calcite_hep_track_a_120_canonical_v0__postgres/candidate_sql/CONS_0005__postgres.sql,7fb55d0e5e79d59f62e4eefa8782ae34ec9e5fc7d5d83d74f6c8537aaec060cf,d1be5b8148d103fc1a9d117ba6e5371df06ecd1a9398c437aa1c33e666d758e3,schemas/calcite_core_sql_tests_cons0005_v0/schema_profile.yaml,local_result_checker_exact_status_only_eligibility_gate,true,path_reference_plus_hash,no SQL copied; stable source/candidate paths plus hashes only; no verifier run and no SER evidence
calcite_hep_fail_closed__postgres__CONS_0007,calcite_hep_fail_closed,calcite_hep_track_a_120_canonical_v0,postgres,CONS_0007,cases/CONS/CONS_0007/sql/source.sql,runs/user/calcite_hep_track_a_120_canonical_v0__postgres/candidate_sql/CONS_0007__postgres.sql,87f20da933190edd2e6f72b4fd6fb40328280eb7d39a6d1b9f0ea2ed2da25e32,b0c9d9724e7788d9f853bab3c7be08dac6b5d78f4a0be21facbff963f0914b74,schemas/calcite_core_sql_tests_cons0007_v0/schema_profile.yaml,local_result_checker_exact_status_only_eligibility_gate,true,path_reference_plus_hash,no SQL copied; stable source/candidate paths plus hashes only; no verifier run and no SER evidence
calcite_hep_fail_closed__postgres__CONS_0009,calcite_hep_fail_closed,calcite_hep_track_a_120_canonical_v0,postgres,CONS_0009,cases/CONS/CONS_0009/sql/source.sql,runs/user/calcite_hep_track_a_120_canonical_v0__postgres/candidate_sql/CONS_0009__postgres.sql,5823c5d0fe149007ba73e1fe607f4b4b68be1852ccd37abe6534188f9e090ba6,c54c805f49fba1d5aa2f76b705711759cd5fb0bb0e95842f95f9de68996823a7,schemas/calcite_core_sql_tests_cons0009_v0/schema_profile.yaml,local_result_checker_exact_status_only_eligibility_gate,true,path_reference_plus_hash,no SQL copied; stable source/candidate paths plus hashes only; no verifier run and no SER evidence
calcite_hep_fail_closed__postgres__CONS_0010,calcite_hep_fail_closed,calcite_hep_track_a_120_canonical_v0,postgres,CONS_0010,cases/CONS/CONS_0010/sql/source.sql,runs/user/calcite_hep_track_a_120_canonical_v0__postgres/candidate_sql/CONS_0010__postgres.sql,1af72c63f62480db554a907264092d5c0457bf93bd7e12c5f080685bd2178785,ca5e609ea2e796ac1d7ec53b2376811ce29612431b6e8cb97438ddee5ce75a41,schemas/calcite_core_sql_tests_cons0010_v0/schema_profile.yaml,local_result_checker_exact_status_only_eligibility_gate,true,path_reference_plus_hash,no SQL copied; stable source/candidate paths plus hashes only; no verifier run and no SER evidence
calcite_hep_fail_closed__postgres__CONS_0011,calcite_hep_fail_closed,calcite_hep_track_a_120_canonical_v0,postgres,CONS_0011,cases/CONS/CONS_0011/sql/source.sql,runs/user/calcite_hep_track_a_120_canonical_v0__postgres/candidate_sql/CONS_0011__postgres.sql,3f461dd446146583d385abc3f138c235745ed5f4bfef18a64e61eb2159362753,e0fc0b83ce2eb518202aaebf61a6454cdfc77bee51800be00ccdea8b40c16afc,schemas/calcite_core_sql_tests_cons0011_v0/schema_profile.yaml,local_result_checker_exact_status_only_eligibility_gate,true,path_reference_plus_hash,no SQL copied; stable source/candidate paths plus hashes only; no verifier run and no SER evidence
calcite_hep_fail_closed__postgres__CONS_0012,calcite_hep_fail_closed,calcite_hep_track_a_120_canonical_v0,postgres,CONS_0012,cases/CONS/CONS_0012/sql/source.sql,runs/user/calcite_hep_track_a_120_canonical_v0__postgres/candidate_sql/CONS_0012__postgres.sql,c0808116a402e85af71bd2812818e68b4b8e47422806a537a1f636d00f9f16b7,57045c5c739db984e440411f7aef6a3dd7e38a67ab0adda64c3b74a962fce371,schemas/calcite_core_sql_tests_cons0012_v0/schema_profile.yaml,local_result_checker_exact_status_only_eligibility_gate,true,path_reference_plus_hash,no SQL copied; stable source/candidate paths plus hashes only; no verifier run and no SER evidence
calcite_hep_fail_closed__postgres__CONS_0024,calcite_hep_fail_closed,calcite_hep_track_a_120_canonical_v0,postgres,CONS_0024,cases/CONS/CONS_0024/sql/source.sql,runs/user/calcite_hep_track_a_120_canonical_v0__postgres/candidate_sql/CONS_0024__postgres.sql,ebbf16b71ff32d3789ee056631ff035375744192381265de1767a529ba166132,615cfbff339ee14e1a2b5527495c1cf4906e2dabbdc5d2db42a94c94bf9c5072,schemas/calcite_core_sql_tests_cons0024_v0/schema_profile.yaml,local_result_checker_exact_status_only_eligibility_gate,true,path_reference_plus_hash,no SQL copied; stable source/candidate paths plus hashes only; no verifier run and no SER evidence
calcite_hep_fail_closed__postgres__CONS_0037,calcite_hep_fail_closed,calcite_hep_track_a_120_canonical_v0,postgres,CONS_0037,cases/CONS/CONS_0037/sql/source.sql,runs/user/calcite_hep_track_a_120_canonical_v0__postgres/candidate_sql/CONS_0037__postgres.sql,a54f58daf9f9f32a4bf1b3be9ad5d7674fe79955036f748ff6eddf7aa498123b,e7644418ded23abe743e2453fcce203e5cbc5d665c58704010ca735834e14b74,schemas/verieql_cons0037_v0/schema_profile.yaml,local_result_checker_exact_status_only_eligibility_gate,true,path_reference_plus_hash,no SQL copied; stable source/candidate paths plus hashes only; no verifier run and no SER evidence
calcite_hep_fail_closed__postgres__PORT_0024,calcite_hep_fail_closed,calcite_hep_track_a_120_canonical_v0,postgres,PORT_0024,cases/PORT/PORT_0024/sql/source.sql,runs/user/calcite_hep_track_a_120_canonical_v0__postgres/candidate_sql/PORT_0024__postgres.sql,f3d118fe405944ef044a57ee3cf1834c75a63ffc76cbe15f7640db66726d242f,e3d07b8a9797c058f8e8857fc24d42a771a4d807d07fd188544d63e5d6e3aca7,schemas/parrot_bird_port0024_v0/schema_profile.yaml,local_result_checker_exact_status_only_eligibility_gate,true,path_reference_plus_hash,no SQL copied; stable source/candidate paths plus hashes only; no verifier run and no SER evidence
calcite_hep_fail_closed__postgres__LONGTAIL_0023,calcite_hep_fail_closed,calcite_hep_track_a_120_canonical_v0,postgres,LONGTAIL_0023,cases/LONGTAIL/LONGTAIL_0023/sql/source.sql,runs/user/calcite_hep_track_a_120_canonical_v0__postgres/candidate_sql/LONGTAIL_0023__postgres.sql,758d318d64074b7bad77fdb1bc5418f9a87058603922d710161549eb43ebe926,a2d4ac4c0c4082a68ce64ed1623694d61c1fa285b18fef251968dcc9fe8901e8,schemas/stack_queries_longtail0023_v0/schema_profile.yaml,local_result_checker_exact_status_only_eligibility_gate,true,path_reference_plus_hash,no SQL copied; stable source/candidate paths plus hashes only; no verifier run and no SER evidence
calcite_hep_fail_closed__postgres__LONGTAIL_0024,calcite_hep_fail_closed,calcite_hep_track_a_120_canonical_v0,postgres,LONGTAIL_0024,cases/LONGTAIL/LONGTAIL_0024/sql/source.sql,runs/user/calcite_hep_track_a_120_canonical_v0__postgres/candidate_sql/LONGTAIL_0024__postgres.sql,9d46fb0a71730e776594aa7c8d40cf359572fc7ceb6edc6572c0a2431b390c53,51663589adaf99271dd7bc17fcb9dd9affd7f0c06f80eb3b8c58e96e51cfbf7c,schemas/stack_queries_longtail0024_v0/schema_profile.yaml,local_result_checker_exact_status_only_eligibility_gate,true,path_reference_plus_hash,no SQL copied; stable source/candidate paths plus hashes only; no verifier run and no SER evidence
calcite_hep_fail_closed__mysql__PERF_0006,calcite_hep_fail_closed,calcite_hep_track_a_120_canonical_v0,mysql,PERF_0006,cases/PERF/PERF_0006/sql/source.sql,runs/user/calcite_hep_track_a_120_canonical_v0__mysql/candidate_sql/PERF_0006__mysql.sql,250256397b1969ed1f7080c201b9440b0c917720508edf89497dab51e841562b,775c9c8a01741e04e659662ddd70e078bfb42e113e58503a0aff496cabffff13,schemas/tpch_common_core_v0/schema_profile.yaml,local_result_checker_exact_status_only_eligibility_gate,true,path_reference_plus_hash,no SQL copied; stable source/candidate paths plus hashes only; no verifier run and no SER evidence
calcite_hep_fail_closed__mysql__PERF_0007,calcite_hep_fail_closed,calcite_hep_track_a_120_canonical_v0,mysql,PERF_0007,cases/PERF/PERF_0007/sql/source.sql,runs/user/calcite_hep_track_a_120_canonical_v0__mysql/candidate_sql/PERF_0007__mysql.sql,9dc696fb97b2ee3ebc57a8cc63e0eae624c07a2fd005ce0e396a5b70c8a61939,2a4d2302059b40d1a7a2f7e9373585e2cfa8dfc6dc87d58b5008eea448e1f7c5,schemas/tpch_perf0007_v0/schema_profile.yaml,local_result_checker_exact_status_only_eligibility_gate,true,path_reference_plus_hash,no SQL copied; stable source/candidate paths plus hashes only; no verifier run and no SER evidence
calcite_hep_fail_closed__mysql__PERF_0008,calcite_hep_fail_closed,calcite_hep_track_a_120_canonical_v0,mysql,PERF_0008,cases/PERF/PERF_0008/sql/source.sql,runs/user/calcite_hep_track_a_120_canonical_v0__mysql/candidate_sql/PERF_0008__mysql.sql,c99c82eda540a5873e8a3eb1ef8827ef013ff1433510bf7b78c2c773f81d3ba8,6d6e372b864c714a8a15ef0daeba5d067a88b6ccf7824a273a4240c3e99872bb,schemas/tpch_perf0008_v0/schema_profile.yaml,local_result_checker_exact_status_only_eligibility_gate,true,path_reference_plus_hash,no SQL copied; stable source/candidate paths plus hashes only; no verifier run and no SER evidence
calcite_hep_fail_closed__mysql__PERF_0013,calcite_hep_fail_closed,calcite_hep_track_a_120_canonical_v0,mysql,PERF_0013,cases/PERF/PERF_0013/sql/source.sql,runs/user/calcite_hep_track_a_120_canonical_v0__mysql/candidate_sql/PERF_0013__mysql.sql,89d0f9a09a41e96b6b3c0c9fa92d7926b177bc1917cd233758ee2773be807064,7afd149a1c49a4ed73a14c1c04cccacdb59fa52089b4f1dede5f73627773c34a,schemas/tpch_perf0013_v0/schema_profile.yaml,local_result_checker_exact_status_only_eligibility_gate,true,path_reference_plus_hash,no SQL copied; stable source/candidate paths plus hashes only; no verifier run and no SER evidence
calcite_hep_fail_closed__mysql__PERF_0017,calcite_hep_fail_closed,calcite_hep_track_a_120_canonical_v0,mysql,PERF_0017,cases/PERF/PERF_0017/sql/source.sql,runs/user/calcite_hep_track_a_120_canonical_v0__mysql/candidate_sql/PERF_0017__mysql.sql,710366ebada2ecaa7d56a6a84b1bb8a7571ebbf296d1664f4530b3a0c8f850ca,79d0ef7c2105cf14dd34b7ab8fd60d934a8201f762c301a0d5e0c5bcad501e31,schemas/tpch_perf0017_v0/schema_profile.yaml,local_result_checker_exact_status_only_eligibility_gate,true,path_reference_plus_hash,no SQL copied; stable source/candidate paths plus hashes only; no verifier run and no SER evidence
calcite_hep_fail_closed__mysql__PERF_0019,calcite_hep_fail_closed,calcite_hep_track_a_120_canonical_v0,mysql,PERF_0019,cases/PERF/PERF_0019/sql/source.sql,runs/user/calcite_hep_track_a_120_canonical_v0__mysql/candidate_sql/PERF_0019__mysql.sql,099a3ecc8fd1d77bd86c9aa25b43a2c4e7c5c4832edb756491db80ccff6cf422,7247e783d7fc244d344d7031cce1b44effe6f7e2efdd6624ff7c6e4877aa3270,schemas/tpch_perf0019_v0/schema_profile.yaml,local_result_checker_exact_status_only_eligibility_gate,true,path_reference_plus_hash,no SQL copied; stable source/candidate paths plus hashes only; no verifier run and no SER evidence
calcite_hep_fail_closed__mysql__PERF_0024,calcite_hep_fail_closed,calcite_hep_track_a_120_canonical_v0,mysql,PERF_0024,cases/PERF/PERF_0024/sql/source.sql,runs/user/calcite_hep_track_a_120_canonical_v0__mysql/candidate_sql/PERF_0024__mysql.sql,adbcd38897f700fdeecc2d8b018ac5618929276fe8a0b58169bc2f5b242a79ac,6773bbf16c4769f1a6d2bbb54f438ccddf6b909386255319d839911671db1705,schemas/tpch_perf0024_v0/schema_profile.yaml,local_result_checker_exact_status_only_eligibility_gate,true,path_reference_plus_hash,no SQL copied; stable source/candidate paths plus hashes only; no verifier run and no SER evidence
calcite_hep_fail_closed__mysql__PERF_0033,calcite_hep_fail_closed,calcite_hep_track_a_120_canonical_v0,mysql,PERF_0033,cases/PERF/PERF_0033/sql/source.sql,runs/user/calcite_hep_track_a_120_canonical_v0__mysql/candidate_sql/PERF_0033__mysql.sql,d0f865f84426d3b2cbf7c887f2c70b14fc1279f2c0822ea212e1542aaa9fd3c2,4bdce8b42fb73178fe061a2d806a67e3799257c4461255d4555e72eb2a85d6aa,schemas/tpcds_perf0033_v0/schema_profile.yaml,local_result_checker_exact_status_only_eligibility_gate,true,path_reference_plus_hash,no SQL copied; stable source/candidate paths plus hashes only; no verifier run and no SER evidence
calcite_hep_fail_closed__mysql__PERF_0034,calcite_hep_fail_closed,calcite_hep_track_a_120_canonical_v0,mysql,PERF_0034,cases/PERF/PERF_0034/sql/source.sql,runs/user/calcite_hep_track_a_120_canonical_v0__mysql/candidate_sql/PERF_0034__mysql.sql,7b067603fc8093dd845c2fa77a582f02e59513456e6befcb0e4f4541b42b205f,a22fdca6b3ebfc50323687e417a8572f42618809b506fe34c4c654f754fdecd2,schemas/tpcds_perf0034_v0/schema_profile.yaml,local_result_checker_exact_status_only_eligibility_gate,true,path_reference_plus_hash,no SQL copied; stable source/candidate paths plus hashes only; no verifier run and no SER evidence
calcite_hep_fail_closed__mysql__PERF_0052,calcite_hep_fail_closed,calcite_hep_track_a_120_canonical_v0,mysql,PERF_0052,cases/PERF/PERF_0052/sql/source.sql,runs/user/calcite_hep_track_a_120_canonical_v0__mysql/candidate_sql/PERF_0052__mysql.sql,c7d742cfda6dc04194e4e83eddfe68132023c009e0e67713e0250048a195498b,17179d7aaeab950e21c7ed3f43f7a9a5dfed5161760b23f0bcd21a513df91897,schemas/tpcds_perf0052_v0/schema_profile.yaml,local_result_checker_exact_status_only_eligibility_gate,true,path_reference_plus_hash,no SQL copied; stable source/candidate paths plus hashes only; no verifier run and no SER evidence
calcite_hep_fail_closed__mysql__PERF_0054,calcite_hep_fail_closed,calcite_hep_track_a_120_canonical_v0,mysql,PERF_0054,cases/PERF/PERF_0054/sql/source.sql,runs/user/calcite_hep_track_a_120_canonical_v0__mysql/candidate_sql/PERF_0054__mysql.sql,0a97395e9cd01c7d4c8a83f25406e83d1c1e5dec2ce9cfda696a90b8633bee3f,e22e596e31528d1e53f04f83108e8e3d2d7840ecdef6c610df4711c6da3580ad,schemas/tpcds_perf0054_v0/schema_profile.yaml,local_result_checker_exact_status_only_eligibility_gate,true,path_reference_plus_hash,no SQL copied; stable source/candidate paths plus hashes only; no verifier run and no SER evidence
calcite_hep_fail_closed__mysql__PERF_0056,calcite_hep_fail_closed,calcite_hep_track_a_120_canonical_v0,mysql,PERF_0056,cases/PERF/PERF_0056/sql/source.sql,runs/user/calcite_hep_track_a_120_canonical_v0__mysql/candidate_sql/PERF_0056__mysql.sql,2c2a6b7c84816efa61ef43e36bc4d388515bbefbf4727e6ae3fcb14f65b02d93,0cfa8da79d9f8bf2cfc9074579630f5651c335d5c615aab9b9be6ad223fcd1cc,schemas/tpcds_perf0056_v0/schema_profile.yaml,local_result_checker_exact_status_only_eligibility_gate,true,path_reference_plus_hash,no SQL copied; stable source/candidate paths plus hashes only; no verifier run and no SER evidence
calcite_hep_fail_closed__mysql__PERF_0077,calcite_hep_fail_closed,calcite_hep_track_a_120_canonical_v0,mysql,PERF_0077,cases/PERF/PERF_0077/sql/source.sql,runs/user/calcite_hep_track_a_120_canonical_v0__mysql/candidate_sql/PERF_0077__mysql.sql,b3e94a9ed53d9362995072b587f973f0defa1f2b879be53870396babd45b2bcd,76cd83ea5e7887cb5b7156dae1a7df37f582fad885109038449624e705ba160c,schemas/job_imdb_perf0077_v0/schema_profile.yaml,local_result_checker_exact_status_only_eligibility_gate,true,path_reference_plus_hash,no SQL copied; stable source/candidate paths plus hashes only; no verifier run and no SER evidence
calcite_hep_fail_closed__mysql__PERF_0082,calcite_hep_fail_closed,calcite_hep_track_a_120_canonical_v0,mysql,PERF_0082,cases/PERF/PERF_0082/sql/source.sql,runs/user/calcite_hep_track_a_120_canonical_v0__mysql/candidate_sql/PERF_0082__mysql.sql,931544a23fdc970ac15b6daf6b2aed935887bf70ea114f59bcfd74d304a3fb80,9f90af8562d66caeb9a1749a2e6ad72397441c644e4f8b3d686a9dcd51876b67,schemas/job_imdb_perf0082_v0/schema_profile.yaml,local_result_checker_exact_status_only_eligibility_gate,true,path_reference_plus_hash,no SQL copied; stable source/candidate paths plus hashes only; no verifier run and no SER evidence
calcite_hep_fail_closed__mysql__CONS_0005,calcite_hep_fail_closed,calcite_hep_track_a_120_canonical_v0,mysql,CONS_0005,cases/CONS/CONS_0005/sql/source.sql,runs/user/calcite_hep_track_a_120_canonical_v0__mysql/candidate_sql/CONS_0005__mysql.sql,7fb55d0e5e79d59f62e4eefa8782ae34ec9e5fc7d5d83d74f6c8537aaec060cf,4f37864bfe3cc52e6f3fb0cbea99428d1fb2504218dd51d5dd80fcba068b3fde,schemas/calcite_core_sql_tests_cons0005_v0/schema_profile.yaml,local_result_checker_exact_status_only_eligibility_gate,true,path_reference_plus_hash,no SQL copied; stable source/candidate paths plus hashes only; no verifier run and no SER evidence
calcite_hep_fail_closed__mysql__CONS_0007,calcite_hep_fail_closed,calcite_hep_track_a_120_canonical_v0,mysql,CONS_0007,cases/CONS/CONS_0007/sql/source.sql,runs/user/calcite_hep_track_a_120_canonical_v0__mysql/candidate_sql/CONS_0007__mysql.sql,87f20da933190edd2e6f72b4fd6fb40328280eb7d39a6d1b9f0ea2ed2da25e32,a81f10b2c690c918922c42b1b043f10e04fcf58071d96a847b847537d29b864c,schemas/calcite_core_sql_tests_cons0007_v0/schema_profile.yaml,local_result_checker_exact_status_only_eligibility_gate,true,path_reference_plus_hash,no SQL copied; stable source/candidate paths plus hashes only; no verifier run and no SER evidence
calcite_hep_fail_closed__mysql__CONS_0009,calcite_hep_fail_closed,calcite_hep_track_a_120_canonical_v0,mysql,CONS_0009,cases/CONS/CONS_0009/sql/source.sql,runs/user/calcite_hep_track_a_120_canonical_v0__mysql/candidate_sql/CONS_0009__mysql.sql,5823c5d0fe149007ba73e1fe607f4b4b68be1852ccd37abe6534188f9e090ba6,d022f8313454b907af582ee6b7ad866c1ba6e4778eafa6b41944d07318276d1b,schemas/calcite_core_sql_tests_cons0009_v0/schema_profile.yaml,local_result_checker_exact_status_only_eligibility_gate,true,path_reference_plus_hash,no SQL copied; stable source/candidate paths plus hashes only; no verifier run and no SER evidence
calcite_hep_fail_closed__mysql__CONS_0010,calcite_hep_fail_closed,calcite_hep_track_a_120_canonical_v0,mysql,CONS_0010,cases/CONS/CONS_0010/sql/source.sql,runs/user/calcite_hep_track_a_120_canonical_v0__mysql/candidate_sql/CONS_0010__mysql.sql,1af72c63f62480db554a907264092d5c0457bf93bd7e12c5f080685bd2178785,24b5a5fe193b390752554e79e5e5c2d4e41a6aa6b2c0a7843a3cadd7cb891001,schemas/calcite_core_sql_tests_cons0010_v0/schema_profile.yaml,local_result_checker_exact_status_only_eligibility_gate,true,path_reference_plus_hash,no SQL copied; stable source/candidate paths plus hashes only; no verifier run and no SER evidence
calcite_hep_fail_closed__mysql__CONS_0011,calcite_hep_fail_closed,calcite_hep_track_a_120_canonical_v0,mysql,CONS_0011,cases/CONS/CONS_0011/sql/source.sql,runs/user/calcite_hep_track_a_120_canonical_v0__mysql/candidate_sql/CONS_0011__mysql.sql,3f461dd446146583d385abc3f138c235745ed5f4bfef18a64e61eb2159362753,30a22ff56a2d48af6b97fac87bed299fa84e89df2ac6013f13612dbb1375142c,schemas/calcite_core_sql_tests_cons0011_v0/schema_profile.yaml,local_result_checker_exact_status_only_eligibility_gate,true,path_reference_plus_hash,no SQL copied; stable source/candidate paths plus hashes only; no verifier run and no SER evidence
calcite_hep_fail_closed__mysql__CONS_0012,calcite_hep_fail_closed,calcite_hep_track_a_120_canonical_v0,mysql,CONS_0012,cases/CONS/CONS_0012/sql/source.sql,runs/user/calcite_hep_track_a_120_canonical_v0__mysql/candidate_sql/CONS_0012__mysql.sql,c0808116a402e85af71bd2812818e68b4b8e47422806a537a1f636d00f9f16b7,6465a4a220d056fa1842d3cfa3f5f6250b982df0bd21987f531e80cdc3af22d0,schemas/calcite_core_sql_tests_cons0012_v0/schema_profile.yaml,local_result_checker_exact_status_only_eligibility_gate,true,path_reference_plus_hash,no SQL copied; stable source/candidate paths plus hashes only; no verifier run and no SER evidence
calcite_hep_fail_closed__mysql__CONS_0024,calcite_hep_fail_closed,calcite_hep_track_a_120_canonical_v0,mysql,CONS_0024,cases/CONS/CONS_0024/sql/source.sql,runs/user/calcite_hep_track_a_120_canonical_v0__mysql/candidate_sql/CONS_0024__mysql.sql,ebbf16b71ff32d3789ee056631ff035375744192381265de1767a529ba166132,eb78eb657eed7228ab8768fbed9b349b3df2368b242f7fdcdcdbf19d35401114,schemas/calcite_core_sql_tests_cons0024_v0/schema_profile.yaml,local_result_checker_exact_status_only_eligibility_gate,true,path_reference_plus_hash,no SQL copied; stable source/candidate paths plus hashes only; no verifier run and no SER evidence
calcite_hep_fail_closed__mysql__CONS_0036,calcite_hep_fail_closed,calcite_hep_track_a_120_canonical_v0,mysql,CONS_0036,cases/CONS/CONS_0036/sql/source.sql,runs/user/calcite_hep_track_a_120_canonical_v0__mysql/candidate_sql/CONS_0036__mysql.sql,b97474505e3930f8ba5c93a9dff5afb9833e5496e637d2adca05246f728df683,afa0593c897ee28b04ef451b315275843ae720cb1623539e6574d4b9b806b13c,schemas/verieql_cons0036_v0/schema_profile.yaml,local_result_checker_exact_status_only_eligibility_gate,true,path_reference_plus_hash,no SQL copied; stable source/candidate paths plus hashes only; no verifier run and no SER evidence
calcite_hep_fail_closed__mysql__LONGTAIL_0011,calcite_hep_fail_closed,calcite_hep_track_a_120_canonical_v0,mysql,LONGTAIL_0011,cases/LONGTAIL/LONGTAIL_0011/sql/source.sql,runs/user/calcite_hep_track_a_120_canonical_v0__mysql/candidate_sql/LONGTAIL_0011__mysql.sql,dc674b49bd030f320141fe221ee3a9e7bd4791a47049f757ec9c72ad62d37928,d3764046e5ebf84419d79fcddb0d80e0de85f8b644e59d262c5445bf890463cf,schemas/sqlstorm_stackoverflow_longtail0011_v0/schema_profile.yaml,local_result_checker_exact_status_only_eligibility_gate,true,path_reference_plus_hash,no SQL copied; stable source/candidate paths plus hashes only; no verifier run and no SER evidence
calcite_hep_fail_closed__mysql__LONGTAIL_0022,calcite_hep_fail_closed,calcite_hep_track_a_120_canonical_v0,mysql,LONGTAIL_0022,cases/LONGTAIL/LONGTAIL_0022/sql/source.sql,runs/user/calcite_hep_track_a_120_canonical_v0__mysql/candidate_sql/LONGTAIL_0022__mysql.sql,c5558cfdf705ef3fd0bf2e69afbaa1a38192f37b7563a1ae145a41de3d9fba50,735a7ab924abe5bfc486ecb095f6b9516020af8b2c093cb69019cf6e18b076d3,schemas/stack_queries_longtail0022_v0/schema_profile.yaml,local_result_checker_exact_status_only_eligibility_gate,true,path_reference_plus_hash,no SQL copied; stable source/candidate paths plus hashes only; no verifier run and no SER evidence
calcite_hep_fail_closed__mysql__LONGTAIL_0023,calcite_hep_fail_closed,calcite_hep_track_a_120_canonical_v0,mysql,LONGTAIL_0023,cases/LONGTAIL/LONGTAIL_0023/sql/source.sql,runs/user/calcite_hep_track_a_120_canonical_v0__mysql/candidate_sql/LONGTAIL_0023__mysql.sql,758d318d64074b7bad77fdb1bc5418f9a87058603922d710161549eb43ebe926,230cc3f875a7aa754d1ba464b634df9e2a6699a1dacc113fa559a995ef13ae3e,schemas/stack_queries_longtail0023_v0/schema_profile.yaml,local_result_checker_exact_status_only_eligibility_gate,true,path_reference_plus_hash,no SQL copied; stable source/candidate paths plus hashes only; no verifier run and no SER evidence
calcite_hep_fail_closed__mysql__LONGTAIL_0024,calcite_hep_fail_closed,calcite_hep_track_a_120_canonical_v0,mysql,LONGTAIL_0024,cases/LONGTAIL/LONGTAIL_0024/sql/source.sql,runs/user/calcite_hep_track_a_120_canonical_v0__mysql/candidate_sql/LONGTAIL_0024__mysql.sql,9d46fb0a71730e776594aa7c8d40cf359572fc7ceb6edc6572c0a2431b390c53,2ee3c79f8114e88bb71984b5536fb6b2c04838279135ffc492a3747c09c76d9c,schemas/stack_queries_longtail0024_v0/schema_profile.yaml,local_result_checker_exact_status_only_eligibility_gate,true,path_reference_plus_hash,no SQL copied; stable source/candidate paths plus hashes only; no verifier run and no SER evidence
calcite_hep_fail_closed__spark__PERF_0006,calcite_hep_fail_closed,calcite_hep_track_a_120_canonical_v0,spark,PERF_0006,cases/PERF/PERF_0006/sql/source.sql,runs/user/calcite_hep_track_a_120_canonical_v0__spark/candidate_sql/PERF_0006__spark.sql,250256397b1969ed1f7080c201b9440b0c917720508edf89497dab51e841562b,a5c20ef897d5b06efd1339b2302f8bce4dc89bfc02f7b11b3fbdae9b8ef8558b,schemas/tpch_common_core_v0/schema_profile.yaml,local_result_checker_exact_status_only_eligibility_gate,true,path_reference_plus_hash,no SQL copied; stable source/candidate paths plus hashes only; no verifier run and no SER evidence
calcite_hep_fail_closed__spark__PERF_0007,calcite_hep_fail_closed,calcite_hep_track_a_120_canonical_v0,spark,PERF_0007,cases/PERF/PERF_0007/sql/source.sql,runs/user/calcite_hep_track_a_120_canonical_v0__spark/candidate_sql/PERF_0007__spark.sql,9dc696fb97b2ee3ebc57a8cc63e0eae624c07a2fd005ce0e396a5b70c8a61939,aff9617576151c2941b6a99e55c6a09432523362e4f986b847b851e4126484de,schemas/tpch_perf0007_v0/schema_profile.yaml,local_result_checker_exact_status_only_eligibility_gate,true,path_reference_plus_hash,no SQL copied; stable source/candidate paths plus hashes only; no verifier run and no SER evidence
calcite_hep_fail_closed__spark__PERF_0008,calcite_hep_fail_closed,calcite_hep_track_a_120_canonical_v0,spark,PERF_0008,cases/PERF/PERF_0008/sql/source.sql,runs/user/calcite_hep_track_a_120_canonical_v0__spark/candidate_sql/PERF_0008__spark.sql,c99c82eda540a5873e8a3eb1ef8827ef013ff1433510bf7b78c2c773f81d3ba8,413aea3067bd5d8fa2f55dbd85f736aac9e4d920eda652d2b04984210c53cd44,schemas/tpch_perf0008_v0/schema_profile.yaml,local_result_checker_exact_status_only_eligibility_gate,true,path_reference_plus_hash,no SQL copied; stable source/candidate paths plus hashes only; no verifier run and no SER evidence
calcite_hep_fail_closed__spark__PERF_0013,calcite_hep_fail_closed,calcite_hep_track_a_120_canonical_v0,spark,PERF_0013,cases/PERF/PERF_0013/sql/source.sql,runs/user/calcite_hep_track_a_120_canonical_v0__spark/candidate_sql/PERF_0013__spark.sql,89d0f9a09a41e96b6b3c0c9fa92d7926b177bc1917cd233758ee2773be807064,a1d09dda5a7a320112f66a31eda51f5bdda97150624cc6ed4c2350a47c45784d,schemas/tpch_perf0013_v0/schema_profile.yaml,local_result_checker_exact_status_only_eligibility_gate,true,path_reference_plus_hash,no SQL copied; stable source/candidate paths plus hashes only; no verifier run and no SER evidence
calcite_hep_fail_closed__spark__PERF_0017,calcite_hep_fail_closed,calcite_hep_track_a_120_canonical_v0,spark,PERF_0017,cases/PERF/PERF_0017/sql/source.sql,runs/user/calcite_hep_track_a_120_canonical_v0__spark/candidate_sql/PERF_0017__spark.sql,710366ebada2ecaa7d56a6a84b1bb8a7571ebbf296d1664f4530b3a0c8f850ca,df22429378b59d386aa87de20d364b6cb28afe6777a80069fd4d7031e74f06c2,schemas/tpch_perf0017_v0/schema_profile.yaml,local_result_checker_exact_status_only_eligibility_gate,true,path_reference_plus_hash,no SQL copied; stable source/candidate paths plus hashes only; no verifier run and no SER evidence
calcite_hep_fail_closed__spark__PERF_0019,calcite_hep_fail_closed,calcite_hep_track_a_120_canonical_v0,spark,PERF_0019,cases/PERF/PERF_0019/sql/source.sql,runs/user/calcite_hep_track_a_120_canonical_v0__spark/candidate_sql/PERF_0019__spark.sql,099a3ecc8fd1d77bd86c9aa25b43a2c4e7c5c4832edb756491db80ccff6cf422,12fb3ddf5dad337240a027afe0f89a23d74ac122ededb65557527297dd0cf9b0,schemas/tpch_perf0019_v0/schema_profile.yaml,local_result_checker_exact_status_only_eligibility_gate,true,path_reference_plus_hash,no SQL copied; stable source/candidate paths plus hashes only; no verifier run and no SER evidence
calcite_hep_fail_closed__spark__PERF_0024,calcite_hep_fail_closed,calcite_hep_track_a_120_canonical_v0,spark,PERF_0024,cases/PERF/PERF_0024/sql/source.sql,runs/user/calcite_hep_track_a_120_canonical_v0__spark/candidate_sql/PERF_0024__spark.sql,adbcd38897f700fdeecc2d8b018ac5618929276fe8a0b58169bc2f5b242a79ac,c1c3a1b96b19a45ecba39c4126f58177e3a96f9ad2a8a75dbb8bf4b58cc7385a,schemas/tpch_perf0024_v0/schema_profile.yaml,local_result_checker_exact_status_only_eligibility_gate,true,path_reference_plus_hash,no SQL copied; stable source/candidate paths plus hashes only; no verifier run and no SER evidence
calcite_hep_fail_closed__spark__PERF_0033,calcite_hep_fail_closed,calcite_hep_track_a_120_canonical_v0,spark,PERF_0033,cases/PERF/PERF_0033/sql/source.sql,runs/user/calcite_hep_track_a_120_canonical_v0__spark/candidate_sql/PERF_0033__spark.sql,d0f865f84426d3b2cbf7c887f2c70b14fc1279f2c0822ea212e1542aaa9fd3c2,b6a2405d2ae8ddc49d07891f536bbf83bccaa24555950f7fd4b41e059655081e,schemas/tpcds_perf0033_v0/schema_profile.yaml,local_result_checker_exact_status_only_eligibility_gate,true,path_reference_plus_hash,no SQL copied; stable source/candidate paths plus hashes only; no verifier run and no SER evidence
calcite_hep_fail_closed__spark__PERF_0034,calcite_hep_fail_closed,calcite_hep_track_a_120_canonical_v0,spark,PERF_0034,cases/PERF/PERF_0034/sql/source.sql,runs/user/calcite_hep_track_a_120_canonical_v0__spark/candidate_sql/PERF_0034__spark.sql,7b067603fc8093dd845c2fa77a582f02e59513456e6befcb0e4f4541b42b205f,ceb4b1aa69893de4b5d98afbd8699214d0c8598ca0ea59f87e75a46393800edc,schemas/tpcds_perf0034_v0/schema_profile.yaml,local_result_checker_exact_status_only_eligibility_gate,true,path_reference_plus_hash,no SQL copied; stable source/candidate paths plus hashes only; no verifier run and no SER evidence
calcite_hep_fail_closed__spark__PERF_0035,calcite_hep_fail_closed,calcite_hep_track_a_120_canonical_v0,spark,PERF_0035,cases/PERF/PERF_0035/sql/source.sql,runs/user/calcite_hep_track_a_120_canonical_v0__spark/candidate_sql/PERF_0035__spark.sql,9977cac76fdd6e06994c1b1e13c1e84154cc6074fa05584c0eb337b15ce806f6,9542f5e9dcbfe2dcea552e4b9b3da5822b3faf564dfa87c4a086e15149d6c6fd,schemas/tpcds_perf0035_v0/schema_profile.yaml,local_result_checker_exact_status_only_eligibility_gate,true,path_reference_plus_hash,no SQL copied; stable source/candidate paths plus hashes only; no verifier run and no SER evidence
calcite_hep_fail_closed__spark__PERF_0052,calcite_hep_fail_closed,calcite_hep_track_a_120_canonical_v0,spark,PERF_0052,cases/PERF/PERF_0052/sql/source.sql,runs/user/calcite_hep_track_a_120_canonical_v0__spark/candidate_sql/PERF_0052__spark.sql,c7d742cfda6dc04194e4e83eddfe68132023c009e0e67713e0250048a195498b,ce575c29a9d2dd0db85a4e7aaf0f66f8eb3f06883d751b6c325aefe51ba5530e,schemas/tpcds_perf0052_v0/schema_profile.yaml,local_result_checker_exact_status_only_eligibility_gate,true,path_reference_plus_hash,no SQL copied; stable source/candidate paths plus hashes only; no verifier run and no SER evidence
calcite_hep_fail_closed__spark__PERF_0054,calcite_hep_fail_closed,calcite_hep_track_a_120_canonical_v0,spark,PERF_0054,cases/PERF/PERF_0054/sql/source.sql,runs/user/calcite_hep_track_a_120_canonical_v0__spark/candidate_sql/PERF_0054__spark.sql,0a97395e9cd01c7d4c8a83f25406e83d1c1e5dec2ce9cfda696a90b8633bee3f,c80cc5fc2def6cf7037940a204672f21a1c1f6d7ed937cfd63f84519c5d27273,schemas/tpcds_perf0054_v0/schema_profile.yaml,local_result_checker_exact_status_only_eligibility_gate,true,path_reference_plus_hash,no SQL copied; stable source/candidate paths plus hashes only; no verifier run and no SER evidence
calcite_hep_fail_closed__spark__PERF_0056,calcite_hep_fail_closed,calcite_hep_track_a_120_canonical_v0,spark,PERF_0056,cases/PERF/PERF_0056/sql/source.sql,runs/user/calcite_hep_track_a_120_canonical_v0__spark/candidate_sql/PERF_0056__spark.sql,2c2a6b7c84816efa61ef43e36bc4d388515bbefbf4727e6ae3fcb14f65b02d93,687ae5bba255ab1df95592525b97c7c1aea6f9227a23f93f3fe9b4814703b798,schemas/tpcds_perf0056_v0/schema_profile.yaml,local_result_checker_exact_status_only_eligibility_gate,true,path_reference_plus_hash,no SQL copied; stable source/candidate paths plus hashes only; no verifier run and no SER evidence
calcite_hep_fail_closed__spark__PERF_0077,calcite_hep_fail_closed,calcite_hep_track_a_120_canonical_v0,spark,PERF_0077,cases/PERF/PERF_0077/sql/source.sql,runs/user/calcite_hep_track_a_120_canonical_v0__spark/candidate_sql/PERF_0077__spark.sql,b3e94a9ed53d9362995072b587f973f0defa1f2b879be53870396babd45b2bcd,28c933ab7cea43451259701b9019cf73438a97cdd2fe59f76cf065150e156493,schemas/job_imdb_perf0077_v0/schema_profile.yaml,local_result_checker_exact_status_only_eligibility_gate,true,path_reference_plus_hash,no SQL copied; stable source/candidate paths plus hashes only; no verifier run and no SER evidence
calcite_hep_fail_closed__spark__PERF_0082,calcite_hep_fail_closed,calcite_hep_track_a_120_canonical_v0,spark,PERF_0082,cases/PERF/PERF_0082/sql/source.sql,runs/user/calcite_hep_track_a_120_canonical_v0__spark/candidate_sql/PERF_0082__spark.sql,931544a23fdc970ac15b6daf6b2aed935887bf70ea114f59bcfd74d304a3fb80,b724b90989654c656c8d869ef30e7fde7f1fe96eac8b4e97d6f4d8a13785bb7f,schemas/job_imdb_perf0082_v0/schema_profile.yaml,local_result_checker_exact_status_only_eligibility_gate,true,path_reference_plus_hash,no SQL copied; stable source/candidate paths plus hashes only; no verifier run and no SER evidence
calcite_hep_fail_closed__spark__CONS_0005,calcite_hep_fail_closed,calcite_hep_track_a_120_canonical_v0,spark,CONS_0005,cases/CONS/CONS_0005/sql/source.sql,runs/user/calcite_hep_track_a_120_canonical_v0__spark/candidate_sql/CONS_0005__spark.sql,7fb55d0e5e79d59f62e4eefa8782ae34ec9e5fc7d5d83d74f6c8537aaec060cf,4f37864bfe3cc52e6f3fb0cbea99428d1fb2504218dd51d5dd80fcba068b3fde,schemas/calcite_core_sql_tests_cons0005_v0/schema_profile.yaml,local_result_checker_exact_status_only_eligibility_gate,true,path_reference_plus_hash,no SQL copied; stable source/candidate paths plus hashes only; no verifier run and no SER evidence
calcite_hep_fail_closed__spark__CONS_0007,calcite_hep_fail_closed,calcite_hep_track_a_120_canonical_v0,spark,CONS_0007,cases/CONS/CONS_0007/sql/source.sql,runs/user/calcite_hep_track_a_120_canonical_v0__spark/candidate_sql/CONS_0007__spark.sql,87f20da933190edd2e6f72b4fd6fb40328280eb7d39a6d1b9f0ea2ed2da25e32,ffa0888130ad7131223022faaad8136af78765687fbe6e7d20fe3ea0ee28ef5f,schemas/calcite_core_sql_tests_cons0007_v0/schema_profile.yaml,local_result_checker_exact_status_only_eligibility_gate,true,path_reference_plus_hash,no SQL copied; stable source/candidate paths plus hashes only; no verifier run and no SER evidence
calcite_hep_fail_closed__spark__CONS_0009,calcite_hep_fail_closed,calcite_hep_track_a_120_canonical_v0,spark,CONS_0009,cases/CONS/CONS_0009/sql/source.sql,runs/user/calcite_hep_track_a_120_canonical_v0__spark/candidate_sql/CONS_0009__spark.sql,5823c5d0fe149007ba73e1fe607f4b4b68be1852ccd37abe6534188f9e090ba6,2a0250874ae59e1f0312eb089941aa88cefb085327be044afec87e6e201f7357,schemas/calcite_core_sql_tests_cons0009_v0/schema_profile.yaml,local_result_checker_exact_status_only_eligibility_gate,true,path_reference_plus_hash,no SQL copied; stable source/candidate paths plus hashes only; no verifier run and no SER evidence
calcite_hep_fail_closed__spark__CONS_0010,calcite_hep_fail_closed,calcite_hep_track_a_120_canonical_v0,spark,CONS_0010,cases/CONS/CONS_0010/sql/source.sql,runs/user/calcite_hep_track_a_120_canonical_v0__spark/candidate_sql/CONS_0010__spark.sql,1af72c63f62480db554a907264092d5c0457bf93bd7e12c5f080685bd2178785,e0fd2b643cc2a08e925c5d0f52994b3dbab36ffe7217f31e334c8acd108e0ed6,schemas/calcite_core_sql_tests_cons0010_v0/schema_profile.yaml,local_result_checker_exact_status_only_eligibility_gate,true,path_reference_plus_hash,no SQL copied; stable source/candidate paths plus hashes only; no verifier run and no SER evidence
calcite_hep_fail_closed__spark__CONS_0011,calcite_hep_fail_closed,calcite_hep_track_a_120_canonical_v0,spark,CONS_0011,cases/CONS/CONS_0011/sql/source.sql,runs/user/calcite_hep_track_a_120_canonical_v0__spark/candidate_sql/CONS_0011__spark.sql,3f461dd446146583d385abc3f138c235745ed5f4bfef18a64e61eb2159362753,e775483adb6e3e86ec8217f80afb33e47f13958e7429ddfeafc25179928cb030,schemas/calcite_core_sql_tests_cons0011_v0/schema_profile.yaml,local_result_checker_exact_status_only_eligibility_gate,true,path_reference_plus_hash,no SQL copied; stable source/candidate paths plus hashes only; no verifier run and no SER evidence
calcite_hep_fail_closed__spark__CONS_0012,calcite_hep_fail_closed,calcite_hep_track_a_120_canonical_v0,spark,CONS_0012,cases/CONS/CONS_0012/sql/source.sql,runs/user/calcite_hep_track_a_120_canonical_v0__spark/candidate_sql/CONS_0012__spark.sql,c0808116a402e85af71bd2812818e68b4b8e47422806a537a1f636d00f9f16b7,1484617cb4bb41c3f6f8c4d8f4cb6ca66b31c8093c017617d2dcfef1e95fe4d9,schemas/calcite_core_sql_tests_cons0012_v0/schema_profile.yaml,local_result_checker_exact_status_only_eligibility_gate,true,path_reference_plus_hash,no SQL copied; stable source/candidate paths plus hashes only; no verifier run and no SER evidence
calcite_hep_fail_closed__spark__CONS_0024,calcite_hep_fail_closed,calcite_hep_track_a_120_canonical_v0,spark,CONS_0024,cases/CONS/CONS_0024/sql/source.sql,runs/user/calcite_hep_track_a_120_canonical_v0__spark/candidate_sql/CONS_0024__spark.sql,ebbf16b71ff32d3789ee056631ff035375744192381265de1767a529ba166132,25d2836b1b7d295e7f70fc77ade5959e5f6dee9e16532dc3658b8fa9075f0fa6,schemas/calcite_core_sql_tests_cons0024_v0/schema_profile.yaml,local_result_checker_exact_status_only_eligibility_gate,true,path_reference_plus_hash,no SQL copied; stable source/candidate paths plus hashes only; no verifier run and no SER evidence
calcite_hep_fail_closed__spark__CONS_0036,calcite_hep_fail_closed,calcite_hep_track_a_120_canonical_v0,spark,CONS_0036,cases/CONS/CONS_0036/sql/source.sql,runs/user/calcite_hep_track_a_120_canonical_v0__spark/candidate_sql/CONS_0036__spark.sql,b97474505e3930f8ba5c93a9dff5afb9833e5496e637d2adca05246f728df683,9517b15f635f0fc63ccec9e14afc75fb4a66dce6fb28090b2a10e5925561cdd5,schemas/verieql_cons0036_v0/schema_profile.yaml,local_result_checker_exact_status_only_eligibility_gate,true,path_reference_plus_hash,no SQL copied; stable source/candidate paths plus hashes only; no verifier run and no SER evidence
calcite_hep_fail_closed__spark__CONS_0037,calcite_hep_fail_closed,calcite_hep_track_a_120_canonical_v0,spark,CONS_0037,cases/CONS/CONS_0037/sql/source.sql,runs/user/calcite_hep_track_a_120_canonical_v0__spark/candidate_sql/CONS_0037__spark.sql,a54f58daf9f9f32a4bf1b3be9ad5d7674fe79955036f748ff6eddf7aa498123b,36f46bae8cc98818e7d6aa5539a7f0b2f3fff4defbf89cdf71e0728946e08638,schemas/verieql_cons0037_v0/schema_profile.yaml,local_result_checker_exact_status_only_eligibility_gate,true,path_reference_plus_hash,no SQL copied; stable source/candidate paths plus hashes only; no verifier run and no SER evidence
calcite_hep_fail_closed__spark__LONGTAIL_0011,calcite_hep_fail_closed,calcite_hep_track_a_120_canonical_v0,spark,LONGTAIL_0011,cases/LONGTAIL/LONGTAIL_0011/sql/source.sql,runs/user/calcite_hep_track_a_120_canonical_v0__spark/candidate_sql/LONGTAIL_0011__spark.sql,dc674b49bd030f320141fe221ee3a9e7bd4791a47049f757ec9c72ad62d37928,bd16357b05b1c41154ab768d1cfa6603316cf5f5974f31c778eadb0be7fc9839,schemas/sqlstorm_stackoverflow_longtail0011_v0/schema_profile.yaml,local_result_checker_exact_status_only_eligibility_gate,true,path_reference_plus_hash,no SQL copied; stable source/candidate paths plus hashes only; no verifier run and no SER evidence
calcite_hep_fail_closed__spark__LONGTAIL_0012,calcite_hep_fail_closed,calcite_hep_track_a_120_canonical_v0,spark,LONGTAIL_0012,cases/LONGTAIL/LONGTAIL_0012/sql/source.sql,runs/user/calcite_hep_track_a_120_canonical_v0__spark/candidate_sql/LONGTAIL_0012__spark.sql,fee7b11be08a3461f07797bcee5e404d7deb2ff0e42acb44e7fc5bed35cf4de1,3f259bfcc6ce6644cdb958b45a7ccb35711337e279db47ce0dab8ee2ed4f273f,schemas/sqlstorm_stackoverflow_longtail0012_v0/schema_profile.yaml,local_result_checker_exact_status_only_eligibility_gate,true,path_reference_plus_hash,no SQL copied; stable source/candidate paths plus hashes only; no verifier run and no SER evidence
calcite_hep_fail_closed__spark__LONGTAIL_0013,calcite_hep_fail_closed,calcite_hep_track_a_120_canonical_v0,spark,LONGTAIL_0013,cases/LONGTAIL/LONGTAIL_0013/sql/source.sql,runs/user/calcite_hep_track_a_120_canonical_v0__spark/candidate_sql/LONGTAIL_0013__spark.sql,188f7da6e1c11b08a4d846a0e85cbb1a0115607f0859ff83e8aae2a13b3a9cd9,35689f9e94af12e988c6addb3555e782a814ee976e3c18411a00a5c854fe9e4d,schemas/sqlstorm_stackoverflow_longtail0013_v0/schema_profile.yaml,local_result_checker_exact_status_only_eligibility_gate,true,path_reference_plus_hash,no SQL copied; stable source/candidate paths plus hashes only; no verifier run and no SER evidence
calcite_hep_fail_closed__spark__LONGTAIL_0022,calcite_hep_fail_closed,calcite_hep_track_a_120_canonical_v0,spark,LONGTAIL_0022,cases/LONGTAIL/LONGTAIL_0022/sql/source.sql,runs/user/calcite_hep_track_a_120_canonical_v0__spark/candidate_sql/LONGTAIL_0022__spark.sql,c5558cfdf705ef3fd0bf2e69afbaa1a38192f37b7563a1ae145a41de3d9fba50,b0e49824b06b8415942717c69bf11e0992edfac3d27318f4628c05c1feff8e3d,schemas/stack_queries_longtail0022_v0/schema_profile.yaml,local_result_checker_exact_status_only_eligibility_gate,true,path_reference_plus_hash,no SQL copied; stable source/candidate paths plus hashes only; no verifier run and no SER evidence
calcite_hep_fail_closed__spark__LONGTAIL_0023,calcite_hep_fail_closed,calcite_hep_track_a_120_canonical_v0,spark,LONGTAIL_0023,cases/LONGTAIL/LONGTAIL_0023/sql/source.sql,runs/user/calcite_hep_track_a_120_canonical_v0__spark/candidate_sql/LONGTAIL_0023__spark.sql,758d318d64074b7bad77fdb1bc5418f9a87058603922d710161549eb43ebe926,7a6ac37e2cf17bdd896d927870afcb8c4a8ced8783c9d4e8660a14282d3268e3,schemas/stack_queries_longtail0023_v0/schema_profile.yaml,local_result_checker_exact_status_only_eligibility_gate,true,path_reference_plus_hash,no SQL copied; stable source/candidate paths plus hashes only; no verifier run and no SER evidence
calcite_hep_fail_closed__spark__LONGTAIL_0024,calcite_hep_fail_closed,calcite_hep_track_a_120_canonical_v0,spark,LONGTAIL_0024,cases/LONGTAIL/LONGTAIL_0024/sql/source.sql,runs/user/calcite_hep_track_a_120_canonical_v0__spark/candidate_sql/LONGTAIL_0024__spark.sql,9d46fb0a71730e776594aa7c8d40cf359572fc7ceb6edc6572c0a2431b390c53,2c00b3f000a2f13e49ce3f91506be13960d1cfefcfa0f31b065df79a6b6fac99,schemas/stack_queries_longtail0024_v0/schema_profile.yaml,local_result_checker_exact_status_only_eligibility_gate,true,path_reference_plus_hash,no SQL copied; stable source/candidate paths plus hashes only; no verifier run and no SER evidence
